,sensorId,latitude,longitude,elevation,fromDateTime,tillDateTime,PM1,PM25,PM10,pressure,humidity,temperature,wind_speed,wind_bearing
0,32808,50.175018,20.039064,315.7,2026-06-30 23:00:00+00:00,2026-07-01 00:00:00+00:00,0.75,1.79,2.41,1015.6,84.25,21.87,4.55,102.43
1,32808,50.175018,20.039064,315.7,2026-07-01 00:00:00+00:00,2026-07-01 01:00:00+00:00,0.76,1.71,2.39,1015.3,84.25,21.67,3.4,109.0
2,32808,50.175018,20.039064,315.7,2026-07-01 01:00:00+00:00,2026-07-01 02:00:00+00:00,0.24,0.57,0.71,1014.69,85.75,21.35,3.29,138.0
3,32808,50.175018,20.039064,315.7,2026-07-01 02:00:00+00:00,2026-07-01 03:00:00+00:00,0.47,1.1,1.42,1014.16,87.25,20.71,2.7,172.0
4,32808,50.175018,20.039064,315.7,2026-07-01 03:00:00+00:00,2026-07-01 04:00:00+00:00,0.36,0.9,1.14,1014.19,90.25,20.07,5.18,236.0
5,32808,50.175018,20.039064,315.7,2026-07-01 04:00:00+00:00,2026-07-01 05:00:00+00:00,0.3,0.94,1.17,1014.23,88.0,21.17,5.64,236.0
6,32808,50.175018,20.039064,315.7,2026-07-01 05:00:00+00:00,2026-07-01 06:00:00+00:00,1.1,2.19,2.86,1014.22,86.5,22.71,4.92,247.0
7,32808,50.175018,20.039064,315.7,2026-07-01 06:00:00+00:00,2026-07-01 07:00:00+00:00,2.69,5.79,7.63,1014.52,82.0,24.09,7.54,270.0
8,32808,50.175018,20.039064,315.7,2026-07-01 07:00:00+00:00,2026-07-01 08:00:00+00:00,3.62,7.03,9.22,1014.34,79.0,25.59,10.18,284.0
9,32808,50.175018,20.039064,315.7,2026-07-01 08:00:00+00:00,2026-07-01 09:00:00+00:00,1.34,2.85,3.94,1013.75,74.49,27.35,8.84,283.1
10,32808,50.175018,20.039064,315.7,2026-07-01 09:00:00+00:00,2026-07-01 10:00:00+00:00,0.5,1.14,1.68,1013.54,71.4,28.74,6.29,283.0
11,32808,50.175018,20.039064,315.7,2026-07-01 10:00:00+00:00,2026-07-01 11:00:00+00:00,0.59,1.39,1.95,1013.16,69.84,30.15,4.09,234.74
12,32808,50.175018,20.039064,315.7,2026-07-01 11:00:00+00:00,2026-07-01 12:00:00+00:00,0.87,1.71,2.26,1012.55,70.0,30.11,7.37,264.39
13,32808,50.175018,20.039064,315.7,2026-07-01 12:00:00+00:00,2026-07-01 13:00:00+00:00,0.53,1.23,1.71,1011.88,70.69,30.24,8.79,243.71
14,32808,50.175018,20.039064,315.7,2026-07-01 13:00:00+00:00,2026-07-01 14:00:00+00:00,3.53,4.64,5.58,1011.2,67.24,31.56,7.16,125.06
15,32808,50.175018,20.039064,315.7,2026-07-01 14:00:00+00:00,2026-07-01 15:00:00+00:00,0.54,1.22,1.52,1010.99,70.23,29.61,7.27,136.5
16,32808,50.175018,20.039064,315.7,2026-07-01 15:00:00+00:00,2026-07-01 16:00:00+00:00,1.56,3.13,4.14,1011.01,68.57,27.81,8.39,162.71
17,32808,50.175018,20.039064,315.7,2026-07-01 16:00:00+00:00,2026-07-01 17:00:00+00:00,0.67,1.7,2.4,1010.96,74.77,25.4,4.44,284.07
18,32808,50.175018,20.039064,315.7,2026-07-01 17:00:00+00:00,2026-07-01 18:00:00+00:00,1.42,3.46,4.9,1011.34,74.56,23.29,11.54,293.21
19,32808,50.175018,20.039064,315.7,2026-07-01 18:00:00+00:00,2026-07-01 19:00:00+00:00,0.41,1.02,1.45,1013.13,81.74,22.17,11.1,271.99
20,32808,50.175018,20.039064,315.7,2026-07-01 19:00:00+00:00,2026-07-01 20:00:00+00:00,0.18,0.65,0.95,1014.9,84.77,21.27,10.11,262.35
21,32808,50.175018,20.039064,315.7,2026-07-01 20:00:00+00:00,2026-07-01 21:00:00+00:00,0.16,0.55,0.78,1015.27,85.13,20.68,10.16,265.38
22,32808,50.175018,20.039064,315.7,2026-07-01 21:00:00+00:00,2026-07-01 22:00:00+00:00,1.23,2.75,3.82,1015.08,84.96,19.81,10.83,267.68
23,32808,50.175018,20.039064,315.7,2026-07-01 22:00:00+00:00,2026-07-01 23:00:00+00:00,2.25,4.92,6.81,1014.73,86.62,19.08,11.07,273.85
24,18622,49.942879,19.884991,390.58,2026-06-30 23:00:00+00:00,2026-07-01 00:00:00+00:00,11.02,16.73,19.67,1015.51,59.55,21.76,4.55,121.04
25,18622,49.942879,19.884991,390.58,2026-07-01 00:00:00+00:00,2026-07-01 01:00:00+00:00,12.59,18.93,23.33,1015.08,59.75,21.58,3.95,139.31
26,18622,49.942879,19.884991,390.58,2026-07-01 01:00:00+00:00,2026-07-01 02:00:00+00:00,12.87,19.38,23.93,1014.55,60.57,21.27,3.98,156.38
27,18622,49.942879,19.884991,390.58,2026-07-01 02:00:00+00:00,2026-07-01 03:00:00+00:00,13.5,20.25,25.8,1014.04,62.32,20.57,4.57,195.49
28,18622,49.942879,19.884991,390.58,2026-07-01 03:00:00+00:00,2026-07-01 04:00:00+00:00,13.41,20.36,26.19,1014.18,64.83,19.99,4.9,217.0
29,18622,49.942879,19.884991,390.58,2026-07-01 04:00:00+00:00,2026-07-01 05:00:00+00:00,14.27,21.99,28.95,1014.23,64.14,21.16,4.93,230.77
30,18622,49.942879,19.884991,390.58,2026-07-01 05:00:00+00:00,2026-07-01 06:00:00+00:00,14.13,21.58,28.18,1014.31,61.89,22.74,4.62,240.93
31,18622,49.942879,19.884991,390.58,2026-07-01 06:00:00+00:00,2026-07-01 07:00:00+00:00,14.09,21.6,28.44,1014.65,58.11,24.1,5.72,265.82
32,18622,49.942879,19.884991,390.58,2026-07-01 07:00:00+00:00,2026-07-01 08:00:00+00:00,14.31,21.69,28.5,1014.5,54.8,25.63,7.36,275.84
33,18622,49.942879,19.884991,390.58,2026-07-01 08:00:00+00:00,2026-07-01 09:00:00+00:00,13.7,20.47,26.02,1013.89,52.24,27.12,7.13,282.5
34,18622,49.942879,19.884991,390.58,2026-07-01 09:00:00+00:00,2026-07-01 10:00:00+00:00,13.73,20.56,26.14,1013.7,49.12,28.41,5.03,315.37
35,18622,49.942879,19.884991,390.58,2026-07-01 10:00:00+00:00,2026-07-01 11:00:00+00:00,14.08,21.09,27.01,1013.21,47.26,29.28,3.15,298.54
36,18622,49.942879,19.884991,390.58,2026-07-01 11:00:00+00:00,2026-07-01 12:00:00+00:00,14.37,21.42,27.73,1012.55,47.13,29.17,5.25,270.4
37,18622,49.942879,19.884991,390.58,2026-07-01 12:00:00+00:00,2026-07-01 13:00:00+00:00,14.28,21.41,27.61,1011.94,48.09,29.2,2.99,328.54
38,18622,49.942879,19.884991,390.58,2026-07-01 13:00:00+00:00,2026-07-01 14:00:00+00:00,14.19,21.41,27.63,1011.38,49.07,29.05,7.7,109.75
39,18622,49.942879,19.884991,390.58,2026-07-01 14:00:00+00:00,2026-07-01 15:00:00+00:00,12.83,19.24,24.13,1011.58,49.23,28.11,8.58,135.63
40,18622,49.942879,19.884991,390.58,2026-07-01 15:00:00+00:00,2026-07-01 16:00:00+00:00,5.81,8.7,10.21,1011.57,50.31,27.04,4.53,157.35
41,18622,49.942879,19.884991,390.58,2026-07-01 16:00:00+00:00,2026-07-01 17:00:00+00:00,3.56,5.42,6.47,1010.94,52.0,25.61,6.48,301.0
42,18622,49.942879,19.884991,390.58,2026-07-01 17:00:00+00:00,2026-07-01 18:00:00+00:00,4.58,6.98,8.15,1011.78,57.0,23.18,14.51,294.52
43,18622,49.942879,19.884991,390.58,2026-07-01 18:00:00+00:00,2026-07-01 19:00:00+00:00,5.5,8.55,10.03,1013.48,60.5,21.38,10.07,267.02
44,18622,49.942879,19.884991,390.58,2026-07-01 19:00:00+00:00,2026-07-01 20:00:00+00:00,6.8,10.74,12.75,1015.13,62.25,20.49,8.65,263.75
45,18622,49.942879,19.884991,390.58,2026-07-01 20:00:00+00:00,2026-07-01 21:00:00+00:00,6.89,10.74,12.6,1015.34,62.49,20.1,10.32,273.74
46,18622,49.942879,19.884991,390.58,2026-07-01 21:00:00+00:00,2026-07-01 22:00:00+00:00,8.74,13.84,16.55,1015.11,63.62,19.4,10.6,272.29
47,18622,49.942879,19.884991,390.58,2026-07-01 22:00:00+00:00,2026-07-01 23:00:00+00:00,8.08,12.82,15.15,1014.59,64.74,18.64,10.69,280.84
48,37719,49.934395,19.944468,363.56,2026-06-30 23:00:00+00:00,2026-07-01 00:00:00+00:00,12.2,18.15,21.7,1015.32,83.28,22.49,4.55,121.04
49,37719,49.934395,19.944468,363.56,2026-07-01 00:00:00+00:00,2026-07-01 01:00:00+00:00,13.31,19.86,24.53,1015.0,82.66,21.88,3.95,138.21
50,37719,49.934395,19.944468,363.56,2026-07-01 01:00:00+00:00,2026-07-01 02:00:00+00:00,15.06,22.51,29.16,1014.5,81.32,21.53,3.98,156.38
51,37719,49.934395,19.944468,363.56,2026-07-01 02:00:00+00:00,2026-07-01 03:00:00+00:00,15.42,22.92,29.92,1013.99,86.39,20.79,4.57,195.49
52,37719,49.934395,19.944468,363.56,2026-07-01 03:00:00+00:00,2026-07-01 04:00:00+00:00,15.51,23.12,30.26,1014.16,88.41,20.15,4.9,217.0
53,37719,49.934395,19.944468,363.56,2026-07-01 04:00:00+00:00,2026-07-01 05:00:00+00:00,16.05,24.14,31.74,1014.3,88.1,20.95,4.92,229.54
54,37719,49.934395,19.944468,363.56,2026-07-01 05:00:00+00:00,2026-07-01 06:00:00+00:00,16.25,24.57,32.39,1014.32,85.53,22.45,4.62,240.93
55,37719,49.934395,19.944468,363.56,2026-07-01 06:00:00+00:00,2026-07-01 07:00:00+00:00,15.87,23.66,31.09,1014.68,82.18,24.1,5.72,265.82
56,37719,49.934395,19.944468,363.56,2026-07-01 07:00:00+00:00,2026-07-01 08:00:00+00:00,15.99,23.84,31.38,1014.52,78.12,25.44,7.36,275.84
57,37719,49.934395,19.944468,363.56,2026-07-01 08:00:00+00:00,2026-07-01 09:00:00+00:00,15.27,22.61,29.53,1013.86,76.83,26.95,7.13,282.5
58,37719,49.934395,19.944468,363.56,2026-07-01 09:00:00+00:00,2026-07-01 10:00:00+00:00,15.57,22.83,29.91,1013.66,72.17,28.24,5.18,310.29
59,37719,49.934395,19.944468,363.56,2026-07-01 10:00:00+00:00,2026-07-01 11:00:00+00:00,15.57,23.23,30.44,1013.2,71.28,28.93,3.15,298.54
60,37719,49.934395,19.944468,363.56,2026-07-01 11:00:00+00:00,2026-07-01 12:00:00+00:00,15.67,23.46,30.82,1012.56,69.85,28.84,5.25,270.4
61,37719,49.934395,19.944468,363.56,2026-07-01 12:00:00+00:00,2026-07-01 13:00:00+00:00,15.51,23.04,30.32,1011.92,72.12,28.75,2.99,328.54
62,37719,49.934395,19.944468,363.56,2026-07-01 13:00:00+00:00,2026-07-01 14:00:00+00:00,15.64,23.2,30.62,1011.32,68.01,28.95,7.65,106.59
63,37719,49.934395,19.944468,363.56,2026-07-01 14:00:00+00:00,2026-07-01 15:00:00+00:00,15.26,22.44,29.15,1011.47,69.63,28.48,8.58,135.63
64,37719,49.934395,19.944468,363.56,2026-07-01 15:00:00+00:00,2026-07-01 16:00:00+00:00,7.92,11.55,13.27,1011.55,74.37,27.26,4.53,157.35
65,37719,49.934395,19.944468,363.56,2026-07-01 16:00:00+00:00,2026-07-01 17:00:00+00:00,4.34,6.26,7.22,1010.85,75.91,25.71,6.48,301.0
66,37719,49.934395,19.944468,363.56,2026-07-01 17:00:00+00:00,2026-07-01 18:00:00+00:00,5.42,7.87,9.15,1011.88,77.34,23.26,14.51,294.52
67,37719,49.934395,19.944468,363.56,2026-07-01 18:00:00+00:00,2026-07-01 19:00:00+00:00,6.62,9.77,11.57,1013.43,82.32,21.51,10.07,267.02
68,37719,49.934395,19.944468,363.56,2026-07-01 19:00:00+00:00,2026-07-01 20:00:00+00:00,8.37,12.38,14.34,1015.23,86.15,20.64,8.72,263.13
69,37719,49.934395,19.944468,363.56,2026-07-01 20:00:00+00:00,2026-07-01 21:00:00+00:00,10.0,14.37,16.71,1015.37,78.57,20.24,10.32,273.74
70,37719,49.934395,19.944468,363.56,2026-07-01 21:00:00+00:00,2026-07-01 22:00:00+00:00,9.17,13.64,15.84,1015.1,72.61,19.4,10.6,272.29
71,37719,49.934395,19.944468,363.56,2026-07-01 22:00:00+00:00,2026-07-01 23:00:00+00:00,9.65,14.56,16.94,1014.66,67.66,18.68,10.65,279.76
72,86932,50.093619,19.924138,223.96,2026-06-30 23:00:00+00:00,2026-07-01 00:00:00+00:00,,,,,,,,
73,86932,50.093619,19.924138,223.96,2026-07-01 00:00:00+00:00,2026-07-01 01:00:00+00:00,,,,,,,,
74,86932,50.093619,19.924138,223.96,2026-07-01 01:00:00+00:00,2026-07-01 02:00:00+00:00,,,,,,,,
75,86932,50.093619,19.924138,223.96,2026-07-01 02:00:00+00:00,2026-07-01 03:00:00+00:00,,,,,,,,
76,86932,50.093619,19.924138,223.96,2026-07-01 03:00:00+00:00,2026-07-01 04:00:00+00:00,,,,,,,,
77,86932,50.093619,19.924138,223.96,2026-07-01 04:00:00+00:00,2026-07-01 05:00:00+00:00,,,,,,,,
78,86932,50.093619,19.924138,223.96,2026-07-01 05:00:00+00:00,2026-07-01 06:00:00+00:00,,,,,,,,
79,86932,50.093619,19.924138,223.96,2026-07-01 06:00:00+00:00,2026-07-01 07:00:00+00:00,,,,,,,,
80,86932,50.093619,19.924138,223.96,2026-07-01 07:00:00+00:00,2026-07-01 08:00:00+00:00,,,,,,,,
81,86932,50.093619,19.924138,223.96,2026-07-01 08:00:00+00:00,2026-07-01 09:00:00+00:00,,,,,,,,
82,86932,50.093619,19.924138,223.96,2026-07-01 09:00:00+00:00,2026-07-01 10:00:00+00:00,,,,,,,,
83,86932,50.093619,19.924138,223.96,2026-07-01 10:00:00+00:00,2026-07-01 11:00:00+00:00,,,,,,,,
84,86932,50.093619,19.924138,223.96,2026-07-01 11:00:00+00:00,2026-07-01 12:00:00+00:00,,,,,,,,
85,86932,50.093619,19.924138,223.96,2026-07-01 12:00:00+00:00,2026-07-01 13:00:00+00:00,,,,,,,,
86,86932,50.093619,19.924138,223.96,2026-07-01 13:00:00+00:00,2026-07-01 14:00:00+00:00,,,,,,,,
87,86932,50.093619,19.924138,223.96,2026-07-01 14:00:00+00:00,2026-07-01 15:00:00+00:00,,,,,,,,
88,86932,50.093619,19.924138,223.96,2026-07-01 15:00:00+00:00,2026-07-01 16:00:00+00:00,,,,,,,,
89,86932,50.093619,19.924138,223.96,2026-07-01 16:00:00+00:00,2026-07-01 17:00:00+00:00,,,,,,,,
90,86932,50.093619,19.924138,223.96,2026-07-01 17:00:00+00:00,2026-07-01 18:00:00+00:00,,,,,,,,
91,86932,50.093619,19.924138,223.96,2026-07-01 18:00:00+00:00,2026-07-01 19:00:00+00:00,,,,,,,,
92,86932,50.093619,19.924138,223.96,2026-07-01 19:00:00+00:00,2026-07-01 20:00:00+00:00,,,,,,,,
93,86932,50.093619,19.924138,223.96,2026-07-01 20:00:00+00:00,2026-07-01 21:00:00+00:00,,,,,,,,
94,86932,50.093619,19.924138,223.96,2026-07-01 21:00:00+00:00,2026-07-01 22:00:00+00:00,,,,,,,,
95,86932,50.093619,19.924138,223.96,2026-07-01 22:00:00+00:00,2026-07-01 23:00:00+00:00,,,,,,,,
96,7467,50.152096,19.919811,274.46,2026-06-30 23:00:00+00:00,2026-07-01 00:00:00+00:00,,,,,,,,
97,7467,50.152096,19.919811,274.46,2026-07-01 00:00:00+00:00,2026-07-01 01:00:00+00:00,,,,,,,,
98,7467,50.152096,19.919811,274.46,2026-07-01 01:00:00+00:00,2026-07-01 02:00:00+00:00,,,,,,,,
99,7467,50.152096,19.919811,274.46,2026-07-01 02:00:00+00:00,2026-07-01 03:00:00+00:00,,,,,,,,
100,7467,50.152096,19.919811,274.46,2026-07-01 03:00:00+00:00,2026-07-01 04:00:00+00:00,,,,,,,,
101,7467,50.152096,19.919811,274.46,2026-07-01 04:00:00+00:00,2026-07-01 05:00:00+00:00,,,,,,,,
102,7467,50.152096,19.919811,274.46,2026-07-01 05:00:00+00:00,2026-07-01 06:00:00+00:00,,,,,,,,
103,7467,50.152096,19.919811,274.46,2026-07-01 06:00:00+00:00,2026-07-01 07:00:00+00:00,,,,,,,,
104,7467,50.152096,19.919811,274.46,2026-07-01 07:00:00+00:00,2026-07-01 08:00:00+00:00,,,,,,,,
105,7467,50.152096,19.919811,274.46,2026-07-01 08:00:00+00:00,2026-07-01 09:00:00+00:00,,,,,,,,
106,7467,50.152096,19.919811,274.46,2026-07-01 09:00:00+00:00,2026-07-01 10:00:00+00:00,,,,,,,,
107,7467,50.152096,19.919811,274.46,2026-07-01 10:00:00+00:00,2026-07-01 11:00:00+00:00,,,,,,,,
108,7467,50.152096,19.919811,274.46,2026-07-01 11:00:00+00:00,2026-07-01 12:00:00+00:00,,,,,,,,
109,7467,50.152096,19.919811,274.46,2026-07-01 12:00:00+00:00,2026-07-01 13:00:00+00:00,,,,,,,,
110,7467,50.152096,19.919811,274.46,2026-07-01 13:00:00+00:00,2026-07-01 14:00:00+00:00,,,,,,,,
111,7467,50.152096,19.919811,274.46,2026-07-01 14:00:00+00:00,2026-07-01 15:00:00+00:00,,,,,,,,
112,7467,50.152096,19.919811,274.46,2026-07-01 15:00:00+00:00,2026-07-01 16:00:00+00:00,,,,,,,,
113,7467,50.152096,19.919811,274.46,2026-07-01 16:00:00+00:00,2026-07-01 17:00:00+00:00,,,,,,,,
114,7467,50.152096,19.919811,274.46,2026-07-01 17:00:00+00:00,2026-07-01 18:00:00+00:00,,,,,,,,
115,7467,50.152096,19.919811,274.46,2026-07-01 18:00:00+00:00,2026-07-01 19:00:00+00:00,,,,,,,,
116,7467,50.152096,19.919811,274.46,2026-07-01 19:00:00+00:00,2026-07-01 20:00:00+00:00,,,,,,,,
117,7467,50.152096,19.919811,274.46,2026-07-01 20:00:00+00:00,2026-07-01 21:00:00+00:00,,,,,,,,
118,7467,50.152096,19.919811,274.46,2026-07-01 21:00:00+00:00,2026-07-01 22:00:00+00:00,,,,,,,,
119,7467,50.152096,19.919811,274.46,2026-07-01 22:00:00+00:00,2026-07-01 23:00:00+00:00,,,,,,,,
120,9008,49.98194,20.070153,269.62,2026-06-30 23:00:00+00:00,2026-07-01 00:00:00+00:00,11.38,16.45,19.56,1014.74,60.31,22.63,3.82,98.0
121,9008,49.98194,20.070153,269.62,2026-07-01 00:00:00+00:00,2026-07-01 01:00:00+00:00,11.71,17.05,20.28,1014.38,60.31,22.21,2.68,115.0
122,9008,49.98194,20.070153,269.62,2026-07-01 01:00:00+00:00,2026-07-01 02:00:00+00:00,12.76,18.92,23.47,1013.9,60.31,21.43,3.06,160.0
123,9008,49.98194,20.070153,269.62,2026-07-01 02:00:00+00:00,2026-07-01 03:00:00+00:00,12.97,19.36,24.31,1013.28,62.56,21.0,4.53,202.0
124,9008,49.98194,20.070153,269.62,2026-07-01 03:00:00+00:00,2026-07-01 04:00:00+00:00,15.05,22.37,29.42,1013.45,65.56,20.63,4.29,230.0
125,9008,49.98194,20.070153,269.62,2026-07-01 04:00:00+00:00,2026-07-01 05:00:00+00:00,15.32,22.98,30.6,1013.59,63.31,21.35,5.62,236.0
126,9008,49.98194,20.070153,269.62,2026-07-01 05:00:00+00:00,2026-07-01 06:00:00+00:00,17.26,26.05,35.51,1013.62,61.93,22.78,4.86,243.23
127,9008,49.98194,20.070153,269.62,2026-07-01 06:00:00+00:00,2026-07-01 07:00:00+00:00,16.76,25.5,34.59,1013.93,57.64,24.29,6.96,266.66
128,9008,49.98194,20.070153,269.62,2026-07-01 07:00:00+00:00,2026-07-01 08:00:00+00:00,16.52,24.94,33.72,1013.81,54.52,25.99,9.52,281.13
129,9008,49.98194,20.070153,269.62,2026-07-01 08:00:00+00:00,2026-07-01 09:00:00+00:00,16.1,23.85,31.73,1013.14,52.22,27.25,9.32,276.52
130,9008,49.98194,20.070153,269.62,2026-07-01 09:00:00+00:00,2026-07-01 10:00:00+00:00,15.57,22.75,30.1,1012.96,48.3,28.96,7.14,276.78
131,9008,49.98194,20.070153,269.62,2026-07-01 10:00:00+00:00,2026-07-01 11:00:00+00:00,15.86,23.0,30.38,1012.51,52.14,30.53,4.89,215.69
132,9008,49.98194,20.070153,269.62,2026-07-01 11:00:00+00:00,2026-07-01 12:00:00+00:00,15.79,22.71,29.88,1011.81,69.41,30.32,6.02,246.47
133,9008,49.98194,20.070153,269.62,2026-07-01 12:00:00+00:00,2026-07-01 13:00:00+00:00,15.42,21.96,28.54,1011.2,70.63,30.64,8.3,252.13
134,9008,49.98194,20.070153,269.62,2026-07-01 13:00:00+00:00,2026-07-01 14:00:00+00:00,14.93,21.65,28.15,1010.58,70.75,30.64,6.7,165.28
135,9008,49.98194,20.070153,269.62,2026-07-01 14:00:00+00:00,2026-07-01 15:00:00+00:00,15.4,22.29,29.16,1010.58,73.14,29.32,7.27,144.04
136,9008,49.98194,20.070153,269.62,2026-07-01 15:00:00+00:00,2026-07-01 16:00:00+00:00,12.26,17.73,22.48,1010.65,50.98,28.0,8.07,166.04
137,9008,49.98194,20.070153,269.62,2026-07-01 16:00:00+00:00,2026-07-01 17:00:00+00:00,4.48,6.48,7.79,1010.07,49.75,27.4,3.93,340.79
138,9008,49.98194,20.070153,269.62,2026-07-01 17:00:00+00:00,2026-07-01 18:00:00+00:00,4.91,7.25,8.75,1011.19,53.69,25.13,12.68,295.52
139,9008,49.98194,20.070153,269.62,2026-07-01 18:00:00+00:00,2026-07-01 19:00:00+00:00,6.21,9.08,10.9,1012.67,58.95,22.58,13.0,278.79
140,9008,49.98194,20.070153,269.62,2026-07-01 19:00:00+00:00,2026-07-01 20:00:00+00:00,7.13,10.39,12.49,1014.48,60.82,21.78,11.12,268.49
141,9008,49.98194,20.070153,269.62,2026-07-01 20:00:00+00:00,2026-07-01 21:00:00+00:00,10.41,14.85,18.5,1014.54,61.57,20.99,11.02,268.27
142,9008,49.98194,20.070153,269.62,2026-07-01 21:00:00+00:00,2026-07-01 22:00:00+00:00,8.34,12.56,15.18,1014.12,75.22,20.11,11.16,269.67
143,9008,49.98194,20.070153,269.62,2026-07-01 22:00:00+00:00,2026-07-01 23:00:00+00:00,8.07,12.33,14.96,1014.01,88.2,19.49,11.77,281.69
144,326,49.938755,19.973866,350.11,2026-06-30 23:00:00+00:00,2026-07-01 00:00:00+00:00,8.39,11.66,15.07,1013.13,84.76,21.67,4.16,125.64
145,326,49.938755,19.973866,350.11,2026-07-01 00:00:00+00:00,2026-07-01 01:00:00+00:00,9.42,13.17,16.78,1012.84,66.69,21.15,3.63,142.23
146,326,49.938755,19.973866,350.11,2026-07-01 01:00:00+00:00,2026-07-01 02:00:00+00:00,10.57,14.86,19.32,1012.32,70.62,20.42,4.13,178.41
147,326,49.938755,19.973866,350.11,2026-07-01 02:00:00+00:00,2026-07-01 03:00:00+00:00,11.55,16.31,21.14,1011.62,69.06,20.01,5.07,204.98
148,326,49.938755,19.973866,350.11,2026-07-01 03:00:00+00:00,2026-07-01 04:00:00+00:00,11.57,16.34,21.27,1011.77,63.92,20.14,5.38,216.54
149,326,49.938755,19.973866,350.11,2026-07-01 04:00:00+00:00,2026-07-01 05:00:00+00:00,11.85,17.18,22.54,1011.78,66.23,20.79,5.48,231.0
150,326,49.938755,19.973866,350.11,2026-07-01 05:00:00+00:00,2026-07-01 06:00:00+00:00,11.78,17.09,21.98,1011.7,86.54,22.68,4.33,240.69
151,326,49.938755,19.973866,350.11,2026-07-01 06:00:00+00:00,2026-07-01 07:00:00+00:00,11.2,16.08,20.18,1012.01,82.97,24.64,6.49,272.76
152,326,49.938755,19.973866,350.11,2026-07-01 07:00:00+00:00,2026-07-01 08:00:00+00:00,11.12,15.83,19.6,1011.79,79.38,26.88,7.82,289.54
153,326,49.938755,19.973866,350.11,2026-07-01 08:00:00+00:00,2026-07-01 09:00:00+00:00,10.95,15.25,18.66,1011.09,77.06,28.34,7.73,283.3
154,326,49.938755,19.973866,350.11,2026-07-01 09:00:00+00:00,2026-07-01 10:00:00+00:00,10.96,15.4,18.93,1010.88,73.66,29.94,6.29,303.37
155,326,49.938755,19.973866,350.11,2026-07-01 10:00:00+00:00,2026-07-01 11:00:00+00:00,11.34,15.87,19.98,1010.42,71.16,31.0,4.82,12.15
156,326,49.938755,19.973866,350.11,2026-07-01 11:00:00+00:00,2026-07-01 12:00:00+00:00,11.43,16.08,20.21,1009.78,71.35,30.4,5.36,291.01
157,326,49.938755,19.973866,350.11,2026-07-01 12:00:00+00:00,2026-07-01 13:00:00+00:00,11.52,16.11,20.35,1009.22,72.08,29.6,8.47,278.36
158,326,49.938755,19.973866,350.11,2026-07-01 13:00:00+00:00,2026-07-01 14:00:00+00:00,11.49,16.41,20.71,1008.64,73.88,29.16,5.95,159.92
159,326,49.938755,19.973866,350.11,2026-07-01 14:00:00+00:00,2026-07-01 15:00:00+00:00,11.62,16.56,20.86,1008.96,74.5,28.53,7.96,143.0
160,326,49.938755,19.973866,350.11,2026-07-01 15:00:00+00:00,2026-07-01 16:00:00+00:00,5.39,7.64,9.56,1009.33,74.89,27.07,7.13,164.74
161,326,49.938755,19.973866,350.11,2026-07-01 16:00:00+00:00,2026-07-01 17:00:00+00:00,2.7,4.05,5.34,1008.51,74.57,26.03,3.42,283.28
162,326,49.938755,19.973866,350.11,2026-07-01 17:00:00+00:00,2026-07-01 18:00:00+00:00,3.33,4.66,6.04,1009.67,79.55,24.15,10.91,293.48
163,326,49.938755,19.973866,350.11,2026-07-01 18:00:00+00:00,2026-07-01 19:00:00+00:00,4.15,5.85,7.7,1011.18,71.86,21.86,11.18,272.83
164,326,49.938755,19.973866,350.11,2026-07-01 19:00:00+00:00,2026-07-01 20:00:00+00:00,4.79,6.85,8.79,1012.99,68.1,20.57,10.43,266.53
165,326,49.938755,19.973866,350.11,2026-07-01 20:00:00+00:00,2026-07-01 21:00:00+00:00,5.01,7.29,9.43,1013.04,70.3,20.17,10.86,270.0
166,326,49.938755,19.973866,350.11,2026-07-01 21:00:00+00:00,2026-07-01 22:00:00+00:00,5.86,8.43,10.99,1012.63,73.09,19.58,10.7,270.49
167,326,49.938755,19.973866,350.11,2026-07-01 22:00:00+00:00,2026-07-01 23:00:00+00:00,5.76,8.28,10.8,1012.27,79.13,18.9,10.82,280.38
168,8126,50.185143,19.947767,359.71,2026-06-30 23:00:00+00:00,2026-07-01 00:00:00+00:00,9.82,16.01,18.89,1014.8,83.75,22.58,5.15,90.64
169,8126,50.185143,19.947767,359.71,2026-07-01 00:00:00+00:00,2026-07-01 01:00:00+00:00,10.69,17.61,21.06,1014.49,84.75,21.98,4.15,100.83
170,8126,50.185143,19.947767,359.71,2026-07-01 01:00:00+00:00,2026-07-01 02:00:00+00:00,11.31,18.51,22.91,1013.79,86.25,21.71,2.98,121.35
171,8126,50.185143,19.947767,359.71,2026-07-01 02:00:00+00:00,2026-07-01 03:00:00+00:00,11.85,19.47,24.59,1013.35,88.0,21.1,2.58,188.99
172,8126,50.185143,19.947767,359.71,2026-07-01 03:00:00+00:00,2026-07-01 04:00:00+00:00,11.83,19.29,24.45,1013.25,89.5,21.15,4.97,232.0
173,8126,50.185143,19.947767,359.71,2026-07-01 04:00:00+00:00,2026-07-01 05:00:00+00:00,11.9,18.46,23.27,1013.08,89.5,22.89,5.36,243.0
174,8126,50.185143,19.947767,359.71,2026-07-01 05:00:00+00:00,2026-07-01 06:00:00+00:00,11.81,18.49,23.62,1013.06,86.5,25.04,5.29,253.0
175,8126,50.185143,19.947767,359.71,2026-07-01 06:00:00+00:00,2026-07-01 07:00:00+00:00,12.69,19.1,24.84,1013.09,82.0,27.97,7.93,270.0
176,8126,50.185143,19.947767,359.71,2026-07-01 07:00:00+00:00,2026-07-01 08:00:00+00:00,11.66,17.91,22.64,1013.07,79.25,28.01,9.45,280.24
177,8126,50.185143,19.947767,359.71,2026-07-01 08:00:00+00:00,2026-07-01 09:00:00+00:00,8.74,12.92,15.02,1012.54,76.94,29.71,8.12,276.49
178,8126,50.185143,19.947767,359.71,2026-07-01 09:00:00+00:00,2026-07-01 10:00:00+00:00,9.4,14.31,16.59,1012.71,73.31,30.87,5.78,280.42
179,8126,50.185143,19.947767,359.71,2026-07-01 10:00:00+00:00,2026-07-01 11:00:00+00:00,10.65,16.34,19.43,1012.4,70.75,30.65,5.28,272.15
180,8126,50.185143,19.947767,359.71,2026-07-01 11:00:00+00:00,2026-07-01 12:00:00+00:00,11.0,17.06,20.73,1011.81,70.56,30.34,6.29,284.94
181,8126,50.185143,19.947767,359.71,2026-07-01 12:00:00+00:00,2026-07-01 13:00:00+00:00,11.51,17.81,21.75,1011.23,68.88,30.23,1.47,341.09
182,8126,50.185143,19.947767,359.71,2026-07-01 13:00:00+00:00,2026-07-01 14:00:00+00:00,12.44,19.52,24.98,1010.65,68.67,30.28,6.87,120.92
183,8126,50.185143,19.947767,359.71,2026-07-01 14:00:00+00:00,2026-07-01 15:00:00+00:00,12.68,19.84,25.76,1010.44,71.75,29.76,9.38,155.38
184,8126,50.185143,19.947767,359.71,2026-07-01 15:00:00+00:00,2026-07-01 16:00:00+00:00,10.43,16.47,20.2,1010.35,73.5,28.58,5.61,178.23
185,8126,50.185143,19.947767,359.71,2026-07-01 16:00:00+00:00,2026-07-01 17:00:00+00:00,4.89,8.22,9.72,1010.31,75.3,26.64,8.43,287.0
186,8126,50.185143,19.947767,359.71,2026-07-01 17:00:00+00:00,2026-07-01 18:00:00+00:00,5.77,9.68,11.48,1010.63,80.25,23.67,15.67,289.0
187,8126,50.185143,19.947767,359.71,2026-07-01 18:00:00+00:00,2026-07-01 19:00:00+00:00,4.83,8.35,9.9,1012.37,82.83,22.29,10.92,258.83
188,8126,50.185143,19.947767,359.71,2026-07-01 19:00:00+00:00,2026-07-01 20:00:00+00:00,4.9,8.14,9.65,1014.12,86.09,21.58,10.03,260.47
189,8126,50.185143,19.947767,359.71,2026-07-01 20:00:00+00:00,2026-07-01 21:00:00+00:00,5.06,8.52,10.04,1014.68,85.78,20.82,10.33,266.88
190,8126,50.185143,19.947767,359.71,2026-07-01 21:00:00+00:00,2026-07-01 22:00:00+00:00,6.92,11.93,14.42,1014.45,86.97,20.0,10.85,266.32
191,8126,50.185143,19.947767,359.71,2026-07-01 22:00:00+00:00,2026-07-01 23:00:00+00:00,7.46,13.16,15.53,1014.03,88.38,19.44,10.97,272.77
192,33050,50.081104,19.764215,240.7,2026-06-30 23:00:00+00:00,2026-07-01 00:00:00+00:00,10.21,14.44,16.32,1013.99,74.83,22.34,,
193,33050,50.081104,19.764215,240.7,2026-07-01 00:00:00+00:00,2026-07-01 01:00:00+00:00,10.96,15.65,17.75,1013.82,77.04,22.0,,
194,33050,50.081104,19.764215,240.7,2026-07-01 01:00:00+00:00,2026-07-01 02:00:00+00:00,11.51,16.75,19.13,1013.02,79.47,21.44,,
195,33050,50.081104,19.764215,240.7,2026-07-01 02:00:00+00:00,2026-07-01 03:00:00+00:00,12.05,17.77,20.69,1012.73,82.16,20.37,,
196,33050,50.081104,19.764215,240.7,2026-07-01 03:00:00+00:00,2026-07-01 04:00:00+00:00,12.59,18.59,21.95,1012.84,85.89,19.93,,
197,33050,50.081104,19.764215,240.7,2026-07-01 04:00:00+00:00,2026-07-01 05:00:00+00:00,13.42,19.55,23.73,1012.75,83.79,21.52,,
198,33050,50.081104,19.764215,240.7,2026-07-01 05:00:00+00:00,2026-07-01 06:00:00+00:00,14.77,22.03,28.06,1012.82,80.51,23.34,,
199,33050,50.081104,19.764215,240.7,2026-07-01 06:00:00+00:00,2026-07-01 07:00:00+00:00,15.31,22.64,29.01,1013.12,74.97,25.29,,
200,33050,50.081104,19.764215,240.7,2026-07-01 07:00:00+00:00,2026-07-01 08:00:00+00:00,13.28,18.94,22.44,1012.57,69.25,27.09,,
201,33050,50.081104,19.764215,240.7,2026-07-01 08:00:00+00:00,2026-07-01 09:00:00+00:00,11.33,15.58,17.74,1011.92,64.63,29.67,,
202,33050,50.081104,19.764215,240.7,2026-07-01 09:00:00+00:00,2026-07-01 10:00:00+00:00,10.53,13.79,15.49,1011.73,59.79,31.5,,
203,33050,50.081104,19.764215,240.7,2026-07-01 10:00:00+00:00,2026-07-01 11:00:00+00:00,11.19,15.12,17.09,1011.35,57.63,32.41,,
204,33050,50.081104,19.764215,240.7,2026-07-01 11:00:00+00:00,2026-07-01 12:00:00+00:00,10.31,13.34,14.92,1010.27,56.96,33.44,,
205,33050,50.081104,19.764215,240.7,2026-07-01 12:00:00+00:00,2026-07-01 13:00:00+00:00,11.76,15.7,17.86,1009.69,57.67,32.97,,
206,33050,50.081104,19.764215,240.7,2026-07-01 13:00:00+00:00,2026-07-01 14:00:00+00:00,12.85,17.65,20.71,1009.13,57.76,32.06,,
207,33050,50.081104,19.764215,240.7,2026-07-01 14:00:00+00:00,2026-07-01 15:00:00+00:00,12.95,18.52,22.39,1009.77,59.8,29.08,,
208,33050,50.081104,19.764215,240.7,2026-07-01 15:00:00+00:00,2026-07-01 16:00:00+00:00,7.39,10.45,11.93,1009.82,59.13,27.74,,
209,33050,50.081104,19.764215,240.7,2026-07-01 16:00:00+00:00,2026-07-01 17:00:00+00:00,4.64,6.51,7.4,1009.93,62.47,25.85,,
210,33050,50.081104,19.764215,240.7,2026-07-01 17:00:00+00:00,2026-07-01 18:00:00+00:00,6.78,9.69,11.11,1010.24,69.23,23.42,,
211,33050,50.081104,19.764215,240.7,2026-07-01 18:00:00+00:00,2026-07-01 19:00:00+00:00,6.52,9.16,10.52,1011.9,73.0,22.31,,
212,33050,50.081104,19.764215,240.7,2026-07-01 19:00:00+00:00,2026-07-01 20:00:00+00:00,7.96,11.74,13.53,1013.59,77.06,21.69,,
213,33050,50.081104,19.764215,240.7,2026-07-01 20:00:00+00:00,2026-07-01 21:00:00+00:00,7.89,11.67,13.51,1014.29,78.48,21.03,,
214,33050,50.081104,19.764215,240.7,2026-07-01 21:00:00+00:00,2026-07-01 22:00:00+00:00,7.41,10.78,12.45,1013.99,80.26,20.1,,
215,33050,50.081104,19.764215,240.7,2026-07-01 22:00:00+00:00,2026-07-01 23:00:00+00:00,7.18,10.39,11.97,1013.43,82.45,19.33,,
216,43262,50.156845,19.878487,275.82,2026-06-30 23:00:00+00:00,2026-07-01 00:00:00+00:00,9.63,13.91,16.14,1017.69,83.69,22.69,5.23,89.95
217,43262,50.156845,19.878487,275.82,2026-07-01 00:00:00+00:00,2026-07-01 01:00:00+00:00,10.51,15.1,17.49,1017.44,84.63,21.89,4.24,99.81
218,43262,50.156845,19.878487,275.82,2026-07-01 01:00:00+00:00,2026-07-01 02:00:00+00:00,10.84,15.81,18.36,1016.78,86.13,21.65,3.09,118.48
219,43262,50.156845,19.878487,275.82,2026-07-01 02:00:00+00:00,2026-07-01 03:00:00+00:00,11.13,16.33,19.23,1016.36,87.81,21.13,2.46,179.99
220,43262,50.156845,19.878487,275.82,2026-07-01 03:00:00+00:00,2026-07-01 04:00:00+00:00,11.52,17.0,20.06,1016.33,89.5,20.77,4.97,232.0
221,43262,50.156845,19.878487,275.82,2026-07-01 04:00:00+00:00,2026-07-01 05:00:00+00:00,12.1,18.15,22.19,1016.24,89.5,21.26,5.36,243.0
222,43262,50.156845,19.878487,275.82,2026-07-01 05:00:00+00:00,2026-07-01 06:00:00+00:00,13.94,21.18,27.4,1016.26,86.75,22.98,5.29,252.16
223,43262,50.156845,19.878487,275.82,2026-07-01 06:00:00+00:00,2026-07-01 07:00:00+00:00,15.96,24.44,32.67,1016.6,82.38,24.77,7.69,269.04
224,43262,50.156845,19.878487,275.82,2026-07-01 07:00:00+00:00,2026-07-01 08:00:00+00:00,12.29,18.3,22.4,1016.28,79.25,26.41,9.45,280.24
225,43262,50.156845,19.878487,275.82,2026-07-01 08:00:00+00:00,2026-07-01 09:00:00+00:00,11.35,16.65,19.39,1015.75,76.94,27.76,8.12,276.49
226,43262,50.156845,19.878487,275.82,2026-07-01 09:00:00+00:00,2026-07-01 10:00:00+00:00,9.51,13.55,15.7,1015.71,73.63,29.27,5.98,279.89
227,43262,50.156845,19.878487,275.82,2026-07-01 10:00:00+00:00,2026-07-01 11:00:00+00:00,10.01,14.34,16.65,1015.36,70.75,29.97,5.28,272.15
228,43262,50.156845,19.878487,275.82,2026-07-01 11:00:00+00:00,2026-07-01 12:00:00+00:00,12.23,18.05,21.43,1014.71,70.5,30.17,6.15,283.46
229,43262,50.156845,19.878487,275.82,2026-07-01 12:00:00+00:00,2026-07-01 13:00:00+00:00,13.09,19.31,23.75,1014.04,68.88,30.54,1.47,341.09
230,43262,50.156845,19.878487,275.82,2026-07-01 13:00:00+00:00,2026-07-01 14:00:00+00:00,13.28,19.81,24.88,1013.46,68.0,30.86,6.88,111.09
231,43262,50.156845,19.878487,275.82,2026-07-01 14:00:00+00:00,2026-07-01 15:00:00+00:00,13.36,19.9,24.92,1013.37,71.75,29.95,9.38,155.38
232,43262,50.156845,19.878487,275.82,2026-07-01 15:00:00+00:00,2026-07-01 16:00:00+00:00,10.34,15.12,17.88,1013.45,73.5,28.48,5.61,178.23
233,43262,50.156845,19.878487,275.82,2026-07-01 16:00:00+00:00,2026-07-01 17:00:00+00:00,5.49,7.94,9.3,1013.41,75.94,26.76,8.43,287.0
234,43262,50.156845,19.878487,275.82,2026-07-01 17:00:00+00:00,2026-07-01 18:00:00+00:00,5.69,8.49,9.99,1013.5,80.07,24.32,15.07,288.91
235,43262,50.156845,19.878487,275.82,2026-07-01 18:00:00+00:00,2026-07-01 19:00:00+00:00,5.53,8.22,9.75,1015.09,83.25,22.95,10.92,258.83
236,43262,50.156845,19.878487,275.82,2026-07-01 19:00:00+00:00,2026-07-01 20:00:00+00:00,4.71,6.88,8.1,1016.83,86.25,22.29,10.03,260.47
237,43262,50.156845,19.878487,275.82,2026-07-01 20:00:00+00:00,2026-07-01 21:00:00+00:00,5.69,8.46,9.95,1017.54,86.5,21.72,10.29,266.31
238,43262,50.156845,19.878487,275.82,2026-07-01 21:00:00+00:00,2026-07-01 22:00:00+00:00,7.19,10.63,12.55,1017.23,87.06,20.72,10.81,266.48
239,43262,50.156845,19.878487,275.82,2026-07-01 22:00:00+00:00,2026-07-01 23:00:00+00:00,6.72,9.86,11.68,1016.75,88.38,20.02,10.97,272.77
240,87014,50.115496,19.98213,242.44,2026-06-30 23:00:00+00:00,2026-07-01 00:00:00+00:00,4.98,8.04,10.42,1015.48,83.81,22.08,4.26,103.72
241,87014,50.115496,19.98213,242.44,2026-07-01 00:00:00+00:00,2026-07-01 01:00:00+00:00,5.4,8.95,11.41,1015.22,84.56,21.69,3.52,110.1
242,87014,50.115496,19.98213,242.44,2026-07-01 01:00:00+00:00,2026-07-01 02:00:00+00:00,5.84,9.6,12.16,1014.62,85.63,21.11,2.9,137.55
243,87014,50.115496,19.98213,242.44,2026-07-01 02:00:00+00:00,2026-07-01 03:00:00+00:00,6.35,10.15,13.23,1014.15,87.75,20.43,3.25,199.11
244,87014,50.115496,19.98213,242.44,2026-07-01 03:00:00+00:00,2026-07-01 04:00:00+00:00,6.89,11.38,14.61,1014.2,89.5,20.19,4.93,232.34
245,87014,50.115496,19.98213,242.44,2026-07-01 04:00:00+00:00,2026-07-01 05:00:00+00:00,7.42,12.32,16.0,1014.22,88.56,21.21,5.45,243.39
246,87014,50.115496,19.98213,242.44,2026-07-01 05:00:00+00:00,2026-07-01 06:00:00+00:00,8.3,13.9,17.92,1014.25,85.69,22.74,5.83,255.65
247,87014,50.115496,19.98213,242.44,2026-07-01 06:00:00+00:00,2026-07-01 07:00:00+00:00,10.31,17.07,22.03,1014.5,81.92,24.07,7.47,271.57
248,87014,50.115496,19.98213,242.44,2026-07-01 07:00:00+00:00,2026-07-01 08:00:00+00:00,9.57,15.25,19.82,1014.13,75.81,25.86,9.07,280.49
249,87014,50.115496,19.98213,242.44,2026-07-01 08:00:00+00:00,2026-07-01 09:00:00+00:00,6.94,10.75,13.68,1013.53,65.82,27.71,8.16,283.29
250,87014,50.115496,19.98213,242.44,2026-07-01 09:00:00+00:00,2026-07-01 10:00:00+00:00,4.67,7.2,9.02,1013.42,59.22,29.17,5.97,276.78
251,87014,50.115496,19.98213,242.44,2026-07-01 10:00:00+00:00,2026-07-01 11:00:00+00:00,5.25,8.08,10.15,1012.98,56.07,30.48,5.18,266.0
252,87014,50.115496,19.98213,242.44,2026-07-01 11:00:00+00:00,2026-07-01 12:00:00+00:00,6.48,9.83,12.16,1012.3,55.81,30.53,5.9,274.53
253,87014,50.115496,19.98213,242.44,2026-07-01 12:00:00+00:00,2026-07-01 13:00:00+00:00,7.05,10.84,13.48,1011.6,55.78,30.73,1.9,301.77
254,87014,50.115496,19.98213,242.44,2026-07-01 13:00:00+00:00,2026-07-01 14:00:00+00:00,7.47,11.22,14.28,1010.94,54.81,31.43,6.78,121.27
255,87014,50.115496,19.98213,242.44,2026-07-01 14:00:00+00:00,2026-07-01 15:00:00+00:00,6.94,11.4,14.81,1010.83,61.95,29.48,8.57,157.11
256,87014,50.115496,19.98213,242.44,2026-07-01 15:00:00+00:00,2026-07-01 16:00:00+00:00,3.87,6.52,8.59,1011.19,60.52,27.3,4.47,180.34
257,87014,50.115496,19.98213,242.44,2026-07-01 16:00:00+00:00,2026-07-01 17:00:00+00:00,1.36,2.41,3.45,1010.96,61.18,25.77,9.74,293.74
258,87014,50.115496,19.98213,242.44,2026-07-01 17:00:00+00:00,2026-07-01 18:00:00+00:00,1.95,3.28,4.59,1011.41,66.96,24.22,10.96,293.0
259,87014,50.115496,19.98213,242.44,2026-07-01 18:00:00+00:00,2026-07-01 19:00:00+00:00,2.33,4.16,5.72,1013.16,74.95,22.66,11.51,272.51
260,87014,50.115496,19.98213,242.44,2026-07-01 19:00:00+00:00,2026-07-01 20:00:00+00:00,2.31,4.02,5.66,1014.91,85.9,21.68,10.06,262.62
261,87014,50.115496,19.98213,242.44,2026-07-01 20:00:00+00:00,2026-07-01 21:00:00+00:00,3.22,5.66,7.69,1015.36,86.5,21.02,9.77,264.73
262,87014,50.115496,19.98213,242.44,2026-07-01 21:00:00+00:00,2026-07-01 22:00:00+00:00,3.32,5.79,8.25,1015.07,86.0,19.86,10.79,267.01
263,87014,50.115496,19.98213,242.44,2026-07-01 22:00:00+00:00,2026-07-01 23:00:00+00:00,3.01,5.29,6.95,1014.67,87.57,19.18,10.97,274.08
264,86918,50.025251,19.937998,225.82,2026-06-30 23:00:00+00:00,2026-07-01 00:00:00+00:00,10.93,15.67,21.39,,65.49,22.31,4.7,96.88
265,86918,50.025251,19.937998,225.82,2026-07-01 00:00:00+00:00,2026-07-01 01:00:00+00:00,11.38,16.42,22.68,,66.2,22.1,3.94,106.49
266,86918,50.025251,19.937998,225.82,2026-07-01 01:00:00+00:00,2026-07-01 02:00:00+00:00,11.8,17.09,23.55,,68.69,21.55,2.88,117.81
267,86918,50.025251,19.937998,225.82,2026-07-01 02:00:00+00:00,2026-07-01 03:00:00+00:00,12.42,17.96,24.96,,71.66,20.78,2.61,181.12
268,86918,50.025251,19.937998,225.82,2026-07-01 03:00:00+00:00,2026-07-01 04:00:00+00:00,12.87,18.54,25.94,,74.52,20.11,4.61,229.62
269,86918,50.025251,19.937998,225.82,2026-07-01 04:00:00+00:00,2026-07-01 05:00:00+00:00,14.18,20.39,28.97,,74.0,20.87,5.1,237.31
270,86918,50.025251,19.937998,225.82,2026-07-01 05:00:00+00:00,2026-07-01 06:00:00+00:00,15.64,22.01,30.72,,69.53,22.63,4.95,250.6
271,86918,50.025251,19.937998,225.82,2026-07-01 06:00:00+00:00,2026-07-01 07:00:00+00:00,14.87,20.82,29.11,,64.6,24.55,7.48,271.18
272,86918,50.025251,19.937998,225.82,2026-07-01 07:00:00+00:00,2026-07-01 08:00:00+00:00,14.46,19.88,27.57,,58.15,26.4,9.33,280.8
273,86918,50.025251,19.937998,225.82,2026-07-01 08:00:00+00:00,2026-07-01 09:00:00+00:00,12.25,16.68,22.67,,51.94,29.44,8.24,279.77
274,86918,50.025251,19.937998,225.82,2026-07-01 09:00:00+00:00,2026-07-01 10:00:00+00:00,9.69,13.67,18.56,,48.0,31.34,6.32,300.59
275,86918,50.025251,19.937998,225.82,2026-07-01 10:00:00+00:00,2026-07-01 11:00:00+00:00,10.8,14.98,20.64,,45.79,32.11,4.5,274.17
276,86918,50.025251,19.937998,225.82,2026-07-01 11:00:00+00:00,2026-07-01 12:00:00+00:00,12.01,16.25,22.44,,45.98,31.31,6.35,280.98
277,86918,50.025251,19.937998,225.82,2026-07-01 12:00:00+00:00,2026-07-01 13:00:00+00:00,11.94,16.08,22.09,,46.21,31.8,6.92,265.92
278,86918,50.025251,19.937998,225.82,2026-07-01 13:00:00+00:00,2026-07-01 14:00:00+00:00,13.31,17.61,23.66,,46.17,31.58,6.9,176.18
279,86918,50.025251,19.937998,225.82,2026-07-01 14:00:00+00:00,2026-07-01 15:00:00+00:00,13.92,19.03,26.14,,47.27,29.47,8.17,156.65
280,86918,50.025251,19.937998,225.82,2026-07-01 15:00:00+00:00,2026-07-01 16:00:00+00:00,10.07,14.42,19.57,,49.23,27.7,9.39,168.46
281,86918,50.025251,19.937998,225.82,2026-07-01 16:00:00+00:00,2026-07-01 17:00:00+00:00,5.25,7.12,8.85,,49.56,26.82,3.57,322.69
282,86918,50.025251,19.937998,225.82,2026-07-01 17:00:00+00:00,2026-07-01 18:00:00+00:00,5.97,8.27,10.23,,56.59,24.04,12.02,292.55
283,86918,50.025251,19.937998,225.82,2026-07-01 18:00:00+00:00,2026-07-01 19:00:00+00:00,7.87,11.06,13.99,,64.82,22.19,11.28,268.66
284,86918,50.025251,19.937998,225.82,2026-07-01 19:00:00+00:00,2026-07-01 20:00:00+00:00,8.89,12.7,16.38,,72.28,21.15,10.09,262.43
285,86918,50.025251,19.937998,225.82,2026-07-01 20:00:00+00:00,2026-07-01 21:00:00+00:00,9.24,13.2,16.89,,76.0,20.6,9.01,259.54
286,86918,50.025251,19.937998,225.82,2026-07-01 21:00:00+00:00,2026-07-01 22:00:00+00:00,9.36,13.47,17.01,,77.49,19.82,10.25,264.88
287,86918,50.025251,19.937998,225.82,2026-07-01 22:00:00+00:00,2026-07-01 23:00:00+00:00,7.82,10.94,13.76,,77.55,19.36,11.09,274.26
288,7617,50.126232,19.954121,257.93,2026-06-30 23:00:00+00:00,2026-07-01 00:00:00+00:00,10.67,12.5,12.97,1015.3,83.81,23.81,,
289,7617,50.126232,19.954121,257.93,2026-07-01 00:00:00+00:00,2026-07-01 01:00:00+00:00,11.73,13.75,15.12,1015.04,84.56,23.48,,
290,7617,50.126232,19.954121,257.93,2026-07-01 01:00:00+00:00,2026-07-01 02:00:00+00:00,11.89,13.94,15.57,1014.51,85.63,22.74,,
291,7617,50.126232,19.954121,257.93,2026-07-01 02:00:00+00:00,2026-07-01 03:00:00+00:00,11.98,14.21,16.25,1013.98,87.75,21.94,,
292,7617,50.126232,19.954121,257.93,2026-07-01 03:00:00+00:00,2026-07-01 04:00:00+00:00,12.52,14.75,17.49,1013.97,89.5,21.62,,
293,7617,50.126232,19.954121,257.93,2026-07-01 04:00:00+00:00,2026-07-01 05:00:00+00:00,13.19,15.7,19.64,1014.01,88.56,22.51,,
294,7617,50.126232,19.954121,257.93,2026-07-01 05:00:00+00:00,2026-07-01 06:00:00+00:00,14.17,17.05,21.98,1014.11,85.69,23.94,,
295,7617,50.126232,19.954121,257.93,2026-07-01 06:00:00+00:00,2026-07-01 07:00:00+00:00,16.35,19.45,26.28,1014.39,81.94,25.46,,
296,7617,50.126232,19.954121,257.93,2026-07-01 07:00:00+00:00,2026-07-01 08:00:00+00:00,14.81,17.46,22.51,1014.1,78.5,27.13,,
297,7617,50.126232,19.954121,257.93,2026-07-01 08:00:00+00:00,2026-07-01 09:00:00+00:00,11.56,13.38,15.06,1013.47,75.5,29.1,,
298,7617,50.126232,19.954121,257.93,2026-07-01 09:00:00+00:00,2026-07-01 10:00:00+00:00,9.09,10.27,9.61,1013.34,72.5,30.74,,
299,7617,50.126232,19.954121,257.93,2026-07-01 10:00:00+00:00,2026-07-01 11:00:00+00:00,10.31,12.01,12.4,1013.04,70.44,31.98,,
300,7617,50.126232,19.954121,257.93,2026-07-01 11:00:00+00:00,2026-07-01 12:00:00+00:00,15.5,17.06,20.67,1012.43,70.31,32.32,,
301,7617,50.126232,19.954121,257.93,2026-07-01 12:00:00+00:00,2026-07-01 13:00:00+00:00,12.19,13.91,16.29,1011.8,69.5,32.96,,
302,7617,50.126232,19.954121,257.93,2026-07-01 13:00:00+00:00,2026-07-01 14:00:00+00:00,12.75,14.58,17.7,1011.19,69.31,33.55,,
303,7617,50.126232,19.954121,257.93,2026-07-01 14:00:00+00:00,2026-07-01 15:00:00+00:00,13.95,16.34,20.65,1011.15,72.13,31.17,,
304,7617,50.126232,19.954121,257.93,2026-07-01 15:00:00+00:00,2026-07-01 16:00:00+00:00,11.0,12.94,14.08,1011.39,73.91,29.03,,
305,7617,50.126232,19.954121,257.93,2026-07-01 16:00:00+00:00,2026-07-01 17:00:00+00:00,5.68,6.74,5.23,1011.18,75.0,27.37,,
306,7617,50.126232,19.954121,257.93,2026-07-01 17:00:00+00:00,2026-07-01 18:00:00+00:00,5.67,6.97,5.43,1011.38,78.24,25.66,,
307,7617,50.126232,19.954121,257.93,2026-07-01 18:00:00+00:00,2026-07-01 19:00:00+00:00,6.29,7.62,6.32,1012.99,83.56,23.91,,
308,7617,50.126232,19.954121,257.93,2026-07-01 19:00:00+00:00,2026-07-01 20:00:00+00:00,5.75,6.83,5.27,1014.67,86.06,23.16,,
309,7617,50.126232,19.954121,257.93,2026-07-01 20:00:00+00:00,2026-07-01 21:00:00+00:00,7.26,8.71,7.88,1015.21,86.5,22.45,,
310,7617,50.126232,19.954121,257.93,2026-07-01 21:00:00+00:00,2026-07-01 22:00:00+00:00,8.36,10.14,9.95,1014.91,87.06,21.4,,
311,7617,50.126232,19.954121,257.93,2026-07-01 22:00:00+00:00,2026-07-01 23:00:00+00:00,7.47,9.01,8.26,1014.44,88.31,20.79,,
312,7385,49.969677,19.980179,281.69,2026-06-30 23:00:00+00:00,2026-07-01 00:00:00+00:00,0.1,0.2,0.23,1013.64,,,3.96,107.08
313,7385,49.969677,19.980179,281.69,2026-07-01 00:00:00+00:00,2026-07-01 01:00:00+00:00,0.24,0.52,0.65,1013.36,,,3.69,111.39
314,7385,49.969677,19.980179,281.69,2026-07-01 01:00:00+00:00,2026-07-01 02:00:00+00:00,0.14,0.43,0.55,1012.87,,,3.42,160.12
315,7385,49.969677,19.980179,281.69,2026-07-01 02:00:00+00:00,2026-07-01 03:00:00+00:00,0.14,0.27,0.4,1012.35,,,3.55,196.0
316,7385,49.969677,19.980179,281.69,2026-07-01 03:00:00+00:00,2026-07-01 04:00:00+00:00,0.85,1.75,2.26,1012.55,,,4.34,224.82
317,7385,49.969677,19.980179,281.69,2026-07-01 04:00:00+00:00,2026-07-01 05:00:00+00:00,0.24,0.48,0.58,1012.53,,,5.32,242.06
318,7385,49.969677,19.980179,281.69,2026-07-01 05:00:00+00:00,2026-07-01 06:00:00+00:00,2.01,3.79,4.89,1012.52,,,5.57,253.5
319,7385,49.969677,19.980179,281.69,2026-07-01 06:00:00+00:00,2026-07-01 07:00:00+00:00,5.03,9.29,11.98,1012.87,,,7.1,269.72
320,7385,49.969677,19.980179,281.69,2026-07-01 07:00:00+00:00,2026-07-01 08:00:00+00:00,3.43,6.06,7.81,1012.6,,,8.87,278.75
321,7385,49.969677,19.980179,281.69,2026-07-01 08:00:00+00:00,2026-07-01 09:00:00+00:00,1.75,3.07,4.07,1011.81,,,8.56,282.1
322,7385,49.969677,19.980179,281.69,2026-07-01 09:00:00+00:00,2026-07-01 10:00:00+00:00,0.77,1.66,2.1,1011.51,,,6.22,274.96
323,7385,49.969677,19.980179,281.69,2026-07-01 10:00:00+00:00,2026-07-01 11:00:00+00:00,1.03,1.91,2.4,1010.95,,,5.2,257.75
324,7385,49.969677,19.980179,281.69,2026-07-01 11:00:00+00:00,2026-07-01 12:00:00+00:00,1.29,2.16,2.84,1010.15,,,6.03,265.47
325,7385,49.969677,19.980179,281.69,2026-07-01 12:00:00+00:00,2026-07-01 13:00:00+00:00,1.31,2.13,2.71,1009.53,,,6.13,231.05
326,7385,49.969677,19.980179,281.69,2026-07-01 13:00:00+00:00,2026-07-01 14:00:00+00:00,1.09,1.8,2.31,1009.0,,,8.41,175.51
327,7385,49.969677,19.980179,281.69,2026-07-01 14:00:00+00:00,2026-07-01 15:00:00+00:00,1.22,2.26,3.01,1009.4,,,8.7,146.75
328,7385,49.969677,19.980179,281.69,2026-07-01 15:00:00+00:00,2026-07-01 16:00:00+00:00,1.28,2.48,3.29,1009.69,,,9.16,150.0
329,7385,49.969677,19.980179,281.69,2026-07-01 16:00:00+00:00,2026-07-01 17:00:00+00:00,0.56,1.3,1.93,1009.05,,,8.14,308.16
330,7385,49.969677,19.980179,281.69,2026-07-01 17:00:00+00:00,2026-07-01 18:00:00+00:00,0.4,1.04,1.46,1010.19,,,14.33,288.26
331,7385,49.969677,19.980179,281.69,2026-07-01 18:00:00+00:00,2026-07-01 19:00:00+00:00,0.11,0.35,0.53,1011.74,,,11.49,277.18
332,7385,49.969677,19.980179,281.69,2026-07-01 19:00:00+00:00,2026-07-01 20:00:00+00:00,0.09,0.26,0.36,1013.51,,,10.25,264.17
333,7385,49.969677,19.980179,281.69,2026-07-01 20:00:00+00:00,2026-07-01 21:00:00+00:00,0.28,0.66,1.04,1013.62,,,8.88,258.96
334,7385,49.969677,19.980179,281.69,2026-07-01 21:00:00+00:00,2026-07-01 22:00:00+00:00,1.11,2.18,3.0,1013.3,,,10.69,265.8
335,7385,49.969677,19.980179,281.69,2026-07-01 22:00:00+00:00,2026-07-01 23:00:00+00:00,1.45,2.96,4.23,1012.96,,,11.13,275.34
336,86941,50.057537,19.897547,222.87,2026-06-30 23:00:00+00:00,2026-07-01 00:00:00+00:00,10.94,15.38,17.66,1013.16,83.88,22.95,4.77,99.61
337,86941,50.057537,19.897547,222.87,2026-07-01 00:00:00+00:00,2026-07-01 01:00:00+00:00,11.95,17.34,20.09,1012.77,84.25,22.61,4.01,105.86
338,86941,50.057537,19.897547,222.87,2026-07-01 01:00:00+00:00,2026-07-01 02:00:00+00:00,12.26,17.93,21.01,1012.17,82.15,22.3,3.03,118.03
339,86941,50.057537,19.897547,222.87,2026-07-01 02:00:00+00:00,2026-07-01 03:00:00+00:00,12.56,18.32,21.6,1011.7,63.71,21.59,2.93,188.81
340,86941,50.057537,19.897547,222.87,2026-07-01 03:00:00+00:00,2026-07-01 04:00:00+00:00,12.78,18.67,22.45,1011.82,78.22,21.18,4.72,235.47
341,86941,50.057537,19.897547,222.87,2026-07-01 04:00:00+00:00,2026-07-01 05:00:00+00:00,12.32,17.67,20.54,1011.74,67.1,23.62,5.44,241.68
342,86941,50.057537,19.897547,222.87,2026-07-01 05:00:00+00:00,2026-07-01 06:00:00+00:00,13.24,19.24,23.24,1011.8,87.44,25.3,5.81,248.57
343,86941,50.057537,19.897547,222.87,2026-07-01 06:00:00+00:00,2026-07-01 07:00:00+00:00,14.67,21.38,27.17,1012.12,82.56,26.53,7.59,268.22
344,86941,50.057537,19.897547,222.87,2026-07-01 07:00:00+00:00,2026-07-01 08:00:00+00:00,14.86,21.83,28.17,1011.87,79.19,26.87,9.23,277.5
345,86941,50.057537,19.897547,222.87,2026-07-01 08:00:00+00:00,2026-07-01 09:00:00+00:00,12.66,18.16,21.61,1011.24,76.56,28.21,8.6,277.18
346,86941,50.057537,19.897547,222.87,2026-07-01 09:00:00+00:00,2026-07-01 10:00:00+00:00,11.74,16.35,18.71,1011.0,73.0,29.81,6.15,278.97
347,86941,50.057537,19.897547,222.87,2026-07-01 10:00:00+00:00,2026-07-01 11:00:00+00:00,11.59,16.16,18.57,1010.54,69.62,31.08,4.82,267.16
348,86941,50.057537,19.897547,222.87,2026-07-01 11:00:00+00:00,2026-07-01 12:00:00+00:00,13.88,19.94,24.35,1009.83,68.87,31.06,6.05,279.11
349,86941,50.057537,19.897547,222.87,2026-07-01 12:00:00+00:00,2026-07-01 13:00:00+00:00,14.41,20.83,26.07,1009.21,67.4,31.19,3.42,313.02
350,86941,50.057537,19.897547,222.87,2026-07-01 13:00:00+00:00,2026-07-01 14:00:00+00:00,14.49,21.0,26.47,1008.66,65.31,31.46,7.21,106.88
351,86941,50.057537,19.897547,222.87,2026-07-01 14:00:00+00:00,2026-07-01 15:00:00+00:00,15.06,21.94,28.27,1008.72,71.88,30.13,8.75,157.17
352,86941,50.057537,19.897547,222.87,2026-07-01 15:00:00+00:00,2026-07-01 16:00:00+00:00,9.28,13.17,15.27,1008.94,50.56,28.54,6.36,170.32
353,86941,50.057537,19.897547,222.87,2026-07-01 16:00:00+00:00,2026-07-01 17:00:00+00:00,4.42,6.16,7.12,1008.76,52.03,26.57,8.73,299.44
354,86941,50.057537,19.897547,222.87,2026-07-01 17:00:00+00:00,2026-07-01 18:00:00+00:00,5.48,7.65,8.93,1009.33,55.2,24.42,12.3,288.72
355,86941,50.057537,19.897547,222.87,2026-07-01 18:00:00+00:00,2026-07-01 19:00:00+00:00,6.14,8.84,10.3,1011.03,58.78,22.93,11.44,266.21
356,86941,50.057537,19.897547,222.87,2026-07-01 19:00:00+00:00,2026-07-01 20:00:00+00:00,7.17,10.24,11.81,1012.75,69.4,22.16,10.27,260.0
357,86941,50.057537,19.897547,222.87,2026-07-01 20:00:00+00:00,2026-07-01 21:00:00+00:00,7.74,11.09,12.89,1013.32,71.61,21.55,9.4,261.64
358,86941,50.057537,19.897547,222.87,2026-07-01 21:00:00+00:00,2026-07-01 22:00:00+00:00,8.3,11.97,13.83,1013.03,72.47,20.5,10.56,265.42
359,86941,50.057537,19.897547,222.87,2026-07-01 22:00:00+00:00,2026-07-01 23:00:00+00:00,7.78,11.04,12.72,1012.64,74.64,19.78,11.01,273.53
360,86925,50.020756,19.844076,205.85,2026-06-30 23:00:00+00:00,2026-07-01 00:00:00+00:00,,,,,,,,
361,86925,50.020756,19.844076,205.85,2026-07-01 00:00:00+00:00,2026-07-01 01:00:00+00:00,,,,,,,,
362,86925,50.020756,19.844076,205.85,2026-07-01 01:00:00+00:00,2026-07-01 02:00:00+00:00,,,,,,,,
363,86925,50.020756,19.844076,205.85,2026-07-01 02:00:00+00:00,2026-07-01 03:00:00+00:00,,,,,,,,
364,86925,50.020756,19.844076,205.85,2026-07-01 03:00:00+00:00,2026-07-01 04:00:00+00:00,,,,,,,,
365,86925,50.020756,19.844076,205.85,2026-07-01 04:00:00+00:00,2026-07-01 05:00:00+00:00,,,,,,,,
366,86925,50.020756,19.844076,205.85,2026-07-01 05:00:00+00:00,2026-07-01 06:00:00+00:00,,,,,,,,
367,86925,50.020756,19.844076,205.85,2026-07-01 06:00:00+00:00,2026-07-01 07:00:00+00:00,,,,,,,,
368,86925,50.020756,19.844076,205.85,2026-07-01 07:00:00+00:00,2026-07-01 08:00:00+00:00,,,,,,,,
369,86925,50.020756,19.844076,205.85,2026-07-01 08:00:00+00:00,2026-07-01 09:00:00+00:00,,,,,,,,
370,86925,50.020756,19.844076,205.85,2026-07-01 09:00:00+00:00,2026-07-01 10:00:00+00:00,,,,,,,,
371,86925,50.020756,19.844076,205.85,2026-07-01 10:00:00+00:00,2026-07-01 11:00:00+00:00,,,,,,,,
372,86925,50.020756,19.844076,205.85,2026-07-01 11:00:00+00:00,2026-07-01 12:00:00+00:00,,,,,,,,
373,86925,50.020756,19.844076,205.85,2026-07-01 12:00:00+00:00,2026-07-01 13:00:00+00:00,,,,,,,,
374,86925,50.020756,19.844076,205.85,2026-07-01 13:00:00+00:00,2026-07-01 14:00:00+00:00,,,,,,,,
375,86925,50.020756,19.844076,205.85,2026-07-01 14:00:00+00:00,2026-07-01 15:00:00+00:00,,,,,,,,
376,86925,50.020756,19.844076,205.85,2026-07-01 15:00:00+00:00,2026-07-01 16:00:00+00:00,,,,,,,,
377,86925,50.020756,19.844076,205.85,2026-07-01 16:00:00+00:00,2026-07-01 17:00:00+00:00,,,,,,,,
378,86925,50.020756,19.844076,205.85,2026-07-01 17:00:00+00:00,2026-07-01 18:00:00+00:00,,,,,,,,
379,86925,50.020756,19.844076,205.85,2026-07-01 18:00:00+00:00,2026-07-01 19:00:00+00:00,,,,,,,,
380,86925,50.020756,19.844076,205.85,2026-07-01 19:00:00+00:00,2026-07-01 20:00:00+00:00,,,,,,,,
381,86925,50.020756,19.844076,205.85,2026-07-01 20:00:00+00:00,2026-07-01 21:00:00+00:00,,,,,,,,
382,86925,50.020756,19.844076,205.85,2026-07-01 21:00:00+00:00,2026-07-01 22:00:00+00:00,,,,,,,,
383,86925,50.020756,19.844076,205.85,2026-07-01 22:00:00+00:00,2026-07-01 23:00:00+00:00,,,,,,,,
384,6887,49.93483,19.961107,376.38,2026-06-30 23:00:00+00:00,2026-07-01 00:00:00+00:00,12.88,19.13,23.46,1012.59,60.07,22.17,4.18,125.62
385,6887,49.93483,19.961107,376.38,2026-07-01 00:00:00+00:00,2026-07-01 01:00:00+00:00,13.64,20.49,26.01,1012.29,66.41,21.6,3.63,142.94
386,6887,49.93483,19.961107,376.38,2026-07-01 01:00:00+00:00,2026-07-01 02:00:00+00:00,14.89,22.39,29.21,1011.8,81.44,21.1,4.07,176.82
387,6887,49.93483,19.961107,376.38,2026-07-01 02:00:00+00:00,2026-07-01 03:00:00+00:00,14.97,22.47,29.52,1011.28,77.01,20.46,5.04,204.16
388,6887,49.93483,19.961107,376.38,2026-07-01 03:00:00+00:00,2026-07-01 04:00:00+00:00,14.78,22.2,29.01,1011.4,63.97,20.55,5.38,216.0
389,6887,49.93483,19.961107,376.38,2026-07-01 04:00:00+00:00,2026-07-01 05:00:00+00:00,15.45,23.48,30.97,1011.52,63.34,21.04,5.48,231.0
390,6887,49.93483,19.961107,376.38,2026-07-01 05:00:00+00:00,2026-07-01 06:00:00+00:00,15.74,24.01,31.87,1011.55,61.83,22.71,4.3,241.0
391,6887,49.93483,19.961107,376.38,2026-07-01 06:00:00+00:00,2026-07-01 07:00:00+00:00,14.79,22.42,29.31,1011.86,58.4,24.85,6.42,272.26
392,6887,49.93483,19.961107,376.38,2026-07-01 07:00:00+00:00,2026-07-01 08:00:00+00:00,14.6,22.08,28.86,1011.68,54.66,27.07,7.85,289.81
393,6887,49.93483,19.961107,376.38,2026-07-01 08:00:00+00:00,2026-07-01 09:00:00+00:00,14.02,20.71,26.19,1011.09,52.55,28.9,7.73,283.54
394,6887,49.93483,19.961107,376.38,2026-07-01 09:00:00+00:00,2026-07-01 10:00:00+00:00,14.72,21.41,27.46,1010.92,49.05,30.54,6.28,303.68
395,6887,49.93483,19.961107,376.38,2026-07-01 10:00:00+00:00,2026-07-01 11:00:00+00:00,15.1,21.82,28.39,1010.46,46.56,31.83,4.85,13.2
396,6887,49.93483,19.961107,376.38,2026-07-01 11:00:00+00:00,2026-07-01 12:00:00+00:00,14.97,21.57,28.02,1009.77,46.82,31.34,5.57,288.98
397,6887,49.93483,19.961107,376.38,2026-07-01 12:00:00+00:00,2026-07-01 13:00:00+00:00,15.63,23.16,30.3,1009.22,47.43,29.73,8.41,278.41
398,6887,49.93483,19.961107,376.38,2026-07-01 13:00:00+00:00,2026-07-01 14:00:00+00:00,15.61,23.22,30.51,1008.65,49.12,29.35,5.16,167.02
399,6887,49.93483,19.961107,376.38,2026-07-01 14:00:00+00:00,2026-07-01 15:00:00+00:00,15.15,22.61,29.48,1008.82,49.83,28.89,7.94,143.0
400,6887,49.93483,19.961107,376.38,2026-07-01 15:00:00+00:00,2026-07-01 16:00:00+00:00,8.58,12.35,14.33,1008.87,50.19,27.16,7.05,162.73
401,6887,49.93483,19.961107,376.38,2026-07-01 16:00:00+00:00,2026-07-01 17:00:00+00:00,3.62,5.3,6.08,1008.05,51.36,26.14,3.26,279.71
402,6887,49.93483,19.961107,376.38,2026-07-01 17:00:00+00:00,2026-07-01 18:00:00+00:00,4.75,6.94,8.02,1009.08,55.94,24.33,10.99,293.01
403,6887,49.93483,19.961107,376.38,2026-07-01 18:00:00+00:00,2026-07-01 19:00:00+00:00,5.66,8.39,9.73,1010.53,59.89,22.24,11.33,273.62
404,6887,49.93483,19.961107,376.38,2026-07-01 19:00:00+00:00,2026-07-01 20:00:00+00:00,7.46,11.21,13.07,1012.33,62.58,20.65,10.39,266.29
405,6887,49.93483,19.961107,376.38,2026-07-01 20:00:00+00:00,2026-07-01 21:00:00+00:00,7.5,11.2,12.98,1012.41,62.5,20.22,10.87,270.0
406,6887,49.93483,19.961107,376.38,2026-07-01 21:00:00+00:00,2026-07-01 22:00:00+00:00,8.2,12.37,14.38,1012.06,65.52,19.77,10.7,270.51
407,6887,49.93483,19.961107,376.38,2026-07-01 22:00:00+00:00,2026-07-01 23:00:00+00:00,8.61,13.34,15.63,1011.63,68.61,19.11,10.81,279.88
408,11336,50.114638,20.131619,236.89,2026-06-30 23:00:00+00:00,2026-07-01 00:00:00+00:00,10.87,15.47,18.28,1014.5,84.25,22.52,4.14,102.1
409,11336,50.114638,20.131619,236.89,2026-07-01 00:00:00+00:00,2026-07-01 01:00:00+00:00,11.37,16.76,20.05,1014.1,84.44,22.25,3.37,110.53
410,11336,50.114638,20.131619,236.89,2026-07-01 01:00:00+00:00,2026-07-01 02:00:00+00:00,12.34,18.58,22.82,1013.54,77.99,21.92,2.89,131.0
411,11336,50.114638,20.131619,236.89,2026-07-01 02:00:00+00:00,2026-07-01 03:00:00+00:00,12.58,18.92,23.5,1013.05,63.31,21.17,2.98,173.0
412,11336,50.114638,20.131619,236.89,2026-07-01 03:00:00+00:00,2026-07-01 04:00:00+00:00,13.09,20.17,26.1,1013.0,75.5,20.74,4.63,229.0
413,11336,50.114638,20.131619,236.89,2026-07-01 04:00:00+00:00,2026-07-01 05:00:00+00:00,13.74,21.22,28.26,1013.11,85.66,21.46,5.16,238.0
414,11336,50.114638,20.131619,236.89,2026-07-01 05:00:00+00:00,2026-07-01 06:00:00+00:00,14.85,22.87,30.7,1013.16,64.58,23.0,4.74,246.0
415,11336,50.114638,20.131619,236.89,2026-07-01 06:00:00+00:00,2026-07-01 07:00:00+00:00,16.72,25.15,33.68,1013.41,80.53,24.69,6.63,266.0
416,11336,50.114638,20.131619,236.89,2026-07-01 07:00:00+00:00,2026-07-01 08:00:00+00:00,16.44,24.91,33.55,1013.24,78.02,26.83,8.91,279.11
417,11336,50.114638,20.131619,236.89,2026-07-01 08:00:00+00:00,2026-07-01 09:00:00+00:00,13.52,19.88,25.18,1012.69,65.08,28.63,8.83,279.24
418,11336,50.114638,20.131619,236.89,2026-07-01 09:00:00+00:00,2026-07-01 10:00:00+00:00,11.77,16.75,19.73,1012.57,72.31,29.66,6.92,265.86
419,11336,50.114638,20.131619,236.89,2026-07-01 10:00:00+00:00,2026-07-01 11:00:00+00:00,13.25,18.81,22.71,1012.21,69.88,30.39,5.82,238.27
420,11336,50.114638,20.131619,236.89,2026-07-01 11:00:00+00:00,2026-07-01 12:00:00+00:00,15.22,21.46,27.35,1011.57,69.25,30.52,6.46,246.33
421,11336,50.114638,20.131619,236.89,2026-07-01 12:00:00+00:00,2026-07-01 13:00:00+00:00,16.62,23.51,31.13,1010.85,69.25,30.56,5.65,229.65
422,11336,50.114638,20.131619,236.89,2026-07-01 13:00:00+00:00,2026-07-01 14:00:00+00:00,17.26,24.24,32.24,1010.26,70.13,30.21,6.49,163.24
423,11336,50.114638,20.131619,236.89,2026-07-01 14:00:00+00:00,2026-07-01 15:00:00+00:00,14.77,21.87,28.59,1009.97,71.88,29.57,7.83,147.75
424,11336,50.114638,20.131619,236.89,2026-07-01 15:00:00+00:00,2026-07-01 16:00:00+00:00,14.5,21.49,28.05,1009.93,73.76,28.62,6.0,199.28
425,11336,50.114638,20.131619,236.89,2026-07-01 16:00:00+00:00,2026-07-01 17:00:00+00:00,9.58,13.14,15.79,1009.73,76.75,26.83,7.53,276.58
426,11336,50.114638,20.131619,236.89,2026-07-01 17:00:00+00:00,2026-07-01 18:00:00+00:00,5.36,7.85,9.34,1010.12,79.35,24.71,11.33,298.44
427,11336,50.114638,20.131619,236.89,2026-07-01 18:00:00+00:00,2026-07-01 19:00:00+00:00,6.26,9.25,11.0,1012.04,65.49,23.29,12.03,281.07
428,11336,50.114638,20.131619,236.89,2026-07-01 19:00:00+00:00,2026-07-01 20:00:00+00:00,10.4,14.3,17.58,1013.81,74.37,21.93,10.7,269.18
429,11336,50.114638,20.131619,236.89,2026-07-01 20:00:00+00:00,2026-07-01 21:00:00+00:00,11.12,16.42,20.21,1014.05,72.91,21.42,10.41,265.0
430,11336,50.114638,20.131619,236.89,2026-07-01 21:00:00+00:00,2026-07-01 22:00:00+00:00,9.55,14.88,17.96,1013.58,70.86,20.63,10.85,268.46
431,11336,50.114638,20.131619,236.89,2026-07-01 22:00:00+00:00,2026-07-01 23:00:00+00:00,8.85,13.66,16.16,1013.47,81.44,19.79,11.37,278.94
432,503,50.13258,19.784113,247.02,2026-06-30 23:00:00+00:00,2026-07-01 00:00:00+00:00,11.3,15.51,19.7,1014.37,83.35,23.06,5.0,90.88
433,503,50.13258,19.784113,247.02,2026-07-01 00:00:00+00:00,2026-07-01 01:00:00+00:00,11.78,16.29,20.67,1014.11,84.85,22.83,4.27,98.08
434,503,50.13258,19.784113,247.02,2026-07-01 01:00:00+00:00,2026-07-01 02:00:00+00:00,12.01,16.86,21.63,1013.4,86.35,22.31,2.8,113.44
435,503,50.13258,19.784113,247.02,2026-07-01 02:00:00+00:00,2026-07-01 03:00:00+00:00,12.22,17.37,22.35,1013.06,87.82,21.46,2.62,180.53
436,503,50.13258,19.784113,247.02,2026-07-01 03:00:00+00:00,2026-07-01 04:00:00+00:00,12.67,18.21,24.03,1013.12,90.64,20.89,4.48,242.26
437,503,50.13258,19.784113,247.02,2026-07-01 04:00:00+00:00,2026-07-01 05:00:00+00:00,13.27,19.23,26.32,1013.05,89.68,21.84,5.48,245.11
438,503,50.13258,19.784113,247.02,2026-07-01 05:00:00+00:00,2026-07-01 06:00:00+00:00,15.39,22.62,32.39,1013.14,86.92,23.15,5.78,255.39
439,503,50.13258,19.784113,247.02,2026-07-01 06:00:00+00:00,2026-07-01 07:00:00+00:00,17.71,26.22,38.11,1013.46,83.28,24.67,8.24,269.63
440,503,50.13258,19.784113,247.02,2026-07-01 07:00:00+00:00,2026-07-01 08:00:00+00:00,13.84,19.96,27.54,1012.86,79.44,26.3,9.28,278.83
441,503,50.13258,19.784113,247.02,2026-07-01 08:00:00+00:00,2026-07-01 09:00:00+00:00,11.88,16.59,20.73,1012.38,73.4,27.95,7.96,282.44
442,503,50.13258,19.784113,247.02,2026-07-01 09:00:00+00:00,2026-07-01 10:00:00+00:00,11.8,16.39,20.33,1012.22,68.02,29.43,5.49,283.0
443,503,50.13258,19.784113,247.02,2026-07-01 10:00:00+00:00,2026-07-01 11:00:00+00:00,11.57,15.87,19.62,1011.92,64.69,30.17,4.08,277.53
444,503,50.13258,19.784113,247.02,2026-07-01 11:00:00+00:00,2026-07-01 12:00:00+00:00,11.32,16.19,20.01,1011.18,63.16,30.07,5.8,290.99
445,503,50.13258,19.784113,247.02,2026-07-01 12:00:00+00:00,2026-07-01 13:00:00+00:00,12.52,17.53,22.77,1010.4,64.65,30.03,6.7,288.93
446,503,50.13258,19.784113,247.02,2026-07-01 13:00:00+00:00,2026-07-01 14:00:00+00:00,13.66,19.28,26.31,1009.91,65.11,30.21,7.59,164.63
447,503,50.13258,19.784113,247.02,2026-07-01 14:00:00+00:00,2026-07-01 15:00:00+00:00,13.76,19.82,27.24,1010.07,67.91,29.47,9.7,143.61
448,503,50.13258,19.784113,247.02,2026-07-01 15:00:00+00:00,2026-07-01 16:00:00+00:00,9.28,12.84,16.53,1010.51,66.29,27.97,10.11,163.3
449,503,50.13258,19.784113,247.02,2026-07-01 16:00:00+00:00,2026-07-01 17:00:00+00:00,6.81,9.33,11.93,1010.67,70.32,26.28,3.77,281.08
450,503,50.13258,19.784113,247.02,2026-07-01 17:00:00+00:00,2026-07-01 18:00:00+00:00,6.93,9.56,12.48,1010.79,77.47,24.1,11.9,291.87
451,503,50.13258,19.784113,247.02,2026-07-01 18:00:00+00:00,2026-07-01 19:00:00+00:00,7.09,9.85,13.22,1012.25,81.61,23.04,11.44,267.21
452,503,50.13258,19.784113,247.02,2026-07-01 19:00:00+00:00,2026-07-01 20:00:00+00:00,6.29,8.53,11.24,1013.94,85.54,22.47,9.89,258.0
453,503,50.13258,19.784113,247.02,2026-07-01 20:00:00+00:00,2026-07-01 21:00:00+00:00,7.92,11.01,14.5,1014.79,86.77,21.88,10.09,265.31
454,503,50.13258,19.784113,247.02,2026-07-01 21:00:00+00:00,2026-07-01 22:00:00+00:00,8.34,11.63,15.23,1014.62,87.44,20.84,10.51,268.0
455,503,50.13258,19.784113,247.02,2026-07-01 22:00:00+00:00,2026-07-01 23:00:00+00:00,7.21,9.9,12.83,1014.11,88.47,20.16,10.64,273.63
456,86915,50.065128,19.867504,225.86,2026-06-30 23:00:00+00:00,2026-07-01 00:00:00+00:00,10.19,14.16,16.3,1013.87,66.64,22.76,4.68,100.29
457,86915,50.065128,19.867504,225.86,2026-07-01 00:00:00+00:00,2026-07-01 01:00:00+00:00,10.56,14.78,16.75,1013.64,59.57,22.3,3.96,106.42
458,86915,50.065128,19.867504,225.86,2026-07-01 01:00:00+00:00,2026-07-01 02:00:00+00:00,11.32,16.12,18.44,1013.01,71.65,22.06,2.96,119.48
459,86915,50.065128,19.867504,225.86,2026-07-01 02:00:00+00:00,2026-07-01 03:00:00+00:00,11.7,16.62,19.09,1012.59,85.38,21.6,3.12,193.71
460,86915,50.065128,19.867504,225.86,2026-07-01 03:00:00+00:00,2026-07-01 04:00:00+00:00,12.19,17.72,20.6,1012.65,73.82,21.23,4.93,237.84
461,86915,50.065128,19.867504,225.86,2026-07-01 04:00:00+00:00,2026-07-01 05:00:00+00:00,12.17,17.62,20.5,1012.65,88.88,22.21,5.47,241.84
462,86915,50.065128,19.867504,225.86,2026-07-01 05:00:00+00:00,2026-07-01 06:00:00+00:00,14.3,21.31,27.05,1012.72,87.0,23.21,5.93,250.6
463,86915,50.065128,19.867504,225.86,2026-07-01 06:00:00+00:00,2026-07-01 07:00:00+00:00,15.3,22.66,29.35,1013.03,82.25,25.04,7.76,269.51
464,86915,50.065128,19.867504,225.86,2026-07-01 07:00:00+00:00,2026-07-01 08:00:00+00:00,15.01,21.88,27.94,1012.72,66.01,26.38,9.23,277.33
465,86915,50.065128,19.867504,225.86,2026-07-01 08:00:00+00:00,2026-07-01 09:00:00+00:00,12.95,18.79,22.43,1012.14,74.7,27.97,8.39,277.61
466,86915,50.065128,19.867504,225.86,2026-07-01 09:00:00+00:00,2026-07-01 10:00:00+00:00,12.34,17.37,20.22,1011.93,58.63,29.47,5.95,277.82
467,86915,50.065128,19.867504,225.86,2026-07-01 10:00:00+00:00,2026-07-01 11:00:00+00:00,10.66,14.72,16.57,1011.46,45.83,30.5,4.94,267.81
468,86915,50.065128,19.867504,225.86,2026-07-01 11:00:00+00:00,2026-07-01 12:00:00+00:00,12.7,18.39,21.94,1010.8,45.33,30.41,6.1,281.41
469,86915,50.065128,19.867504,225.86,2026-07-01 12:00:00+00:00,2026-07-01 13:00:00+00:00,13.69,19.78,24.73,1010.14,44.09,30.81,2.44,327.03
470,86915,50.065128,19.867504,225.86,2026-07-01 13:00:00+00:00,2026-07-01 14:00:00+00:00,14.36,20.69,26.4,1009.62,43.33,31.0,7.04,112.52
471,86915,50.065128,19.867504,225.86,2026-07-01 14:00:00+00:00,2026-07-01 15:00:00+00:00,14.72,21.36,27.23,1009.68,47.31,29.53,8.91,157.54
472,86915,50.065128,19.867504,225.86,2026-07-01 15:00:00+00:00,2026-07-01 16:00:00+00:00,9.09,13.11,15.02,1009.71,49.27,27.99,5.14,177.19
473,86915,50.065128,19.867504,225.86,2026-07-01 16:00:00+00:00,2026-07-01 17:00:00+00:00,4.98,7.1,8.23,1009.47,52.27,26.32,9.18,298.76
474,86915,50.065128,19.867504,225.86,2026-07-01 17:00:00+00:00,2026-07-01 18:00:00+00:00,5.76,8.11,9.32,1009.97,67.59,24.23,12.17,286.53
475,86915,50.065128,19.867504,225.86,2026-07-01 18:00:00+00:00,2026-07-01 19:00:00+00:00,6.43,9.05,10.42,1011.77,83.75,22.95,11.3,265.58
476,86915,50.065128,19.867504,225.86,2026-07-01 19:00:00+00:00,2026-07-01 20:00:00+00:00,6.88,9.79,11.32,1013.4,76.28,22.37,10.27,260.0
477,86915,50.065128,19.867504,225.86,2026-07-01 20:00:00+00:00,2026-07-01 21:00:00+00:00,7.27,10.38,11.96,1013.96,62.45,21.74,9.4,261.64
478,86915,50.065128,19.867504,225.86,2026-07-01 21:00:00+00:00,2026-07-01 22:00:00+00:00,7.74,11.05,12.73,1013.64,71.96,20.7,10.56,265.42
479,86915,50.065128,19.867504,225.86,2026-07-01 22:00:00+00:00,2026-07-01 23:00:00+00:00,6.74,9.56,11.12,1013.16,74.87,20.06,11.01,273.53
480,7384,49.961289,20.075127,391.64,2026-06-30 23:00:00+00:00,2026-07-01 00:00:00+00:00,,,,,,,,
481,7384,49.961289,20.075127,391.64,2026-07-01 00:00:00+00:00,2026-07-01 01:00:00+00:00,,,,,,,,
482,7384,49.961289,20.075127,391.64,2026-07-01 01:00:00+00:00,2026-07-01 02:00:00+00:00,,,,,,,,
483,7384,49.961289,20.075127,391.64,2026-07-01 02:00:00+00:00,2026-07-01 03:00:00+00:00,,,,,,,,
484,7384,49.961289,20.075127,391.64,2026-07-01 03:00:00+00:00,2026-07-01 04:00:00+00:00,,,,,,,,
485,7384,49.961289,20.075127,391.64,2026-07-01 04:00:00+00:00,2026-07-01 05:00:00+00:00,,,,,,,,
486,7384,49.961289,20.075127,391.64,2026-07-01 05:00:00+00:00,2026-07-01 06:00:00+00:00,,,,,,,,
487,7384,49.961289,20.075127,391.64,2026-07-01 06:00:00+00:00,2026-07-01 07:00:00+00:00,,,,,,,,
488,7384,49.961289,20.075127,391.64,2026-07-01 07:00:00+00:00,2026-07-01 08:00:00+00:00,,,,,,,,
489,7384,49.961289,20.075127,391.64,2026-07-01 08:00:00+00:00,2026-07-01 09:00:00+00:00,,,,,,,,
490,7384,49.961289,20.075127,391.64,2026-07-01 09:00:00+00:00,2026-07-01 10:00:00+00:00,,,,,,,,
491,7384,49.961289,20.075127,391.64,2026-07-01 10:00:00+00:00,2026-07-01 11:00:00+00:00,,,,,,,,
492,7384,49.961289,20.075127,391.64,2026-07-01 11:00:00+00:00,2026-07-01 12:00:00+00:00,,,,,,,,
493,7384,49.961289,20.075127,391.64,2026-07-01 12:00:00+00:00,2026-07-01 13:00:00+00:00,,,,,,,,
494,7384,49.961289,20.075127,391.64,2026-07-01 13:00:00+00:00,2026-07-01 14:00:00+00:00,,,,,,,,
495,7384,49.961289,20.075127,391.64,2026-07-01 14:00:00+00:00,2026-07-01 15:00:00+00:00,,,,,,,,
496,7384,49.961289,20.075127,391.64,2026-07-01 15:00:00+00:00,2026-07-01 16:00:00+00:00,,,,,,,,
497,7384,49.961289,20.075127,391.64,2026-07-01 16:00:00+00:00,2026-07-01 17:00:00+00:00,,,,,,,,
498,7384,49.961289,20.075127,391.64,2026-07-01 17:00:00+00:00,2026-07-01 18:00:00+00:00,,,,,,,,
499,7384,49.961289,20.075127,391.64,2026-07-01 18:00:00+00:00,2026-07-01 19:00:00+00:00,,,,,,,,
500,7384,49.961289,20.075127,391.64,2026-07-01 19:00:00+00:00,2026-07-01 20:00:00+00:00,,,,,,,,
501,7384,49.961289,20.075127,391.64,2026-07-01 20:00:00+00:00,2026-07-01 21:00:00+00:00,,,,,,,,
502,7384,49.961289,20.075127,391.64,2026-07-01 21:00:00+00:00,2026-07-01 22:00:00+00:00,,,,,,,,
503,7384,49.961289,20.075127,391.64,2026-07-01 22:00:00+00:00,2026-07-01 23:00:00+00:00,,,,,,,,
504,86936,50.079672,19.94919,215.6,2026-06-30 23:00:00+00:00,2026-07-01 00:00:00+00:00,,,,,,,,
505,86936,50.079672,19.94919,215.6,2026-07-01 00:00:00+00:00,2026-07-01 01:00:00+00:00,,,,,,,,
506,86936,50.079672,19.94919,215.6,2026-07-01 01:00:00+00:00,2026-07-01 02:00:00+00:00,,,,,,,,
507,86936,50.079672,19.94919,215.6,2026-07-01 02:00:00+00:00,2026-07-01 03:00:00+00:00,,,,,,,,
508,86936,50.079672,19.94919,215.6,2026-07-01 03:00:00+00:00,2026-07-01 04:00:00+00:00,,,,,,,,
509,86936,50.079672,19.94919,215.6,2026-07-01 04:00:00+00:00,2026-07-01 05:00:00+00:00,,,,,,,,
510,86936,50.079672,19.94919,215.6,2026-07-01 05:00:00+00:00,2026-07-01 06:00:00+00:00,,,,,,,,
511,86936,50.079672,19.94919,215.6,2026-07-01 06:00:00+00:00,2026-07-01 07:00:00+00:00,,,,,,,,
512,86936,50.079672,19.94919,215.6,2026-07-01 07:00:00+00:00,2026-07-01 08:00:00+00:00,,,,,,,,
513,86936,50.079672,19.94919,215.6,2026-07-01 08:00:00+00:00,2026-07-01 09:00:00+00:00,,,,,,,,
514,86936,50.079672,19.94919,215.6,2026-07-01 09:00:00+00:00,2026-07-01 10:00:00+00:00,,,,,,,,
515,86936,50.079672,19.94919,215.6,2026-07-01 10:00:00+00:00,2026-07-01 11:00:00+00:00,,,,,,,,
516,86936,50.079672,19.94919,215.6,2026-07-01 11:00:00+00:00,2026-07-01 12:00:00+00:00,,,,,,,,
517,86936,50.079672,19.94919,215.6,2026-07-01 12:00:00+00:00,2026-07-01 13:00:00+00:00,,,,,,,,
518,86936,50.079672,19.94919,215.6,2026-07-01 13:00:00+00:00,2026-07-01 14:00:00+00:00,,,,,,,,
519,86936,50.079672,19.94919,215.6,2026-07-01 14:00:00+00:00,2026-07-01 15:00:00+00:00,,,,,,,,
520,86936,50.079672,19.94919,215.6,2026-07-01 15:00:00+00:00,2026-07-01 16:00:00+00:00,,,,,,,,
521,86936,50.079672,19.94919,215.6,2026-07-01 16:00:00+00:00,2026-07-01 17:00:00+00:00,,,,,,,,
522,86936,50.079672,19.94919,215.6,2026-07-01 17:00:00+00:00,2026-07-01 18:00:00+00:00,,,,,,,,
523,86936,50.079672,19.94919,215.6,2026-07-01 18:00:00+00:00,2026-07-01 19:00:00+00:00,,,,,,,,
524,86936,50.079672,19.94919,215.6,2026-07-01 19:00:00+00:00,2026-07-01 20:00:00+00:00,,,,,,,,
525,86936,50.079672,19.94919,215.6,2026-07-01 20:00:00+00:00,2026-07-01 21:00:00+00:00,,,,,,,,
526,86936,50.079672,19.94919,215.6,2026-07-01 21:00:00+00:00,2026-07-01 22:00:00+00:00,,,,,,,,
527,86936,50.079672,19.94919,215.6,2026-07-01 22:00:00+00:00,2026-07-01 23:00:00+00:00,,,,,,,,
528,80731,50.09422,19.905241,224.07,2026-06-30 23:00:00+00:00,2026-07-01 00:00:00+00:00,9.5,12.53,15.42,1015.81,59.37,22.55,4.68,100.29
529,80731,50.09422,19.905241,224.07,2026-07-01 00:00:00+00:00,2026-07-01 01:00:00+00:00,9.96,13.12,16.43,1015.57,59.55,21.97,3.96,106.42
530,80731,50.09422,19.905241,224.07,2026-07-01 01:00:00+00:00,2026-07-01 02:00:00+00:00,10.39,13.84,17.31,1014.93,61.61,21.54,2.96,119.48
531,80731,50.09422,19.905241,224.07,2026-07-01 02:00:00+00:00,2026-07-01 03:00:00+00:00,10.98,14.81,18.6,1014.53,63.86,20.78,3.12,193.71
532,80731,50.09422,19.905241,224.07,2026-07-01 03:00:00+00:00,2026-07-01 04:00:00+00:00,11.3,15.25,19.11,1014.58,65.44,20.62,4.93,237.84
533,80731,50.09422,19.905241,224.07,2026-07-01 04:00:00+00:00,2026-07-01 05:00:00+00:00,11.79,16.18,20.2,1014.57,64.33,21.86,5.44,241.68
534,80731,50.09422,19.905241,224.07,2026-07-01 05:00:00+00:00,2026-07-01 06:00:00+00:00,15.07,21.74,30.0,1014.65,62.32,22.67,5.93,250.6
535,80731,50.09422,19.905241,224.07,2026-07-01 06:00:00+00:00,2026-07-01 07:00:00+00:00,15.99,22.98,31.9,1014.95,57.55,24.73,7.76,269.51
536,80731,50.09422,19.905241,224.07,2026-07-01 07:00:00+00:00,2026-07-01 08:00:00+00:00,14.97,21.42,28.88,1014.64,54.31,26.43,9.23,277.33
537,80731,50.09422,19.905241,224.07,2026-07-01 08:00:00+00:00,2026-07-01 09:00:00+00:00,10.93,14.46,17.61,1013.99,51.66,29.39,8.39,277.61
538,80731,50.09422,19.905241,224.07,2026-07-01 09:00:00+00:00,2026-07-01 10:00:00+00:00,7.8,9.77,11.59,1013.79,48.33,33.17,5.95,277.82
539,80731,50.09422,19.905241,224.07,2026-07-01 10:00:00+00:00,2026-07-01 11:00:00+00:00,8.46,10.67,12.53,1013.38,46.08,34.09,4.94,267.81
540,80731,50.09422,19.905241,224.07,2026-07-01 11:00:00+00:00,2026-07-01 12:00:00+00:00,10.14,13.18,15.39,1012.71,45.61,34.21,6.1,281.41
541,80731,50.09422,19.905241,224.07,2026-07-01 12:00:00+00:00,2026-07-01 13:00:00+00:00,11.14,14.91,17.96,1012.12,44.26,33.25,2.44,327.03
542,80731,50.09422,19.905241,224.07,2026-07-01 13:00:00+00:00,2026-07-01 14:00:00+00:00,12.23,16.93,21.11,1011.47,43.46,32.87,7.04,112.52
543,80731,50.09422,19.905241,224.07,2026-07-01 14:00:00+00:00,2026-07-01 15:00:00+00:00,13.46,18.93,24.52,1011.55,47.34,30.14,8.91,157.54
544,80731,50.09422,19.905241,224.07,2026-07-01 15:00:00+00:00,2026-07-01 16:00:00+00:00,8.29,11.05,13.66,1011.8,49.25,27.48,5.14,177.19
545,80731,50.09422,19.905241,224.07,2026-07-01 16:00:00+00:00,2026-07-01 17:00:00+00:00,4.32,5.71,7.22,1011.62,52.25,25.77,9.18,298.76
546,80731,50.09422,19.905241,224.07,2026-07-01 17:00:00+00:00,2026-07-01 18:00:00+00:00,5.95,7.9,10.0,1012.02,55.19,24.17,12.3,288.72
547,80731,50.09422,19.905241,224.07,2026-07-01 18:00:00+00:00,2026-07-01 19:00:00+00:00,5.89,7.9,9.88,1013.7,59.03,22.79,11.3,265.58
548,80731,50.09422,19.905241,224.07,2026-07-01 19:00:00+00:00,2026-07-01 20:00:00+00:00,6.23,8.4,10.6,1015.33,61.02,22.08,10.27,260.0
549,80731,50.09422,19.905241,224.07,2026-07-01 20:00:00+00:00,2026-07-01 21:00:00+00:00,7.05,9.23,11.64,1015.89,62.27,21.34,9.4,261.64
550,80731,50.09422,19.905241,224.07,2026-07-01 21:00:00+00:00,2026-07-01 22:00:00+00:00,7.74,10.32,13.08,1015.53,62.51,20.31,10.56,265.42
551,80731,50.09422,19.905241,224.07,2026-07-01 22:00:00+00:00,2026-07-01 23:00:00+00:00,7.33,9.7,12.24,1015.06,63.76,19.59,11.01,273.53
552,86961,50.042476,19.826993,228.21,2026-06-30 23:00:00+00:00,2026-07-01 00:00:00+00:00,10.4,14.12,16.03,1016.45,84.71,22.35,4.61,100.63
553,86961,50.042476,19.826993,228.21,2026-07-01 00:00:00+00:00,2026-07-01 01:00:00+00:00,10.74,14.55,16.5,1016.22,85.69,21.81,4.1,112.91
554,86961,50.042476,19.826993,228.21,2026-07-01 01:00:00+00:00,2026-07-01 02:00:00+00:00,11.15,15.32,17.41,1015.62,86.38,21.43,2.74,116.26
555,86961,50.042476,19.826993,228.21,2026-07-01 02:00:00+00:00,2026-07-01 03:00:00+00:00,11.53,16.02,18.21,1015.25,88.75,20.76,3.76,166.04
556,86961,50.042476,19.826993,228.21,2026-07-01 03:00:00+00:00,2026-07-01 04:00:00+00:00,11.62,16.2,18.43,1015.41,90.63,20.5,3.93,223.94
557,86961,50.042476,19.826993,228.21,2026-07-01 04:00:00+00:00,2026-07-01 05:00:00+00:00,12.13,17.28,19.76,1015.42,89.31,22.26,4.58,241.27
558,86961,50.042476,19.826993,228.21,2026-07-01 05:00:00+00:00,2026-07-01 06:00:00+00:00,13.02,18.68,22.19,1015.48,86.75,25.9,5.91,256.87
559,86961,50.042476,19.826993,228.21,2026-07-01 06:00:00+00:00,2026-07-01 07:00:00+00:00,13.21,18.6,22.14,1015.78,83.57,27.76,8.19,269.31
560,86961,50.042476,19.826993,228.21,2026-07-01 07:00:00+00:00,2026-07-01 08:00:00+00:00,12.58,17.43,20.03,1015.43,75.12,28.72,8.97,275.5
561,86961,50.042476,19.826993,228.21,2026-07-01 08:00:00+00:00,2026-07-01 09:00:00+00:00,10.67,14.24,15.98,1014.78,52.34,31.0,7.93,281.17
562,86961,50.042476,19.826993,228.21,2026-07-01 09:00:00+00:00,2026-07-01 10:00:00+00:00,10.23,13.62,15.24,1014.75,48.79,30.86,5.87,296.13
563,86961,50.042476,19.826993,228.21,2026-07-01 10:00:00+00:00,2026-07-01 11:00:00+00:00,11.66,15.88,17.88,1014.24,46.47,30.67,4.85,293.05
564,86961,50.042476,19.826993,228.21,2026-07-01 11:00:00+00:00,2026-07-01 12:00:00+00:00,13.03,18.19,20.97,1013.55,46.84,30.41,5.57,296.46
565,86961,50.042476,19.826993,228.21,2026-07-01 12:00:00+00:00,2026-07-01 13:00:00+00:00,13.87,19.65,23.58,1012.89,46.84,30.2,1.94,58.51
566,86961,50.042476,19.826993,228.21,2026-07-01 13:00:00+00:00,2026-07-01 14:00:00+00:00,13.81,19.64,23.6,1012.4,46.84,30.28,8.48,127.87
567,86961,50.042476,19.826993,228.21,2026-07-01 14:00:00+00:00,2026-07-01 15:00:00+00:00,13.2,18.73,22.56,1012.62,62.48,29.47,10.11,147.63
568,86961,50.042476,19.826993,228.21,2026-07-01 15:00:00+00:00,2026-07-01 16:00:00+00:00,6.24,8.53,9.79,1012.79,54.93,28.16,7.62,175.08
569,86961,50.042476,19.826993,228.21,2026-07-01 16:00:00+00:00,2026-07-01 17:00:00+00:00,3.46,4.76,5.5,1012.46,73.58,26.45,7.94,268.76
570,86961,50.042476,19.826993,228.21,2026-07-01 17:00:00+00:00,2026-07-01 18:00:00+00:00,4.91,6.81,7.9,1012.91,73.39,24.33,12.45,288.73
571,86961,50.042476,19.826993,228.21,2026-07-01 18:00:00+00:00,2026-07-01 19:00:00+00:00,5.79,7.96,9.32,1014.59,80.05,22.62,11.92,264.34
572,86961,50.042476,19.826993,228.21,2026-07-01 19:00:00+00:00,2026-07-01 20:00:00+00:00,6.62,9.18,10.54,1016.17,85.25,21.91,10.38,261.45
573,86961,50.042476,19.826993,228.21,2026-07-01 20:00:00+00:00,2026-07-01 21:00:00+00:00,6.44,8.95,10.32,1016.7,86.0,21.31,10.56,269.74
574,86961,50.042476,19.826993,228.21,2026-07-01 21:00:00+00:00,2026-07-01 22:00:00+00:00,7.01,9.73,11.29,1016.33,87.0,20.42,10.34,266.02
575,86961,50.042476,19.826993,228.21,2026-07-01 22:00:00+00:00,2026-07-01 23:00:00+00:00,5.47,7.54,8.69,1015.77,88.25,19.68,10.63,273.13
576,6068,50.117668,20.033667,235.45,2026-06-30 23:00:00+00:00,2026-07-01 00:00:00+00:00,9.35,13.33,15.23,1014.79,83.75,23.08,4.34,103.57
577,6068,50.117668,20.033667,235.45,2026-07-01 00:00:00+00:00,2026-07-01 01:00:00+00:00,10.19,14.49,16.57,1014.49,84.5,22.71,3.55,109.04
578,6068,50.117668,20.033667,235.45,2026-07-01 01:00:00+00:00,2026-07-01 02:00:00+00:00,10.52,15.03,17.27,1013.96,85.5,21.99,2.96,133.22
579,6068,50.117668,20.033667,235.45,2026-07-01 02:00:00+00:00,2026-07-01 03:00:00+00:00,10.75,15.61,17.78,1013.39,87.5,21.48,3.13,193.6
580,6068,50.117668,20.033667,235.45,2026-07-01 03:00:00+00:00,2026-07-01 04:00:00+00:00,10.99,15.88,18.16,1013.41,89.5,21.21,4.87,231.13
581,6068,50.117668,20.033667,235.45,2026-07-01 04:00:00+00:00,2026-07-01 05:00:00+00:00,11.36,16.52,18.98,1013.5,88.75,22.49,5.44,242.71
582,6068,50.117668,20.033667,235.45,2026-07-01 05:00:00+00:00,2026-07-01 06:00:00+00:00,12.41,18.44,21.9,1013.52,86.0,24.25,5.76,254.18
583,6068,50.117668,20.033667,235.45,2026-07-01 06:00:00+00:00,2026-07-01 07:00:00+00:00,13.69,20.46,25.6,1013.78,82.25,25.57,7.24,270.42
584,6068,50.117668,20.033667,235.45,2026-07-01 07:00:00+00:00,2026-07-01 08:00:00+00:00,14.28,21.27,27.03,1013.57,78.75,26.9,9.08,279.99
585,6068,50.117668,20.033667,235.45,2026-07-01 08:00:00+00:00,2026-07-01 09:00:00+00:00,11.63,16.82,19.29,1013.05,75.7,28.18,8.33,283.44
586,6068,50.117668,20.033667,235.45,2026-07-01 09:00:00+00:00,2026-07-01 10:00:00+00:00,8.98,12.63,14.41,1012.91,70.9,29.31,6.16,277.95
587,6068,50.117668,20.033667,235.45,2026-07-01 10:00:00+00:00,2026-07-01 11:00:00+00:00,10.6,14.98,17.11,1012.52,68.09,29.88,5.09,266.0
588,6068,50.117668,20.033667,235.45,2026-07-01 11:00:00+00:00,2026-07-01 12:00:00+00:00,11.89,17.2,19.72,1011.91,69.07,30.04,5.88,273.89
589,6068,50.117668,20.033667,235.45,2026-07-01 12:00:00+00:00,2026-07-01 13:00:00+00:00,12.36,18.31,21.58,1011.25,69.36,30.37,1.9,301.77
590,6068,50.117668,20.033667,235.45,2026-07-01 13:00:00+00:00,2026-07-01 14:00:00+00:00,13.4,19.94,24.67,1010.63,68.51,30.76,6.78,121.27
591,6068,50.117668,20.033667,235.45,2026-07-01 14:00:00+00:00,2026-07-01 15:00:00+00:00,13.72,20.39,25.49,1010.39,71.98,30.1,8.57,157.11
592,6068,50.117668,20.033667,235.45,2026-07-01 15:00:00+00:00,2026-07-01 16:00:00+00:00,10.21,14.94,17.66,1010.5,72.55,28.95,4.47,180.34
593,6068,50.117668,20.033667,235.45,2026-07-01 16:00:00+00:00,2026-07-01 17:00:00+00:00,3.84,5.45,6.2,1010.22,71.6,27.15,9.74,293.74
594,6068,50.117668,20.033667,235.45,2026-07-01 17:00:00+00:00,2026-07-01 18:00:00+00:00,4.46,6.41,7.38,1010.68,75.92,25.41,10.96,293.0
595,6068,50.117668,20.033667,235.45,2026-07-01 18:00:00+00:00,2026-07-01 19:00:00+00:00,6.54,9.37,10.82,1012.48,83.03,23.5,11.51,272.51
596,6068,50.117668,20.033667,235.45,2026-07-01 19:00:00+00:00,2026-07-01 20:00:00+00:00,7.04,10.3,12.07,1014.23,86.0,22.35,10.06,262.62
597,6068,50.117668,20.033667,235.45,2026-07-01 20:00:00+00:00,2026-07-01 21:00:00+00:00,7.35,10.97,12.65,1014.62,86.5,21.66,9.77,264.73
598,6068,50.117668,20.033667,235.45,2026-07-01 21:00:00+00:00,2026-07-01 22:00:00+00:00,7.23,10.71,12.29,1014.23,87.0,20.91,10.79,267.01
599,6068,50.117668,20.033667,235.45,2026-07-01 22:00:00+00:00,2026-07-01 23:00:00+00:00,6.49,9.41,10.93,1013.87,88.25,20.17,10.97,274.08
600,42665,50.010301,19.950811,227.61,2026-06-30 23:00:00+00:00,2026-07-01 00:00:00+00:00,,,,,,,,
601,42665,50.010301,19.950811,227.61,2026-07-01 00:00:00+00:00,2026-07-01 01:00:00+00:00,,,,,,,,
602,42665,50.010301,19.950811,227.61,2026-07-01 01:00:00+00:00,2026-07-01 02:00:00+00:00,,,,,,,,
603,42665,50.010301,19.950811,227.61,2026-07-01 02:00:00+00:00,2026-07-01 03:00:00+00:00,,,,,,,,
604,42665,50.010301,19.950811,227.61,2026-07-01 03:00:00+00:00,2026-07-01 04:00:00+00:00,,,,,,,,
605,42665,50.010301,19.950811,227.61,2026-07-01 04:00:00+00:00,2026-07-01 05:00:00+00:00,,,,,,,,
606,42665,50.010301,19.950811,227.61,2026-07-01 05:00:00+00:00,2026-07-01 06:00:00+00:00,,,,,,,,
607,42665,50.010301,19.950811,227.61,2026-07-01 06:00:00+00:00,2026-07-01 07:00:00+00:00,,,,,,,,
608,42665,50.010301,19.950811,227.61,2026-07-01 07:00:00+00:00,2026-07-01 08:00:00+00:00,,,,,,,,
609,42665,50.010301,19.950811,227.61,2026-07-01 08:00:00+00:00,2026-07-01 09:00:00+00:00,,,,,,,,
610,42665,50.010301,19.950811,227.61,2026-07-01 09:00:00+00:00,2026-07-01 10:00:00+00:00,,,,,,,,
611,42665,50.010301,19.950811,227.61,2026-07-01 10:00:00+00:00,2026-07-01 11:00:00+00:00,,,,,,,,
612,42665,50.010301,19.950811,227.61,2026-07-01 11:00:00+00:00,2026-07-01 12:00:00+00:00,,,,,,,,
613,42665,50.010301,19.950811,227.61,2026-07-01 12:00:00+00:00,2026-07-01 13:00:00+00:00,,,,,,,,
614,42665,50.010301,19.950811,227.61,2026-07-01 13:00:00+00:00,2026-07-01 14:00:00+00:00,,,,,,,,
615,42665,50.010301,19.950811,227.61,2026-07-01 14:00:00+00:00,2026-07-01 15:00:00+00:00,,,,,,,,
616,42665,50.010301,19.950811,227.61,2026-07-01 15:00:00+00:00,2026-07-01 16:00:00+00:00,,,,,,,,
617,42665,50.010301,19.950811,227.61,2026-07-01 16:00:00+00:00,2026-07-01 17:00:00+00:00,,,,,,,,
618,42665,50.010301,19.950811,227.61,2026-07-01 17:00:00+00:00,2026-07-01 18:00:00+00:00,,,,,,,,
619,42665,50.010301,19.950811,227.61,2026-07-01 18:00:00+00:00,2026-07-01 19:00:00+00:00,,,,,,,,
620,42665,50.010301,19.950811,227.61,2026-07-01 19:00:00+00:00,2026-07-01 20:00:00+00:00,,,,,,,,
621,42665,50.010301,19.950811,227.61,2026-07-01 20:00:00+00:00,2026-07-01 21:00:00+00:00,,,,,,,,
622,42665,50.010301,19.950811,227.61,2026-07-01 21:00:00+00:00,2026-07-01 22:00:00+00:00,,,,,,,,
623,42665,50.010301,19.950811,227.61,2026-07-01 22:00:00+00:00,2026-07-01 23:00:00+00:00,,,,,,,,
624,8973,50.08069,19.99238,213.09,2026-06-30 23:00:00+00:00,2026-07-01 00:00:00+00:00,11.23,16.18,18.58,1014.35,,,4.26,103.72
625,8973,50.08069,19.99238,213.09,2026-07-01 00:00:00+00:00,2026-07-01 01:00:00+00:00,11.78,17.44,20.18,1014.06,,,3.55,109.04
626,8973,50.08069,19.99238,213.09,2026-07-01 01:00:00+00:00,2026-07-01 02:00:00+00:00,12.47,18.48,21.76,1013.5,,,2.96,133.22
627,8973,50.08069,19.99238,213.09,2026-07-01 02:00:00+00:00,2026-07-01 03:00:00+00:00,13.21,19.89,24.51,1012.97,,,3.13,193.6
628,8973,50.08069,19.99238,213.09,2026-07-01 03:00:00+00:00,2026-07-01 04:00:00+00:00,13.47,20.23,25.18,1013.04,,,4.87,231.13
629,8973,50.08069,19.99238,213.09,2026-07-01 04:00:00+00:00,2026-07-01 05:00:00+00:00,13.39,20.04,24.83,1013.08,,,5.44,242.71
630,8973,50.08069,19.99238,213.09,2026-07-01 05:00:00+00:00,2026-07-01 06:00:00+00:00,13.68,20.54,25.69,1013.08,,,5.76,254.18
631,8973,50.08069,19.99238,213.09,2026-07-01 06:00:00+00:00,2026-07-01 07:00:00+00:00,15.33,23.71,31.3,1013.39,,,7.24,270.42
632,8973,50.08069,19.99238,213.09,2026-07-01 07:00:00+00:00,2026-07-01 08:00:00+00:00,16.07,24.58,32.7,1013.17,,,9.08,279.99
633,8973,50.08069,19.99238,213.09,2026-07-01 08:00:00+00:00,2026-07-01 09:00:00+00:00,13.37,19.65,23.93,1012.53,,,8.33,283.44
634,8973,50.08069,19.99238,213.09,2026-07-01 09:00:00+00:00,2026-07-01 10:00:00+00:00,12.51,18.45,21.94,1012.37,,,6.16,277.95
635,8973,50.08069,19.99238,213.09,2026-07-01 10:00:00+00:00,2026-07-01 11:00:00+00:00,11.86,17.1,19.87,1011.93,,,5.09,266.0
636,8973,50.08069,19.99238,213.09,2026-07-01 11:00:00+00:00,2026-07-01 12:00:00+00:00,13.61,20.03,24.6,1011.24,,,5.9,274.53
637,8973,50.08069,19.99238,213.09,2026-07-01 12:00:00+00:00,2026-07-01 13:00:00+00:00,14.42,21.45,27.42,1010.58,,,1.9,301.77
638,8973,50.08069,19.99238,213.09,2026-07-01 13:00:00+00:00,2026-07-01 14:00:00+00:00,15.24,22.76,29.61,1009.94,,,6.78,121.27
639,8973,50.08069,19.99238,213.09,2026-07-01 14:00:00+00:00,2026-07-01 15:00:00+00:00,15.44,23.08,30.1,1009.79,,,8.57,157.11
640,8973,50.08069,19.99238,213.09,2026-07-01 15:00:00+00:00,2026-07-01 16:00:00+00:00,10.55,15.86,19.1,1010.1,,,4.47,180.34
641,8973,50.08069,19.99238,213.09,2026-07-01 16:00:00+00:00,2026-07-01 17:00:00+00:00,4.87,7.11,8.31,1009.8,,,9.74,293.74
642,8973,50.08069,19.99238,213.09,2026-07-01 17:00:00+00:00,2026-07-01 18:00:00+00:00,4.92,7.31,8.48,1010.38,,,10.96,293.0
643,8973,50.08069,19.99238,213.09,2026-07-01 18:00:00+00:00,2026-07-01 19:00:00+00:00,6.45,9.47,10.97,1012.17,,,11.51,272.51
644,8973,50.08069,19.99238,213.09,2026-07-01 19:00:00+00:00,2026-07-01 20:00:00+00:00,7.37,10.92,12.61,1013.94,,,10.06,262.62
645,8973,50.08069,19.99238,213.09,2026-07-01 20:00:00+00:00,2026-07-01 21:00:00+00:00,8.69,13.07,15.2,1014.38,,,9.77,264.73
646,8973,50.08069,19.99238,213.09,2026-07-01 21:00:00+00:00,2026-07-01 22:00:00+00:00,7.43,11.43,13.26,1014.05,,,10.79,267.01
647,8973,50.08069,19.99238,213.09,2026-07-01 22:00:00+00:00,2026-07-01 23:00:00+00:00,6.86,10.41,12.13,1013.69,,,10.97,274.08
648,246,50.148238,19.95973,311.71,2026-06-30 23:00:00+00:00,2026-07-01 00:00:00+00:00,11.1,14.47,17.25,1016.92,,,4.29,103.67
649,246,50.148238,19.95973,311.71,2026-07-01 00:00:00+00:00,2026-07-01 01:00:00+00:00,11.91,15.91,18.86,1016.62,,,3.54,109.57
650,246,50.148238,19.95973,311.71,2026-07-01 01:00:00+00:00,2026-07-01 02:00:00+00:00,12.18,16.36,19.41,1016.02,,,2.93,134.97
651,246,50.148238,19.95973,311.71,2026-07-01 02:00:00+00:00,2026-07-01 03:00:00+00:00,12.93,17.49,21.14,1015.6,,,3.17,195.9
652,246,50.148238,19.95973,311.71,2026-07-01 03:00:00+00:00,2026-07-01 04:00:00+00:00,13.66,18.36,23.42,1015.65,,,4.9,231.74
653,246,50.148238,19.95973,311.71,2026-07-01 04:00:00+00:00,2026-07-01 05:00:00+00:00,13.83,18.69,23.94,1015.72,,,5.44,242.99
654,246,50.148238,19.95973,311.71,2026-07-01 05:00:00+00:00,2026-07-01 06:00:00+00:00,13.89,18.78,24.16,1015.9,,,5.79,254.79
655,246,50.148238,19.95973,311.71,2026-07-01 06:00:00+00:00,2026-07-01 07:00:00+00:00,15.85,21.59,29.43,1016.29,,,7.33,270.9
656,246,50.148238,19.95973,311.71,2026-07-01 07:00:00+00:00,2026-07-01 08:00:00+00:00,13.4,18.03,22.64,1016.11,,,9.08,280.19
657,246,50.148238,19.95973,311.71,2026-07-01 08:00:00+00:00,2026-07-01 09:00:00+00:00,10.33,13.48,15.94,1015.66,,,8.26,283.38
658,246,50.148238,19.95973,311.71,2026-07-01 09:00:00+00:00,2026-07-01 10:00:00+00:00,8.5,10.58,12.26,1015.65,,,6.08,277.48
659,246,50.148238,19.95973,311.71,2026-07-01 10:00:00+00:00,2026-07-01 11:00:00+00:00,10.4,13.54,15.84,1015.37,,,5.11,266.0
660,246,50.148238,19.95973,311.71,2026-07-01 11:00:00+00:00,2026-07-01 12:00:00+00:00,11.35,15.3,18.25,1014.8,,,5.9,274.87
661,246,50.148238,19.95973,311.71,2026-07-01 12:00:00+00:00,2026-07-01 13:00:00+00:00,12.24,16.4,19.81,1014.12,,,1.72,303.56
662,246,50.148238,19.95973,311.71,2026-07-01 13:00:00+00:00,2026-07-01 14:00:00+00:00,13.04,17.84,22.21,1013.52,,,6.77,122.16
663,246,50.148238,19.95973,311.71,2026-07-01 14:00:00+00:00,2026-07-01 15:00:00+00:00,14.71,19.75,25.89,1013.28,,,8.58,156.99
664,246,50.148238,19.95973,311.71,2026-07-01 15:00:00+00:00,2026-07-01 16:00:00+00:00,11.61,15.42,18.7,1013.16,,,4.12,186.64
665,246,50.148238,19.95973,311.71,2026-07-01 16:00:00+00:00,2026-07-01 17:00:00+00:00,6.62,8.61,10.31,1012.77,,,9.76,293.92
666,246,50.148238,19.95973,311.71,2026-07-01 17:00:00+00:00,2026-07-01 18:00:00+00:00,5.97,7.8,9.29,1012.98,,,10.98,292.65
667,246,50.148238,19.95973,311.71,2026-07-01 18:00:00+00:00,2026-07-01 19:00:00+00:00,5.7,7.41,8.85,1014.64,,,11.49,272.31
668,246,50.148238,19.95973,311.71,2026-07-01 19:00:00+00:00,2026-07-01 20:00:00+00:00,4.65,6.02,7.27,1016.26,,,10.05,262.64
669,246,50.148238,19.95973,311.71,2026-07-01 20:00:00+00:00,2026-07-01 21:00:00+00:00,5.92,7.63,9.07,1016.65,,,9.78,264.76
670,246,50.148238,19.95973,311.71,2026-07-01 21:00:00+00:00,2026-07-01 22:00:00+00:00,8.81,11.37,13.8,1016.27,,,10.8,267.06
671,246,50.148238,19.95973,311.71,2026-07-01 22:00:00+00:00,2026-07-01 23:00:00+00:00,8.17,10.57,12.68,1015.76,,,10.97,274.28
672,7386,50.036109,20.100615,192.99,2026-06-30 23:00:00+00:00,2026-07-01 00:00:00+00:00,0.03,0.15,0.17,1012.56,60.29,22.14,3.82,98.0
673,7386,50.036109,20.100615,192.99,2026-07-01 00:00:00+00:00,2026-07-01 01:00:00+00:00,0.06,0.2,0.23,1012.24,60.28,21.68,2.68,115.0
674,7386,50.036109,20.100615,192.99,2026-07-01 01:00:00+00:00,2026-07-01 02:00:00+00:00,0.15,0.29,0.33,1011.75,60.28,20.84,3.06,160.0
675,7386,50.036109,20.100615,192.99,2026-07-01 02:00:00+00:00,2026-07-01 03:00:00+00:00,0.05,0.17,0.19,1011.24,62.53,20.36,4.53,202.0
676,7386,50.036109,20.100615,192.99,2026-07-01 03:00:00+00:00,2026-07-01 04:00:00+00:00,0.09,0.25,0.28,1011.33,65.53,20.02,4.29,230.0
677,7386,50.036109,20.100615,192.99,2026-07-01 04:00:00+00:00,2026-07-01 05:00:00+00:00,0.1,0.25,0.28,1011.47,63.29,20.91,5.62,236.0
678,7386,50.036109,20.100615,192.99,2026-07-01 05:00:00+00:00,2026-07-01 06:00:00+00:00,0.11,0.35,0.43,1011.45,61.79,22.69,4.79,244.0
679,7386,50.036109,20.100615,192.99,2026-07-01 06:00:00+00:00,2026-07-01 07:00:00+00:00,0.89,2.06,2.5,1011.7,57.27,24.57,7.19,268.0
680,7386,50.036109,20.100615,192.99,2026-07-01 07:00:00+00:00,2026-07-01 08:00:00+00:00,0.72,1.49,1.78,1011.49,55.24,26.26,9.52,281.13
681,7386,50.036109,20.100615,192.99,2026-07-01 08:00:00+00:00,2026-07-01 09:00:00+00:00,0.22,0.67,0.79,1010.78,52.25,27.42,9.32,276.57
682,7386,50.036109,20.100615,192.99,2026-07-01 09:00:00+00:00,2026-07-01 10:00:00+00:00,0.1,0.36,0.43,1010.61,52.06,28.99,7.14,276.78
683,7386,50.036109,20.100615,192.99,2026-07-01 10:00:00+00:00,2026-07-01 11:00:00+00:00,0.1,0.32,0.37,1010.18,69.75,30.42,4.89,215.69
684,7386,50.036109,20.100615,192.99,2026-07-01 11:00:00+00:00,2026-07-01 12:00:00+00:00,0.27,0.9,1.06,1009.47,69.88,30.13,6.02,246.47
685,7386,50.036109,20.100615,192.99,2026-07-01 12:00:00+00:00,2026-07-01 13:00:00+00:00,0.18,0.46,0.52,1008.77,70.63,30.66,8.3,252.13
686,7386,50.036109,20.100615,192.99,2026-07-01 13:00:00+00:00,2026-07-01 14:00:00+00:00,0.19,0.54,0.61,1008.1,70.67,30.63,6.14,173.37
687,7386,50.036109,20.100615,192.99,2026-07-01 14:00:00+00:00,2026-07-01 15:00:00+00:00,0.16,0.46,0.52,1007.97,72.74,29.21,7.35,145.03
688,7386,50.036109,20.100615,192.99,2026-07-01 15:00:00+00:00,2026-07-01 16:00:00+00:00,0.5,1.21,1.58,1008.09,71.65,28.07,7.92,163.94
689,7386,50.036109,20.100615,192.99,2026-07-01 16:00:00+00:00,2026-07-01 17:00:00+00:00,0.12,0.47,0.56,1007.66,49.76,27.67,3.93,340.79
690,7386,50.036109,20.100615,192.99,2026-07-01 17:00:00+00:00,2026-07-01 18:00:00+00:00,0.08,0.32,0.44,1008.67,55.83,25.17,12.68,295.52
691,7386,50.036109,20.100615,192.99,2026-07-01 18:00:00+00:00,2026-07-01 19:00:00+00:00,0.1,0.31,0.36,1010.3,67.34,22.77,13.0,278.79
692,7386,50.036109,20.100615,192.99,2026-07-01 19:00:00+00:00,2026-07-01 20:00:00+00:00,0.07,0.32,0.36,1012.23,66.12,21.83,11.12,268.49
693,7386,50.036109,20.100615,192.99,2026-07-01 20:00:00+00:00,2026-07-01 21:00:00+00:00,0.1,0.28,0.35,1012.33,63.4,21.06,10.99,268.02
694,7386,50.036109,20.100615,192.99,2026-07-01 21:00:00+00:00,2026-07-01 22:00:00+00:00,0.14,0.46,0.54,1011.89,85.01,20.09,11.16,269.67
695,7386,50.036109,20.100615,192.99,2026-07-01 22:00:00+00:00,2026-07-01 23:00:00+00:00,0.08,0.29,0.34,1011.77,69.58,19.57,11.77,281.69
696,7844,50.05426,19.826462,291.38,2026-06-30 23:00:00+00:00,2026-07-01 00:00:00+00:00,,,,,,,,
697,7844,50.05426,19.826462,291.38,2026-07-01 00:00:00+00:00,2026-07-01 01:00:00+00:00,,,,,,,,
698,7844,50.05426,19.826462,291.38,2026-07-01 01:00:00+00:00,2026-07-01 02:00:00+00:00,,,,,,,,
699,7844,50.05426,19.826462,291.38,2026-07-01 02:00:00+00:00,2026-07-01 03:00:00+00:00,,,,,,,,
700,7844,50.05426,19.826462,291.38,2026-07-01 03:00:00+00:00,2026-07-01 04:00:00+00:00,,,,,,,,
701,7844,50.05426,19.826462,291.38,2026-07-01 04:00:00+00:00,2026-07-01 05:00:00+00:00,,,,,,,,
702,7844,50.05426,19.826462,291.38,2026-07-01 05:00:00+00:00,2026-07-01 06:00:00+00:00,,,,,,,,
703,7844,50.05426,19.826462,291.38,2026-07-01 06:00:00+00:00,2026-07-01 07:00:00+00:00,,,,,,,,
704,7844,50.05426,19.826462,291.38,2026-07-01 07:00:00+00:00,2026-07-01 08:00:00+00:00,,,,,,,,
705,7844,50.05426,19.826462,291.38,2026-07-01 08:00:00+00:00,2026-07-01 09:00:00+00:00,,,,,,,,
706,7844,50.05426,19.826462,291.38,2026-07-01 09:00:00+00:00,2026-07-01 10:00:00+00:00,,,,,,,,
707,7844,50.05426,19.826462,291.38,2026-07-01 10:00:00+00:00,2026-07-01 11:00:00+00:00,0.49,0.95,1.13,1011.81,46.84,31.23,3.87,276.0
708,7844,50.05426,19.826462,291.38,2026-07-01 11:00:00+00:00,2026-07-01 12:00:00+00:00,,,,,,,,
709,7844,50.05426,19.826462,291.38,2026-07-01 12:00:00+00:00,2026-07-01 13:00:00+00:00,,,,,,,,
710,7844,50.05426,19.826462,291.38,2026-07-01 13:00:00+00:00,2026-07-01 14:00:00+00:00,,,,,,,,
711,7844,50.05426,19.826462,291.38,2026-07-01 14:00:00+00:00,2026-07-01 15:00:00+00:00,,,,,,,,
712,7844,50.05426,19.826462,291.38,2026-07-01 15:00:00+00:00,2026-07-01 16:00:00+00:00,,,,,,,,
713,7844,50.05426,19.826462,291.38,2026-07-01 16:00:00+00:00,2026-07-01 17:00:00+00:00,,,,,,,,
714,7844,50.05426,19.826462,291.38,2026-07-01 17:00:00+00:00,2026-07-01 18:00:00+00:00,,,,,,,,
715,7844,50.05426,19.826462,291.38,2026-07-01 18:00:00+00:00,2026-07-01 19:00:00+00:00,,,,,,,,
716,7844,50.05426,19.826462,291.38,2026-07-01 19:00:00+00:00,2026-07-01 20:00:00+00:00,,,,,,,,
717,7844,50.05426,19.826462,291.38,2026-07-01 20:00:00+00:00,2026-07-01 21:00:00+00:00,,,,,,,,
718,7844,50.05426,19.826462,291.38,2026-07-01 21:00:00+00:00,2026-07-01 22:00:00+00:00,,,,,,,,
719,7844,50.05426,19.826462,291.38,2026-07-01 22:00:00+00:00,2026-07-01 23:00:00+00:00,,,,,,,,
720,2832,50.174309,19.987906,250.14,2026-06-30 23:00:00+00:00,2026-07-01 00:00:00+00:00,11.36,16.36,19.25,1017.48,59.58,23.07,4.55,102.43
721,2832,50.174309,19.987906,250.14,2026-07-01 00:00:00+00:00,2026-07-01 01:00:00+00:00,10.7,15.06,17.71,1017.19,59.7,22.84,3.36,111.27
722,2832,50.174309,19.987906,250.14,2026-07-01 01:00:00+00:00,2026-07-01 02:00:00+00:00,10.45,14.93,17.52,1016.56,61.2,22.26,3.2,140.25
723,2832,50.174309,19.987906,250.14,2026-07-01 02:00:00+00:00,2026-07-01 03:00:00+00:00,10.53,14.91,17.57,1016.18,62.81,21.35,2.69,180.29
724,2832,50.174309,19.987906,250.14,2026-07-01 03:00:00+00:00,2026-07-01 04:00:00+00:00,10.97,15.73,18.46,1016.11,65.38,20.76,5.22,236.0
725,2832,50.174309,19.987906,250.14,2026-07-01 04:00:00+00:00,2026-07-01 05:00:00+00:00,11.67,16.95,20.08,1016.05,63.2,21.87,5.57,236.8
726,2832,50.174309,19.987906,250.14,2026-07-01 05:00:00+00:00,2026-07-01 06:00:00+00:00,12.9,19.15,23.93,1016.1,61.84,23.32,4.92,247.0
727,2832,50.174309,19.987906,250.14,2026-07-01 06:00:00+00:00,2026-07-01 07:00:00+00:00,14.6,21.77,28.81,1016.33,57.33,25.13,7.54,270.0
728,2832,50.174309,19.987906,250.14,2026-07-01 07:00:00+00:00,2026-07-01 08:00:00+00:00,13.38,19.71,25.07,1016.05,54.32,26.82,10.18,284.0
729,2832,50.174309,19.987906,250.14,2026-07-01 08:00:00+00:00,2026-07-01 09:00:00+00:00,10.17,14.3,16.8,1015.51,50.6,28.86,8.72,283.0
730,2832,50.174309,19.987906,250.14,2026-07-01 09:00:00+00:00,2026-07-01 10:00:00+00:00,9.26,13.17,15.32,1015.41,48.37,30.37,6.07,283.0
731,2832,50.174309,19.987906,250.14,2026-07-01 10:00:00+00:00,2026-07-01 11:00:00+00:00,10.05,13.78,15.83,1015.0,45.43,32.15,4.12,229.0
732,2832,50.174309,19.987906,250.14,2026-07-01 11:00:00+00:00,2026-07-01 12:00:00+00:00,9.78,13.42,15.28,1014.21,45.58,33.51,7.74,266.0
733,2832,50.174309,19.987906,250.14,2026-07-01 12:00:00+00:00,2026-07-01 13:00:00+00:00,10.36,14.55,16.75,1013.68,46.21,32.61,8.79,243.71
734,2832,50.174309,19.987906,250.14,2026-07-01 13:00:00+00:00,2026-07-01 14:00:00+00:00,11.37,16.22,19.27,1013.04,42.8,33.32,7.16,125.06
735,2832,50.174309,19.987906,250.14,2026-07-01 14:00:00+00:00,2026-07-01 15:00:00+00:00,12.45,18.12,21.99,1012.85,46.9,31.02,7.2,138.82
736,2832,50.174309,19.987906,250.14,2026-07-01 15:00:00+00:00,2026-07-01 16:00:00+00:00,11.36,16.46,19.7,1012.94,49.44,28.86,8.6,164.4
737,2832,50.174309,19.987906,250.14,2026-07-01 16:00:00+00:00,2026-07-01 17:00:00+00:00,5.88,8.3,9.74,1012.89,52.59,26.16,5.59,294.88
738,2832,50.174309,19.987906,250.14,2026-07-01 17:00:00+00:00,2026-07-01 18:00:00+00:00,5.6,8.04,9.6,1013.4,55.78,24.37,11.84,291.54
739,2832,50.174309,19.987906,250.14,2026-07-01 18:00:00+00:00,2026-07-01 19:00:00+00:00,4.89,7.02,8.31,1015.12,58.8,23.09,10.95,269.83
740,2832,50.174309,19.987906,250.14,2026-07-01 19:00:00+00:00,2026-07-01 20:00:00+00:00,4.22,6.17,7.25,1016.84,61.06,22.56,10.11,262.35
741,2832,50.174309,19.987906,250.14,2026-07-01 20:00:00+00:00,2026-07-01 21:00:00+00:00,4.56,6.47,7.58,1017.28,61.8,21.83,10.16,265.38
742,2832,50.174309,19.987906,250.14,2026-07-01 21:00:00+00:00,2026-07-01 22:00:00+00:00,6.45,9.33,10.98,1017.02,62.99,20.97,10.83,267.68
743,2832,50.174309,19.987906,250.14,2026-07-01 22:00:00+00:00,2026-07-01 23:00:00+00:00,7.07,10.24,12.16,1016.6,63.96,20.01,11.08,274.68
744,10051,50.150282,19.893212,261.88,2026-06-30 23:00:00+00:00,2026-07-01 00:00:00+00:00,10.53,16.1,18.67,1017.78,75.85,21.79,,
745,10051,50.150282,19.893212,261.88,2026-07-01 00:00:00+00:00,2026-07-01 01:00:00+00:00,10.76,16.46,19.27,1017.53,77.04,21.32,,
746,10051,50.150282,19.893212,261.88,2026-07-01 01:00:00+00:00,2026-07-01 02:00:00+00:00,11.62,17.89,21.18,1016.89,78.66,20.81,,
747,10051,50.150282,19.893212,261.88,2026-07-01 02:00:00+00:00,2026-07-01 03:00:00+00:00,12.03,18.62,22.25,1016.46,80.76,20.18,,
748,10051,50.150282,19.893212,261.88,2026-07-01 03:00:00+00:00,2026-07-01 04:00:00+00:00,12.36,19.19,23.15,1016.42,83.0,19.94,,
749,10051,50.150282,19.893212,261.88,2026-07-01 04:00:00+00:00,2026-07-01 05:00:00+00:00,11.9,17.66,20.54,1016.29,82.64,22.6,,
750,10051,50.150282,19.893212,261.88,2026-07-01 05:00:00+00:00,2026-07-01 06:00:00+00:00,12.92,19.05,22.73,1016.29,77.34,25.52,,
751,10051,50.150282,19.893212,261.88,2026-07-01 06:00:00+00:00,2026-07-01 07:00:00+00:00,15.16,22.84,29.6,1016.61,72.83,26.83,,
752,10051,50.150282,19.893212,261.88,2026-07-01 07:00:00+00:00,2026-07-01 08:00:00+00:00,12.4,18.03,21.25,1016.35,67.39,27.55,,
753,10051,50.150282,19.893212,261.88,2026-07-01 08:00:00+00:00,2026-07-01 09:00:00+00:00,10.92,15.41,17.55,1015.77,63.84,29.41,,
754,10051,50.150282,19.893212,261.88,2026-07-01 09:00:00+00:00,2026-07-01 10:00:00+00:00,8.93,12.83,14.76,1015.8,58.31,29.86,,
755,10051,50.150282,19.893212,261.88,2026-07-01 10:00:00+00:00,2026-07-01 11:00:00+00:00,10.1,14.65,16.78,1015.43,55.87,30.35,,
756,10051,50.150282,19.893212,261.88,2026-07-01 11:00:00+00:00,2026-07-01 12:00:00+00:00,12.28,18.33,21.53,1014.75,56.15,30.22,,
757,10051,50.150282,19.893212,261.88,2026-07-01 12:00:00+00:00,2026-07-01 13:00:00+00:00,13.05,19.53,23.45,1014.1,54.57,30.55,,
758,10051,50.150282,19.893212,261.88,2026-07-01 13:00:00+00:00,2026-07-01 14:00:00+00:00,13.55,20.34,24.96,1013.52,53.8,30.68,,
759,10051,50.150282,19.893212,261.88,2026-07-01 14:00:00+00:00,2026-07-01 15:00:00+00:00,13.87,21.17,26.57,1013.42,60.23,29.48,,
760,10051,50.150282,19.893212,261.88,2026-07-01 15:00:00+00:00,2026-07-01 16:00:00+00:00,10.83,16.41,19.53,1013.53,60.03,27.77,,
761,10051,50.150282,19.893212,261.88,2026-07-01 16:00:00+00:00,2026-07-01 17:00:00+00:00,6.07,9.09,10.63,1013.5,61.96,26.18,,
762,10051,50.150282,19.893212,261.88,2026-07-01 17:00:00+00:00,2026-07-01 18:00:00+00:00,6.27,9.53,11.23,1013.72,67.69,23.63,,
763,10051,50.150282,19.893212,261.88,2026-07-01 18:00:00+00:00,2026-07-01 19:00:00+00:00,6.08,9.39,11.13,1015.27,71.68,22.31,,
764,10051,50.150282,19.893212,261.88,2026-07-01 19:00:00+00:00,2026-07-01 20:00:00+00:00,5.86,8.73,10.27,1017.02,76.18,21.53,,
765,10051,50.150282,19.893212,261.88,2026-07-01 20:00:00+00:00,2026-07-01 21:00:00+00:00,6.8,10.48,12.4,1017.72,78.12,20.82,,
766,10051,50.150282,19.893212,261.88,2026-07-01 21:00:00+00:00,2026-07-01 22:00:00+00:00,8.2,12.77,14.88,1017.41,79.2,19.96,,
767,10051,50.150282,19.893212,261.88,2026-07-01 22:00:00+00:00,2026-07-01 23:00:00+00:00,7.51,11.6,13.68,1016.92,81.04,19.32,,
768,2599,50.039521,20.134673,192.72,2026-06-30 23:00:00+00:00,2026-07-01 00:00:00+00:00,10.69,14.83,17.41,1016.46,85.0,22.75,3.82,98.0
769,2599,50.039521,20.134673,192.72,2026-07-01 00:00:00+00:00,2026-07-01 01:00:00+00:00,11.62,16.62,19.45,1016.09,85.0,22.2,2.68,115.0
770,2599,50.039521,20.134673,192.72,2026-07-01 01:00:00+00:00,2026-07-01 02:00:00+00:00,11.72,16.99,20.11,1015.61,85.0,21.68,3.06,160.0
771,2599,50.039521,20.134673,192.72,2026-07-01 02:00:00+00:00,2026-07-01 03:00:00+00:00,12.31,17.92,21.47,1015.06,87.25,21.15,4.53,202.0
772,2599,50.039521,20.134673,192.72,2026-07-01 03:00:00+00:00,2026-07-01 04:00:00+00:00,13.31,19.59,24.5,1015.09,90.25,20.88,4.29,230.0
773,2599,50.039521,20.134673,192.72,2026-07-01 04:00:00+00:00,2026-07-01 05:00:00+00:00,13.5,20.16,25.86,1015.23,88.19,21.72,5.51,235.61
774,2599,50.039521,20.134673,192.72,2026-07-01 05:00:00+00:00,2026-07-01 06:00:00+00:00,13.81,20.56,26.56,1015.24,86.63,23.58,4.86,243.23
775,2599,50.039521,20.134673,192.72,2026-07-01 06:00:00+00:00,2026-07-01 07:00:00+00:00,15.15,22.55,30.18,1015.46,82.08,25.58,6.96,266.66
776,2599,50.039521,20.134673,192.72,2026-07-01 07:00:00+00:00,2026-07-01 08:00:00+00:00,15.13,22.24,29.56,1015.29,76.31,27.36,9.52,281.13
777,2599,50.039521,20.134673,192.72,2026-07-01 08:00:00+00:00,2026-07-01 09:00:00+00:00,14.21,20.78,26.85,1014.63,71.02,28.42,9.35,277.04
778,2599,50.039521,20.134673,192.72,2026-07-01 09:00:00+00:00,2026-07-01 10:00:00+00:00,13.77,20.12,25.56,1014.5,65.52,29.71,7.14,276.78
779,2599,50.039521,20.134673,192.72,2026-07-01 10:00:00+00:00,2026-07-01 11:00:00+00:00,14.51,21.13,27.3,1014.11,61.31,30.86,4.89,215.69
780,2599,50.039521,20.134673,192.72,2026-07-01 11:00:00+00:00,2026-07-01 12:00:00+00:00,15.27,22.27,29.41,1013.4,62.55,30.37,6.02,246.47
781,2599,50.039521,20.134673,192.72,2026-07-01 12:00:00+00:00,2026-07-01 13:00:00+00:00,14.93,21.7,28.47,1012.74,62.88,30.39,8.3,252.13
782,2599,50.039521,20.134673,192.72,2026-07-01 13:00:00+00:00,2026-07-01 14:00:00+00:00,13.72,20.03,25.26,1012.09,62.48,30.64,6.7,165.28
783,2599,50.039521,20.134673,192.72,2026-07-01 14:00:00+00:00,2026-07-01 15:00:00+00:00,13.81,20.19,25.67,1011.91,66.03,29.72,7.35,145.03
784,2599,50.039521,20.134673,192.72,2026-07-01 15:00:00+00:00,2026-07-01 16:00:00+00:00,12.09,17.44,21.44,1011.98,66.78,28.92,7.92,163.94
785,2599,50.039521,20.134673,192.72,2026-07-01 16:00:00+00:00,2026-07-01 17:00:00+00:00,4.03,5.61,6.55,1011.64,62.17,28.06,3.93,340.79
786,2599,50.039521,20.134673,192.72,2026-07-01 17:00:00+00:00,2026-07-01 18:00:00+00:00,3.73,5.22,6.18,1012.69,68.04,25.71,12.68,295.52
787,2599,50.039521,20.134673,192.72,2026-07-01 18:00:00+00:00,2026-07-01 19:00:00+00:00,5.39,7.63,9.05,1014.28,76.94,23.26,13.0,278.79
788,2599,50.039521,20.134673,192.72,2026-07-01 19:00:00+00:00,2026-07-01 20:00:00+00:00,6.91,9.95,11.79,1016.14,85.23,22.32,11.12,268.49
789,2599,50.039521,20.134673,192.72,2026-07-01 20:00:00+00:00,2026-07-01 21:00:00+00:00,7.84,11.28,13.29,1016.15,86.25,21.56,10.99,268.02
790,2599,50.039521,20.134673,192.72,2026-07-01 21:00:00+00:00,2026-07-01 22:00:00+00:00,8.46,12.13,14.37,1015.59,87.0,20.55,11.16,269.67
791,2599,50.039521,20.134673,192.72,2026-07-01 22:00:00+00:00,2026-07-01 23:00:00+00:00,8.41,11.98,14.15,1015.54,88.25,20.01,11.77,281.69
792,86723,49.987999,19.779314,208.61,2026-06-30 23:00:00+00:00,2026-07-01 00:00:00+00:00,,,,,,,,
793,86723,49.987999,19.779314,208.61,2026-07-01 00:00:00+00:00,2026-07-01 01:00:00+00:00,,,,,,,,
794,86723,49.987999,19.779314,208.61,2026-07-01 01:00:00+00:00,2026-07-01 02:00:00+00:00,,,,,,,,
795,86723,49.987999,19.779314,208.61,2026-07-01 02:00:00+00:00,2026-07-01 03:00:00+00:00,,,,,,,,
796,86723,49.987999,19.779314,208.61,2026-07-01 03:00:00+00:00,2026-07-01 04:00:00+00:00,,,,,,,,
797,86723,49.987999,19.779314,208.61,2026-07-01 04:00:00+00:00,2026-07-01 05:00:00+00:00,,,,,,,,
798,86723,49.987999,19.779314,208.61,2026-07-01 05:00:00+00:00,2026-07-01 06:00:00+00:00,,,,,,,,
799,86723,49.987999,19.779314,208.61,2026-07-01 06:00:00+00:00,2026-07-01 07:00:00+00:00,,,,,,,,
800,86723,49.987999,19.779314,208.61,2026-07-01 07:00:00+00:00,2026-07-01 08:00:00+00:00,,,,,,,,
801,86723,49.987999,19.779314,208.61,2026-07-01 08:00:00+00:00,2026-07-01 09:00:00+00:00,,,,,,,,
802,86723,49.987999,19.779314,208.61,2026-07-01 09:00:00+00:00,2026-07-01 10:00:00+00:00,0.05,0.11,0.12,1013.55,72.44,30.38,5.33,304.28
803,86723,49.987999,19.779314,208.61,2026-07-01 10:00:00+00:00,2026-07-01 11:00:00+00:00,0.0,0.0,0.04,1013.18,71.5,30.99,4.93,314.0
804,86723,49.987999,19.779314,208.61,2026-07-01 11:00:00+00:00,2026-07-01 12:00:00+00:00,,,,,,,,
805,86723,49.987999,19.779314,208.61,2026-07-01 12:00:00+00:00,2026-07-01 13:00:00+00:00,,,,,,,,
806,86723,49.987999,19.779314,208.61,2026-07-01 13:00:00+00:00,2026-07-01 14:00:00+00:00,,,,,,,,
807,86723,49.987999,19.779314,208.61,2026-07-01 14:00:00+00:00,2026-07-01 15:00:00+00:00,,,,,,,,
808,86723,49.987999,19.779314,208.61,2026-07-01 15:00:00+00:00,2026-07-01 16:00:00+00:00,,,,,,,,
809,86723,49.987999,19.779314,208.61,2026-07-01 16:00:00+00:00,2026-07-01 17:00:00+00:00,,,,,,,,
810,86723,49.987999,19.779314,208.61,2026-07-01 17:00:00+00:00,2026-07-01 18:00:00+00:00,,,,,,,,
811,86723,49.987999,19.779314,208.61,2026-07-01 18:00:00+00:00,2026-07-01 19:00:00+00:00,,,,,,,,
812,86723,49.987999,19.779314,208.61,2026-07-01 19:00:00+00:00,2026-07-01 20:00:00+00:00,,,,,,,,
813,86723,49.987999,19.779314,208.61,2026-07-01 20:00:00+00:00,2026-07-01 21:00:00+00:00,,,,,,,,
814,86723,49.987999,19.779314,208.61,2026-07-01 21:00:00+00:00,2026-07-01 22:00:00+00:00,,,,,,,,
815,86723,49.987999,19.779314,208.61,2026-07-01 22:00:00+00:00,2026-07-01 23:00:00+00:00,,,,,,,,
816,7427,50.156176,19.866003,299.43,2026-06-30 23:00:00+00:00,2026-07-01 00:00:00+00:00,17.13,24.17,31.41,1017.22,80.65,23.14,5.07,91.35
817,7427,50.156176,19.866003,299.43,2026-07-01 00:00:00+00:00,2026-07-01 01:00:00+00:00,14.42,20.67,25.93,1016.94,81.89,22.67,4.15,100.83
818,7427,50.156176,19.866003,299.43,2026-07-01 01:00:00+00:00,2026-07-01 02:00:00+00:00,11.53,16.04,18.6,1016.28,83.76,22.22,2.98,121.35
819,7427,50.156176,19.866003,299.43,2026-07-01 02:00:00+00:00,2026-07-01 03:00:00+00:00,10.66,14.84,16.85,1015.88,86.11,21.51,2.46,179.99
820,7427,50.156176,19.866003,299.43,2026-07-01 03:00:00+00:00,2026-07-01 04:00:00+00:00,11.09,15.69,17.89,1015.84,89.47,21.05,4.97,232.0
821,7427,50.156176,19.866003,299.43,2026-07-01 04:00:00+00:00,2026-07-01 05:00:00+00:00,10.9,14.57,16.45,1015.74,89.5,22.64,5.36,243.0
822,7427,50.156176,19.866003,299.43,2026-07-01 05:00:00+00:00,2026-07-01 06:00:00+00:00,12.64,17.75,20.84,1015.78,86.5,24.79,5.29,253.0
823,7427,50.156176,19.866003,299.43,2026-07-01 06:00:00+00:00,2026-07-01 07:00:00+00:00,13.96,19.91,24.55,1016.09,82.18,26.79,7.69,269.04
824,7427,50.156176,19.866003,299.43,2026-07-01 07:00:00+00:00,2026-07-01 08:00:00+00:00,11.33,15.43,17.65,1015.84,75.11,27.62,9.45,280.24
825,7427,50.156176,19.866003,299.43,2026-07-01 08:00:00+00:00,2026-07-01 09:00:00+00:00,10.61,13.98,15.69,1015.38,71.95,28.68,8.12,276.49
826,7427,50.156176,19.866003,299.43,2026-07-01 09:00:00+00:00,2026-07-01 10:00:00+00:00,8.63,11.4,12.78,1015.33,65.85,30.08,5.78,280.42
827,7427,50.156176,19.866003,299.43,2026-07-01 10:00:00+00:00,2026-07-01 11:00:00+00:00,9.19,12.21,13.74,1014.98,62.66,30.61,5.28,272.15
828,7427,50.156176,19.866003,299.43,2026-07-01 11:00:00+00:00,2026-07-01 12:00:00+00:00,11.25,15.36,17.3,1014.36,63.11,30.59,6.29,284.94
829,7427,50.156176,19.866003,299.43,2026-07-01 12:00:00+00:00,2026-07-01 13:00:00+00:00,12.06,16.77,18.9,1013.67,61.75,30.98,1.47,341.09
830,7427,50.156176,19.866003,299.43,2026-07-01 13:00:00+00:00,2026-07-01 14:00:00+00:00,12.85,18.12,21.11,1013.13,61.72,31.08,6.85,117.48
831,7427,50.156176,19.866003,299.43,2026-07-01 14:00:00+00:00,2026-07-01 15:00:00+00:00,13.03,18.47,21.76,1013.04,66.57,30.27,9.38,155.38
832,7427,50.156176,19.866003,299.43,2026-07-01 15:00:00+00:00,2026-07-01 16:00:00+00:00,9.72,13.23,15.16,1013.04,65.27,29.11,5.61,178.23
833,7427,50.156176,19.866003,299.43,2026-07-01 16:00:00+00:00,2026-07-01 17:00:00+00:00,5.69,7.8,8.96,1013.04,66.33,27.35,8.43,287.0
834,7427,50.156176,19.866003,299.43,2026-07-01 17:00:00+00:00,2026-07-01 18:00:00+00:00,5.42,7.61,8.83,1013.17,71.71,24.4,15.67,289.0
835,7427,50.156176,19.866003,299.43,2026-07-01 18:00:00+00:00,2026-07-01 19:00:00+00:00,5.0,7.02,8.17,1014.72,75.22,23.1,10.92,258.83
836,7427,50.156176,19.866003,299.43,2026-07-01 19:00:00+00:00,2026-07-01 20:00:00+00:00,4.35,6.09,7.02,1016.48,80.02,22.49,10.03,260.47
837,7427,50.156176,19.866003,299.43,2026-07-01 20:00:00+00:00,2026-07-01 21:00:00+00:00,5.19,7.25,8.44,1017.12,81.95,21.94,10.33,266.88
838,7427,50.156176,19.866003,299.43,2026-07-01 21:00:00+00:00,2026-07-01 22:00:00+00:00,6.52,9.25,10.59,1016.81,83.77,21.14,10.81,266.48
839,7427,50.156176,19.866003,299.43,2026-07-01 22:00:00+00:00,2026-07-01 23:00:00+00:00,6.03,8.41,9.71,1016.32,86.31,20.3,10.97,272.77
840,5649,50.157944,19.979183,260.39,2026-06-30 23:00:00+00:00,2026-07-01 00:00:00+00:00,10.49,16.15,18.79,1015.68,75.18,22.58,,
841,5649,50.157944,19.979183,260.39,2026-07-01 00:00:00+00:00,2026-07-01 01:00:00+00:00,10.83,16.74,19.61,1015.37,75.44,22.32,,
842,5649,50.157944,19.979183,260.39,2026-07-01 01:00:00+00:00,2026-07-01 02:00:00+00:00,11.36,17.66,21.16,1014.73,77.54,21.7,,
843,5649,50.157944,19.979183,260.39,2026-07-01 02:00:00+00:00,2026-07-01 03:00:00+00:00,11.99,18.74,23.17,1014.29,79.95,20.96,,
844,5649,50.157944,19.979183,260.39,2026-07-01 03:00:00+00:00,2026-07-01 04:00:00+00:00,12.48,19.66,25.02,1014.29,83.25,20.49,,
845,5649,50.157944,19.979183,260.39,2026-07-01 04:00:00+00:00,2026-07-01 05:00:00+00:00,12.99,20.4,26.14,1014.27,80.76,21.57,,
846,5649,50.157944,19.979183,260.39,2026-07-01 05:00:00+00:00,2026-07-01 06:00:00+00:00,13.96,22.23,29.08,1014.39,78.35,23.21,,
847,5649,50.157944,19.979183,260.39,2026-07-01 06:00:00+00:00,2026-07-01 07:00:00+00:00,16.14,25.29,33.62,1014.62,73.39,25.17,,
848,5649,50.157944,19.979183,260.39,2026-07-01 07:00:00+00:00,2026-07-01 08:00:00+00:00,13.67,20.9,26.64,1014.38,67.38,27.38,,
849,5649,50.157944,19.979183,260.39,2026-07-01 08:00:00+00:00,2026-07-01 09:00:00+00:00,10.88,16.13,19.12,1013.93,61.14,29.96,,
850,5649,50.157944,19.979183,260.39,2026-07-01 09:00:00+00:00,2026-07-01 10:00:00+00:00,9.76,13.82,15.53,1013.85,57.69,31.86,,
851,5649,50.157944,19.979183,260.39,2026-07-01 10:00:00+00:00,2026-07-01 11:00:00+00:00,11.4,16.43,18.91,1013.54,54.62,33.32,,
852,5649,50.157944,19.979183,260.39,2026-07-01 11:00:00+00:00,2026-07-01 12:00:00+00:00,11.84,16.91,19.28,1013.06,54.47,33.97,,
853,5649,50.157944,19.979183,260.39,2026-07-01 12:00:00+00:00,2026-07-01 13:00:00+00:00,11.89,17.07,19.77,1012.4,55.22,33.23,,
854,5649,50.157944,19.979183,260.39,2026-07-01 13:00:00+00:00,2026-07-01 14:00:00+00:00,13.06,19.01,23.01,1011.77,51.56,33.64,,
855,5649,50.157944,19.979183,260.39,2026-07-01 14:00:00+00:00,2026-07-01 15:00:00+00:00,14.31,21.49,27.66,1011.45,57.24,30.45,,
856,5649,50.157944,19.979183,260.39,2026-07-01 15:00:00+00:00,2026-07-01 16:00:00+00:00,11.83,18.47,22.63,1011.4,60.0,28.33,,
857,5649,50.157944,19.979183,260.39,2026-07-01 16:00:00+00:00,2026-07-01 17:00:00+00:00,6.76,10.63,12.26,1011.18,62.74,26.05,,
858,5649,50.157944,19.979183,260.39,2026-07-01 17:00:00+00:00,2026-07-01 18:00:00+00:00,6.33,10.03,11.67,1011.6,66.93,24.31,,
859,5649,50.157944,19.979183,260.39,2026-07-01 18:00:00+00:00,2026-07-01 19:00:00+00:00,5.87,9.16,10.75,1013.37,71.12,22.7,,
860,5649,50.157944,19.979183,260.39,2026-07-01 19:00:00+00:00,2026-07-01 20:00:00+00:00,5.41,8.48,9.87,1015.07,74.87,21.99,,
861,5649,50.157944,19.979183,260.39,2026-07-01 20:00:00+00:00,2026-07-01 21:00:00+00:00,7.23,11.7,13.66,1015.53,78.43,21.13,,
862,5649,50.157944,19.979183,260.39,2026-07-01 21:00:00+00:00,2026-07-01 22:00:00+00:00,8.6,14.33,17.03,1015.22,79.17,20.48,,
863,5649,50.157944,19.979183,260.39,2026-07-01 22:00:00+00:00,2026-07-01 23:00:00+00:00,7.66,12.44,14.52,1014.77,81.12,19.83,,
864,87172,49.974291,19.786425,213.67,2026-06-30 23:00:00+00:00,2026-07-01 00:00:00+00:00,,,,,,,,
865,87172,49.974291,19.786425,213.67,2026-07-01 00:00:00+00:00,2026-07-01 01:00:00+00:00,,,,,,,,
866,87172,49.974291,19.786425,213.67,2026-07-01 01:00:00+00:00,2026-07-01 02:00:00+00:00,,,,,,,,
867,87172,49.974291,19.786425,213.67,2026-07-01 02:00:00+00:00,2026-07-01 03:00:00+00:00,,,,,,,,
868,87172,49.974291,19.786425,213.67,2026-07-01 03:00:00+00:00,2026-07-01 04:00:00+00:00,,,,,,,,
869,87172,49.974291,19.786425,213.67,2026-07-01 04:00:00+00:00,2026-07-01 05:00:00+00:00,,,,,,,,
870,87172,49.974291,19.786425,213.67,2026-07-01 05:00:00+00:00,2026-07-01 06:00:00+00:00,,,,,,,,
871,87172,49.974291,19.786425,213.67,2026-07-01 06:00:00+00:00,2026-07-01 07:00:00+00:00,,,,,,,,
872,87172,49.974291,19.786425,213.67,2026-07-01 07:00:00+00:00,2026-07-01 08:00:00+00:00,,,,,,,,
873,87172,49.974291,19.786425,213.67,2026-07-01 08:00:00+00:00,2026-07-01 09:00:00+00:00,,,,,,,,
874,87172,49.974291,19.786425,213.67,2026-07-01 09:00:00+00:00,2026-07-01 10:00:00+00:00,,,,,,,,
875,87172,49.974291,19.786425,213.67,2026-07-01 10:00:00+00:00,2026-07-01 11:00:00+00:00,,,,,,,,
876,87172,49.974291,19.786425,213.67,2026-07-01 11:00:00+00:00,2026-07-01 12:00:00+00:00,,,,,,,,
877,87172,49.974291,19.786425,213.67,2026-07-01 12:00:00+00:00,2026-07-01 13:00:00+00:00,,,,,,,,
878,87172,49.974291,19.786425,213.67,2026-07-01 13:00:00+00:00,2026-07-01 14:00:00+00:00,,,,,,,,
879,87172,49.974291,19.786425,213.67,2026-07-01 14:00:00+00:00,2026-07-01 15:00:00+00:00,,,,,,,,
880,87172,49.974291,19.786425,213.67,2026-07-01 15:00:00+00:00,2026-07-01 16:00:00+00:00,,,,,,,,
881,87172,49.974291,19.786425,213.67,2026-07-01 16:00:00+00:00,2026-07-01 17:00:00+00:00,,,,,,,,
882,87172,49.974291,19.786425,213.67,2026-07-01 17:00:00+00:00,2026-07-01 18:00:00+00:00,,,,,,,,
883,87172,49.974291,19.786425,213.67,2026-07-01 18:00:00+00:00,2026-07-01 19:00:00+00:00,,,,,,,,
884,87172,49.974291,19.786425,213.67,2026-07-01 19:00:00+00:00,2026-07-01 20:00:00+00:00,,,,,,,,
885,87172,49.974291,19.786425,213.67,2026-07-01 20:00:00+00:00,2026-07-01 21:00:00+00:00,,,,,,,,
886,87172,49.974291,19.786425,213.67,2026-07-01 21:00:00+00:00,2026-07-01 22:00:00+00:00,,,,,,,,
887,87172,49.974291,19.786425,213.67,2026-07-01 22:00:00+00:00,2026-07-01 23:00:00+00:00,,,,,,,,
888,7584,49.972103,19.898235,308.82,2026-06-30 23:00:00+00:00,2026-07-01 00:00:00+00:00,0.2,0.22,0.25,1013.38,84.13,22.74,4.69,96.9
889,7584,49.972103,19.898235,308.82,2026-07-01 00:00:00+00:00,2026-07-01 01:00:00+00:00,0.11,0.12,0.14,1013.05,84.25,22.45,3.92,106.93
890,7584,49.972103,19.898235,308.82,2026-07-01 01:00:00+00:00,2026-07-01 02:00:00+00:00,0.06,0.09,0.1,1012.53,86.31,21.82,2.83,118.64
891,7584,49.972103,19.898235,308.82,2026-07-01 02:00:00+00:00,2026-07-01 03:00:00+00:00,0.16,0.28,0.33,1012.06,78.73,20.82,2.7,184.48
892,7584,49.972103,19.898235,308.82,2026-07-01 03:00:00+00:00,2026-07-01 04:00:00+00:00,0.56,0.98,1.18,1012.33,64.91,20.11,4.77,231.02
893,7584,49.972103,19.898235,308.82,2026-07-01 04:00:00+00:00,2026-07-01 05:00:00+00:00,1.09,1.95,2.37,1012.39,64.16,20.62,5.1,237.18
894,7584,49.972103,19.898235,308.82,2026-07-01 05:00:00+00:00,2026-07-01 06:00:00+00:00,0.96,1.77,2.1,1012.46,60.91,22.44,4.95,250.44
895,7584,49.972103,19.898235,308.82,2026-07-01 06:00:00+00:00,2026-07-01 07:00:00+00:00,0.61,1.13,1.4,1012.77,57.77,24.09,7.4,270.81
896,7584,49.972103,19.898235,308.82,2026-07-01 07:00:00+00:00,2026-07-01 08:00:00+00:00,0.25,0.4,0.44,1012.46,54.17,26.08,9.31,280.73
897,7584,49.972103,19.898235,308.82,2026-07-01 08:00:00+00:00,2026-07-01 09:00:00+00:00,0.19,0.24,0.27,1011.73,74.36,27.83,8.15,279.59
898,7584,49.972103,19.898235,308.82,2026-07-01 09:00:00+00:00,2026-07-01 10:00:00+00:00,0.26,0.46,0.56,1011.53,72.63,29.36,6.34,300.08
899,7584,49.972103,19.898235,308.82,2026-07-01 10:00:00+00:00,2026-07-01 11:00:00+00:00,0.16,0.28,0.31,1011.04,70.38,30.56,4.51,274.75
900,7584,49.972103,19.898235,308.82,2026-07-01 11:00:00+00:00,2026-07-01 12:00:00+00:00,0.19,0.28,0.31,1010.36,70.56,30.4,6.31,280.69
901,7584,49.972103,19.898235,308.82,2026-07-01 12:00:00+00:00,2026-07-01 13:00:00+00:00,0.14,0.21,0.25,1009.65,70.75,31.3,6.91,266.17
902,7584,49.972103,19.898235,308.82,2026-07-01 13:00:00+00:00,2026-07-01 14:00:00+00:00,0.17,0.24,0.3,1009.13,70.75,31.13,6.99,175.41
903,7584,49.972103,19.898235,308.82,2026-07-01 14:00:00+00:00,2026-07-01 15:00:00+00:00,1.05,1.88,2.18,1009.4,71.76,29.11,8.18,156.72
904,7584,49.972103,19.898235,308.82,2026-07-01 15:00:00+00:00,2026-07-01 16:00:00+00:00,0.54,1.28,1.57,1009.57,71.2,27.31,9.4,168.53
905,7584,49.972103,19.898235,308.82,2026-07-01 16:00:00+00:00,2026-07-01 17:00:00+00:00,0.21,0.51,0.61,1008.96,71.3,26.56,3.74,323.7
906,7584,49.972103,19.898235,308.82,2026-07-01 17:00:00+00:00,2026-07-01 18:00:00+00:00,0.14,0.31,0.37,1009.88,78.48,23.96,12.06,292.38
907,7584,49.972103,19.898235,308.82,2026-07-01 18:00:00+00:00,2026-07-01 19:00:00+00:00,0.14,0.29,0.36,1011.57,83.25,22.3,11.24,268.38
908,7584,49.972103,19.898235,308.82,2026-07-01 19:00:00+00:00,2026-07-01 20:00:00+00:00,0.3,0.65,0.8,1013.17,62.66,21.19,10.07,262.48
909,7584,49.972103,19.898235,308.82,2026-07-01 20:00:00+00:00,2026-07-01 21:00:00+00:00,0.14,0.29,0.36,1013.44,62.3,20.63,8.97,259.38
910,7584,49.972103,19.898235,308.82,2026-07-01 21:00:00+00:00,2026-07-01 22:00:00+00:00,0.14,0.27,0.34,1013.15,63.07,20.16,10.32,265.12
911,7584,49.972103,19.898235,308.82,2026-07-01 22:00:00+00:00,2026-07-01 23:00:00+00:00,0.17,0.38,0.5,1012.66,63.83,19.6,11.1,274.56
912,39433,49.996571,19.957157,256.48,2026-06-30 23:00:00+00:00,2026-07-01 00:00:00+00:00,11.36,15.69,17.89,1014.41,84.25,22.9,3.97,107.0
913,39433,49.996571,19.957157,256.48,2026-07-01 00:00:00+00:00,2026-07-01 01:00:00+00:00,11.43,15.98,18.15,1014.1,84.25,22.1,3.81,108.0
914,39433,49.996571,19.957157,256.48,2026-07-01 01:00:00+00:00,2026-07-01 02:00:00+00:00,12.24,17.47,20.17,1013.57,85.0,21.32,3.47,157.0
915,39433,49.996571,19.957157,256.48,2026-07-01 02:00:00+00:00,2026-07-01 03:00:00+00:00,12.98,18.56,21.74,1013.0,88.0,21.21,3.55,196.0
916,39433,49.996571,19.957157,256.48,2026-07-01 03:00:00+00:00,2026-07-01 04:00:00+00:00,13.27,19.1,22.75,1013.23,89.31,20.95,4.34,224.82
917,39433,49.996571,19.957157,256.48,2026-07-01 04:00:00+00:00,2026-07-01 05:00:00+00:00,13.83,20.35,25.25,1013.23,89.13,21.56,5.32,241.48
918,39433,49.996571,19.957157,256.48,2026-07-01 05:00:00+00:00,2026-07-01 06:00:00+00:00,15.99,23.87,31.22,1013.29,86.5,22.88,5.52,252.33
919,39433,49.996571,19.957157,256.48,2026-07-01 06:00:00+00:00,2026-07-01 07:00:00+00:00,14.53,21.26,26.83,1013.62,83.13,24.2,6.88,268.21
920,39433,49.996571,19.957157,256.48,2026-07-01 07:00:00+00:00,2026-07-01 08:00:00+00:00,13.93,19.13,22.79,1013.39,78.94,26.24,8.87,278.75
921,39433,49.996571,19.957157,256.48,2026-07-01 08:00:00+00:00,2026-07-01 09:00:00+00:00,13.25,17.92,20.71,1012.69,75.5,27.99,8.56,282.1
922,39433,49.996571,19.957157,256.48,2026-07-01 09:00:00+00:00,2026-07-01 10:00:00+00:00,12.65,16.74,19.28,1012.44,73.0,29.17,6.47,277.05
923,39433,49.996571,19.957157,256.48,2026-07-01 10:00:00+00:00,2026-07-01 11:00:00+00:00,12.85,17.11,19.45,1011.97,71.0,30.11,5.13,257.23
924,39433,49.996571,19.957157,256.48,2026-07-01 11:00:00+00:00,2026-07-01 12:00:00+00:00,13.59,18.31,21.23,1011.3,70.0,30.17,5.97,264.62
925,39433,49.996571,19.957157,256.48,2026-07-01 12:00:00+00:00,2026-07-01 13:00:00+00:00,13.95,18.93,22.24,1010.65,70.25,30.04,5.96,239.1
926,39433,49.996571,19.957157,256.48,2026-07-01 13:00:00+00:00,2026-07-01 14:00:00+00:00,14.04,19.01,22.4,1010.05,71.0,30.03,8.59,179.62
927,39433,49.996571,19.957157,256.48,2026-07-01 14:00:00+00:00,2026-07-01 15:00:00+00:00,13.99,19.1,22.64,1010.14,71.75,29.52,8.7,146.75
928,39433,49.996571,19.957157,256.48,2026-07-01 15:00:00+00:00,2026-07-01 16:00:00+00:00,7.83,9.88,11.37,1010.33,72.22,28.64,9.16,150.0
929,39433,49.996571,19.957157,256.48,2026-07-01 16:00:00+00:00,2026-07-01 17:00:00+00:00,3.81,5.15,5.98,1009.88,77.15,26.15,6.64,305.49
930,39433,49.996571,19.957157,256.48,2026-07-01 17:00:00+00:00,2026-07-01 18:00:00+00:00,4.37,6.07,7.09,1010.85,80.75,24.3,13.85,289.6
931,39433,49.996571,19.957157,256.48,2026-07-01 18:00:00+00:00,2026-07-01 19:00:00+00:00,5.85,8.43,9.91,1012.55,83.13,22.72,11.78,278.29
932,39433,49.996571,19.957157,256.48,2026-07-01 19:00:00+00:00,2026-07-01 20:00:00+00:00,6.88,9.78,11.32,1014.24,85.38,21.64,10.32,265.33
933,39433,49.996571,19.957157,256.48,2026-07-01 20:00:00+00:00,2026-07-01 21:00:00+00:00,7.49,10.81,12.53,1014.64,87.63,21.05,8.88,258.96
934,39433,49.996571,19.957157,256.48,2026-07-01 21:00:00+00:00,2026-07-01 22:00:00+00:00,7.91,11.45,13.31,1014.31,87.38,20.39,10.69,265.8
935,39433,49.996571,19.957157,256.48,2026-07-01 22:00:00+00:00,2026-07-01 23:00:00+00:00,7.02,10.28,11.92,1013.95,88.5,19.66,11.13,275.34
936,86899,50.098304,19.879415,249.34,2026-06-30 23:00:00+00:00,2026-07-01 00:00:00+00:00,11.77,15.75,19.03,1016.0,74.61,23.93,4.59,101.0
937,86899,50.098304,19.879415,249.34,2026-07-01 00:00:00+00:00,2026-07-01 01:00:00+00:00,12.63,17.45,21.22,1015.8,75.01,23.47,3.9,107.0
938,86899,50.098304,19.879415,249.34,2026-07-01 01:00:00+00:00,2026-07-01 02:00:00+00:00,13.06,18.39,22.91,1015.21,77.7,23.09,2.88,121.0
939,86899,50.098304,19.879415,249.34,2026-07-01 02:00:00+00:00,2026-07-01 03:00:00+00:00,13.29,18.6,23.23,1014.73,80.06,22.54,2.88,187.38
940,86899,50.098304,19.879415,249.34,2026-07-01 03:00:00+00:00,2026-07-01 04:00:00+00:00,13.62,19.14,24.47,1014.74,82.47,22.31,4.97,238.28
941,86899,50.098304,19.879415,249.34,2026-07-01 04:00:00+00:00,2026-07-01 05:00:00+00:00,,,,,,,,
942,86899,50.098304,19.879415,249.34,2026-07-01 05:00:00+00:00,2026-07-01 06:00:00+00:00,,,,,,,,
943,86899,50.098304,19.879415,249.34,2026-07-01 06:00:00+00:00,2026-07-01 07:00:00+00:00,15.0,21.04,27.53,1014.7,70.13,28.51,7.1,264.0
944,86899,50.098304,19.879415,249.34,2026-07-01 07:00:00+00:00,2026-07-01 08:00:00+00:00,13.42,18.76,23.12,1014.19,62.0,30.1,9.22,276.0
945,86899,50.098304,19.879415,249.34,2026-07-01 08:00:00+00:00,2026-07-01 09:00:00+00:00,12.6,17.46,20.92,1013.89,,30.91,8.06,278.37
946,86899,50.098304,19.879415,249.34,2026-07-01 09:00:00+00:00,2026-07-01 10:00:00+00:00,,,,,,,,
947,86899,50.098304,19.879415,249.34,2026-07-01 10:00:00+00:00,2026-07-01 11:00:00+00:00,10.49,13.78,15.99,1013.56,,31.95,4.45,265.0
948,86899,50.098304,19.879415,249.34,2026-07-01 11:00:00+00:00,2026-07-01 12:00:00+00:00,13.21,18.33,22.19,1012.82,52.52,31.89,5.96,272.0
949,86899,50.098304,19.879415,249.34,2026-07-01 12:00:00+00:00,2026-07-01 13:00:00+00:00,,,,,,,,
950,86899,50.098304,19.879415,249.34,2026-07-01 13:00:00+00:00,2026-07-01 14:00:00+00:00,,,,,,,,
951,86899,50.098304,19.879415,249.34,2026-07-01 14:00:00+00:00,2026-07-01 15:00:00+00:00,14.62,20.37,26.88,1011.76,56.81,30.77,9.2,158.12
952,86899,50.098304,19.879415,249.34,2026-07-01 15:00:00+00:00,2026-07-01 16:00:00+00:00,10.42,14.21,16.86,1011.77,,29.78,10.28,160.0
953,86899,50.098304,19.879415,249.34,2026-07-01 16:00:00+00:00,2026-07-01 17:00:00+00:00,5.27,6.94,8.43,1011.56,62.68,26.83,11.15,296.39
954,86899,50.098304,19.879415,249.34,2026-07-01 17:00:00+00:00,2026-07-01 18:00:00+00:00,6.77,9.15,11.06,1011.78,65.19,25.75,12.27,288.29
955,86899,50.098304,19.879415,249.34,2026-07-01 18:00:00+00:00,2026-07-01 19:00:00+00:00,7.26,9.71,11.82,1013.61,69.55,24.56,11.78,267.7
956,86899,50.098304,19.879415,249.34,2026-07-01 19:00:00+00:00,2026-07-01 20:00:00+00:00,7.84,10.64,13.07,1015.88,,23.74,10.27,260.0
957,86899,50.098304,19.879415,249.34,2026-07-01 20:00:00+00:00,2026-07-01 21:00:00+00:00,8.48,11.89,14.78,1016.17,76.98,22.86,9.23,262.0
958,86899,50.098304,19.879415,249.34,2026-07-01 21:00:00+00:00,2026-07-01 22:00:00+00:00,8.72,12.19,14.89,1015.77,78.09,22.11,10.63,265.58
959,86899,50.098304,19.879415,249.34,2026-07-01 22:00:00+00:00,2026-07-01 23:00:00+00:00,8.35,11.39,13.99,1015.47,,21.42,10.98,272.59
960,87003,50.147812,19.793561,284.52,2026-06-30 23:00:00+00:00,2026-07-01 00:00:00+00:00,11.04,16.61,19.22,1015.62,79.87,23.13,4.98,90.9
961,87003,50.147812,19.793561,284.52,2026-07-01 00:00:00+00:00,2026-07-01 01:00:00+00:00,11.52,17.56,20.51,1015.45,82.01,23.04,4.25,98.23
962,87003,50.147812,19.793561,284.52,2026-07-01 01:00:00+00:00,2026-07-01 02:00:00+00:00,12.05,18.36,21.61,1014.77,84.35,22.46,2.77,113.89
963,87003,50.147812,19.793561,284.52,2026-07-01 02:00:00+00:00,2026-07-01 03:00:00+00:00,12.42,18.78,22.53,1014.42,87.08,21.53,2.68,182.52
964,87003,50.147812,19.793561,284.52,2026-07-01 03:00:00+00:00,2026-07-01 04:00:00+00:00,12.92,19.6,23.69,1014.46,90.7,20.99,4.6,243.47
965,87003,50.147812,19.793561,284.52,2026-07-01 04:00:00+00:00,2026-07-01 05:00:00+00:00,12.79,19.68,24.32,1014.41,89.39,21.92,5.45,245.15
966,87003,50.147812,19.793561,284.52,2026-07-01 05:00:00+00:00,2026-07-01 06:00:00+00:00,15.17,23.29,30.06,1014.54,85.97,23.2,5.77,255.09
967,87003,50.147812,19.793561,284.52,2026-07-01 06:00:00+00:00,2026-07-01 07:00:00+00:00,16.97,25.8,34.08,1014.86,81.53,24.76,8.16,269.35
968,87003,50.147812,19.793561,284.52,2026-07-01 07:00:00+00:00,2026-07-01 08:00:00+00:00,13.62,20.59,25.62,1014.38,75.37,26.33,9.26,278.6
969,87003,50.147812,19.793561,284.52,2026-07-01 08:00:00+00:00,2026-07-01 09:00:00+00:00,11.63,17.39,20.2,1013.92,70.57,27.91,7.97,282.41
970,87003,50.147812,19.793561,284.52,2026-07-01 09:00:00+00:00,2026-07-01 10:00:00+00:00,11.45,16.79,19.07,1013.78,65.54,29.28,5.51,283.0
971,87003,50.147812,19.793561,284.52,2026-07-01 10:00:00+00:00,2026-07-01 11:00:00+00:00,11.17,16.29,18.65,1013.46,62.96,30.17,4.07,277.45
972,87003,50.147812,19.793561,284.52,2026-07-01 11:00:00+00:00,2026-07-01 12:00:00+00:00,11.69,17.32,20.03,1012.78,62.64,30.27,5.84,291.15
973,87003,50.147812,19.793561,284.52,2026-07-01 12:00:00+00:00,2026-07-01 13:00:00+00:00,13.26,19.64,23.62,1012.12,64.29,30.26,6.71,288.78
974,87003,50.147812,19.793561,284.52,2026-07-01 13:00:00+00:00,2026-07-01 14:00:00+00:00,13.61,20.44,25.21,1011.6,64.27,30.44,8.01,163.14
975,87003,50.147812,19.793561,284.52,2026-07-01 14:00:00+00:00,2026-07-01 15:00:00+00:00,13.76,20.97,26.33,1011.67,65.57,29.54,9.73,144.5
976,87003,50.147812,19.793561,284.52,2026-07-01 15:00:00+00:00,2026-07-01 16:00:00+00:00,9.07,13.51,15.75,1011.69,64.14,28.25,10.06,162.36
977,87003,50.147812,19.793561,284.52,2026-07-01 16:00:00+00:00,2026-07-01 17:00:00+00:00,5.79,8.73,10.11,1011.87,67.31,26.38,3.85,282.54
978,87003,50.147812,19.793561,284.52,2026-07-01 17:00:00+00:00,2026-07-01 18:00:00+00:00,6.06,9.29,10.89,1011.82,73.1,24.08,12.01,291.37
979,87003,50.147812,19.793561,284.52,2026-07-01 18:00:00+00:00,2026-07-01 19:00:00+00:00,6.5,10.26,12.16,1013.3,77.19,22.81,11.36,266.37
980,87003,50.147812,19.793561,284.52,2026-07-01 19:00:00+00:00,2026-07-01 20:00:00+00:00,6.34,9.9,11.81,1015.1,81.12,22.23,9.84,258.2
981,87003,50.147812,19.793561,284.52,2026-07-01 20:00:00+00:00,2026-07-01 21:00:00+00:00,7.5,11.82,13.8,1016.0,82.88,21.59,10.12,265.52
982,87003,50.147812,19.793561,284.52,2026-07-01 21:00:00+00:00,2026-07-01 22:00:00+00:00,7.51,11.66,13.65,1015.69,84.41,20.8,10.51,268.0
983,87003,50.147812,19.793561,284.52,2026-07-01 22:00:00+00:00,2026-07-01 23:00:00+00:00,6.48,10.13,11.96,1015.13,85.97,20.22,10.63,273.3
984,7768,49.970348,19.944985,232.77,2026-06-30 23:00:00+00:00,2026-07-01 00:00:00+00:00,,,,,,,,
985,7768,49.970348,19.944985,232.77,2026-07-01 00:00:00+00:00,2026-07-01 01:00:00+00:00,,,,,,,,
986,7768,49.970348,19.944985,232.77,2026-07-01 01:00:00+00:00,2026-07-01 02:00:00+00:00,,,,,,,,
987,7768,49.970348,19.944985,232.77,2026-07-01 02:00:00+00:00,2026-07-01 03:00:00+00:00,,,,,,,,
988,7768,49.970348,19.944985,232.77,2026-07-01 03:00:00+00:00,2026-07-01 04:00:00+00:00,,,,,,,,
989,7768,49.970348,19.944985,232.77,2026-07-01 04:00:00+00:00,2026-07-01 05:00:00+00:00,,,,,,,,
990,7768,49.970348,19.944985,232.77,2026-07-01 05:00:00+00:00,2026-07-01 06:00:00+00:00,,,,,,,,
991,7768,49.970348,19.944985,232.77,2026-07-01 06:00:00+00:00,2026-07-01 07:00:00+00:00,,,,,,,,
992,7768,49.970348,19.944985,232.77,2026-07-01 07:00:00+00:00,2026-07-01 08:00:00+00:00,,,,,,,,
993,7768,49.970348,19.944985,232.77,2026-07-01 08:00:00+00:00,2026-07-01 09:00:00+00:00,,,,,,,,
994,7768,49.970348,19.944985,232.77,2026-07-01 09:00:00+00:00,2026-07-01 10:00:00+00:00,,,,,,,,
995,7768,49.970348,19.944985,232.77,2026-07-01 10:00:00+00:00,2026-07-01 11:00:00+00:00,,,,,,,,
996,7768,49.970348,19.944985,232.77,2026-07-01 11:00:00+00:00,2026-07-01 12:00:00+00:00,,,,,,,,
997,7768,49.970348,19.944985,232.77,2026-07-01 12:00:00+00:00,2026-07-01 13:00:00+00:00,,,,,,,,
998,7768,49.970348,19.944985,232.77,2026-07-01 13:00:00+00:00,2026-07-01 14:00:00+00:00,,,,,,,,
999,7768,49.970348,19.944985,232.77,2026-07-01 14:00:00+00:00,2026-07-01 15:00:00+00:00,,,,,,,,
1000,7768,49.970348,19.944985,232.77,2026-07-01 15:00:00+00:00,2026-07-01 16:00:00+00:00,,,,,,,,
1001,7768,49.970348,19.944985,232.77,2026-07-01 16:00:00+00:00,2026-07-01 17:00:00+00:00,,,,,,,,
1002,7768,49.970348,19.944985,232.77,2026-07-01 17:00:00+00:00,2026-07-01 18:00:00+00:00,,,,,,,,
1003,7768,49.970348,19.944985,232.77,2026-07-01 18:00:00+00:00,2026-07-01 19:00:00+00:00,,,,,,,,
1004,7768,49.970348,19.944985,232.77,2026-07-01 19:00:00+00:00,2026-07-01 20:00:00+00:00,,,,,,,,
1005,7768,49.970348,19.944985,232.77,2026-07-01 20:00:00+00:00,2026-07-01 21:00:00+00:00,,,,,,,,
1006,7768,49.970348,19.944985,232.77,2026-07-01 21:00:00+00:00,2026-07-01 22:00:00+00:00,,,,,,,,
1007,7768,49.970348,19.944985,232.77,2026-07-01 22:00:00+00:00,2026-07-01 23:00:00+00:00,,,,,,,,
1008,86914,50.020586,20.02296,199.94,2026-06-30 23:00:00+00:00,2026-07-01 00:00:00+00:00,11.67,16.47,18.9,1014.61,84.25,22.64,3.96,107.08
1009,86914,50.020586,20.02296,199.94,2026-07-01 00:00:00+00:00,2026-07-01 01:00:00+00:00,11.87,16.89,19.54,1014.33,84.31,21.81,3.69,111.39
1010,86914,50.020586,20.02296,199.94,2026-07-01 01:00:00+00:00,2026-07-01 02:00:00+00:00,11.91,17.2,19.98,1013.8,85.25,21.09,3.42,160.12
1011,86914,50.020586,20.02296,199.94,2026-07-01 02:00:00+00:00,2026-07-01 03:00:00+00:00,12.31,17.78,20.75,1013.28,88.0,20.99,3.55,196.0
1012,86914,50.020586,20.02296,199.94,2026-07-01 03:00:00+00:00,2026-07-01 04:00:00+00:00,12.46,18.19,21.61,1013.41,89.31,20.74,4.34,224.82
1013,86914,50.020586,20.02296,199.94,2026-07-01 04:00:00+00:00,2026-07-01 05:00:00+00:00,14.33,21.12,26.96,1013.45,88.94,21.39,5.32,242.06
1014,86914,50.020586,20.02296,199.94,2026-07-01 05:00:00+00:00,2026-07-01 06:00:00+00:00,16.7,24.89,33.09,1013.48,86.25,22.6,5.57,253.5
1015,86914,50.020586,20.02296,199.94,2026-07-01 06:00:00+00:00,2026-07-01 07:00:00+00:00,16.4,24.14,31.93,1013.75,82.75,24.13,7.1,269.72
1016,86914,50.020586,20.02296,199.94,2026-07-01 07:00:00+00:00,2026-07-01 08:00:00+00:00,16.54,24.25,31.98,1013.47,77.62,25.96,8.87,278.75
1017,86914,50.020586,20.02296,199.94,2026-07-01 08:00:00+00:00,2026-07-01 09:00:00+00:00,14.77,21.44,27.46,1012.78,69.38,27.62,8.56,282.1
1018,86914,50.020586,20.02296,199.94,2026-07-01 09:00:00+00:00,2026-07-01 10:00:00+00:00,13.04,18.7,22.61,1012.58,64.5,29.0,6.22,274.96
1019,86914,50.020586,20.02296,199.94,2026-07-01 10:00:00+00:00,2026-07-01 11:00:00+00:00,13.45,19.46,24.4,1012.14,61.72,29.95,5.2,257.75
1020,86914,50.020586,20.02296,199.94,2026-07-01 11:00:00+00:00,2026-07-01 12:00:00+00:00,13.87,19.74,25.2,1011.4,60.69,30.03,6.03,265.47
1021,86914,50.020586,20.02296,199.94,2026-07-01 12:00:00+00:00,2026-07-01 13:00:00+00:00,14.43,20.67,26.69,1010.73,61.36,30.15,6.13,231.05
1022,86914,50.020586,20.02296,199.94,2026-07-01 13:00:00+00:00,2026-07-01 14:00:00+00:00,13.8,19.88,25.16,1010.12,61.91,30.14,8.41,175.51
1023,86914,50.020586,20.02296,199.94,2026-07-01 14:00:00+00:00,2026-07-01 15:00:00+00:00,14.37,20.89,26.76,1010.11,63.06,29.49,8.7,146.75
1024,86914,50.020586,20.02296,199.94,2026-07-01 15:00:00+00:00,2026-07-01 16:00:00+00:00,10.17,14.55,17.15,1010.32,60.72,28.41,9.16,150.0
1025,86914,50.020586,20.02296,199.94,2026-07-01 16:00:00+00:00,2026-07-01 17:00:00+00:00,4.0,5.76,6.81,1009.81,65.56,25.77,8.14,308.16
1026,86914,50.020586,20.02296,199.94,2026-07-01 17:00:00+00:00,2026-07-01 18:00:00+00:00,4.33,6.22,7.21,1011.03,70.62,24.04,14.33,288.26
1027,86914,50.020586,20.02296,199.94,2026-07-01 18:00:00+00:00,2026-07-01 19:00:00+00:00,7.29,10.58,12.25,1012.65,78.71,22.47,11.49,277.18
1028,86914,50.020586,20.02296,199.94,2026-07-01 19:00:00+00:00,2026-07-01 20:00:00+00:00,8.09,11.74,13.62,1014.52,84.44,21.19,10.25,264.17
1029,86914,50.020586,20.02296,199.94,2026-07-01 20:00:00+00:00,2026-07-01 21:00:00+00:00,8.76,12.81,14.96,1014.69,86.68,20.66,8.88,258.96
1030,86914,50.020586,20.02296,199.94,2026-07-01 21:00:00+00:00,2026-07-01 22:00:00+00:00,9.46,13.73,16.02,1014.32,86.95,20.04,10.69,265.8
1031,86914,50.020586,20.02296,199.94,2026-07-01 22:00:00+00:00,2026-07-01 23:00:00+00:00,8.55,12.26,14.26,1014.06,88.4,19.34,11.13,275.34
1032,82310,49.951021,20.034411,318.89,2026-06-30 23:00:00+00:00,2026-07-01 00:00:00+00:00,10.88,14.81,17.12,1014.71,59.56,22.84,3.97,107.0
1033,82310,49.951021,20.034411,318.89,2026-07-01 00:00:00+00:00,2026-07-01 01:00:00+00:00,11.21,15.48,17.98,1014.37,59.57,22.11,3.81,108.0
1034,82310,49.951021,20.034411,318.89,2026-07-01 01:00:00+00:00,2026-07-01 02:00:00+00:00,11.78,16.2,18.78,1013.86,60.32,21.45,3.47,157.0
1035,82310,49.951021,20.034411,318.89,2026-07-01 02:00:00+00:00,2026-07-01 03:00:00+00:00,12.65,17.7,20.87,1013.26,63.32,21.35,3.55,196.0
1036,82310,49.951021,20.034411,318.89,2026-07-01 03:00:00+00:00,2026-07-01 04:00:00+00:00,13.54,19.18,23.1,1013.36,64.63,21.15,4.34,224.82
1037,82310,49.951021,20.034411,318.89,2026-07-01 04:00:00+00:00,2026-07-01 05:00:00+00:00,13.67,19.49,23.84,1013.53,64.55,21.58,5.32,241.48
1038,82310,49.951021,20.034411,318.89,2026-07-01 05:00:00+00:00,2026-07-01 06:00:00+00:00,15.88,22.85,29.89,1013.53,66.02,22.8,5.52,252.33
1039,82310,49.951021,20.034411,318.89,2026-07-01 06:00:00+00:00,2026-07-01 07:00:00+00:00,15.19,21.6,27.76,1013.81,60.88,24.11,6.88,268.21
1040,82310,49.951021,20.034411,318.89,2026-07-01 07:00:00+00:00,2026-07-01 08:00:00+00:00,15.89,22.5,29.3,1013.72,54.95,26.08,8.87,278.75
1041,82310,49.951021,20.034411,318.89,2026-07-01 08:00:00+00:00,2026-07-01 09:00:00+00:00,14.92,20.86,26.47,1013.08,50.82,28.1,8.56,282.1
1042,82310,49.951021,20.034411,318.89,2026-07-01 09:00:00+00:00,2026-07-01 10:00:00+00:00,14.24,19.5,23.74,1012.69,48.59,30.8,6.22,274.96
1043,82310,49.951021,20.034411,318.89,2026-07-01 10:00:00+00:00,2026-07-01 11:00:00+00:00,14.44,19.38,23.6,1011.92,51.26,32.55,5.2,257.75
1044,82310,49.951021,20.034411,318.89,2026-07-01 11:00:00+00:00,2026-07-01 12:00:00+00:00,14.36,19.1,23.03,1011.11,54.82,32.9,6.03,265.47
1045,82310,49.951021,20.034411,318.89,2026-07-01 12:00:00+00:00,2026-07-01 13:00:00+00:00,14.39,19.37,23.35,1010.7,49.12,32.11,6.13,231.05
1046,82310,49.951021,20.034411,318.89,2026-07-01 13:00:00+00:00,2026-07-01 14:00:00+00:00,14.51,19.67,23.96,1010.28,46.45,30.99,8.41,175.51
1047,82310,49.951021,20.034411,318.89,2026-07-01 14:00:00+00:00,2026-07-01 15:00:00+00:00,15.13,20.81,26.21,1010.46,47.08,29.88,8.7,146.75
1048,82310,49.951021,20.034411,318.89,2026-07-01 15:00:00+00:00,2026-07-01 16:00:00+00:00,9.62,12.76,15.09,1010.59,47.51,28.44,9.16,150.0
1049,82310,49.951021,20.034411,318.89,2026-07-01 16:00:00+00:00,2026-07-01 17:00:00+00:00,3.96,5.39,6.38,1009.87,52.96,25.73,8.0,307.96
1050,82310,49.951021,20.034411,318.89,2026-07-01 17:00:00+00:00,2026-07-01 18:00:00+00:00,4.53,6.09,7.25,1011.02,56.01,24.25,13.85,289.6
1051,82310,49.951021,20.034411,318.89,2026-07-01 18:00:00+00:00,2026-07-01 19:00:00+00:00,5.66,7.75,9.19,1012.48,58.39,22.59,11.78,278.29
1052,82310,49.951021,20.034411,318.89,2026-07-01 19:00:00+00:00,2026-07-01 20:00:00+00:00,6.51,9.15,10.78,1014.36,62.21,21.6,10.32,265.33
1053,82310,49.951021,20.034411,318.89,2026-07-01 20:00:00+00:00,2026-07-01 21:00:00+00:00,7.27,10.18,12.03,1014.43,84.97,21.01,8.88,258.96
1054,82310,49.951021,20.034411,318.89,2026-07-01 21:00:00+00:00,2026-07-01 22:00:00+00:00,8.42,11.75,13.98,1014.02,87.12,20.13,10.69,265.8
1055,82310,49.951021,20.034411,318.89,2026-07-01 22:00:00+00:00,2026-07-01 23:00:00+00:00,8.27,11.76,13.73,1013.76,88.34,19.27,11.13,275.34
1056,31100,50.171269,19.834547,388.05,2026-06-30 23:00:00+00:00,2026-07-01 00:00:00+00:00,,,,,,,,
1057,31100,50.171269,19.834547,388.05,2026-07-01 00:00:00+00:00,2026-07-01 01:00:00+00:00,,,,,,,,
1058,31100,50.171269,19.834547,388.05,2026-07-01 01:00:00+00:00,2026-07-01 02:00:00+00:00,,,,,,,,
1059,31100,50.171269,19.834547,388.05,2026-07-01 02:00:00+00:00,2026-07-01 03:00:00+00:00,,,,,,,,
1060,31100,50.171269,19.834547,388.05,2026-07-01 03:00:00+00:00,2026-07-01 04:00:00+00:00,,,,,,,,
1061,31100,50.171269,19.834547,388.05,2026-07-01 04:00:00+00:00,2026-07-01 05:00:00+00:00,,,,,,,,
1062,31100,50.171269,19.834547,388.05,2026-07-01 05:00:00+00:00,2026-07-01 06:00:00+00:00,,,,,,,,
1063,31100,50.171269,19.834547,388.05,2026-07-01 06:00:00+00:00,2026-07-01 07:00:00+00:00,,,,,,,,
1064,31100,50.171269,19.834547,388.05,2026-07-01 07:00:00+00:00,2026-07-01 08:00:00+00:00,,,,,,,,
1065,31100,50.171269,19.834547,388.05,2026-07-01 08:00:00+00:00,2026-07-01 09:00:00+00:00,,,,,,,,
1066,31100,50.171269,19.834547,388.05,2026-07-01 09:00:00+00:00,2026-07-01 10:00:00+00:00,,,,,,,,
1067,31100,50.171269,19.834547,388.05,2026-07-01 10:00:00+00:00,2026-07-01 11:00:00+00:00,,,,,,,,
1068,31100,50.171269,19.834547,388.05,2026-07-01 11:00:00+00:00,2026-07-01 12:00:00+00:00,,,,,,,,
1069,31100,50.171269,19.834547,388.05,2026-07-01 12:00:00+00:00,2026-07-01 13:00:00+00:00,,,,,,,,
1070,31100,50.171269,19.834547,388.05,2026-07-01 13:00:00+00:00,2026-07-01 14:00:00+00:00,,,,,,,,
1071,31100,50.171269,19.834547,388.05,2026-07-01 14:00:00+00:00,2026-07-01 15:00:00+00:00,,,,,,,,
1072,31100,50.171269,19.834547,388.05,2026-07-01 15:00:00+00:00,2026-07-01 16:00:00+00:00,,,,,,,,
1073,31100,50.171269,19.834547,388.05,2026-07-01 16:00:00+00:00,2026-07-01 17:00:00+00:00,,,,,,,,
1074,31100,50.171269,19.834547,388.05,2026-07-01 17:00:00+00:00,2026-07-01 18:00:00+00:00,,,,,,,,
1075,31100,50.171269,19.834547,388.05,2026-07-01 18:00:00+00:00,2026-07-01 19:00:00+00:00,,,,,,,,
1076,31100,50.171269,19.834547,388.05,2026-07-01 19:00:00+00:00,2026-07-01 20:00:00+00:00,,,,,,,,
1077,31100,50.171269,19.834547,388.05,2026-07-01 20:00:00+00:00,2026-07-01 21:00:00+00:00,,,,,,,,
1078,31100,50.171269,19.834547,388.05,2026-07-01 21:00:00+00:00,2026-07-01 22:00:00+00:00,,,,,,,,
1079,31100,50.171269,19.834547,388.05,2026-07-01 22:00:00+00:00,2026-07-01 23:00:00+00:00,,,,,,,,
1080,6147,50.133579,19.905573,242.98,2026-06-30 23:00:00+00:00,2026-07-01 00:00:00+00:00,12.82,19.26,23.67,1016.6,74.51,22.5,,
1081,6147,50.133579,19.905573,242.98,2026-07-01 00:00:00+00:00,2026-07-01 01:00:00+00:00,11.94,18.09,21.34,1016.34,75.04,21.94,,
1082,6147,50.133579,19.905573,242.98,2026-07-01 01:00:00+00:00,2026-07-01 02:00:00+00:00,12.34,18.82,22.56,1015.72,76.98,21.58,,
1083,6147,50.133579,19.905573,242.98,2026-07-01 02:00:00+00:00,2026-07-01 03:00:00+00:00,12.53,19.17,23.31,1015.29,79.57,20.93,,
1084,6147,50.133579,19.905573,242.98,2026-07-01 03:00:00+00:00,2026-07-01 04:00:00+00:00,13.17,19.93,24.89,1015.28,81.86,20.86,,
1085,6147,50.133579,19.905573,242.98,2026-07-01 04:00:00+00:00,2026-07-01 05:00:00+00:00,13.09,19.82,25.18,1015.22,81.47,23.56,,
1086,6147,50.133579,19.905573,242.98,2026-07-01 05:00:00+00:00,2026-07-01 06:00:00+00:00,13.98,21.09,26.69,1015.26,78.96,25.37,,
1087,6147,50.133579,19.905573,242.98,2026-07-01 06:00:00+00:00,2026-07-01 07:00:00+00:00,16.8,25.38,33.55,1015.58,72.89,26.53,,
1088,6147,50.133579,19.905573,242.98,2026-07-01 07:00:00+00:00,2026-07-01 08:00:00+00:00,14.29,21.94,28.87,1015.28,67.72,27.59,,
1089,6147,50.133579,19.905573,242.98,2026-07-01 08:00:00+00:00,2026-07-01 09:00:00+00:00,12.18,18.47,22.38,1014.7,63.67,29.29,,
1090,6147,50.133579,19.905573,242.98,2026-07-01 09:00:00+00:00,2026-07-01 10:00:00+00:00,9.46,14.36,16.61,1014.59,58.55,30.61,,
1091,6147,50.133579,19.905573,242.98,2026-07-01 10:00:00+00:00,2026-07-01 11:00:00+00:00,10.94,16.72,19.75,1014.24,56.25,31.33,,
1092,6147,50.133579,19.905573,242.98,2026-07-01 11:00:00+00:00,2026-07-01 12:00:00+00:00,13.16,19.86,24.67,1013.61,55.92,31.16,,
1093,6147,50.133579,19.905573,242.98,2026-07-01 12:00:00+00:00,2026-07-01 13:00:00+00:00,13.71,20.44,25.44,1012.97,54.89,31.06,,
1094,6147,50.133579,19.905573,242.98,2026-07-01 13:00:00+00:00,2026-07-01 14:00:00+00:00,14.35,21.61,27.42,1012.37,53.36,31.3,,
1095,6147,50.133579,19.905573,242.98,2026-07-01 14:00:00+00:00,2026-07-01 15:00:00+00:00,14.89,22.69,29.39,1012.27,58.39,29.82,,
1096,6147,50.133579,19.905573,242.98,2026-07-01 15:00:00+00:00,2026-07-01 16:00:00+00:00,11.46,17.71,21.39,1012.4,59.51,28.46,,
1097,6147,50.133579,19.905573,242.98,2026-07-01 16:00:00+00:00,2026-07-01 17:00:00+00:00,6.46,10.41,12.04,1012.31,62.36,26.64,,
1098,6147,50.133579,19.905573,242.98,2026-07-01 17:00:00+00:00,2026-07-01 18:00:00+00:00,6.31,10.19,11.88,1012.56,66.32,24.59,,
1099,6147,50.133579,19.905573,242.98,2026-07-01 18:00:00+00:00,2026-07-01 19:00:00+00:00,6.87,11.03,13.0,1014.21,70.8,22.97,,
1100,6147,50.133579,19.905573,242.98,2026-07-01 19:00:00+00:00,2026-07-01 20:00:00+00:00,5.77,9.17,10.64,1015.91,74.02,22.23,,
1101,6147,50.133579,19.905573,242.98,2026-07-01 20:00:00+00:00,2026-07-01 21:00:00+00:00,7.2,11.55,13.5,1016.49,76.64,21.55,,
1102,6147,50.133579,19.905573,242.98,2026-07-01 21:00:00+00:00,2026-07-01 22:00:00+00:00,8.54,13.86,16.04,1016.19,77.5,20.5,,
1103,6147,50.133579,19.905573,242.98,2026-07-01 22:00:00+00:00,2026-07-01 23:00:00+00:00,7.72,12.48,14.45,1015.71,79.23,19.81,,
1104,32871,50.134081,19.8415,294.6,2026-06-30 23:00:00+00:00,2026-07-01 00:00:00+00:00,10.43,15.23,17.36,1013.96,83.38,22.16,4.98,90.9
1105,32871,50.134081,19.8415,294.6,2026-07-01 00:00:00+00:00,2026-07-01 01:00:00+00:00,11.27,16.65,19.0,1013.63,84.88,22.07,4.25,98.23
1106,32871,50.134081,19.8415,294.6,2026-07-01 01:00:00+00:00,2026-07-01 02:00:00+00:00,11.67,17.12,19.7,1012.92,86.38,21.7,2.77,113.89
1107,32871,50.134081,19.8415,294.6,2026-07-01 02:00:00+00:00,2026-07-01 03:00:00+00:00,12.25,18.17,21.07,1012.53,87.88,20.93,2.68,182.52
1108,32871,50.134081,19.8415,294.6,2026-07-01 03:00:00+00:00,2026-07-01 04:00:00+00:00,12.45,18.35,21.48,1012.54,89.75,20.57,4.6,243.47
1109,32871,50.134081,19.8415,294.6,2026-07-01 04:00:00+00:00,2026-07-01 05:00:00+00:00,12.68,18.88,22.22,1012.5,87.57,21.63,5.5,245.07
1110,32871,50.134081,19.8415,294.6,2026-07-01 05:00:00+00:00,2026-07-01 06:00:00+00:00,14.16,21.44,26.93,1012.6,87.0,22.99,5.77,255.09
1111,32871,50.134081,19.8415,294.6,2026-07-01 06:00:00+00:00,2026-07-01 07:00:00+00:00,16.81,25.58,33.68,1012.93,83.38,24.61,8.16,269.35
1112,32871,50.134081,19.8415,294.6,2026-07-01 07:00:00+00:00,2026-07-01 08:00:00+00:00,12.49,18.23,22.02,1012.48,69.92,26.99,9.26,278.6
1113,32871,50.134081,19.8415,294.6,2026-07-01 08:00:00+00:00,2026-07-01 09:00:00+00:00,9.57,13.14,14.64,1011.67,69.36,31.06,7.97,282.41
1114,32871,50.134081,19.8415,294.6,2026-07-01 09:00:00+00:00,2026-07-01 10:00:00+00:00,8.71,11.57,12.88,1011.35,49.21,33.31,5.51,283.0
1115,32871,50.134081,19.8415,294.6,2026-07-01 10:00:00+00:00,2026-07-01 11:00:00+00:00,8.51,11.55,12.87,1011.24,47.22,32.96,4.07,277.45
1116,32871,50.134081,19.8415,294.6,2026-07-01 11:00:00+00:00,2026-07-01 12:00:00+00:00,10.18,13.89,15.5,1010.56,46.38,32.97,5.84,291.15
1117,32871,50.134081,19.8415,294.6,2026-07-01 12:00:00+00:00,2026-07-01 13:00:00+00:00,12.0,17.08,19.23,1010.0,46.81,31.67,6.71,288.78
1118,32871,50.134081,19.8415,294.6,2026-07-01 13:00:00+00:00,2026-07-01 14:00:00+00:00,13.0,18.71,21.73,1009.42,46.89,31.31,8.01,163.14
1119,32871,50.134081,19.8415,294.6,2026-07-01 14:00:00+00:00,2026-07-01 15:00:00+00:00,13.39,19.52,23.42,1009.55,47.39,29.9,9.73,144.5
1120,32871,50.134081,19.8415,294.6,2026-07-01 15:00:00+00:00,2026-07-01 16:00:00+00:00,8.77,12.66,14.51,1009.69,50.95,27.86,10.06,162.36
1121,32871,50.134081,19.8415,294.6,2026-07-01 16:00:00+00:00,2026-07-01 17:00:00+00:00,5.51,8.26,9.67,1009.74,69.9,25.79,3.85,282.54
1122,32871,50.134081,19.8415,294.6,2026-07-01 17:00:00+00:00,2026-07-01 18:00:00+00:00,5.63,8.54,9.98,1009.9,62.52,23.45,12.01,291.37
1123,32871,50.134081,19.8415,294.6,2026-07-01 18:00:00+00:00,2026-07-01 19:00:00+00:00,5.54,8.31,9.67,1011.57,58.76,22.38,11.36,266.37
1124,32871,50.134081,19.8415,294.6,2026-07-01 19:00:00+00:00,2026-07-01 20:00:00+00:00,5.61,8.53,9.79,1013.34,81.41,21.77,9.84,258.2
1125,32871,50.134081,19.8415,294.6,2026-07-01 20:00:00+00:00,2026-07-01 21:00:00+00:00,7.12,10.93,12.64,1014.1,75.18,21.09,10.12,265.52
1126,32871,50.134081,19.8415,294.6,2026-07-01 21:00:00+00:00,2026-07-01 22:00:00+00:00,7.61,11.44,13.38,1013.8,73.78,20.08,10.5,268.0
1127,32871,50.134081,19.8415,294.6,2026-07-01 22:00:00+00:00,2026-07-01 23:00:00+00:00,6.74,10.01,11.75,1013.33,74.34,19.37,10.63,273.3
1128,86800,49.99848,19.902375,243.07,2026-06-30 23:00:00+00:00,2026-07-01 00:00:00+00:00,,,,,,,,
1129,86800,49.99848,19.902375,243.07,2026-07-01 00:00:00+00:00,2026-07-01 01:00:00+00:00,,,,,,,,
1130,86800,49.99848,19.902375,243.07,2026-07-01 01:00:00+00:00,2026-07-01 02:00:00+00:00,,,,,,,,
1131,86800,49.99848,19.902375,243.07,2026-07-01 02:00:00+00:00,2026-07-01 03:00:00+00:00,,,,,,,,
1132,86800,49.99848,19.902375,243.07,2026-07-01 03:00:00+00:00,2026-07-01 04:00:00+00:00,,,,,,,,
1133,86800,49.99848,19.902375,243.07,2026-07-01 04:00:00+00:00,2026-07-01 05:00:00+00:00,,,,,,,,
1134,86800,49.99848,19.902375,243.07,2026-07-01 05:00:00+00:00,2026-07-01 06:00:00+00:00,,,,,,,,
1135,86800,49.99848,19.902375,243.07,2026-07-01 06:00:00+00:00,2026-07-01 07:00:00+00:00,,,,,,,,
1136,86800,49.99848,19.902375,243.07,2026-07-01 07:00:00+00:00,2026-07-01 08:00:00+00:00,,,,,,,,
1137,86800,49.99848,19.902375,243.07,2026-07-01 08:00:00+00:00,2026-07-01 09:00:00+00:00,,,,,,,,
1138,86800,49.99848,19.902375,243.07,2026-07-01 09:00:00+00:00,2026-07-01 10:00:00+00:00,,,,,,,,
1139,86800,49.99848,19.902375,243.07,2026-07-01 10:00:00+00:00,2026-07-01 11:00:00+00:00,,,,,,,,
1140,86800,49.99848,19.902375,243.07,2026-07-01 11:00:00+00:00,2026-07-01 12:00:00+00:00,,,,,,,,
1141,86800,49.99848,19.902375,243.07,2026-07-01 12:00:00+00:00,2026-07-01 13:00:00+00:00,,,,,,,,
1142,86800,49.99848,19.902375,243.07,2026-07-01 13:00:00+00:00,2026-07-01 14:00:00+00:00,,,,,,,,
1143,86800,49.99848,19.902375,243.07,2026-07-01 14:00:00+00:00,2026-07-01 15:00:00+00:00,,,,,,,,
1144,86800,49.99848,19.902375,243.07,2026-07-01 15:00:00+00:00,2026-07-01 16:00:00+00:00,,,,,,,,
1145,86800,49.99848,19.902375,243.07,2026-07-01 16:00:00+00:00,2026-07-01 17:00:00+00:00,,,,,,,,
1146,86800,49.99848,19.902375,243.07,2026-07-01 17:00:00+00:00,2026-07-01 18:00:00+00:00,,,,,,,,
1147,86800,49.99848,19.902375,243.07,2026-07-01 18:00:00+00:00,2026-07-01 19:00:00+00:00,,,,,,,,
1148,86800,49.99848,19.902375,243.07,2026-07-01 19:00:00+00:00,2026-07-01 20:00:00+00:00,,,,,,,,
1149,86800,49.99848,19.902375,243.07,2026-07-01 20:00:00+00:00,2026-07-01 21:00:00+00:00,,,,,,,,
1150,86800,49.99848,19.902375,243.07,2026-07-01 21:00:00+00:00,2026-07-01 22:00:00+00:00,,,,,,,,
1151,86800,49.99848,19.902375,243.07,2026-07-01 22:00:00+00:00,2026-07-01 23:00:00+00:00,,,,,,,,
1152,615,50.15202,19.803083,346.38,2026-06-30 23:00:00+00:00,2026-07-01 00:00:00+00:00,12.65,17.83,20.78,1013.63,83.7,23.69,5.09,89.85
1153,615,50.15202,19.803083,346.38,2026-07-01 00:00:00+00:00,2026-07-01 01:00:00+00:00,13.26,18.78,22.38,1013.46,85.0,23.49,4.52,96.0
1154,615,50.15202,19.803083,346.38,2026-07-01 01:00:00+00:00,2026-07-01 02:00:00+00:00,13.7,19.54,23.79,1012.76,86.23,22.93,2.8,111.69
1155,615,50.15202,19.803083,346.38,2026-07-01 02:00:00+00:00,2026-07-01 03:00:00+00:00,14.37,20.71,25.94,1012.39,88.31,22.19,2.82,190.15
1156,615,50.15202,19.803083,346.38,2026-07-01 03:00:00+00:00,2026-07-01 04:00:00+00:00,14.82,21.42,27.33,1012.43,90.52,21.69,4.43,238.45
1157,615,50.15202,19.803083,346.38,2026-07-01 04:00:00+00:00,2026-07-01 05:00:00+00:00,14.93,21.46,27.43,1012.24,90.42,22.81,5.46,246.59
1158,615,50.15202,19.803083,346.38,2026-07-01 05:00:00+00:00,2026-07-01 06:00:00+00:00,16.36,23.84,31.16,1012.35,86.62,24.35,5.7,255.39
1159,615,50.15202,19.803083,346.38,2026-07-01 06:00:00+00:00,2026-07-01 07:00:00+00:00,18.1,26.51,35.21,1012.73,83.64,25.72,7.02,266.21
1160,615,50.15202,19.803083,346.38,2026-07-01 07:00:00+00:00,2026-07-01 08:00:00+00:00,14.83,21.17,26.56,1012.33,80.23,27.12,9.33,274.34
1161,615,50.15202,19.803083,346.38,2026-07-01 08:00:00+00:00,2026-07-01 09:00:00+00:00,13.34,18.77,22.21,1011.77,77.0,28.74,8.38,276.48
1162,615,50.15202,19.803083,346.38,2026-07-01 09:00:00+00:00,2026-07-01 10:00:00+00:00,12.33,17.16,19.66,1011.65,72.74,30.48,5.72,281.45
1163,615,50.15202,19.803083,346.38,2026-07-01 10:00:00+00:00,2026-07-01 11:00:00+00:00,12.27,17.1,19.52,1011.42,69.74,31.36,4.53,283.38
1164,615,50.15202,19.803083,346.38,2026-07-01 11:00:00+00:00,2026-07-01 12:00:00+00:00,13.31,18.82,22.2,1010.72,69.53,31.37,5.76,286.62
1165,615,50.15202,19.803083,346.38,2026-07-01 12:00:00+00:00,2026-07-01 13:00:00+00:00,14.22,20.2,24.72,1010.1,69.44,31.34,2.43,294.72
1166,615,50.15202,19.803083,346.38,2026-07-01 13:00:00+00:00,2026-07-01 14:00:00+00:00,14.98,21.16,26.56,1009.64,67.35,31.8,8.12,111.0
1167,615,50.15202,19.803083,346.38,2026-07-01 14:00:00+00:00,2026-07-01 15:00:00+00:00,15.62,22.34,28.69,1009.83,71.28,30.24,8.63,137.08
1168,615,50.15202,19.803083,346.38,2026-07-01 15:00:00+00:00,2026-07-01 16:00:00+00:00,10.77,14.89,17.0,1009.79,68.9,28.94,11.13,166.32
1169,615,50.15202,19.803083,346.38,2026-07-01 16:00:00+00:00,2026-07-01 17:00:00+00:00,6.72,9.08,10.44,1009.81,73.82,26.93,5.26,331.27
1170,615,50.15202,19.803083,346.38,2026-07-01 17:00:00+00:00,2026-07-01 18:00:00+00:00,7.49,10.3,11.9,1009.8,79.5,24.73,14.75,289.75
1171,615,50.15202,19.803083,346.38,2026-07-01 18:00:00+00:00,2026-07-01 19:00:00+00:00,7.05,9.8,11.34,1011.33,83.05,23.61,11.22,258.77
1172,615,50.15202,19.803083,346.38,2026-07-01 19:00:00+00:00,2026-07-01 20:00:00+00:00,7.38,10.2,11.81,1013.06,84.05,23.37,10.73,256.2
1173,615,50.15202,19.803083,346.38,2026-07-01 20:00:00+00:00,2026-07-01 21:00:00+00:00,8.37,11.56,13.38,1013.81,86.55,22.7,9.97,266.87
1174,615,50.15202,19.803083,346.38,2026-07-01 21:00:00+00:00,2026-07-01 22:00:00+00:00,9.1,12.71,14.74,1013.55,87.25,21.62,10.52,265.0
1175,615,50.15202,19.803083,346.38,2026-07-01 22:00:00+00:00,2026-07-01 23:00:00+00:00,8.39,11.56,13.37,1013.01,88.73,20.9,10.88,271.9
1176,811,50.056786,19.772648,219.47,2026-06-30 23:00:00+00:00,2026-07-01 00:00:00+00:00,10.72,14.47,16.87,1013.63,83.36,23.34,4.99,90.89
1177,811,50.056786,19.772648,219.47,2026-07-01 00:00:00+00:00,2026-07-01 01:00:00+00:00,11.17,15.13,17.63,1013.48,84.86,23.08,4.26,98.15
1178,811,50.056786,19.772648,219.47,2026-07-01 01:00:00+00:00,2026-07-01 02:00:00+00:00,11.69,16.23,19.03,1012.87,86.32,22.44,2.83,112.98
1179,811,50.056786,19.772648,219.47,2026-07-01 02:00:00+00:00,2026-07-01 03:00:00+00:00,12.06,17.1,20.19,1012.6,87.82,21.56,2.62,180.31
1180,811,50.056786,19.772648,219.47,2026-07-01 03:00:00+00:00,2026-07-01 04:00:00+00:00,12.47,18.01,21.65,1012.69,90.64,21.21,4.48,242.22
1181,811,50.056786,19.772648,219.47,2026-07-01 04:00:00+00:00,2026-07-01 05:00:00+00:00,13.31,19.15,24.26,1012.25,89.68,23.87,5.48,245.11
1182,811,50.056786,19.772648,219.47,2026-07-01 05:00:00+00:00,2026-07-01 06:00:00+00:00,13.26,18.16,22.79,1011.58,86.92,28.81,5.78,255.41
1183,811,50.056786,19.772648,219.47,2026-07-01 06:00:00+00:00,2026-07-01 07:00:00+00:00,13.93,19.57,24.8,1012.31,83.27,28.52,8.25,269.64
1184,811,50.056786,19.772648,219.47,2026-07-01 07:00:00+00:00,2026-07-01 08:00:00+00:00,12.85,18.02,21.71,1012.13,80.2,28.27,9.27,278.73
1185,811,50.056786,19.772648,219.47,2026-07-01 08:00:00+00:00,2026-07-01 09:00:00+00:00,12.45,17.3,20.35,1011.44,77.25,30.03,7.97,282.41
1186,811,50.056786,19.772648,219.47,2026-07-01 09:00:00+00:00,2026-07-01 10:00:00+00:00,11.59,15.63,18.07,1011.31,73.63,31.23,5.51,283.0
1187,811,50.056786,19.772648,219.47,2026-07-01 10:00:00+00:00,2026-07-01 11:00:00+00:00,11.43,15.58,18.09,1010.81,71.77,32.27,4.08,277.58
1188,811,50.056786,19.772648,219.47,2026-07-01 11:00:00+00:00,2026-07-01 12:00:00+00:00,11.58,15.85,18.3,1010.13,70.89,31.84,5.79,290.93
1189,811,50.056786,19.772648,219.47,2026-07-01 12:00:00+00:00,2026-07-01 13:00:00+00:00,12.53,17.73,21.12,1009.46,71.36,31.43,6.71,288.85
1190,811,50.056786,19.772648,219.47,2026-07-01 13:00:00+00:00,2026-07-01 14:00:00+00:00,13.59,19.42,24.02,1009.07,71.5,31.45,7.75,164.03
1191,811,50.056786,19.772648,219.47,2026-07-01 14:00:00+00:00,2026-07-01 15:00:00+00:00,14.03,19.97,25.16,1009.24,71.79,31.03,10.01,150.7
1192,811,50.056786,19.772648,219.47,2026-07-01 15:00:00+00:00,2026-07-01 16:00:00+00:00,,,,,,,,
1193,811,50.056786,19.772648,219.47,2026-07-01 16:00:00+00:00,2026-07-01 17:00:00+00:00,,,,,,,,
1194,811,50.056786,19.772648,219.47,2026-07-01 17:00:00+00:00,2026-07-01 18:00:00+00:00,,,,,,,,
1195,811,50.056786,19.772648,219.47,2026-07-01 18:00:00+00:00,2026-07-01 19:00:00+00:00,,,,,,,,
1196,811,50.056786,19.772648,219.47,2026-07-01 19:00:00+00:00,2026-07-01 20:00:00+00:00,,,,,,,,
1197,811,50.056786,19.772648,219.47,2026-07-01 20:00:00+00:00,2026-07-01 21:00:00+00:00,,,,,,,,
1198,811,50.056786,19.772648,219.47,2026-07-01 21:00:00+00:00,2026-07-01 22:00:00+00:00,,,,,,,,
1199,811,50.056786,19.772648,219.47,2026-07-01 22:00:00+00:00,2026-07-01 23:00:00+00:00,,,,,,,,
1200,13209,50.17268,19.91511,337.94,2026-06-30 23:00:00+00:00,2026-07-01 00:00:00+00:00,,,,,,,,
1201,13209,50.17268,19.91511,337.94,2026-07-01 00:00:00+00:00,2026-07-01 01:00:00+00:00,,,,,,,,
1202,13209,50.17268,19.91511,337.94,2026-07-01 01:00:00+00:00,2026-07-01 02:00:00+00:00,,,,,,,,
1203,13209,50.17268,19.91511,337.94,2026-07-01 02:00:00+00:00,2026-07-01 03:00:00+00:00,,,,,,,,
1204,13209,50.17268,19.91511,337.94,2026-07-01 03:00:00+00:00,2026-07-01 04:00:00+00:00,,,,,,,,
1205,13209,50.17268,19.91511,337.94,2026-07-01 04:00:00+00:00,2026-07-01 05:00:00+00:00,,,,,,,,
1206,13209,50.17268,19.91511,337.94,2026-07-01 05:00:00+00:00,2026-07-01 06:00:00+00:00,,,,,,,,
1207,13209,50.17268,19.91511,337.94,2026-07-01 06:00:00+00:00,2026-07-01 07:00:00+00:00,,,,,,,,
1208,13209,50.17268,19.91511,337.94,2026-07-01 07:00:00+00:00,2026-07-01 08:00:00+00:00,,,,,,,,
1209,13209,50.17268,19.91511,337.94,2026-07-01 08:00:00+00:00,2026-07-01 09:00:00+00:00,,,,,,,,
1210,13209,50.17268,19.91511,337.94,2026-07-01 09:00:00+00:00,2026-07-01 10:00:00+00:00,,,,,,,,
1211,13209,50.17268,19.91511,337.94,2026-07-01 10:00:00+00:00,2026-07-01 11:00:00+00:00,,,,,,,,
1212,13209,50.17268,19.91511,337.94,2026-07-01 11:00:00+00:00,2026-07-01 12:00:00+00:00,,,,,,,,
1213,13209,50.17268,19.91511,337.94,2026-07-01 12:00:00+00:00,2026-07-01 13:00:00+00:00,,,,,,,,
1214,13209,50.17268,19.91511,337.94,2026-07-01 13:00:00+00:00,2026-07-01 14:00:00+00:00,,,,,,,,
1215,13209,50.17268,19.91511,337.94,2026-07-01 14:00:00+00:00,2026-07-01 15:00:00+00:00,,,,,,,,
1216,13209,50.17268,19.91511,337.94,2026-07-01 15:00:00+00:00,2026-07-01 16:00:00+00:00,,,,,,,,
1217,13209,50.17268,19.91511,337.94,2026-07-01 16:00:00+00:00,2026-07-01 17:00:00+00:00,,,,,,,,
1218,13209,50.17268,19.91511,337.94,2026-07-01 17:00:00+00:00,2026-07-01 18:00:00+00:00,,,,,,,,
1219,13209,50.17268,19.91511,337.94,2026-07-01 18:00:00+00:00,2026-07-01 19:00:00+00:00,,,,,,,,
1220,13209,50.17268,19.91511,337.94,2026-07-01 19:00:00+00:00,2026-07-01 20:00:00+00:00,,,,,,,,
1221,13209,50.17268,19.91511,337.94,2026-07-01 20:00:00+00:00,2026-07-01 21:00:00+00:00,,,,,,,,
1222,13209,50.17268,19.91511,337.94,2026-07-01 21:00:00+00:00,2026-07-01 22:00:00+00:00,,,,,,,,
1223,13209,50.17268,19.91511,337.94,2026-07-01 22:00:00+00:00,2026-07-01 23:00:00+00:00,,,,,,,,
1224,86905,50.108024,19.896124,227.17,2026-06-30 23:00:00+00:00,2026-07-01 00:00:00+00:00,10.85,15.54,17.74,1012.85,59.18,22.64,4.77,99.61
1225,86905,50.108024,19.896124,227.17,2026-07-01 00:00:00+00:00,2026-07-01 01:00:00+00:00,11.07,16.02,18.31,1012.64,59.56,22.1,4.01,105.86
1226,86905,50.108024,19.896124,227.17,2026-07-01 01:00:00+00:00,2026-07-01 02:00:00+00:00,11.5,16.76,19.37,1012.01,61.43,21.7,3.03,118.03
1227,86905,50.108024,19.896124,227.17,2026-07-01 02:00:00+00:00,2026-07-01 03:00:00+00:00,11.98,17.69,20.55,1011.57,63.68,21.01,2.93,188.81
1228,86905,50.108024,19.896124,227.17,2026-07-01 03:00:00+00:00,2026-07-01 04:00:00+00:00,12.11,18.0,21.18,1011.61,65.33,20.96,4.72,235.47
1229,86905,50.108024,19.896124,227.17,2026-07-01 04:00:00+00:00,2026-07-01 05:00:00+00:00,12.42,18.43,21.67,1011.56,64.38,22.6,5.44,241.68
1230,86905,50.108024,19.896124,227.17,2026-07-01 05:00:00+00:00,2026-07-01 06:00:00+00:00,13.76,20.8,26.08,1011.63,62.37,23.43,5.93,250.6
1231,86905,50.108024,19.896124,227.17,2026-07-01 06:00:00+00:00,2026-07-01 07:00:00+00:00,15.58,23.62,30.82,1011.91,57.58,25.21,7.76,269.51
1232,86905,50.108024,19.896124,227.17,2026-07-01 07:00:00+00:00,2026-07-01 08:00:00+00:00,15.09,22.67,29.13,1011.6,54.32,26.5,9.23,277.33
1233,86905,50.108024,19.896124,227.17,2026-07-01 08:00:00+00:00,2026-07-01 09:00:00+00:00,12.27,18.0,21.0,1011.0,51.58,28.12,8.39,277.61
1234,86905,50.108024,19.896124,227.17,2026-07-01 09:00:00+00:00,2026-07-01 10:00:00+00:00,9.57,13.63,15.61,1010.82,62.6,29.65,5.95,277.82
1235,86905,50.108024,19.896124,227.17,2026-07-01 10:00:00+00:00,2026-07-01 11:00:00+00:00,10.31,14.62,16.69,1010.45,70.5,30.44,4.94,267.81
1236,86905,50.108024,19.896124,227.17,2026-07-01 11:00:00+00:00,2026-07-01 12:00:00+00:00,12.16,17.81,20.64,1009.76,70.0,30.44,6.1,281.41
1237,86905,50.108024,19.896124,227.17,2026-07-01 12:00:00+00:00,2026-07-01 13:00:00+00:00,13.35,19.7,24.02,1009.07,68.75,30.63,2.44,327.03
1238,86905,50.108024,19.896124,227.17,2026-07-01 13:00:00+00:00,2026-07-01 14:00:00+00:00,14.0,20.72,25.72,1008.45,68.0,30.97,7.04,112.52
1239,86905,50.108024,19.896124,227.17,2026-07-01 14:00:00+00:00,2026-07-01 15:00:00+00:00,13.66,20.37,25.26,1008.45,57.05,29.74,8.91,157.54
1240,86905,50.108024,19.896124,227.17,2026-07-01 15:00:00+00:00,2026-07-01 16:00:00+00:00,9.62,14.14,16.21,1008.66,54.51,28.16,6.36,170.32
1241,86905,50.108024,19.896124,227.17,2026-07-01 16:00:00+00:00,2026-07-01 17:00:00+00:00,4.93,7.17,8.25,1008.59,74.18,26.26,8.73,299.44
1242,86905,50.108024,19.896124,227.17,2026-07-01 17:00:00+00:00,2026-07-01 18:00:00+00:00,6.27,9.18,10.6,1008.99,55.2,24.31,12.3,288.72
1243,86905,50.108024,19.896124,227.17,2026-07-01 18:00:00+00:00,2026-07-01 19:00:00+00:00,6.32,9.22,10.69,1010.72,58.78,22.99,11.44,266.21
1244,86905,50.108024,19.896124,227.17,2026-07-01 19:00:00+00:00,2026-07-01 20:00:00+00:00,6.33,9.28,10.72,1012.45,61.03,22.26,10.27,260.0
1245,86905,50.108024,19.896124,227.17,2026-07-01 20:00:00+00:00,2026-07-01 21:00:00+00:00,7.34,10.84,12.56,1013.07,62.28,21.63,9.4,261.64
1246,86905,50.108024,19.896124,227.17,2026-07-01 21:00:00+00:00,2026-07-01 22:00:00+00:00,7.96,11.83,13.68,1012.81,65.81,20.57,10.56,265.42
1247,86905,50.108024,19.896124,227.17,2026-07-01 22:00:00+00:00,2026-07-01 23:00:00+00:00,7.59,11.34,13.15,1012.4,76.1,19.76,11.01,273.53
1248,33052,50.116436,19.801319,232.93,2026-06-30 23:00:00+00:00,2026-07-01 00:00:00+00:00,9.58,12.62,14.07,1013.44,74.02,22.84,4.98,90.9
1249,33052,50.116436,19.801319,232.93,2026-07-01 00:00:00+00:00,2026-07-01 01:00:00+00:00,10.17,13.48,15.11,1013.26,75.92,22.41,4.25,98.23
1250,33052,50.116436,19.801319,232.93,2026-07-01 01:00:00+00:00,2026-07-01 02:00:00+00:00,11.01,14.82,16.56,1012.64,78.15,21.86,2.89,111.94
1251,33052,50.116436,19.801319,232.93,2026-07-01 02:00:00+00:00,2026-07-01 03:00:00+00:00,11.29,15.35,17.17,1012.25,80.95,21.02,2.55,177.52
1252,33052,50.116436,19.801319,232.93,2026-07-01 03:00:00+00:00,2026-07-01 04:00:00+00:00,11.36,15.64,17.58,1012.19,84.33,20.62,4.33,240.62
1253,33052,50.116436,19.801319,232.93,2026-07-01 04:00:00+00:00,2026-07-01 05:00:00+00:00,12.0,16.84,18.97,1012.12,83.22,21.65,5.45,245.15
1254,33052,50.116436,19.801319,232.93,2026-07-01 05:00:00+00:00,2026-07-01 06:00:00+00:00,13.76,19.95,24.21,1012.22,80.14,22.93,5.77,255.09
1255,33052,50.116436,19.801319,232.93,2026-07-01 06:00:00+00:00,2026-07-01 07:00:00+00:00,16.11,23.39,30.07,1012.61,76.48,24.3,8.16,269.35
1256,33052,50.116436,19.801319,232.93,2026-07-01 07:00:00+00:00,2026-07-01 08:00:00+00:00,13.14,18.51,21.88,1012.1,70.45,25.85,9.26,278.6
1257,33052,50.116436,19.801319,232.93,2026-07-01 08:00:00+00:00,2026-07-01 09:00:00+00:00,10.55,13.82,15.45,1011.55,64.81,27.68,7.97,282.41
1258,33052,50.116436,19.801319,232.93,2026-07-01 09:00:00+00:00,2026-07-01 10:00:00+00:00,10.41,13.58,15.23,1011.42,59.89,29.46,5.51,283.0
1259,33052,50.116436,19.801319,232.93,2026-07-01 10:00:00+00:00,2026-07-01 11:00:00+00:00,9.24,11.93,13.33,1011.05,57.14,30.62,4.07,277.45
1260,33052,50.116436,19.801319,232.93,2026-07-01 11:00:00+00:00,2026-07-01 12:00:00+00:00,9.84,12.49,13.88,1010.37,56.17,30.88,5.84,291.15
1261,33052,50.116436,19.801319,232.93,2026-07-01 12:00:00+00:00,2026-07-01 13:00:00+00:00,11.42,14.96,16.71,1009.64,57.39,30.87,6.71,288.78
1262,33052,50.116436,19.801319,232.93,2026-07-01 13:00:00+00:00,2026-07-01 14:00:00+00:00,12.28,16.64,18.6,1009.04,57.54,31.2,8.01,163.14
1263,33052,50.116436,19.801319,232.93,2026-07-01 14:00:00+00:00,2026-07-01 15:00:00+00:00,12.65,17.4,19.77,1009.08,58.56,29.9,9.73,144.5
1264,33052,50.116436,19.801319,232.93,2026-07-01 15:00:00+00:00,2026-07-01 16:00:00+00:00,8.14,10.79,12.14,1009.21,58.57,27.92,10.06,162.36
1265,33052,50.116436,19.801319,232.93,2026-07-01 16:00:00+00:00,2026-07-01 17:00:00+00:00,5.41,7.24,8.16,1009.43,61.85,26.08,3.85,282.54
1266,33052,50.116436,19.801319,232.93,2026-07-01 17:00:00+00:00,2026-07-01 18:00:00+00:00,6.56,8.87,9.97,1009.6,68.74,23.58,12.01,291.37
1267,33052,50.116436,19.801319,232.93,2026-07-01 18:00:00+00:00,2026-07-01 19:00:00+00:00,6.2,8.57,9.76,1011.21,71.86,22.59,11.61,268.96
1268,33052,50.116436,19.801319,232.93,2026-07-01 19:00:00+00:00,2026-07-01 20:00:00+00:00,5.74,7.89,8.88,1012.94,75.38,22.06,9.94,257.77
1269,33052,50.116436,19.801319,232.93,2026-07-01 20:00:00+00:00,2026-07-01 21:00:00+00:00,7.14,9.79,11.06,1013.77,77.54,21.47,10.03,264.87
1270,33052,50.116436,19.801319,232.93,2026-07-01 21:00:00+00:00,2026-07-01 22:00:00+00:00,7.28,10.14,11.42,1013.54,81.34,20.38,10.5,268.0
1271,33052,50.116436,19.801319,232.93,2026-07-01 22:00:00+00:00,2026-07-01 23:00:00+00:00,6.85,9.5,10.76,1013.1,87.6,19.52,10.63,273.3
1272,366,50.180222,19.970085,277.77,2026-06-30 23:00:00+00:00,2026-07-01 00:00:00+00:00,10.83,14.78,18.4,1013.91,68.28,22.12,4.56,102.42
1273,366,50.180222,19.970085,277.77,2026-07-01 00:00:00+00:00,2026-07-01 01:00:00+00:00,11.46,15.81,19.55,1013.51,71.96,21.98,3.36,111.13
1274,366,50.180222,19.970085,277.77,2026-07-01 01:00:00+00:00,2026-07-01 02:00:00+00:00,11.92,16.72,20.93,1012.76,81.91,21.42,3.25,139.07
1275,366,50.180222,19.970085,277.77,2026-07-01 02:00:00+00:00,2026-07-01 03:00:00+00:00,12.3,17.72,22.7,1012.28,87.37,20.69,2.69,175.89
1276,366,50.180222,19.970085,277.77,2026-07-01 03:00:00+00:00,2026-07-01 04:00:00+00:00,12.4,17.7,22.59,1012.16,85.05,20.59,5.2,236.0
1277,366,50.180222,19.970085,277.77,2026-07-01 04:00:00+00:00,2026-07-01 05:00:00+00:00,11.74,16.3,19.97,1011.87,63.88,23.74,5.62,236.19
1278,366,50.180222,19.970085,277.77,2026-07-01 05:00:00+00:00,2026-07-01 06:00:00+00:00,12.2,16.95,21.25,1011.83,61.97,26.29,4.96,247.67
1279,366,50.180222,19.970085,277.77,2026-07-01 06:00:00+00:00,2026-07-01 07:00:00+00:00,13.52,18.68,24.76,1012.03,57.53,27.92,7.54,270.0
1280,366,50.180222,19.970085,277.77,2026-07-01 07:00:00+00:00,2026-07-01 08:00:00+00:00,13.01,18.33,23.73,1011.92,54.4,28.02,10.18,284.0
1281,366,50.180222,19.970085,277.77,2026-07-01 08:00:00+00:00,2026-07-01 09:00:00+00:00,10.22,13.56,16.16,1011.44,50.67,29.91,8.72,283.0
1282,366,50.180222,19.970085,277.77,2026-07-01 09:00:00+00:00,2026-07-01 10:00:00+00:00,10.58,14.18,16.89,1011.37,48.38,30.57,6.07,283.0
1283,366,50.180222,19.970085,277.77,2026-07-01 10:00:00+00:00,2026-07-01 11:00:00+00:00,11.42,15.79,19.05,1011.07,45.45,30.61,4.1,231.69
1284,366,50.180222,19.970085,277.77,2026-07-01 11:00:00+00:00,2026-07-01 12:00:00+00:00,11.82,16.58,20.34,1010.41,45.33,30.02,7.56,265.25
1285,366,50.180222,19.970085,277.77,2026-07-01 12:00:00+00:00,2026-07-01 13:00:00+00:00,11.99,17.02,21.14,1009.77,46.04,29.89,8.83,243.2
1286,366,50.180222,19.970085,277.77,2026-07-01 13:00:00+00:00,2026-07-01 14:00:00+00:00,12.99,18.75,24.17,1009.16,42.54,30.79,7.46,123.43
1287,366,50.180222,19.970085,277.77,2026-07-01 14:00:00+00:00,2026-07-01 15:00:00+00:00,12.98,18.68,24.08,1008.96,46.89,29.84,7.19,139.1
1288,366,50.180222,19.970085,277.77,2026-07-01 15:00:00+00:00,2026-07-01 16:00:00+00:00,11.69,16.31,20.85,1009.12,49.37,28.2,8.54,163.91
1289,366,50.180222,19.970085,277.77,2026-07-01 16:00:00+00:00,2026-07-01 17:00:00+00:00,6.63,9.0,11.22,1009.31,52.45,25.75,5.15,291.55
1290,366,50.180222,19.970085,277.77,2026-07-01 17:00:00+00:00,2026-07-01 18:00:00+00:00,6.56,9.08,11.53,1009.83,55.61,23.7,11.68,292.41
1291,366,50.180222,19.970085,277.77,2026-07-01 18:00:00+00:00,2026-07-01 19:00:00+00:00,5.89,7.98,10.07,1011.62,58.99,22.35,11.08,271.65
1292,366,50.180222,19.970085,277.77,2026-07-01 19:00:00+00:00,2026-07-01 20:00:00+00:00,5.45,7.41,9.45,1013.37,70.03,21.48,10.1,262.34
1293,366,50.180222,19.970085,277.77,2026-07-01 20:00:00+00:00,2026-07-01 21:00:00+00:00,5.86,8.01,10.15,1013.88,85.97,20.75,10.16,265.45
1294,366,50.180222,19.970085,277.77,2026-07-01 21:00:00+00:00,2026-07-01 22:00:00+00:00,7.74,10.76,13.62,1013.65,86.64,20.1,10.83,267.68
1295,366,50.180222,19.970085,277.77,2026-07-01 22:00:00+00:00,2026-07-01 23:00:00+00:00,8.33,11.66,15.1,1013.21,88.06,19.36,11.07,274.41
1296,7383,50.013498,20.093184,214.51,2026-06-30 23:00:00+00:00,2026-07-01 00:00:00+00:00,12.05,18.24,21.43,1013.59,74.37,22.47,3.61,100.07
1297,7383,50.013498,20.093184,214.51,2026-07-01 00:00:00+00:00,2026-07-01 01:00:00+00:00,12.33,18.88,22.6,1013.28,73.6,21.97,2.64,118.91
1298,7383,50.013498,20.093184,214.51,2026-07-01 01:00:00+00:00,2026-07-01 02:00:00+00:00,12.59,19.17,23.12,1012.8,60.49,21.19,3.1,164.68
1299,7383,50.013498,20.093184,214.51,2026-07-01 02:00:00+00:00,2026-07-01 03:00:00+00:00,12.85,19.65,24.11,1012.22,69.13,20.75,4.53,202.0
1300,7383,50.013498,20.093184,214.51,2026-07-01 03:00:00+00:00,2026-07-01 04:00:00+00:00,13.21,20.31,25.37,1012.32,77.4,20.56,4.29,230.0
1301,7383,50.013498,20.093184,214.51,2026-07-01 04:00:00+00:00,2026-07-01 05:00:00+00:00,13.67,21.1,26.84,1012.38,72.24,21.61,5.62,236.0
1302,7383,50.013498,20.093184,214.51,2026-07-01 05:00:00+00:00,2026-07-01 06:00:00+00:00,14.84,23.2,30.42,1012.34,72.42,23.56,4.79,244.0
1303,7383,50.013498,20.093184,214.51,2026-07-01 06:00:00+00:00,2026-07-01 07:00:00+00:00,14.9,23.36,30.8,1012.61,63.14,25.51,7.19,268.0
1304,7383,50.013498,20.093184,214.51,2026-07-01 07:00:00+00:00,2026-07-01 08:00:00+00:00,15.08,23.45,30.86,1012.36,67.07,27.25,9.75,282.0
1305,7383,50.013498,20.093184,214.51,2026-07-01 08:00:00+00:00,2026-07-01 09:00:00+00:00,14.34,22.08,28.5,1011.71,54.99,28.1,9.32,276.52
1306,7383,50.013498,20.093184,214.51,2026-07-01 09:00:00+00:00,2026-07-01 10:00:00+00:00,13.98,21.23,26.98,1011.51,60.55,29.7,6.92,276.89
1307,7383,50.013498,20.093184,214.51,2026-07-01 10:00:00+00:00,2026-07-01 11:00:00+00:00,14.05,21.58,27.69,1011.07,69.5,30.84,5.1,209.05
1308,7383,50.013498,20.093184,214.51,2026-07-01 11:00:00+00:00,2026-07-01 12:00:00+00:00,15.75,24.04,31.7,1010.39,69.94,29.95,6.25,249.86
1309,7383,50.013498,20.093184,214.51,2026-07-01 12:00:00+00:00,2026-07-01 13:00:00+00:00,14.93,22.92,29.8,1009.73,70.69,30.26,8.48,252.06
1310,7383,50.013498,20.093184,214.51,2026-07-01 13:00:00+00:00,2026-07-01 14:00:00+00:00,14.0,21.3,27.09,1009.07,57.79,30.73,6.7,165.28
1311,7383,50.013498,20.093184,214.51,2026-07-01 14:00:00+00:00,2026-07-01 15:00:00+00:00,14.41,22.21,28.77,1009.04,73.88,29.42,7.27,144.04
1312,7383,50.013498,20.093184,214.51,2026-07-01 15:00:00+00:00,2026-07-01 16:00:00+00:00,10.96,16.59,20.12,1009.17,69.88,28.43,8.07,166.04
1313,7383,50.013498,20.093184,214.51,2026-07-01 16:00:00+00:00,2026-07-01 17:00:00+00:00,3.93,5.85,6.74,1008.87,49.77,27.86,5.28,342.41
1314,7383,50.013498,20.093184,214.51,2026-07-01 17:00:00+00:00,2026-07-01 18:00:00+00:00,4.12,6.33,7.34,1010.27,69.21,25.19,13.52,292.7
1315,7383,50.013498,20.093184,214.51,2026-07-01 18:00:00+00:00,2026-07-01 19:00:00+00:00,6.06,9.22,10.6,1011.74,75.94,22.69,12.78,277.57
1316,7383,50.013498,20.093184,214.51,2026-07-01 19:00:00+00:00,2026-07-01 20:00:00+00:00,6.93,10.68,12.35,1013.65,74.61,21.93,10.99,267.68
1317,7383,50.013498,20.093184,214.51,2026-07-01 20:00:00+00:00,2026-07-01 21:00:00+00:00,7.18,11.16,12.91,1013.66,75.75,21.09,11.02,268.27
1318,7383,50.013498,20.093184,214.51,2026-07-01 21:00:00+00:00,2026-07-01 22:00:00+00:00,7.5,11.83,13.61,1013.23,63.31,20.14,11.16,269.75
1319,7383,50.013498,20.093184,214.51,2026-07-01 22:00:00+00:00,2026-07-01 23:00:00+00:00,7.62,11.82,13.66,1013.1,63.64,19.57,11.87,283.05
1320,13167,49.992817,20.025088,259.04,2026-06-30 23:00:00+00:00,2026-07-01 00:00:00+00:00,12.84,16.85,21.48,1013.81,,,3.97,107.0
1321,13167,49.992817,20.025088,259.04,2026-07-01 00:00:00+00:00,2026-07-01 01:00:00+00:00,12.83,16.96,21.61,1013.53,,,3.81,108.0
1322,13167,49.992817,20.025088,259.04,2026-07-01 01:00:00+00:00,2026-07-01 02:00:00+00:00,13.16,17.67,22.87,1013.06,,,3.47,157.0
1323,13167,49.992817,20.025088,259.04,2026-07-01 02:00:00+00:00,2026-07-01 03:00:00+00:00,13.12,17.71,23.24,1012.46,,,3.55,196.0
1324,13167,49.992817,20.025088,259.04,2026-07-01 03:00:00+00:00,2026-07-01 04:00:00+00:00,13.26,17.98,23.6,1012.62,,,4.34,224.82
1325,13167,49.992817,20.025088,259.04,2026-07-01 04:00:00+00:00,2026-07-01 05:00:00+00:00,14.17,19.28,26.25,1012.76,,,5.32,241.48
1326,13167,49.992817,20.025088,259.04,2026-07-01 05:00:00+00:00,2026-07-01 06:00:00+00:00,15.94,21.88,30.99,1012.79,,,5.52,252.33
1327,13167,49.992817,20.025088,259.04,2026-07-01 06:00:00+00:00,2026-07-01 07:00:00+00:00,15.24,20.73,28.97,1013.09,,,6.88,268.21
1328,13167,49.992817,20.025088,259.04,2026-07-01 07:00:00+00:00,2026-07-01 08:00:00+00:00,15.51,20.81,28.97,1012.92,,,8.87,278.75
1329,13167,49.992817,20.025088,259.04,2026-07-01 08:00:00+00:00,2026-07-01 09:00:00+00:00,14.34,19.12,25.54,1012.19,,,8.56,282.1
1330,13167,49.992817,20.025088,259.04,2026-07-01 09:00:00+00:00,2026-07-01 10:00:00+00:00,13.64,17.79,22.76,1011.96,53.54,30.51,6.22,274.96
1331,13167,49.992817,20.025088,259.04,2026-07-01 10:00:00+00:00,2026-07-01 11:00:00+00:00,14.11,18.45,23.89,1011.46,53.24,30.76,5.2,257.75
1332,13167,49.992817,20.025088,259.04,2026-07-01 11:00:00+00:00,2026-07-01 12:00:00+00:00,14.33,18.74,24.05,1010.73,,,6.03,265.47
1333,13167,49.992817,20.025088,259.04,2026-07-01 12:00:00+00:00,2026-07-01 13:00:00+00:00,14.52,18.65,23.7,1009.92,,,6.13,231.05
1334,13167,49.992817,20.025088,259.04,2026-07-01 13:00:00+00:00,2026-07-01 14:00:00+00:00,14.26,18.29,23.0,1009.27,,,8.59,179.62
1335,13167,49.992817,20.025088,259.04,2026-07-01 14:00:00+00:00,2026-07-01 15:00:00+00:00,14.53,19.08,25.08,1009.43,,,8.7,146.75
1336,13167,49.992817,20.025088,259.04,2026-07-01 15:00:00+00:00,2026-07-01 16:00:00+00:00,9.81,12.63,16.24,1009.65,,,9.16,150.0
1337,13167,49.992817,20.025088,259.04,2026-07-01 16:00:00+00:00,2026-07-01 17:00:00+00:00,3.91,4.97,6.49,1009.15,,,8.14,308.16
1338,13167,49.992817,20.025088,259.04,2026-07-01 17:00:00+00:00,2026-07-01 18:00:00+00:00,7.29,9.66,13.51,1010.38,,,14.33,288.26
1339,13167,49.992817,20.025088,259.04,2026-07-01 18:00:00+00:00,2026-07-01 19:00:00+00:00,6.18,8.08,10.72,1011.98,,,11.78,278.29
1340,13167,49.992817,20.025088,259.04,2026-07-01 19:00:00+00:00,2026-07-01 20:00:00+00:00,6.63,8.66,11.66,1013.81,,,10.32,265.33
1341,13167,49.992817,20.025088,259.04,2026-07-01 20:00:00+00:00,2026-07-01 21:00:00+00:00,7.61,9.87,13.07,1013.98,,,8.88,258.96
1342,13167,49.992817,20.025088,259.04,2026-07-01 21:00:00+00:00,2026-07-01 22:00:00+00:00,8.12,10.57,13.94,1013.62,,,10.69,265.8
1343,13167,49.992817,20.025088,259.04,2026-07-01 22:00:00+00:00,2026-07-01 23:00:00+00:00,7.56,9.82,12.97,1013.38,,,11.13,275.34
1344,5709,50.118934,19.855883,251.32,2026-06-30 23:00:00+00:00,2026-07-01 00:00:00+00:00,11.49,16.12,18.97,1014.17,84.06,22.48,4.68,100.29
1345,5709,50.118934,19.855883,251.32,2026-07-01 00:00:00+00:00,2026-07-01 01:00:00+00:00,12.11,17.44,20.61,1013.94,84.25,22.17,3.96,106.42
1346,5709,50.118934,19.855883,251.32,2026-07-01 01:00:00+00:00,2026-07-01 02:00:00+00:00,12.28,17.88,21.39,1013.3,86.31,21.62,2.96,119.48
1347,5709,50.118934,19.855883,251.32,2026-07-01 02:00:00+00:00,2026-07-01 03:00:00+00:00,12.65,18.36,22.39,1012.94,88.56,20.88,3.12,193.71
1348,5709,50.118934,19.855883,251.32,2026-07-01 03:00:00+00:00,2026-07-01 04:00:00+00:00,13.03,18.87,23.66,1012.97,90.0,20.62,4.72,235.47
1349,5709,50.118934,19.855883,251.32,2026-07-01 04:00:00+00:00,2026-07-01 05:00:00+00:00,13.27,19.44,24.35,1012.98,89.0,21.84,5.44,241.68
1350,5709,50.118934,19.855883,251.32,2026-07-01 05:00:00+00:00,2026-07-01 06:00:00+00:00,14.17,20.93,27.15,1013.05,87.0,23.15,5.93,250.6
1351,5709,50.118934,19.855883,251.32,2026-07-01 06:00:00+00:00,2026-07-01 07:00:00+00:00,16.52,24.57,33.03,1013.4,82.25,26.01,7.76,269.51
1352,5709,50.118934,19.855883,251.32,2026-07-01 07:00:00+00:00,2026-07-01 08:00:00+00:00,13.71,19.69,24.93,1013.04,79.0,27.63,9.23,277.33
1353,5709,50.118934,19.855883,251.32,2026-07-01 08:00:00+00:00,2026-07-01 09:00:00+00:00,11.45,15.95,18.42,1012.54,76.25,29.49,8.39,277.61
1354,5709,50.118934,19.855883,251.32,2026-07-01 09:00:00+00:00,2026-07-01 10:00:00+00:00,9.98,13.66,15.8,1012.46,72.75,31.25,5.95,277.82
1355,5709,50.118934,19.855883,251.32,2026-07-01 10:00:00+00:00,2026-07-01 11:00:00+00:00,10.41,14.41,16.7,1012.04,70.48,30.78,4.94,267.81
1356,5709,50.118934,19.855883,251.32,2026-07-01 11:00:00+00:00,2026-07-01 12:00:00+00:00,12.13,17.15,20.26,1011.35,70.0,30.28,6.1,281.41
1357,5709,50.118934,19.855883,251.32,2026-07-01 12:00:00+00:00,2026-07-01 13:00:00+00:00,13.55,19.54,24.06,1010.71,68.75,30.55,2.44,327.03
1358,5709,50.118934,19.855883,251.32,2026-07-01 13:00:00+00:00,2026-07-01 14:00:00+00:00,14.26,20.75,26.52,1010.14,68.0,30.65,7.04,112.52
1359,5709,50.118934,19.855883,251.32,2026-07-01 14:00:00+00:00,2026-07-01 15:00:00+00:00,14.15,20.57,26.57,1010.13,72.0,29.6,8.91,157.54
1360,5709,50.118934,19.855883,251.32,2026-07-01 15:00:00+00:00,2026-07-01 16:00:00+00:00,10.06,14.14,16.56,1010.24,73.75,27.94,6.36,170.32
1361,5709,50.118934,19.855883,251.32,2026-07-01 16:00:00+00:00,2026-07-01 17:00:00+00:00,6.68,9.46,11.17,1010.19,76.2,25.93,8.73,299.44
1362,5709,50.118934,19.855883,251.32,2026-07-01 17:00:00+00:00,2026-07-01 18:00:00+00:00,7.19,10.08,11.95,1010.41,78.65,23.89,12.3,288.72
1363,5709,50.118934,19.855883,251.32,2026-07-01 18:00:00+00:00,2026-07-01 19:00:00+00:00,6.84,9.57,11.31,1011.99,83.5,22.49,11.44,266.21
1364,5709,50.118934,19.855883,251.32,2026-07-01 19:00:00+00:00,2026-07-01 20:00:00+00:00,6.77,9.57,11.33,1013.65,85.75,21.9,10.27,260.0
1365,5709,50.118934,19.855883,251.32,2026-07-01 20:00:00+00:00,2026-07-01 21:00:00+00:00,8.35,11.81,13.97,1014.36,87.0,21.25,9.4,261.64
1366,5709,50.118934,19.855883,251.32,2026-07-01 21:00:00+00:00,2026-07-01 22:00:00+00:00,8.78,12.48,14.8,1014.07,87.13,20.13,10.56,265.42
1367,5709,50.118934,19.855883,251.32,2026-07-01 22:00:00+00:00,2026-07-01 23:00:00+00:00,8.15,11.55,13.78,1013.61,88.32,19.29,11.01,273.53
1368,86902,50.083454,20.057153,208.16,2026-06-30 23:00:00+00:00,2026-07-01 00:00:00+00:00,11.14,15.72,17.94,1013.57,84.25,22.29,4.22,101.54
1369,86902,50.083454,20.057153,208.16,2026-07-01 00:00:00+00:00,2026-07-01 01:00:00+00:00,12.39,17.9,20.85,1013.12,84.44,22.19,3.37,110.53
1370,86902,50.083454,20.057153,208.16,2026-07-01 01:00:00+00:00,2026-07-01 02:00:00+00:00,12.55,18.25,21.35,1012.55,86.63,21.7,2.84,134.36
1371,86902,50.083454,20.057153,208.16,2026-07-01 02:00:00+00:00,2026-07-01 03:00:00+00:00,13.34,19.64,23.89,1012.01,88.13,20.94,2.96,179.19
1372,86902,50.083454,20.057153,208.16,2026-07-01 03:00:00+00:00,2026-07-01 04:00:00+00:00,13.3,19.54,23.75,1012.07,89.38,20.65,4.67,229.83
1373,86902,50.083454,20.057153,208.16,2026-07-01 04:00:00+00:00,2026-07-01 05:00:00+00:00,13.39,19.72,24.15,1012.18,88.0,21.52,5.16,238.0
1374,86902,50.083454,20.057153,208.16,2026-07-01 05:00:00+00:00,2026-07-01 06:00:00+00:00,14.28,21.22,26.88,1012.17,86.5,23.31,4.74,246.0
1375,86902,50.083454,20.057153,208.16,2026-07-01 06:00:00+00:00,2026-07-01 07:00:00+00:00,15.15,22.48,28.97,1012.36,83.0,25.24,6.63,266.0
1376,86902,50.083454,20.057153,208.16,2026-07-01 07:00:00+00:00,2026-07-01 08:00:00+00:00,15.63,23.12,30.16,1012.09,78.75,27.45,8.91,279.11
1377,86902,50.083454,20.057153,208.16,2026-07-01 08:00:00+00:00,2026-07-01 09:00:00+00:00,12.6,17.59,20.35,1011.38,75.5,29.8,8.73,278.82
1378,86902,50.083454,20.057153,208.16,2026-07-01 09:00:00+00:00,2026-07-01 10:00:00+00:00,11.96,15.64,17.75,1011.06,72.31,31.61,6.92,265.86
1379,86902,50.083454,20.057153,208.16,2026-07-01 10:00:00+00:00,2026-07-01 11:00:00+00:00,11.53,15.25,17.31,1010.51,69.88,32.74,5.82,238.27
1380,86902,50.083454,20.057153,208.16,2026-07-01 11:00:00+00:00,2026-07-01 12:00:00+00:00,13.06,17.64,20.4,1009.65,69.25,33.31,6.46,246.33
1381,86902,50.083454,20.057153,208.16,2026-07-01 12:00:00+00:00,2026-07-01 13:00:00+00:00,13.5,18.56,21.85,1009.05,69.25,32.77,5.65,229.65
1382,86902,50.083454,20.057153,208.16,2026-07-01 13:00:00+00:00,2026-07-01 14:00:00+00:00,14.73,20.8,25.8,1008.62,70.13,31.28,6.49,163.24
1383,86902,50.083454,20.057153,208.16,2026-07-01 14:00:00+00:00,2026-07-01 15:00:00+00:00,15.16,21.72,27.44,1008.55,72.06,29.9,7.72,148.26
1384,86902,50.083454,20.057153,208.16,2026-07-01 15:00:00+00:00,2026-07-01 16:00:00+00:00,13.1,18.84,23.28,1008.75,74.31,28.45,6.26,207.51
1385,86902,50.083454,20.057153,208.16,2026-07-01 16:00:00+00:00,2026-07-01 17:00:00+00:00,5.26,7.23,8.33,1008.57,77.0,26.6,7.7,283.85
1386,86902,50.083454,20.057153,208.16,2026-07-01 17:00:00+00:00,2026-07-01 18:00:00+00:00,4.9,6.98,8.18,1009.45,79.38,24.79,11.33,298.44
1387,86902,50.083454,20.057153,208.16,2026-07-01 18:00:00+00:00,2026-07-01 19:00:00+00:00,6.22,8.82,10.29,1011.23,82.75,23.02,12.03,281.07
1388,86902,50.083454,20.057153,208.16,2026-07-01 19:00:00+00:00,2026-07-01 20:00:00+00:00,7.87,11.59,13.56,1013.2,84.69,21.46,10.7,269.18
1389,86902,50.083454,20.057153,208.16,2026-07-01 20:00:00+00:00,2026-07-01 21:00:00+00:00,8.4,12.96,15.04,1013.51,85.07,20.85,10.41,265.0
1390,86902,50.083454,20.057153,208.16,2026-07-01 21:00:00+00:00,2026-07-01 22:00:00+00:00,7.86,11.73,13.6,1013.1,86.78,20.27,10.91,269.13
1391,86902,50.083454,20.057153,208.16,2026-07-01 22:00:00+00:00,2026-07-01 23:00:00+00:00,6.95,10.41,12.1,1012.88,88.63,19.78,11.37,278.94
1392,8152,50.143699,19.879804,316.25,2026-06-30 23:00:00+00:00,2026-07-01 00:00:00+00:00,10.66,14.69,16.6,1017.55,59.17,22.52,4.77,99.61
1393,8152,50.143699,19.879804,316.25,2026-07-01 00:00:00+00:00,2026-07-01 01:00:00+00:00,11.47,16.05,18.17,1017.28,59.56,22.15,4.01,105.86
1394,8152,50.143699,19.879804,316.25,2026-07-01 01:00:00+00:00,2026-07-01 02:00:00+00:00,11.62,16.39,18.74,1016.63,61.44,21.98,3.03,118.03
1395,8152,50.143699,19.879804,316.25,2026-07-01 02:00:00+00:00,2026-07-01 03:00:00+00:00,12.47,17.99,20.66,1016.18,63.7,21.32,2.93,188.81
1396,8152,50.143699,19.879804,316.25,2026-07-01 03:00:00+00:00,2026-07-01 04:00:00+00:00,13.01,18.86,22.28,1016.15,65.33,20.94,4.72,235.47
1397,8152,50.143699,19.879804,316.25,2026-07-01 04:00:00+00:00,2026-07-01 05:00:00+00:00,13.2,19.28,23.07,1016.16,64.33,21.74,5.44,241.68
1398,8152,50.143699,19.879804,316.25,2026-07-01 05:00:00+00:00,2026-07-01 06:00:00+00:00,14.64,21.82,27.56,1016.24,62.76,22.47,5.81,248.57
1399,8152,50.143699,19.879804,316.25,2026-07-01 06:00:00+00:00,2026-07-01 07:00:00+00:00,17.35,26.08,34.23,1016.58,57.86,24.44,7.59,268.22
1400,8152,50.143699,19.879804,316.25,2026-07-01 07:00:00+00:00,2026-07-01 08:00:00+00:00,12.79,18.4,21.78,1016.34,58.11,26.1,9.23,277.5
1401,8152,50.143699,19.879804,316.25,2026-07-01 08:00:00+00:00,2026-07-01 09:00:00+00:00,11.82,16.32,18.28,1015.79,76.56,28.02,8.6,277.18
1402,8152,50.143699,19.879804,316.25,2026-07-01 09:00:00+00:00,2026-07-01 10:00:00+00:00,9.52,12.59,14.18,1015.73,73.0,29.76,6.15,278.97
1403,8152,50.143699,19.879804,316.25,2026-07-01 10:00:00+00:00,2026-07-01 11:00:00+00:00,9.71,12.97,14.53,1015.39,70.56,30.97,4.82,267.16
1404,8152,50.143699,19.879804,316.25,2026-07-01 11:00:00+00:00,2026-07-01 12:00:00+00:00,11.58,15.85,17.88,1014.75,70.0,31.74,6.05,279.11
1405,8152,50.143699,19.879804,316.25,2026-07-01 12:00:00+00:00,2026-07-01 13:00:00+00:00,12.56,17.43,20.15,1014.07,69.06,31.65,3.42,313.02
1406,8152,50.143699,19.879804,316.25,2026-07-01 13:00:00+00:00,2026-07-01 14:00:00+00:00,12.94,18.25,21.57,1013.52,67.56,32.1,7.21,106.88
1407,8152,50.143699,19.879804,316.25,2026-07-01 14:00:00+00:00,2026-07-01 15:00:00+00:00,16.72,24.99,31.72,1013.45,71.88,29.67,8.75,157.17
1408,8152,50.143699,19.879804,316.25,2026-07-01 15:00:00+00:00,2026-07-01 16:00:00+00:00,10.2,14.4,16.47,1013.47,73.43,27.72,6.36,170.32
1409,8152,50.143699,19.879804,316.25,2026-07-01 16:00:00+00:00,2026-07-01 17:00:00+00:00,5.85,8.17,9.29,1013.36,75.52,25.7,8.73,299.44
1410,8152,50.143699,19.879804,316.25,2026-07-01 17:00:00+00:00,2026-07-01 18:00:00+00:00,6.04,8.64,9.95,1013.45,70.99,23.89,12.3,288.72
1411,8152,50.143699,19.879804,316.25,2026-07-01 18:00:00+00:00,2026-07-01 19:00:00+00:00,6.05,8.69,10.05,1015.02,64.94,22.45,11.44,266.21
1412,8152,50.143699,19.879804,316.25,2026-07-01 19:00:00+00:00,2026-07-01 20:00:00+00:00,5.19,7.31,8.29,1016.74,61.16,21.79,10.27,260.0
1413,8152,50.143699,19.879804,316.25,2026-07-01 20:00:00+00:00,2026-07-01 21:00:00+00:00,6.7,9.48,10.81,1017.41,74.59,21.17,9.4,261.64
1414,8152,50.143699,19.879804,316.25,2026-07-01 21:00:00+00:00,2026-07-01 22:00:00+00:00,7.8,11.1,12.62,1017.07,72.47,20.0,10.56,265.42
1415,8152,50.143699,19.879804,316.25,2026-07-01 22:00:00+00:00,2026-07-01 23:00:00+00:00,6.91,9.73,11.02,1016.58,77.83,19.39,11.01,273.53
1416,6076,49.985546,20.059961,240.53,2026-06-30 23:00:00+00:00,2026-07-01 00:00:00+00:00,10.74,15.31,17.78,1015.11,60.33,22.87,3.82,98.0
1417,6076,49.985546,20.059961,240.53,2026-07-01 00:00:00+00:00,2026-07-01 01:00:00+00:00,11.36,16.5,19.41,1014.76,60.33,22.46,2.68,115.0
1418,6076,49.985546,20.059961,240.53,2026-07-01 01:00:00+00:00,2026-07-01 02:00:00+00:00,12.26,18.02,21.65,1014.27,60.33,21.7,3.06,160.0
1419,6076,49.985546,20.059961,240.53,2026-07-01 02:00:00+00:00,2026-07-01 03:00:00+00:00,12.48,18.41,22.37,1013.66,62.58,21.27,4.53,202.0
1420,6076,49.985546,20.059961,240.53,2026-07-01 03:00:00+00:00,2026-07-01 04:00:00+00:00,13.3,19.8,25.05,1013.79,65.58,20.94,4.29,230.0
1421,6076,49.985546,20.059961,240.53,2026-07-01 04:00:00+00:00,2026-07-01 05:00:00+00:00,13.75,20.64,26.7,1013.94,63.33,21.73,5.62,236.0
1422,6076,49.985546,20.059961,240.53,2026-07-01 05:00:00+00:00,2026-07-01 06:00:00+00:00,15.68,23.81,32.15,1013.95,61.96,23.37,4.86,243.23
1423,6076,49.985546,20.059961,240.53,2026-07-01 06:00:00+00:00,2026-07-01 07:00:00+00:00,14.45,21.9,28.95,1014.23,57.7,25.41,6.96,266.66
1424,6076,49.985546,20.059961,240.53,2026-07-01 07:00:00+00:00,2026-07-01 08:00:00+00:00,14.18,21.19,27.63,1014.13,54.6,27.67,9.52,281.13
1425,6076,49.985546,20.059961,240.53,2026-07-01 08:00:00+00:00,2026-07-01 09:00:00+00:00,12.67,18.44,23.21,1013.58,76.94,30.84,9.32,276.52
1426,6076,49.985546,20.059961,240.53,2026-07-01 09:00:00+00:00,2026-07-01 10:00:00+00:00,12.44,18.08,22.37,1013.44,72.63,32.07,6.92,276.89
1427,6076,49.985546,20.059961,240.53,2026-07-01 10:00:00+00:00,2026-07-01 11:00:00+00:00,13.37,19.47,24.93,1012.97,69.75,32.67,4.89,215.69
1428,6076,49.985546,20.059961,240.53,2026-07-01 11:00:00+00:00,2026-07-01 12:00:00+00:00,13.58,19.81,25.52,1012.28,69.88,31.88,6.02,246.47
1429,6076,49.985546,20.059961,240.53,2026-07-01 12:00:00+00:00,2026-07-01 13:00:00+00:00,13.68,20.32,26.09,1011.64,70.63,31.33,8.3,252.13
1430,6076,49.985546,20.059961,240.53,2026-07-01 13:00:00+00:00,2026-07-01 14:00:00+00:00,13.73,20.38,26.01,1010.97,70.75,30.94,6.7,165.28
1431,6076,49.985546,20.059961,240.53,2026-07-01 14:00:00+00:00,2026-07-01 15:00:00+00:00,13.87,20.62,26.44,1010.93,59.49,29.6,7.27,144.04
1432,6076,49.985546,20.059961,240.53,2026-07-01 15:00:00+00:00,2026-07-01 16:00:00+00:00,10.56,15.43,18.71,1011.0,49.8,28.37,8.07,166.04
1433,6076,49.985546,20.059961,240.53,2026-07-01 16:00:00+00:00,2026-07-01 17:00:00+00:00,3.66,5.25,6.22,1010.39,49.76,27.64,5.28,342.41
1434,6076,49.985546,20.059961,240.53,2026-07-01 17:00:00+00:00,2026-07-01 18:00:00+00:00,4.09,5.87,6.94,1011.56,53.7,25.45,12.68,295.52
1435,6076,49.985546,20.059961,240.53,2026-07-01 18:00:00+00:00,2026-07-01 19:00:00+00:00,5.04,7.35,8.67,1013.02,58.97,22.94,13.0,278.79
1436,6076,49.985546,20.059961,240.53,2026-07-01 19:00:00+00:00,2026-07-01 20:00:00+00:00,6.22,9.11,10.72,1014.86,60.84,22.02,11.12,268.49
1437,6076,49.985546,20.059961,240.53,2026-07-01 20:00:00+00:00,2026-07-01 21:00:00+00:00,6.76,9.83,11.57,1014.86,61.59,21.34,11.02,268.27
1438,6076,49.985546,20.059961,240.53,2026-07-01 21:00:00+00:00,2026-07-01 22:00:00+00:00,7.62,11.13,13.16,1014.41,64.65,20.47,11.16,269.75
1439,6076,49.985546,20.059961,240.53,2026-07-01 22:00:00+00:00,2026-07-01 23:00:00+00:00,7.03,10.25,12.13,1014.25,67.08,19.91,11.77,281.69
1440,9077,50.128409,19.973662,297.5,2026-06-30 23:00:00+00:00,2026-07-01 00:00:00+00:00,10.01,14.48,16.69,1014.4,61.27,22.83,4.26,103.72
1441,9077,50.128409,19.973662,297.5,2026-07-01 00:00:00+00:00,2026-07-01 01:00:00+00:00,11.02,15.73,18.11,1013.97,73.89,22.56,3.52,110.1
1442,9077,50.128409,19.973662,297.5,2026-07-01 01:00:00+00:00,2026-07-01 02:00:00+00:00,11.5,16.66,19.4,1013.22,60.97,22.24,2.9,137.55
1443,9077,50.128409,19.973662,297.5,2026-07-01 02:00:00+00:00,2026-07-01 03:00:00+00:00,12.16,17.8,20.91,1012.78,81.27,21.54,3.25,199.11
1444,9077,50.128409,19.973662,297.5,2026-07-01 03:00:00+00:00,2026-07-01 04:00:00+00:00,12.68,18.97,22.83,1012.82,89.5,21.13,4.93,232.34
1445,9077,50.128409,19.973662,297.5,2026-07-01 04:00:00+00:00,2026-07-01 05:00:00+00:00,13.21,19.65,24.12,1012.81,88.56,21.86,5.45,243.39
1446,9077,50.128409,19.973662,297.5,2026-07-01 05:00:00+00:00,2026-07-01 06:00:00+00:00,13.61,20.1,24.92,1012.9,85.69,23.23,5.83,255.65
1447,9077,50.128409,19.973662,297.5,2026-07-01 06:00:00+00:00,2026-07-01 07:00:00+00:00,15.55,23.37,30.43,1013.19,81.94,24.74,7.47,271.57
1448,9077,50.128409,19.973662,297.5,2026-07-01 07:00:00+00:00,2026-07-01 08:00:00+00:00,14.15,20.88,25.92,1012.93,63.58,26.34,9.07,280.49
1449,9077,50.128409,19.973662,297.5,2026-07-01 08:00:00+00:00,2026-07-01 09:00:00+00:00,11.04,15.75,18.14,1012.34,74.06,28.19,8.16,283.29
1450,9077,50.128409,19.973662,297.5,2026-07-01 09:00:00+00:00,2026-07-01 10:00:00+00:00,8.2,11.26,12.8,1012.36,72.5,29.66,5.97,276.78
1451,9077,50.128409,19.973662,297.5,2026-07-01 10:00:00+00:00,2026-07-01 11:00:00+00:00,10.39,14.37,16.41,1012.03,70.44,30.1,5.18,266.0
1452,9077,50.128409,19.973662,297.5,2026-07-01 11:00:00+00:00,2026-07-01 12:00:00+00:00,12.92,17.92,20.97,1011.28,70.31,30.33,5.94,276.6
1453,9077,50.128409,19.973662,297.5,2026-07-01 12:00:00+00:00,2026-07-01 13:00:00+00:00,12.74,17.73,20.71,1010.57,69.5,30.6,0.86,324.3
1454,9077,50.128409,19.973662,297.5,2026-07-01 13:00:00+00:00,2026-07-01 14:00:00+00:00,13.39,19.33,23.48,1009.98,69.31,30.81,6.76,126.73
1455,9077,50.128409,19.973662,297.5,2026-07-01 14:00:00+00:00,2026-07-01 15:00:00+00:00,14.73,21.14,26.47,1009.82,72.13,29.91,8.66,156.42
1456,9077,50.128409,19.973662,297.5,2026-07-01 15:00:00+00:00,2026-07-01 16:00:00+00:00,10.01,14.31,16.65,1009.99,74.25,28.21,3.71,197.7
1457,9077,50.128409,19.973662,297.5,2026-07-01 16:00:00+00:00,2026-07-01 17:00:00+00:00,4.61,6.95,8.21,1009.94,76.59,26.4,9.86,294.86
1458,9077,50.128409,19.973662,297.5,2026-07-01 17:00:00+00:00,2026-07-01 18:00:00+00:00,5.15,7.56,8.96,1010.41,65.06,24.49,11.06,290.83
1459,9077,50.128409,19.973662,297.5,2026-07-01 18:00:00+00:00,2026-07-01 19:00:00+00:00,5.59,8.43,10.04,1012.16,63.41,22.77,11.36,271.31
1460,9077,50.128409,19.973662,297.5,2026-07-01 19:00:00+00:00,2026-07-01 20:00:00+00:00,6.09,8.6,10.18,1013.86,84.92,21.9,9.97,262.78
1461,9077,50.128409,19.973662,297.5,2026-07-01 20:00:00+00:00,2026-07-01 21:00:00+00:00,10.24,14.38,17.36,1014.24,61.77,21.21,9.88,264.9
1462,9077,50.128409,19.973662,297.5,2026-07-01 21:00:00+00:00,2026-07-01 22:00:00+00:00,7.38,11.37,13.57,1013.98,70.0,20.27,10.81,267.27
1463,9077,50.128409,19.973662,297.5,2026-07-01 22:00:00+00:00,2026-07-01 23:00:00+00:00,6.7,10.39,12.17,1013.52,82.63,19.57,10.98,275.34
1464,7012,50.006187,19.769005,223.38,2026-06-30 23:00:00+00:00,2026-07-01 00:00:00+00:00,9.6,14.83,17.29,1012.35,84.73,22.51,4.61,100.63
1465,7012,50.006187,19.769005,223.38,2026-07-01 00:00:00+00:00,2026-07-01 01:00:00+00:00,10.86,16.67,19.39,1012.11,85.69,21.98,4.1,112.91
1466,7012,50.006187,19.769005,223.38,2026-07-01 01:00:00+00:00,2026-07-01 02:00:00+00:00,10.63,16.52,19.06,1011.48,86.38,21.8,2.74,116.26
1467,7012,50.006187,19.769005,223.38,2026-07-01 02:00:00+00:00,2026-07-01 03:00:00+00:00,11.85,18.26,21.88,1011.12,88.5,21.07,3.76,166.04
1468,7012,50.006187,19.769005,223.38,2026-07-01 03:00:00+00:00,2026-07-01 04:00:00+00:00,12.58,19.24,23.68,1011.3,90.59,20.5,3.84,218.21
1469,7012,50.006187,19.769005,223.38,2026-07-01 04:00:00+00:00,2026-07-01 05:00:00+00:00,12.87,20.08,25.56,1011.25,89.5,21.48,4.56,241.03
1470,7012,50.006187,19.769005,223.38,2026-07-01 05:00:00+00:00,2026-07-01 06:00:00+00:00,13.5,21.34,27.78,1011.39,86.75,23.19,5.91,256.87
1471,7012,50.006187,19.769005,223.38,2026-07-01 06:00:00+00:00,2026-07-01 07:00:00+00:00,13.66,21.41,27.63,1011.75,83.75,24.65,8.19,269.31
1472,7012,50.006187,19.769005,223.38,2026-07-01 07:00:00+00:00,2026-07-01 08:00:00+00:00,13.39,20.89,26.74,1011.32,80.17,25.97,8.97,274.99
1473,7012,50.006187,19.769005,223.38,2026-07-01 08:00:00+00:00,2026-07-01 09:00:00+00:00,11.32,17.2,20.25,1010.69,73.28,27.92,8.07,280.67
1474,7012,50.006187,19.769005,223.38,2026-07-01 09:00:00+00:00,2026-07-01 10:00:00+00:00,11.31,17.45,20.57,1010.51,67.77,29.42,5.87,296.13
1475,7012,50.006187,19.769005,223.38,2026-07-01 10:00:00+00:00,2026-07-01 11:00:00+00:00,11.18,16.86,19.63,1009.99,64.5,30.36,4.85,293.05
1476,7012,50.006187,19.769005,223.38,2026-07-01 11:00:00+00:00,2026-07-01 12:00:00+00:00,12.21,18.57,22.46,1009.25,65.58,30.44,5.57,296.46
1477,7012,50.006187,19.769005,223.38,2026-07-01 12:00:00+00:00,2026-07-01 13:00:00+00:00,12.76,19.43,24.0,1008.53,65.87,30.42,1.94,58.51
1478,7012,50.006187,19.769005,223.38,2026-07-01 13:00:00+00:00,2026-07-01 14:00:00+00:00,13.31,20.27,25.73,1008.1,65.73,30.38,8.48,127.87
1479,7012,50.006187,19.769005,223.38,2026-07-01 14:00:00+00:00,2026-07-01 15:00:00+00:00,11.93,18.39,22.81,1008.41,66.45,29.47,10.02,147.21
1480,7012,50.006187,19.769005,223.38,2026-07-01 15:00:00+00:00,2026-07-01 16:00:00+00:00,4.74,7.34,8.51,1008.51,64.04,27.92,7.62,175.08
1481,7012,50.006187,19.769005,223.38,2026-07-01 16:00:00+00:00,2026-07-01 17:00:00+00:00,4.4,6.76,7.89,1008.18,66.82,26.26,7.94,268.76
1482,7012,50.006187,19.769005,223.38,2026-07-01 17:00:00+00:00,2026-07-01 18:00:00+00:00,5.63,8.86,10.27,1008.81,72.79,24.23,12.45,288.73
1483,7012,50.006187,19.769005,223.38,2026-07-01 18:00:00+00:00,2026-07-01 19:00:00+00:00,5.97,9.67,11.35,1010.48,80.0,22.69,11.92,264.34
1484,7012,50.006187,19.769005,223.38,2026-07-01 19:00:00+00:00,2026-07-01 20:00:00+00:00,6.08,9.75,11.29,1012.06,83.84,22.12,10.38,261.45
1485,7012,50.006187,19.769005,223.38,2026-07-01 20:00:00+00:00,2026-07-01 21:00:00+00:00,6.46,10.31,12.04,1012.56,85.39,21.52,10.56,269.74
1486,7012,50.006187,19.769005,223.38,2026-07-01 21:00:00+00:00,2026-07-01 22:00:00+00:00,7.32,11.23,12.99,1012.35,87.0,20.62,10.34,266.02
1487,7012,50.006187,19.769005,223.38,2026-07-01 22:00:00+00:00,2026-07-01 23:00:00+00:00,6.52,10.32,12.1,1011.77,88.25,19.78,10.63,273.13
1488,32985,50.143883,19.909424,307.05,2026-06-30 23:00:00+00:00,2026-07-01 00:00:00+00:00,9.57,14.08,16.15,1015.04,83.88,22.69,4.77,99.61
1489,32985,50.143883,19.909424,307.05,2026-07-01 00:00:00+00:00,2026-07-01 01:00:00+00:00,10.33,15.26,17.47,1014.79,84.25,22.19,4.01,105.86
1490,32985,50.143883,19.909424,307.05,2026-07-01 01:00:00+00:00,2026-07-01 02:00:00+00:00,10.66,15.83,18.14,1014.05,86.13,21.95,3.03,118.03
1491,32985,50.143883,19.909424,307.05,2026-07-01 02:00:00+00:00,2026-07-01 03:00:00+00:00,11.52,17.43,20.07,1013.61,88.38,21.28,2.93,188.81
1492,32985,50.143883,19.909424,307.05,2026-07-01 03:00:00+00:00,2026-07-01 04:00:00+00:00,12.33,18.8,22.41,1013.61,90.0,20.85,4.72,235.47
1493,32985,50.143883,19.909424,307.05,2026-07-01 04:00:00+00:00,2026-07-01 05:00:00+00:00,12.4,18.91,22.35,1013.62,89.0,21.6,5.44,241.68
1494,32985,50.143883,19.909424,307.05,2026-07-01 05:00:00+00:00,2026-07-01 06:00:00+00:00,13.47,20.94,26.04,1013.7,87.0,22.59,5.93,250.6
1495,32985,50.143883,19.909424,307.05,2026-07-01 06:00:00+00:00,2026-07-01 07:00:00+00:00,15.83,24.28,31.74,1013.99,82.25,24.59,7.76,269.51
1496,32985,50.143883,19.909424,307.05,2026-07-01 07:00:00+00:00,2026-07-01 08:00:00+00:00,12.8,18.66,22.18,1013.71,79.0,25.91,9.23,277.33
1497,32985,50.143883,19.909424,307.05,2026-07-01 08:00:00+00:00,2026-07-01 09:00:00+00:00,11.17,15.63,17.92,1013.16,76.25,27.42,8.39,277.61
1498,32985,50.143883,19.909424,307.05,2026-07-01 09:00:00+00:00,2026-07-01 10:00:00+00:00,8.72,12.07,13.75,1013.08,72.75,28.91,5.95,277.82
1499,32985,50.143883,19.909424,307.05,2026-07-01 10:00:00+00:00,2026-07-01 11:00:00+00:00,10.16,14.38,16.37,1012.79,70.48,29.64,4.94,267.81
1500,32985,50.143883,19.909424,307.05,2026-07-01 11:00:00+00:00,2026-07-01 12:00:00+00:00,11.81,17.07,19.42,1012.13,70.0,29.91,6.1,281.41
1501,32985,50.143883,19.909424,307.05,2026-07-01 12:00:00+00:00,2026-07-01 13:00:00+00:00,12.34,17.9,20.7,1011.39,68.75,30.13,2.44,327.03
1502,32985,50.143883,19.909424,307.05,2026-07-01 13:00:00+00:00,2026-07-01 14:00:00+00:00,12.85,18.73,21.91,1010.77,68.0,30.5,7.04,112.52
1503,32985,50.143883,19.909424,307.05,2026-07-01 14:00:00+00:00,2026-07-01 15:00:00+00:00,13.21,19.33,22.93,1010.64,71.88,29.5,8.75,157.17
1504,32985,50.143883,19.909424,307.05,2026-07-01 15:00:00+00:00,2026-07-01 16:00:00+00:00,10.7,15.07,17.46,1010.66,73.56,28.22,6.36,170.32
1505,32985,50.143883,19.909424,307.05,2026-07-01 16:00:00+00:00,2026-07-01 17:00:00+00:00,6.09,8.82,10.23,1010.66,75.76,26.24,8.73,299.44
1506,32985,50.143883,19.909424,307.05,2026-07-01 17:00:00+00:00,2026-07-01 18:00:00+00:00,5.21,7.47,8.84,1010.98,79.2,24.38,12.3,288.72
1507,32985,50.143883,19.909424,307.05,2026-07-01 18:00:00+00:00,2026-07-01 19:00:00+00:00,5.22,7.96,9.47,1012.66,83.5,22.76,11.44,266.21
1508,32985,50.143883,19.909424,307.05,2026-07-01 19:00:00+00:00,2026-07-01 20:00:00+00:00,4.25,6.13,7.26,1014.41,85.75,22.12,10.27,260.0
1509,32985,50.143883,19.909424,307.05,2026-07-01 20:00:00+00:00,2026-07-01 21:00:00+00:00,4.81,7.22,8.43,1015.01,87.0,21.44,9.4,261.64
1510,32985,50.143883,19.909424,307.05,2026-07-01 21:00:00+00:00,2026-07-01 22:00:00+00:00,6.47,9.61,11.36,1014.74,87.25,20.55,10.56,265.42
1511,32985,50.143883,19.909424,307.05,2026-07-01 22:00:00+00:00,2026-07-01 23:00:00+00:00,5.9,8.95,10.49,1014.3,88.5,19.86,11.01,273.53
1512,33033,50.102596,19.917511,228.5,2026-06-30 23:00:00+00:00,2026-07-01 00:00:00+00:00,9.73,13.99,15.92,1014.9,83.88,22.7,4.77,99.61
1513,33033,50.102596,19.917511,228.5,2026-07-01 00:00:00+00:00,2026-07-01 01:00:00+00:00,10.58,15.2,17.21,1014.71,84.25,22.05,4.01,105.86
1514,33033,50.102596,19.917511,228.5,2026-07-01 01:00:00+00:00,2026-07-01 02:00:00+00:00,11.17,15.98,18.26,1013.97,86.13,21.92,3.03,118.03
1515,33033,50.102596,19.917511,228.5,2026-07-01 02:00:00+00:00,2026-07-01 03:00:00+00:00,11.4,16.39,18.65,1013.43,88.38,21.38,2.93,188.81
1516,33033,50.102596,19.917511,228.5,2026-07-01 03:00:00+00:00,2026-07-01 04:00:00+00:00,11.57,16.85,19.3,1013.46,90.0,20.95,4.72,235.47
1517,33033,50.102596,19.917511,228.5,2026-07-01 04:00:00+00:00,2026-07-01 05:00:00+00:00,12.16,17.8,20.56,1013.47,89.0,21.74,5.44,241.68
1518,33033,50.102596,19.917511,228.5,2026-07-01 05:00:00+00:00,2026-07-01 06:00:00+00:00,13.83,20.65,25.64,1013.48,87.44,22.8,5.81,248.57
1519,33033,50.102596,19.917511,228.5,2026-07-01 06:00:00+00:00,2026-07-01 07:00:00+00:00,15.02,22.27,28.38,1013.77,82.48,24.98,7.59,268.22
1520,33033,50.102596,19.917511,228.5,2026-07-01 07:00:00+00:00,2026-07-01 08:00:00+00:00,14.64,21.34,26.6,1013.44,79.19,26.37,9.23,277.5
1521,33033,50.102596,19.917511,228.5,2026-07-01 08:00:00+00:00,2026-07-01 09:00:00+00:00,11.4,15.69,17.64,1012.8,76.56,27.89,8.6,277.18
1522,33033,50.102596,19.917511,228.5,2026-07-01 09:00:00+00:00,2026-07-01 10:00:00+00:00,8.24,11.1,12.43,1012.63,72.86,29.41,6.15,278.97
1523,33033,50.102596,19.917511,228.5,2026-07-01 10:00:00+00:00,2026-07-01 11:00:00+00:00,9.31,12.79,14.33,1012.38,70.2,29.85,4.82,267.16
1524,33033,50.102596,19.917511,228.5,2026-07-01 11:00:00+00:00,2026-07-01 12:00:00+00:00,11.61,16.34,18.52,1011.75,69.96,29.76,6.05,279.11
1525,33033,50.102596,19.917511,228.5,2026-07-01 12:00:00+00:00,2026-07-01 13:00:00+00:00,12.44,17.55,20.07,1010.9,69.06,30.13,3.42,313.02
1526,33033,50.102596,19.917511,228.5,2026-07-01 13:00:00+00:00,2026-07-01 14:00:00+00:00,13.53,19.39,22.99,1010.24,67.56,30.61,7.21,106.88
1527,33033,50.102596,19.917511,228.5,2026-07-01 14:00:00+00:00,2026-07-01 15:00:00+00:00,13.75,19.91,23.96,1010.15,71.88,29.76,8.75,157.17
1528,33033,50.102596,19.917511,228.5,2026-07-01 15:00:00+00:00,2026-07-01 16:00:00+00:00,8.28,11.67,13.42,1010.45,73.41,28.46,6.36,170.32
1529,33033,50.102596,19.917511,228.5,2026-07-01 16:00:00+00:00,2026-07-01 17:00:00+00:00,3.92,5.58,6.51,1010.47,74.85,26.41,8.73,299.44
1530,33033,50.102596,19.917511,228.5,2026-07-01 17:00:00+00:00,2026-07-01 18:00:00+00:00,5.31,7.88,9.12,1010.87,79.26,24.62,12.3,288.72
1531,33033,50.102596,19.917511,228.5,2026-07-01 18:00:00+00:00,2026-07-01 19:00:00+00:00,5.62,8.33,9.76,1012.61,83.5,23.09,11.44,266.21
1532,33033,50.102596,19.917511,228.5,2026-07-01 19:00:00+00:00,2026-07-01 20:00:00+00:00,5.68,8.44,9.81,1014.32,85.75,22.44,10.27,260.0
1533,33033,50.102596,19.917511,228.5,2026-07-01 20:00:00+00:00,2026-07-01 21:00:00+00:00,6.52,9.68,11.17,1015.0,87.0,21.78,9.4,261.64
1534,33033,50.102596,19.917511,228.5,2026-07-01 21:00:00+00:00,2026-07-01 22:00:00+00:00,7.03,10.49,12.23,1014.72,87.25,20.9,10.56,265.42
1535,33033,50.102596,19.917511,228.5,2026-07-01 22:00:00+00:00,2026-07-01 23:00:00+00:00,6.56,9.59,10.97,1014.3,88.5,20.04,10.98,272.79
1536,18512,49.992088,20.104929,265.63,2026-06-30 23:00:00+00:00,2026-07-01 00:00:00+00:00,11.88,17.93,21.43,1015.59,85.0,22.25,3.82,98.0
1537,18512,49.992088,20.104929,265.63,2026-07-01 00:00:00+00:00,2026-07-01 01:00:00+00:00,12.08,18.24,22.2,1014.82,85.0,21.78,2.68,115.0
1538,18512,49.992088,20.104929,265.63,2026-07-01 01:00:00+00:00,2026-07-01 02:00:00+00:00,12.37,18.52,22.33,1014.11,82.77,20.99,3.06,160.0
1539,18512,49.992088,20.104929,265.63,2026-07-01 02:00:00+00:00,2026-07-01 03:00:00+00:00,12.37,18.85,23.06,1013.2,70.64,20.61,4.53,202.0
1540,18512,49.992088,20.104929,265.63,2026-07-01 03:00:00+00:00,2026-07-01 04:00:00+00:00,12.59,19.03,23.39,1013.38,88.43,20.37,4.29,230.0
1541,18512,49.992088,20.104929,265.63,2026-07-01 04:00:00+00:00,2026-07-01 05:00:00+00:00,13.38,20.41,25.97,1013.81,88.19,21.35,5.51,235.61
1542,18512,49.992088,20.104929,265.63,2026-07-01 05:00:00+00:00,2026-07-01 06:00:00+00:00,14.72,22.4,29.45,1015.06,86.63,23.77,4.86,243.23
1543,18512,49.992088,20.104929,265.63,2026-07-01 06:00:00+00:00,2026-07-01 07:00:00+00:00,14.01,21.16,27.29,1016.7,81.63,26.53,7.54,271.25
1544,18512,49.992088,20.104929,265.63,2026-07-01 07:00:00+00:00,2026-07-01 08:00:00+00:00,13.86,20.78,26.74,1017.59,79.0,28.32,9.75,282.0
1545,18512,49.992088,20.104929,265.63,2026-07-01 08:00:00+00:00,2026-07-01 09:00:00+00:00,13.66,19.87,24.6,1019.93,76.94,30.1,9.32,276.52
1546,18512,49.992088,20.104929,265.63,2026-07-01 09:00:00+00:00,2026-07-01 10:00:00+00:00,13.99,20.44,25.8,1020.04,73.0,30.98,7.14,276.78
1547,18512,49.992088,20.104929,265.63,2026-07-01 10:00:00+00:00,2026-07-01 11:00:00+00:00,14.48,21.31,27.36,1019.0,69.75,31.67,4.89,215.69
1548,18512,49.992088,20.104929,265.63,2026-07-01 11:00:00+00:00,2026-07-01 12:00:00+00:00,14.69,21.42,27.54,1018.22,69.88,31.13,6.02,246.47
1549,18512,49.992088,20.104929,265.63,2026-07-01 12:00:00+00:00,2026-07-01 13:00:00+00:00,14.16,20.91,26.68,1017.51,70.63,30.7,8.3,252.13
1550,18512,49.992088,20.104929,265.63,2026-07-01 13:00:00+00:00,2026-07-01 14:00:00+00:00,13.84,20.7,26.23,1015.75,70.75,30.35,6.7,165.28
1551,18512,49.992088,20.104929,265.63,2026-07-01 14:00:00+00:00,2026-07-01 15:00:00+00:00,13.96,20.83,26.65,1014.64,73.88,29.27,7.27,144.04
1552,18512,49.992088,20.104929,265.63,2026-07-01 15:00:00+00:00,2026-07-01 16:00:00+00:00,11.97,17.92,22.55,1013.93,74.33,28.13,7.92,163.94
1553,18512,49.992088,20.104929,265.63,2026-07-01 16:00:00+00:00,2026-07-01 17:00:00+00:00,3.62,5.45,6.45,1013.56,71.13,27.32,3.93,340.79
1554,18512,49.992088,20.104929,265.63,2026-07-01 17:00:00+00:00,2026-07-01 18:00:00+00:00,3.67,5.8,7.0,1013.05,76.31,25.11,12.68,295.52
1555,18512,49.992088,20.104929,265.63,2026-07-01 18:00:00+00:00,2026-07-01 19:00:00+00:00,5.03,7.96,9.54,1013.22,83.27,22.56,13.0,278.79
1556,18512,49.992088,20.104929,265.63,2026-07-01 19:00:00+00:00,2026-07-01 20:00:00+00:00,5.58,8.76,10.38,1013.98,85.53,21.67,11.12,268.49
1557,18512,49.992088,20.104929,265.63,2026-07-01 20:00:00+00:00,2026-07-01 21:00:00+00:00,6.14,9.32,11.17,1013.29,86.3,20.93,11.02,268.27
1558,18512,49.992088,20.104929,265.63,2026-07-01 21:00:00+00:00,2026-07-01 22:00:00+00:00,6.87,10.52,12.48,1012.29,77.15,20.19,11.16,269.67
1559,18512,49.992088,20.104929,265.63,2026-07-01 22:00:00+00:00,2026-07-01 23:00:00+00:00,6.61,9.99,11.94,1011.94,69.4,19.57,11.77,281.69
1560,18768,50.109742,19.833999,224.54,2026-06-30 23:00:00+00:00,2026-07-01 00:00:00+00:00,11.61,15.77,18.38,1014.52,83.38,22.66,4.98,90.9
1561,18768,50.109742,19.833999,224.54,2026-07-01 00:00:00+00:00,2026-07-01 01:00:00+00:00,10.26,13.9,15.58,1014.53,84.88,22.22,4.25,98.23
1562,18768,50.109742,19.833999,224.54,2026-07-01 01:00:00+00:00,2026-07-01 02:00:00+00:00,10.73,15.06,17.43,1014.03,86.38,21.33,2.77,113.89
1563,18768,50.109742,19.833999,224.54,2026-07-01 02:00:00+00:00,2026-07-01 03:00:00+00:00,10.9,15.32,17.84,1013.38,87.88,20.65,2.68,182.52
1564,18768,50.109742,19.833999,224.54,2026-07-01 03:00:00+00:00,2026-07-01 04:00:00+00:00,11.15,15.88,18.76,1013.41,90.75,20.24,4.6,243.47
1565,18768,50.109742,19.833999,224.54,2026-07-01 04:00:00+00:00,2026-07-01 05:00:00+00:00,11.38,16.46,19.56,1013.31,89.63,21.48,5.5,245.07
1566,18768,50.109742,19.833999,224.54,2026-07-01 05:00:00+00:00,2026-07-01 06:00:00+00:00,12.49,17.92,22.2,1013.34,87.0,23.03,5.77,255.09
1567,18768,50.109742,19.833999,224.54,2026-07-01 06:00:00+00:00,2026-07-01 07:00:00+00:00,14.84,21.5,27.86,1013.66,83.38,24.54,8.16,269.35
1568,18768,50.109742,19.833999,224.54,2026-07-01 07:00:00+00:00,2026-07-01 08:00:00+00:00,13.08,18.76,23.42,1013.2,80.25,26.02,9.26,278.6
1569,18768,50.109742,19.833999,224.54,2026-07-01 08:00:00+00:00,2026-07-01 09:00:00+00:00,10.5,14.24,15.88,1012.62,77.22,27.97,7.97,282.41
1570,18768,50.109742,19.833999,224.54,2026-07-01 09:00:00+00:00,2026-07-01 10:00:00+00:00,9.79,12.98,14.59,1012.61,71.92,29.43,5.51,283.0
1571,18768,50.109742,19.833999,224.54,2026-07-01 10:00:00+00:00,2026-07-01 11:00:00+00:00,9.35,12.41,13.9,1012.18,69.01,30.6,4.07,277.45
1572,18768,50.109742,19.833999,224.54,2026-07-01 11:00:00+00:00,2026-07-01 12:00:00+00:00,10.6,14.32,15.97,1011.41,69.24,30.79,5.84,291.15
1573,18768,50.109742,19.833999,224.54,2026-07-01 12:00:00+00:00,2026-07-01 13:00:00+00:00,12.02,16.55,18.66,1010.59,71.11,30.82,6.71,288.78
1574,18768,50.109742,19.833999,224.54,2026-07-01 13:00:00+00:00,2026-07-01 14:00:00+00:00,12.65,17.31,20.05,1009.86,71.35,31.55,8.35,162.04
1575,18768,50.109742,19.833999,224.54,2026-07-01 14:00:00+00:00,2026-07-01 15:00:00+00:00,12.22,17.14,20.99,1010.21,71.51,29.76,9.73,144.5
1576,18768,50.109742,19.833999,224.54,2026-07-01 15:00:00+00:00,2026-07-01 16:00:00+00:00,8.4,11.37,12.79,1010.59,69.57,28.18,10.2,164.64
1577,18768,50.109742,19.833999,224.54,2026-07-01 16:00:00+00:00,2026-07-01 17:00:00+00:00,5.2,7.19,8.18,1010.76,71.83,26.2,3.85,282.54
1578,18768,50.109742,19.833999,224.54,2026-07-01 17:00:00+00:00,2026-07-01 18:00:00+00:00,6.01,8.13,9.31,1010.97,78.73,23.8,12.01,291.37
1579,18768,50.109742,19.833999,224.54,2026-07-01 18:00:00+00:00,2026-07-01 19:00:00+00:00,5.93,8.31,9.66,1012.49,83.18,22.69,11.36,266.37
1580,18768,50.109742,19.833999,224.54,2026-07-01 19:00:00+00:00,2026-07-01 20:00:00+00:00,6.11,8.43,9.68,1014.21,86.24,22.02,9.84,258.2
1581,18768,50.109742,19.833999,224.54,2026-07-01 20:00:00+00:00,2026-07-01 21:00:00+00:00,7.04,9.92,11.25,1014.92,86.75,21.38,10.12,265.52
1582,18768,50.109742,19.833999,224.54,2026-07-01 21:00:00+00:00,2026-07-01 22:00:00+00:00,7.38,10.31,11.83,1014.62,87.5,20.3,10.51,268.0
1583,18768,50.109742,19.833999,224.54,2026-07-01 22:00:00+00:00,2026-07-01 23:00:00+00:00,6.81,9.51,10.79,1014.17,88.44,19.58,10.63,273.3
1584,11958,50.162285,19.946915,340.11,2026-06-30 23:00:00+00:00,2026-07-01 00:00:00+00:00,10.89,14.36,16.34,1015.05,80.17,22.46,5.15,90.64
1585,11958,50.162285,19.946915,340.11,2026-07-01 00:00:00+00:00,2026-07-01 01:00:00+00:00,11.53,15.52,17.76,1014.74,82.43,21.98,4.15,100.83
1586,11958,50.162285,19.946915,340.11,2026-07-01 01:00:00+00:00,2026-07-01 02:00:00+00:00,12.09,16.47,18.94,1013.93,84.39,21.81,2.98,121.35
1587,11958,50.162285,19.946915,340.11,2026-07-01 02:00:00+00:00,2026-07-01 03:00:00+00:00,12.75,17.94,21.02,1013.46,87.13,21.17,2.58,188.99
1588,11958,50.162285,19.946915,340.11,2026-07-01 03:00:00+00:00,2026-07-01 04:00:00+00:00,13.5,19.19,23.32,1013.41,89.5,20.76,5.01,233.3
1589,11958,50.162285,19.946915,340.11,2026-07-01 04:00:00+00:00,2026-07-01 05:00:00+00:00,15.31,21.42,27.12,1013.42,89.5,21.23,5.36,243.0
1590,11958,50.162285,19.946915,340.11,2026-07-01 05:00:00+00:00,2026-07-01 06:00:00+00:00,15.05,21.66,27.78,1013.52,86.5,22.33,5.29,253.0
1591,11958,50.162285,19.946915,340.11,2026-07-01 06:00:00+00:00,2026-07-01 07:00:00+00:00,17.12,24.9,32.89,1013.91,82.0,24.04,7.93,270.0
1592,11958,50.162285,19.946915,340.11,2026-07-01 07:00:00+00:00,2026-07-01 08:00:00+00:00,14.16,19.83,24.31,1013.63,76.76,25.54,9.45,280.24
1593,11958,50.162285,19.946915,340.11,2026-07-01 08:00:00+00:00,2026-07-01 09:00:00+00:00,10.95,14.43,16.5,1013.06,70.26,27.2,8.12,276.49
1594,11958,50.162285,19.946915,340.11,2026-07-01 09:00:00+00:00,2026-07-01 10:00:00+00:00,10.51,13.51,15.38,1012.99,64.55,28.9,5.78,280.42
1595,11958,50.162285,19.946915,340.11,2026-07-01 10:00:00+00:00,2026-07-01 11:00:00+00:00,12.06,15.7,17.78,1012.59,62.81,30.35,5.28,272.15
1596,11958,50.162285,19.946915,340.11,2026-07-01 11:00:00+00:00,2026-07-01 12:00:00+00:00,12.21,15.84,17.94,1011.82,63.32,31.01,6.29,284.94
1597,11958,50.162285,19.946915,340.11,2026-07-01 12:00:00+00:00,2026-07-01 13:00:00+00:00,12.08,15.41,17.39,1010.95,63.07,32.69,1.47,341.09
1598,11958,50.162285,19.946915,340.11,2026-07-01 13:00:00+00:00,2026-07-01 14:00:00+00:00,12.54,16.1,18.27,1010.06,59.55,33.76,6.85,117.48
1599,11958,50.162285,19.946915,340.11,2026-07-01 14:00:00+00:00,2026-07-01 15:00:00+00:00,13.45,18.21,21.26,1010.2,65.04,31.18,9.52,155.46
1600,11958,50.162285,19.946915,340.11,2026-07-01 15:00:00+00:00,2026-07-01 16:00:00+00:00,11.79,15.97,18.56,1010.37,64.58,27.97,4.67,190.55
1601,11958,50.162285,19.946915,340.11,2026-07-01 16:00:00+00:00,2026-07-01 17:00:00+00:00,7.82,10.12,11.99,1010.36,65.47,26.13,8.43,287.0
1602,11958,50.162285,19.946915,340.11,2026-07-01 17:00:00+00:00,2026-07-01 18:00:00+00:00,7.09,9.36,10.78,1010.8,72.29,23.38,15.67,289.0
1603,11958,50.162285,19.946915,340.11,2026-07-01 18:00:00+00:00,2026-07-01 19:00:00+00:00,5.62,7.39,8.51,1012.5,76.61,22.14,10.71,255.0
1604,11958,50.162285,19.946915,340.11,2026-07-01 19:00:00+00:00,2026-07-01 20:00:00+00:00,5.83,7.43,8.5,1014.22,81.78,21.57,10.03,260.47
1605,11958,50.162285,19.946915,340.11,2026-07-01 20:00:00+00:00,2026-07-01 21:00:00+00:00,7.55,10.07,12.01,1014.73,85.26,20.95,10.33,266.88
1606,11958,50.162285,19.946915,340.11,2026-07-01 21:00:00+00:00,2026-07-01 22:00:00+00:00,15.29,19.44,24.13,1014.47,86.05,19.77,10.85,266.32
1607,11958,50.162285,19.946915,340.11,2026-07-01 22:00:00+00:00,2026-07-01 23:00:00+00:00,9.33,12.45,14.56,1014.01,88.16,19.17,10.99,273.51
1608,2827,50.182739,19.977823,252.74,2026-06-30 23:00:00+00:00,2026-07-01 00:00:00+00:00,11.5,15.8,18.27,1016.76,84.25,22.47,4.55,102.43
1609,2827,50.182739,19.977823,252.74,2026-07-01 00:00:00+00:00,2026-07-01 01:00:00+00:00,11.56,15.82,18.28,1016.46,84.38,22.23,3.36,111.27
1610,2827,50.182739,19.977823,252.74,2026-07-01 01:00:00+00:00,2026-07-01 02:00:00+00:00,11.67,16.11,18.51,1015.82,85.88,21.74,3.2,140.25
1611,2827,50.182739,19.977823,252.74,2026-07-01 02:00:00+00:00,2026-07-01 03:00:00+00:00,11.87,16.49,18.97,1015.36,87.25,21.08,2.7,172.0
1612,2827,50.182739,19.977823,252.74,2026-07-01 03:00:00+00:00,2026-07-01 04:00:00+00:00,12.09,17.08,19.73,1015.33,90.25,20.56,5.18,236.0
1613,2827,50.182739,19.977823,252.74,2026-07-01 04:00:00+00:00,2026-07-01 05:00:00+00:00,12.5,17.68,20.79,1015.33,88.0,22.37,5.64,236.0
1614,2827,50.182739,19.977823,252.74,2026-07-01 05:00:00+00:00,2026-07-01 06:00:00+00:00,13.81,19.7,24.31,1015.35,86.5,24.28,4.92,247.0
1615,2827,50.182739,19.977823,252.74,2026-07-01 06:00:00+00:00,2026-07-01 07:00:00+00:00,15.42,22.12,28.78,1015.59,82.0,25.94,7.54,270.0
1616,2827,50.182739,19.977823,252.74,2026-07-01 07:00:00+00:00,2026-07-01 08:00:00+00:00,14.97,21.38,27.46,1015.37,79.0,26.9,10.18,284.0
1617,2827,50.182739,19.977823,252.74,2026-07-01 08:00:00+00:00,2026-07-01 09:00:00+00:00,11.71,16.05,18.69,1014.83,60.62,28.45,8.72,283.0
1618,2827,50.182739,19.977823,252.74,2026-07-01 09:00:00+00:00,2026-07-01 10:00:00+00:00,11.7,16.12,18.57,1014.72,48.32,29.57,6.07,283.0
1619,2827,50.182739,19.977823,252.74,2026-07-01 10:00:00+00:00,2026-07-01 11:00:00+00:00,12.22,16.88,19.53,1014.38,45.34,30.85,4.12,229.0
1620,2827,50.182739,19.977823,252.74,2026-07-01 11:00:00+00:00,2026-07-01 12:00:00+00:00,12.69,17.43,20.6,1013.76,45.36,30.65,7.37,264.39
1621,2827,50.182739,19.977823,252.74,2026-07-01 12:00:00+00:00,2026-07-01 13:00:00+00:00,12.35,17.34,20.48,1013.16,46.06,30.55,8.79,243.71
1622,2827,50.182739,19.977823,252.74,2026-07-01 13:00:00+00:00,2026-07-01 14:00:00+00:00,13.6,19.36,24.0,1012.55,42.67,31.46,7.16,125.06
1623,2827,50.182739,19.977823,252.74,2026-07-01 14:00:00+00:00,2026-07-01 15:00:00+00:00,15.94,22.95,29.68,1012.3,46.86,30.36,7.2,138.82
1624,2827,50.182739,19.977823,252.74,2026-07-01 15:00:00+00:00,2026-07-01 16:00:00+00:00,13.01,18.5,22.68,1012.29,49.44,28.88,8.6,164.4
1625,2827,50.182739,19.977823,252.74,2026-07-01 16:00:00+00:00,2026-07-01 17:00:00+00:00,7.14,9.68,11.15,1012.21,52.3,26.73,4.44,284.07
1626,2827,50.182739,19.977823,252.74,2026-07-01 17:00:00+00:00,2026-07-01 18:00:00+00:00,6.81,9.48,11.0,1012.59,66.72,24.15,11.54,293.21
1627,2827,50.182739,19.977823,252.74,2026-07-01 18:00:00+00:00,2026-07-01 19:00:00+00:00,5.98,8.13,9.33,1014.27,82.18,22.88,11.1,271.99
1628,2827,50.182739,19.977823,252.74,2026-07-01 19:00:00+00:00,2026-07-01 20:00:00+00:00,5.23,7.01,8.15,1016.02,85.67,22.03,10.11,262.35
1629,2827,50.182739,19.977823,252.74,2026-07-01 20:00:00+00:00,2026-07-01 21:00:00+00:00,5.58,7.61,8.77,1016.49,86.5,21.48,10.16,265.38
1630,2827,50.182739,19.977823,252.74,2026-07-01 21:00:00+00:00,2026-07-01 22:00:00+00:00,7.04,9.69,11.2,1016.29,87.0,20.96,10.83,267.68
1631,2827,50.182739,19.977823,252.74,2026-07-01 22:00:00+00:00,2026-07-01 23:00:00+00:00,8.04,11.08,12.79,1015.8,88.25,19.98,11.08,274.68
1632,18410,50.071128,19.892226,205.7,2026-06-30 23:00:00+00:00,2026-07-01 00:00:00+00:00,,,,,,,,
1633,18410,50.071128,19.892226,205.7,2026-07-01 00:00:00+00:00,2026-07-01 01:00:00+00:00,,,,,,,,
1634,18410,50.071128,19.892226,205.7,2026-07-01 01:00:00+00:00,2026-07-01 02:00:00+00:00,,,,,,,,
1635,18410,50.071128,19.892226,205.7,2026-07-01 02:00:00+00:00,2026-07-01 03:00:00+00:00,,,,,,,,
1636,18410,50.071128,19.892226,205.7,2026-07-01 03:00:00+00:00,2026-07-01 04:00:00+00:00,,,,,,,,
1637,18410,50.071128,19.892226,205.7,2026-07-01 04:00:00+00:00,2026-07-01 05:00:00+00:00,,,,,,,,
1638,18410,50.071128,19.892226,205.7,2026-07-01 05:00:00+00:00,2026-07-01 06:00:00+00:00,,,,,,,,
1639,18410,50.071128,19.892226,205.7,2026-07-01 06:00:00+00:00,2026-07-01 07:00:00+00:00,,,,,,,,
1640,18410,50.071128,19.892226,205.7,2026-07-01 07:00:00+00:00,2026-07-01 08:00:00+00:00,,,,,,,,
1641,18410,50.071128,19.892226,205.7,2026-07-01 08:00:00+00:00,2026-07-01 09:00:00+00:00,,,,,,,,
1642,18410,50.071128,19.892226,205.7,2026-07-01 09:00:00+00:00,2026-07-01 10:00:00+00:00,,,,,,,,
1643,18410,50.071128,19.892226,205.7,2026-07-01 10:00:00+00:00,2026-07-01 11:00:00+00:00,,,,,,,,
1644,18410,50.071128,19.892226,205.7,2026-07-01 11:00:00+00:00,2026-07-01 12:00:00+00:00,,,,,,,,
1645,18410,50.071128,19.892226,205.7,2026-07-01 12:00:00+00:00,2026-07-01 13:00:00+00:00,,,,,,,,
1646,18410,50.071128,19.892226,205.7,2026-07-01 13:00:00+00:00,2026-07-01 14:00:00+00:00,,,,,,,,
1647,18410,50.071128,19.892226,205.7,2026-07-01 14:00:00+00:00,2026-07-01 15:00:00+00:00,,,,,,,,
1648,18410,50.071128,19.892226,205.7,2026-07-01 15:00:00+00:00,2026-07-01 16:00:00+00:00,,,,,,,,
1649,18410,50.071128,19.892226,205.7,2026-07-01 16:00:00+00:00,2026-07-01 17:00:00+00:00,,,,,,,,
1650,18410,50.071128,19.892226,205.7,2026-07-01 17:00:00+00:00,2026-07-01 18:00:00+00:00,,,,,,,,
1651,18410,50.071128,19.892226,205.7,2026-07-01 18:00:00+00:00,2026-07-01 19:00:00+00:00,,,,,,,,
1652,18410,50.071128,19.892226,205.7,2026-07-01 19:00:00+00:00,2026-07-01 20:00:00+00:00,,,,,,,,
1653,18410,50.071128,19.892226,205.7,2026-07-01 20:00:00+00:00,2026-07-01 21:00:00+00:00,,,,,,,,
1654,18410,50.071128,19.892226,205.7,2026-07-01 21:00:00+00:00,2026-07-01 22:00:00+00:00,,,,,,,,
1655,18410,50.071128,19.892226,205.7,2026-07-01 22:00:00+00:00,2026-07-01 23:00:00+00:00,,,,,,,,
1656,18506,49.98436,20.066578,251.23,2026-06-30 23:00:00+00:00,2026-07-01 00:00:00+00:00,12.87,16.96,19.34,1014.69,85.0,22.65,3.72,99.01
1657,18506,49.98436,20.066578,251.23,2026-07-01 00:00:00+00:00,2026-07-01 01:00:00+00:00,12.93,17.2,19.65,1014.36,85.0,22.19,2.64,118.91
1658,18506,49.98436,20.066578,251.23,2026-07-01 01:00:00+00:00,2026-07-01 02:00:00+00:00,13.44,18.22,21.41,1013.89,85.19,21.46,3.1,164.68
1659,18506,49.98436,20.066578,251.23,2026-07-01 02:00:00+00:00,2026-07-01 03:00:00+00:00,13.84,19.04,22.89,1013.29,87.25,21.11,4.53,202.0
1660,18506,49.98436,20.066578,251.23,2026-07-01 03:00:00+00:00,2026-07-01 04:00:00+00:00,14.31,19.49,23.88,1013.45,90.25,20.9,4.29,230.0
1661,18506,49.98436,20.066578,251.23,2026-07-01 04:00:00+00:00,2026-07-01 05:00:00+00:00,15.47,21.05,26.61,1013.56,88.0,21.73,5.62,236.0
1662,18506,49.98436,20.066578,251.23,2026-07-01 05:00:00+00:00,2026-07-01 06:00:00+00:00,17.17,23.97,31.4,1013.57,86.5,23.9,4.79,244.0
1663,18506,49.98436,20.066578,251.23,2026-07-01 06:00:00+00:00,2026-07-01 07:00:00+00:00,15.72,21.07,26.56,1013.75,82.0,26.99,7.19,268.0
1664,18506,49.98436,20.066578,251.23,2026-07-01 07:00:00+00:00,2026-07-01 08:00:00+00:00,15.74,20.95,26.41,1013.58,79.25,28.44,9.52,281.13
1665,18506,49.98436,20.066578,251.23,2026-07-01 08:00:00+00:00,2026-07-01 09:00:00+00:00,15.76,20.89,26.14,1012.93,76.94,29.36,9.32,276.52
1666,18506,49.98436,20.066578,251.23,2026-07-01 09:00:00+00:00,2026-07-01 10:00:00+00:00,15.78,20.76,25.9,1012.72,72.63,30.56,6.92,276.89
1667,18506,49.98436,20.066578,251.23,2026-07-01 10:00:00+00:00,2026-07-01 11:00:00+00:00,16.92,22.84,29.61,1012.27,69.5,31.32,5.1,209.05
1668,18506,49.98436,20.066578,251.23,2026-07-01 11:00:00+00:00,2026-07-01 12:00:00+00:00,16.8,22.61,29.19,1011.55,69.94,30.63,6.25,249.86
1669,18506,49.98436,20.066578,251.23,2026-07-01 12:00:00+00:00,2026-07-01 13:00:00+00:00,16.58,22.26,28.61,1010.97,70.63,30.33,8.3,252.13
1670,18506,49.98436,20.066578,251.23,2026-07-01 13:00:00+00:00,2026-07-01 14:00:00+00:00,16.38,22.02,28.21,1010.38,70.75,30.27,6.7,165.28
1671,18506,49.98436,20.066578,251.23,2026-07-01 14:00:00+00:00,2026-07-01 15:00:00+00:00,16.44,22.14,28.39,1010.36,73.88,29.2,7.27,144.04
1672,18506,49.98436,20.066578,251.23,2026-07-01 15:00:00+00:00,2026-07-01 16:00:00+00:00,12.78,16.71,20.38,1010.44,73.87,28.47,8.07,166.04
1673,18506,49.98436,20.066578,251.23,2026-07-01 16:00:00+00:00,2026-07-01 17:00:00+00:00,4.91,6.0,6.89,1009.89,70.49,27.86,5.28,342.41
1674,18506,49.98436,20.066578,251.23,2026-07-01 17:00:00+00:00,2026-07-01 18:00:00+00:00,5.33,6.67,7.68,1011.19,77.05,25.38,13.52,292.7
1675,18506,49.98436,20.066578,251.23,2026-07-01 18:00:00+00:00,2026-07-01 19:00:00+00:00,6.64,8.3,9.59,1012.7,83.86,22.84,12.78,277.57
1676,18506,49.98436,20.066578,251.23,2026-07-01 19:00:00+00:00,2026-07-01 20:00:00+00:00,7.75,9.88,11.4,1014.6,85.56,22.05,11.12,268.49
1677,18506,49.98436,20.066578,251.23,2026-07-01 20:00:00+00:00,2026-07-01 21:00:00+00:00,8.03,10.27,11.74,1014.64,86.31,21.38,11.02,268.27
1678,18506,49.98436,20.066578,251.23,2026-07-01 21:00:00+00:00,2026-07-01 22:00:00+00:00,9.23,11.74,13.47,1014.2,87.06,20.68,11.16,269.75
1679,18506,49.98436,20.066578,251.23,2026-07-01 22:00:00+00:00,2026-07-01 23:00:00+00:00,8.67,11.07,12.78,1014.05,88.38,20.07,11.87,283.05
1680,7683,50.139077,19.926778,255.72,2026-06-30 23:00:00+00:00,2026-07-01 00:00:00+00:00,9.31,13.6,15.51,1014.85,84.06,21.96,4.68,100.29
1681,7683,50.139077,19.926778,255.72,2026-07-01 00:00:00+00:00,2026-07-01 01:00:00+00:00,9.8,14.5,16.58,1014.62,84.25,21.51,3.96,106.42
1682,7683,50.139077,19.926778,255.72,2026-07-01 01:00:00+00:00,2026-07-01 02:00:00+00:00,10.17,14.95,17.03,1014.02,86.31,21.07,2.96,119.48
1683,7683,50.139077,19.926778,255.72,2026-07-01 02:00:00+00:00,2026-07-01 03:00:00+00:00,10.8,15.74,18.05,1013.48,88.56,20.47,3.12,193.71
1684,7683,50.139077,19.926778,255.72,2026-07-01 03:00:00+00:00,2026-07-01 04:00:00+00:00,10.99,16.11,18.36,1013.35,90.13,20.39,4.93,237.84
1685,7683,50.139077,19.926778,255.72,2026-07-01 04:00:00+00:00,2026-07-01 05:00:00+00:00,11.77,17.53,20.33,1013.29,88.88,21.52,5.47,241.84
1686,7683,50.139077,19.926778,255.72,2026-07-01 05:00:00+00:00,2026-07-01 06:00:00+00:00,13.38,20.02,24.54,1013.3,87.0,22.75,5.93,250.6
1687,7683,50.139077,19.926778,255.72,2026-07-01 06:00:00+00:00,2026-07-01 07:00:00+00:00,15.76,23.6,30.5,1013.58,82.25,24.77,7.76,269.51
1688,7683,50.139077,19.926778,255.72,2026-07-01 07:00:00+00:00,2026-07-01 08:00:00+00:00,12.71,18.57,22.05,1013.25,79.0,26.08,9.23,277.33
1689,7683,50.139077,19.926778,255.72,2026-07-01 08:00:00+00:00,2026-07-01 09:00:00+00:00,10.1,14.34,16.19,1012.6,76.25,27.83,8.39,277.61
1690,7683,50.139077,19.926778,255.72,2026-07-01 09:00:00+00:00,2026-07-01 10:00:00+00:00,8.12,11.59,13.12,1012.59,72.75,29.36,5.95,277.82
1691,7683,50.139077,19.926778,255.72,2026-07-01 10:00:00+00:00,2026-07-01 11:00:00+00:00,9.45,13.27,14.91,1012.17,70.5,30.63,4.94,267.81
1692,7683,50.139077,19.926778,255.72,2026-07-01 11:00:00+00:00,2026-07-01 12:00:00+00:00,11.37,15.89,17.75,1011.44,70.0,31.17,6.1,281.41
1693,7683,50.139077,19.926778,255.72,2026-07-01 12:00:00+00:00,2026-07-01 13:00:00+00:00,11.65,16.63,18.86,1010.67,68.75,31.42,2.44,327.03
1694,7683,50.139077,19.926778,255.72,2026-07-01 13:00:00+00:00,2026-07-01 14:00:00+00:00,12.21,17.38,19.79,1009.88,68.0,31.95,7.04,112.52
1695,7683,50.139077,19.926778,255.72,2026-07-01 14:00:00+00:00,2026-07-01 15:00:00+00:00,12.97,18.86,22.15,1009.92,72.0,29.72,8.91,157.54
1696,7683,50.139077,19.926778,255.72,2026-07-01 15:00:00+00:00,2026-07-01 16:00:00+00:00,9.76,14.08,16.13,1010.16,74.0,28.08,5.14,177.19
1697,7683,50.139077,19.926778,255.72,2026-07-01 16:00:00+00:00,2026-07-01 17:00:00+00:00,5.99,8.77,10.12,1010.31,76.53,26.04,9.18,298.76
1698,7683,50.139077,19.926778,255.72,2026-07-01 17:00:00+00:00,2026-07-01 18:00:00+00:00,5.09,7.82,9.17,1010.78,79.23,23.95,12.17,286.53
1699,7683,50.139077,19.926778,255.72,2026-07-01 18:00:00+00:00,2026-07-01 19:00:00+00:00,5.46,8.48,9.88,1012.47,83.74,22.46,11.3,265.58
1700,7683,50.139077,19.926778,255.72,2026-07-01 19:00:00+00:00,2026-07-01 20:00:00+00:00,4.85,7.24,8.38,1014.2,85.75,21.87,10.27,260.0
1701,7683,50.139077,19.926778,255.72,2026-07-01 20:00:00+00:00,2026-07-01 21:00:00+00:00,5.04,7.68,8.87,1014.73,87.0,21.19,9.4,261.64
1702,7683,50.139077,19.926778,255.72,2026-07-01 21:00:00+00:00,2026-07-01 22:00:00+00:00,6.98,10.67,12.22,1014.51,87.25,20.23,10.56,265.42
1703,7683,50.139077,19.926778,255.72,2026-07-01 22:00:00+00:00,2026-07-01 23:00:00+00:00,6.27,9.63,11.14,1014.07,88.5,19.48,11.01,273.53
1704,32810,50.155872,20.02762,286.45,2026-06-30 23:00:00+00:00,2026-07-01 00:00:00+00:00,10.29,13.55,16.48,1014.35,81.92,22.88,4.55,102.43
1705,32810,50.155872,20.02762,286.45,2026-07-01 00:00:00+00:00,2026-07-01 01:00:00+00:00,11.25,15.3,18.67,1014.09,59.55,22.52,3.4,109.0
1706,32810,50.155872,20.02762,286.45,2026-07-01 01:00:00+00:00,2026-07-01 02:00:00+00:00,11.28,15.26,18.47,1013.42,61.06,22.18,3.29,138.0
1707,32810,50.155872,20.02762,286.45,2026-07-01 02:00:00+00:00,2026-07-01 03:00:00+00:00,11.76,16.19,19.85,1012.81,62.58,21.62,2.7,172.0
1708,32810,50.155872,20.02762,286.45,2026-07-01 03:00:00+00:00,2026-07-01 04:00:00+00:00,11.92,16.57,20.47,1012.81,65.58,20.86,5.18,236.0
1709,32810,50.155872,20.02762,286.45,2026-07-01 04:00:00+00:00,2026-07-01 05:00:00+00:00,13.3,18.77,24.24,1012.82,63.34,21.96,5.64,236.0
1710,32810,50.155872,20.02762,286.45,2026-07-01 05:00:00+00:00,2026-07-01 06:00:00+00:00,14.17,20.27,27.19,1012.85,61.83,23.26,4.92,247.0
1711,32810,50.155872,20.02762,286.45,2026-07-01 06:00:00+00:00,2026-07-01 07:00:00+00:00,16.02,23.01,31.47,1013.12,57.3,24.7,7.54,270.0
1712,32810,50.155872,20.02762,286.45,2026-07-01 07:00:00+00:00,2026-07-01 08:00:00+00:00,14.73,20.83,28.02,1012.92,54.3,26.44,10.18,284.0
1713,32810,50.155872,20.02762,286.45,2026-07-01 08:00:00+00:00,2026-07-01 09:00:00+00:00,10.88,14.8,17.86,1012.32,50.57,28.32,8.72,283.0
1714,32810,50.155872,20.02762,286.45,2026-07-01 09:00:00+00:00,2026-07-01 10:00:00+00:00,10.41,13.64,16.22,1012.19,48.51,29.52,6.29,283.0
1715,32810,50.155872,20.02762,286.45,2026-07-01 10:00:00+00:00,2026-07-01 11:00:00+00:00,11.29,15.16,18.06,1011.91,45.59,30.81,4.09,234.74
1716,32810,50.155872,20.02762,286.45,2026-07-01 11:00:00+00:00,2026-07-01 12:00:00+00:00,10.87,14.26,17.02,1011.27,54.55,31.57,7.37,264.39
1717,32810,50.155872,20.02762,286.45,2026-07-01 12:00:00+00:00,2026-07-01 13:00:00+00:00,10.72,13.98,16.56,1010.56,70.69,31.99,8.79,243.71
1718,32810,50.155872,20.02762,286.45,2026-07-01 13:00:00+00:00,2026-07-01 14:00:00+00:00,11.75,15.25,19.34,1009.83,67.31,33.57,7.16,125.06
1719,32810,50.155872,20.02762,286.45,2026-07-01 14:00:00+00:00,2026-07-01 15:00:00+00:00,12.36,16.78,21.13,1009.62,71.5,30.61,7.2,138.82
1720,32810,50.155872,20.02762,286.45,2026-07-01 15:00:00+00:00,2026-07-01 16:00:00+00:00,12.18,16.66,20.92,1009.67,68.72,28.63,8.39,162.71
1721,32810,50.155872,20.02762,286.45,2026-07-01 16:00:00+00:00,2026-07-01 17:00:00+00:00,6.6,8.89,11.02,1009.57,77.0,26.2,4.44,284.07
1722,32810,50.155872,20.02762,286.45,2026-07-01 17:00:00+00:00,2026-07-01 18:00:00+00:00,5.62,7.71,9.67,1010.04,80.25,24.15,11.54,293.21
1723,32810,50.155872,20.02762,286.45,2026-07-01 18:00:00+00:00,2026-07-01 19:00:00+00:00,5.62,7.78,9.72,1011.86,83.25,22.83,11.1,271.99
1724,32810,50.155872,20.02762,286.45,2026-07-01 19:00:00+00:00,2026-07-01 20:00:00+00:00,4.96,6.76,8.51,1013.64,63.38,22.01,10.11,262.35
1725,32810,50.155872,20.02762,286.45,2026-07-01 20:00:00+00:00,2026-07-01 21:00:00+00:00,5.6,7.75,9.69,1014.09,61.78,21.39,10.16,265.38
1726,32810,50.155872,20.02762,286.45,2026-07-01 21:00:00+00:00,2026-07-01 22:00:00+00:00,8.18,11.32,14.07,1013.88,62.26,20.4,10.83,267.68
1727,32810,50.155872,20.02762,286.45,2026-07-01 22:00:00+00:00,2026-07-01 23:00:00+00:00,7.77,10.75,13.36,1013.51,63.39,19.71,11.07,273.85
1728,7917,49.9909,20.03226,243.62,2026-06-30 23:00:00+00:00,2026-07-01 00:00:00+00:00,,,,,,,,
1729,7917,49.9909,20.03226,243.62,2026-07-01 00:00:00+00:00,2026-07-01 01:00:00+00:00,,,,,,,,
1730,7917,49.9909,20.03226,243.62,2026-07-01 01:00:00+00:00,2026-07-01 02:00:00+00:00,,,,,,,,
1731,7917,49.9909,20.03226,243.62,2026-07-01 02:00:00+00:00,2026-07-01 03:00:00+00:00,,,,,,,,
1732,7917,49.9909,20.03226,243.62,2026-07-01 03:00:00+00:00,2026-07-01 04:00:00+00:00,,,,,,,,
1733,7917,49.9909,20.03226,243.62,2026-07-01 04:00:00+00:00,2026-07-01 05:00:00+00:00,,,,,,,,
1734,7917,49.9909,20.03226,243.62,2026-07-01 05:00:00+00:00,2026-07-01 06:00:00+00:00,,,,,,,,
1735,7917,49.9909,20.03226,243.62,2026-07-01 06:00:00+00:00,2026-07-01 07:00:00+00:00,,,,,,,,
1736,7917,49.9909,20.03226,243.62,2026-07-01 07:00:00+00:00,2026-07-01 08:00:00+00:00,,,,,,,,
1737,7917,49.9909,20.03226,243.62,2026-07-01 08:00:00+00:00,2026-07-01 09:00:00+00:00,,,,,,,,
1738,7917,49.9909,20.03226,243.62,2026-07-01 09:00:00+00:00,2026-07-01 10:00:00+00:00,,,,,,,,
1739,7917,49.9909,20.03226,243.62,2026-07-01 10:00:00+00:00,2026-07-01 11:00:00+00:00,,,,,,,,
1740,7917,49.9909,20.03226,243.62,2026-07-01 11:00:00+00:00,2026-07-01 12:00:00+00:00,,,,,,,,
1741,7917,49.9909,20.03226,243.62,2026-07-01 12:00:00+00:00,2026-07-01 13:00:00+00:00,,,,,,,,
1742,7917,49.9909,20.03226,243.62,2026-07-01 13:00:00+00:00,2026-07-01 14:00:00+00:00,,,,,,,,
1743,7917,49.9909,20.03226,243.62,2026-07-01 14:00:00+00:00,2026-07-01 15:00:00+00:00,,,,,,,,
1744,7917,49.9909,20.03226,243.62,2026-07-01 15:00:00+00:00,2026-07-01 16:00:00+00:00,,,,,,,,
1745,7917,49.9909,20.03226,243.62,2026-07-01 16:00:00+00:00,2026-07-01 17:00:00+00:00,,,,,,,,
1746,7917,49.9909,20.03226,243.62,2026-07-01 17:00:00+00:00,2026-07-01 18:00:00+00:00,,,,,,,,
1747,7917,49.9909,20.03226,243.62,2026-07-01 18:00:00+00:00,2026-07-01 19:00:00+00:00,,,,,,,,
1748,7917,49.9909,20.03226,243.62,2026-07-01 19:00:00+00:00,2026-07-01 20:00:00+00:00,,,,,,,,
1749,7917,49.9909,20.03226,243.62,2026-07-01 20:00:00+00:00,2026-07-01 21:00:00+00:00,,,,,,,,
1750,7917,49.9909,20.03226,243.62,2026-07-01 21:00:00+00:00,2026-07-01 22:00:00+00:00,,,,,,,,
1751,7917,49.9909,20.03226,243.62,2026-07-01 22:00:00+00:00,2026-07-01 23:00:00+00:00,,,,,,,,
1752,18769,50.108296,19.83855,231.14,2026-06-30 23:00:00+00:00,2026-07-01 00:00:00+00:00,10.49,15.07,17.43,1014.62,83.38,22.74,4.98,90.9
1753,18769,50.108296,19.83855,231.14,2026-07-01 00:00:00+00:00,2026-07-01 01:00:00+00:00,10.27,14.92,17.26,1014.49,78.5,22.28,4.31,97.49
1754,18769,50.108296,19.83855,231.14,2026-07-01 01:00:00+00:00,2026-07-01 02:00:00+00:00,10.91,15.86,18.52,1013.9,78.94,21.58,2.89,111.94
1755,18769,50.108296,19.83855,231.14,2026-07-01 02:00:00+00:00,2026-07-01 03:00:00+00:00,11.32,16.69,19.72,1013.47,78.4,20.88,2.55,177.52
1756,18769,50.108296,19.83855,231.14,2026-07-01 03:00:00+00:00,2026-07-01 04:00:00+00:00,11.55,17.15,20.43,1013.53,77.53,20.38,4.33,240.62
1757,18769,50.108296,19.83855,231.14,2026-07-01 04:00:00+00:00,2026-07-01 05:00:00+00:00,12.04,18.0,21.61,1013.49,83.14,21.36,5.45,245.15
1758,18769,50.108296,19.83855,231.14,2026-07-01 05:00:00+00:00,2026-07-01 06:00:00+00:00,14.22,21.86,29.35,1013.54,66.97,23.08,5.77,255.09
1759,18769,50.108296,19.83855,231.14,2026-07-01 06:00:00+00:00,2026-07-01 07:00:00+00:00,14.63,21.74,28.22,1013.79,83.14,25.91,8.16,269.35
1760,18769,50.108296,19.83855,231.14,2026-07-01 07:00:00+00:00,2026-07-01 08:00:00+00:00,13.58,19.75,24.27,1013.31,66.28,27.69,9.26,278.6
1761,18769,50.108296,19.83855,231.14,2026-07-01 08:00:00+00:00,2026-07-01 09:00:00+00:00,12.24,17.47,20.56,1012.59,52.71,30.21,7.97,282.41
1762,18769,50.108296,19.83855,231.14,2026-07-01 09:00:00+00:00,2026-07-01 10:00:00+00:00,11.7,16.66,19.47,1012.3,49.07,31.62,5.51,283.0
1763,18769,50.108296,19.83855,231.14,2026-07-01 10:00:00+00:00,2026-07-01 11:00:00+00:00,12.68,18.48,22.49,1012.03,47.11,31.36,4.07,277.45
1764,18769,50.108296,19.83855,231.14,2026-07-01 11:00:00+00:00,2026-07-01 12:00:00+00:00,11.68,16.93,19.8,1011.39,46.22,30.71,5.84,291.15
1765,18769,50.108296,19.83855,231.14,2026-07-01 12:00:00+00:00,2026-07-01 13:00:00+00:00,13.77,20.2,24.58,1010.78,46.72,30.26,6.71,288.78
1766,18769,50.108296,19.83855,231.14,2026-07-01 13:00:00+00:00,2026-07-01 14:00:00+00:00,14.08,20.69,25.43,1010.21,46.83,30.39,6.84,167.82
1767,18769,50.108296,19.83855,231.14,2026-07-01 14:00:00+00:00,2026-07-01 15:00:00+00:00,14.7,21.79,27.6,1010.35,47.38,29.74,9.73,144.5
1768,18769,50.108296,19.83855,231.14,2026-07-01 15:00:00+00:00,2026-07-01 16:00:00+00:00,12.76,19.56,24.16,1010.49,48.65,28.39,10.06,162.36
1769,18769,50.108296,19.83855,231.14,2026-07-01 16:00:00+00:00,2026-07-01 17:00:00+00:00,7.26,11.58,13.83,1010.53,51.55,26.53,3.85,282.54
1770,18769,50.108296,19.83855,231.14,2026-07-01 17:00:00+00:00,2026-07-01 18:00:00+00:00,5.8,8.69,10.25,1010.84,73.97,23.98,12.01,291.37
1771,18769,50.108296,19.83855,231.14,2026-07-01 18:00:00+00:00,2026-07-01 19:00:00+00:00,6.37,9.41,11.1,1012.44,83.43,22.68,11.61,268.96
1772,18769,50.108296,19.83855,231.14,2026-07-01 19:00:00+00:00,2026-07-01 20:00:00+00:00,5.94,8.95,10.79,1014.22,79.14,22.06,9.94,257.77
1773,18769,50.108296,19.83855,231.14,2026-07-01 20:00:00+00:00,2026-07-01 21:00:00+00:00,6.87,10.36,12.18,1014.98,76.16,21.24,10.03,264.87
1774,18769,50.108296,19.83855,231.14,2026-07-01 21:00:00+00:00,2026-07-01 22:00:00+00:00,6.67,10.06,11.81,1014.68,72.34,20.54,10.5,268.0
1775,18769,50.108296,19.83855,231.14,2026-07-01 22:00:00+00:00,2026-07-01 23:00:00+00:00,6.35,9.63,11.21,1014.25,78.08,19.82,10.63,273.3
1776,521,50.120655,19.78093,232.68,2026-06-30 23:00:00+00:00,2026-07-01 00:00:00+00:00,9.96,12.81,15.1,1012.2,83.34,23.99,5.0,90.88
1777,521,50.120655,19.78093,232.68,2026-07-01 00:00:00+00:00,2026-07-01 01:00:00+00:00,10.37,13.6,16.27,1012.1,84.86,23.53,4.26,98.17
1778,521,50.120655,19.78093,232.68,2026-07-01 01:00:00+00:00,2026-07-01 02:00:00+00:00,10.75,14.0,16.52,1011.45,86.34,22.63,2.81,113.3
1779,521,50.120655,19.78093,232.68,2026-07-01 02:00:00+00:00,2026-07-01 03:00:00+00:00,10.54,13.65,16.1,1011.17,87.82,21.72,2.62,180.31
1780,521,50.120655,19.78093,232.68,2026-07-01 03:00:00+00:00,2026-07-01 04:00:00+00:00,11.18,14.57,17.13,1011.23,90.64,21.29,4.48,242.22
1781,521,50.120655,19.78093,232.68,2026-07-01 04:00:00+00:00,2026-07-01 05:00:00+00:00,12.0,16.51,19.65,1011.09,89.7,22.8,5.47,245.12
1782,521,50.120655,19.78093,232.68,2026-07-01 05:00:00+00:00,2026-07-01 06:00:00+00:00,12.73,17.51,21.48,1010.87,86.91,27.15,5.78,255.44
1783,521,50.120655,19.78093,232.68,2026-07-01 06:00:00+00:00,2026-07-01 07:00:00+00:00,13.82,18.89,24.36,1011.1,82.73,29.78,8.25,269.66
1784,521,50.120655,19.78093,232.68,2026-07-01 07:00:00+00:00,2026-07-01 08:00:00+00:00,11.6,15.52,18.45,1010.61,75.57,30.9,9.27,278.73
1785,521,50.120655,19.78093,232.68,2026-07-01 08:00:00+00:00,2026-07-01 09:00:00+00:00,10.1,13.03,14.82,1010.14,68.67,32.02,7.95,282.46
1786,521,50.120655,19.78093,232.68,2026-07-01 09:00:00+00:00,2026-07-01 10:00:00+00:00,10.54,13.21,15.11,1010.03,63.71,32.6,5.51,283.0
1787,521,50.120655,19.78093,232.68,2026-07-01 10:00:00+00:00,2026-07-01 11:00:00+00:00,10.27,13.07,15.25,1009.71,61.51,32.65,4.07,277.45
1788,521,50.120655,19.78093,232.68,2026-07-01 11:00:00+00:00,2026-07-01 12:00:00+00:00,10.44,13.52,15.69,1009.04,61.15,32.39,5.79,290.93
1789,521,50.120655,19.78093,232.68,2026-07-01 12:00:00+00:00,2026-07-01 13:00:00+00:00,11.94,16.1,18.96,1008.4,62.05,31.74,6.71,288.85
1790,521,50.120655,19.78093,232.68,2026-07-01 13:00:00+00:00,2026-07-01 14:00:00+00:00,13.1,18.14,21.86,1007.91,63.43,31.75,7.58,164.68
1791,521,50.120655,19.78093,232.68,2026-07-01 14:00:00+00:00,2026-07-01 15:00:00+00:00,13.0,17.98,21.86,1008.15,65.87,30.67,9.71,143.83
1792,521,50.120655,19.78093,232.68,2026-07-01 15:00:00+00:00,2026-07-01 16:00:00+00:00,7.97,10.4,12.45,1008.11,65.28,29.77,10.12,163.4
1793,521,50.120655,19.78093,232.68,2026-07-01 16:00:00+00:00,2026-07-01 17:00:00+00:00,5.78,7.52,8.99,1008.29,67.67,27.64,3.74,280.33
1794,521,50.120655,19.78093,232.68,2026-07-01 17:00:00+00:00,2026-07-01 18:00:00+00:00,6.41,8.37,10.15,1008.46,74.7,25.34,11.9,291.9
1795,521,50.120655,19.78093,232.68,2026-07-01 18:00:00+00:00,2026-07-01 19:00:00+00:00,6.14,8.16,9.9,1010.01,78.28,24.08,11.45,267.32
1796,521,50.120655,19.78093,232.68,2026-07-01 19:00:00+00:00,2026-07-01 20:00:00+00:00,5.72,7.51,9.15,1011.68,82.23,23.28,9.88,258.04
1797,521,50.120655,19.78093,232.68,2026-07-01 20:00:00+00:00,2026-07-01 21:00:00+00:00,6.83,8.93,10.82,1012.47,86.76,22.95,10.07,265.16
1798,521,50.120655,19.78093,232.68,2026-07-01 21:00:00+00:00,2026-07-01 22:00:00+00:00,6.9,9.07,10.94,1012.22,87.43,22.07,10.5,268.0
1799,521,50.120655,19.78093,232.68,2026-07-01 22:00:00+00:00,2026-07-01 23:00:00+00:00,6.14,8.01,9.71,1011.72,88.47,21.14,10.64,273.64
1800,8979,50.126026,19.905455,254.39,2026-06-30 23:00:00+00:00,2026-07-01 00:00:00+00:00,9.76,15.34,17.82,1014.76,76.05,22.58,,
1801,8979,50.126026,19.905455,254.39,2026-07-01 00:00:00+00:00,2026-07-01 01:00:00+00:00,10.38,16.49,19.09,1014.38,76.69,22.18,,
1802,8979,50.126026,19.905455,254.39,2026-07-01 01:00:00+00:00,2026-07-01 02:00:00+00:00,10.65,16.78,19.47,1013.75,78.92,21.82,,
1803,8979,50.126026,19.905455,254.39,2026-07-01 02:00:00+00:00,2026-07-01 03:00:00+00:00,11.04,17.52,20.61,1013.36,81.76,21.07,,
1804,8979,50.126026,19.905455,254.39,2026-07-01 03:00:00+00:00,2026-07-01 04:00:00+00:00,11.56,18.35,22.0,1013.38,83.77,20.66,,
1805,8979,50.126026,19.905455,254.39,2026-07-01 04:00:00+00:00,2026-07-01 05:00:00+00:00,11.7,18.66,22.29,1013.34,82.99,21.75,,
1806,8979,50.126026,19.905455,254.39,2026-07-01 05:00:00+00:00,2026-07-01 06:00:00+00:00,13.04,20.62,26.09,1013.42,80.61,22.92,,
1807,8979,50.126026,19.905455,254.39,2026-07-01 06:00:00+00:00,2026-07-01 07:00:00+00:00,15.84,25.01,33.15,1013.73,74.84,24.72,,
1808,8979,50.126026,19.905455,254.39,2026-07-01 07:00:00+00:00,2026-07-01 08:00:00+00:00,13.21,20.75,26.0,1013.4,69.58,26.11,,
1809,8979,50.126026,19.905455,254.39,2026-07-01 08:00:00+00:00,2026-07-01 09:00:00+00:00,10.79,16.8,19.37,1012.8,65.23,27.84,,
1810,8979,50.126026,19.905455,254.39,2026-07-01 09:00:00+00:00,2026-07-01 10:00:00+00:00,8.37,12.72,14.7,1012.73,59.76,29.3,,
1811,8979,50.126026,19.905455,254.39,2026-07-01 10:00:00+00:00,2026-07-01 11:00:00+00:00,9.34,14.25,16.32,1012.34,57.55,30.36,,
1812,8979,50.126026,19.905455,254.39,2026-07-01 11:00:00+00:00,2026-07-01 12:00:00+00:00,11.42,17.46,20.41,1011.66,57.5,30.37,,
1813,8979,50.126026,19.905455,254.39,2026-07-01 12:00:00+00:00,2026-07-01 13:00:00+00:00,12.1,18.58,21.78,1010.97,56.62,30.86,,
1814,8979,50.126026,19.905455,254.39,2026-07-01 13:00:00+00:00,2026-07-01 14:00:00+00:00,12.66,19.59,23.61,1010.36,56.11,31.12,,
1815,8979,50.126026,19.905455,254.39,2026-07-01 14:00:00+00:00,2026-07-01 15:00:00+00:00,13.07,20.22,24.91,1010.3,61.29,29.93,,
1816,8979,50.126026,19.905455,254.39,2026-07-01 15:00:00+00:00,2026-07-01 16:00:00+00:00,9.48,15.13,17.59,1010.45,61.26,28.09,,
1817,8979,50.126026,19.905455,254.39,2026-07-01 16:00:00+00:00,2026-07-01 17:00:00+00:00,6.0,9.77,11.71,1010.47,63.82,26.27,,
1818,8979,50.126026,19.905455,254.39,2026-07-01 17:00:00+00:00,2026-07-01 18:00:00+00:00,5.5,9.07,10.65,1010.85,67.91,24.15,,
1819,8979,50.126026,19.905455,254.39,2026-07-01 18:00:00+00:00,2026-07-01 19:00:00+00:00,5.58,9.22,10.96,1012.52,72.75,22.81,,
1820,8979,50.126026,19.905455,254.39,2026-07-01 19:00:00+00:00,2026-07-01 20:00:00+00:00,4.94,8.18,9.53,1014.18,76.08,22.1,,
1821,8979,50.126026,19.905455,254.39,2026-07-01 20:00:00+00:00,2026-07-01 21:00:00+00:00,5.83,9.61,11.3,1014.77,78.66,21.46,,
1822,8979,50.126026,19.905455,254.39,2026-07-01 21:00:00+00:00,2026-07-01 22:00:00+00:00,7.22,12.15,14.23,1014.51,79.53,20.3,,
1823,8979,50.126026,19.905455,254.39,2026-07-01 22:00:00+00:00,2026-07-01 23:00:00+00:00,6.66,11.09,13.18,1014.05,81.54,19.5,,
1824,86904,50.073094,19.88675,205.58,2026-06-30 23:00:00+00:00,2026-07-01 00:00:00+00:00,11.42,15.96,20.13,1015.48,59.29,22.68,4.72,99.99
1825,86904,50.073094,19.88675,205.58,2026-07-01 00:00:00+00:00,2026-07-01 01:00:00+00:00,11.59,16.4,20.99,1015.23,59.55,21.97,3.98,106.15
1826,86904,50.073094,19.88675,205.58,2026-07-01 01:00:00+00:00,2026-07-01 02:00:00+00:00,11.74,16.65,21.66,1014.61,61.53,21.64,2.99,118.83
1827,86904,50.073094,19.88675,205.58,2026-07-01 02:00:00+00:00,2026-07-01 03:00:00+00:00,12.27,17.47,23.35,1014.22,63.78,21.04,3.03,191.49
1828,86904,50.073094,19.88675,205.58,2026-07-01 03:00:00+00:00,2026-07-01 04:00:00+00:00,12.75,18.14,24.74,1014.33,65.35,20.7,4.79,236.25
1829,86904,50.073094,19.88675,205.58,2026-07-01 04:00:00+00:00,2026-07-01 05:00:00+00:00,13.34,18.93,26.03,1014.36,64.29,21.7,5.45,241.73
1830,86904,50.073094,19.88675,205.58,2026-07-01 05:00:00+00:00,2026-07-01 06:00:00+00:00,15.39,22.07,31.25,1014.47,62.5,22.72,5.88,249.8
1831,86904,50.073094,19.88675,205.58,2026-07-01 06:00:00+00:00,2026-07-01 07:00:00+00:00,15.53,22.37,31.63,1014.81,57.67,24.9,7.7,269.1
1832,86904,50.073094,19.88675,205.58,2026-07-01 07:00:00+00:00,2026-07-01 08:00:00+00:00,14.96,21.49,30.18,1014.49,54.39,26.39,9.23,277.4
1833,86904,50.073094,19.88675,205.58,2026-07-01 08:00:00+00:00,2026-07-01 09:00:00+00:00,12.39,17.51,24.16,1013.94,51.7,28.03,8.48,277.44
1834,86904,50.073094,19.88675,205.58,2026-07-01 09:00:00+00:00,2026-07-01 10:00:00+00:00,11.05,15.54,20.53,1013.75,48.15,29.57,6.01,278.2
1835,86904,50.073094,19.88675,205.58,2026-07-01 10:00:00+00:00,2026-07-01 11:00:00+00:00,10.9,15.36,20.25,1013.27,45.83,30.15,4.89,267.55
1836,86904,50.073094,19.88675,205.58,2026-07-01 11:00:00+00:00,2026-07-01 12:00:00+00:00,12.48,17.75,24.52,1012.71,45.33,30.41,6.07,280.1
1837,86904,50.073094,19.88675,205.58,2026-07-01 12:00:00+00:00,2026-07-01 13:00:00+00:00,12.98,18.61,25.96,1012.07,44.2,30.51,2.81,320.26
1838,86904,50.073094,19.88675,205.58,2026-07-01 13:00:00+00:00,2026-07-01 14:00:00+00:00,14.27,20.37,28.7,1011.52,43.06,30.62,7.13,109.26
1839,86904,50.073094,19.88675,205.58,2026-07-01 14:00:00+00:00,2026-07-01 15:00:00+00:00,14.58,20.89,29.4,1011.57,47.21,29.31,8.81,157.31
1840,86904,50.073094,19.88675,205.58,2026-07-01 15:00:00+00:00,2026-07-01 16:00:00+00:00,8.02,10.93,14.1,1011.57,49.11,27.7,5.82,172.91
1841,86904,50.073094,19.88675,205.58,2026-07-01 16:00:00+00:00,2026-07-01 17:00:00+00:00,4.91,6.85,8.53,1011.29,52.1,26.1,8.89,299.19
1842,86904,50.073094,19.88675,205.58,2026-07-01 17:00:00+00:00,2026-07-01 18:00:00+00:00,6.29,8.72,11.17,1011.73,55.31,24.38,12.25,287.94
1843,86904,50.073094,19.88675,205.58,2026-07-01 18:00:00+00:00,2026-07-01 19:00:00+00:00,6.68,9.4,12.09,1013.45,58.82,22.85,11.41,266.1
1844,86904,50.073094,19.88675,205.58,2026-07-01 19:00:00+00:00,2026-07-01 20:00:00+00:00,7.36,10.36,13.18,1015.05,61.02,22.14,10.27,260.0
1845,86904,50.073094,19.88675,205.58,2026-07-01 20:00:00+00:00,2026-07-01 21:00:00+00:00,8.04,11.18,14.05,1015.56,62.25,21.47,9.42,261.6
1846,86904,50.073094,19.88675,205.58,2026-07-01 21:00:00+00:00,2026-07-01 22:00:00+00:00,8.5,11.52,14.48,1015.2,62.53,20.65,10.54,265.37
1847,86904,50.073094,19.88675,205.58,2026-07-01 22:00:00+00:00,2026-07-01 23:00:00+00:00,7.49,10.28,13.02,1014.69,63.77,20.04,11.01,273.41
1848,31130,50.086516,19.791139,242.01,2026-06-30 23:00:00+00:00,2026-07-01 00:00:00+00:00,11.41,15.57,17.22,1014.23,83.38,22.75,4.98,90.9
1849,31130,50.086516,19.791139,242.01,2026-07-01 00:00:00+00:00,2026-07-01 01:00:00+00:00,12.34,17.48,19.73,1014.03,81.64,22.48,4.25,98.23
1850,31130,50.086516,19.791139,242.01,2026-07-01 01:00:00+00:00,2026-07-01 02:00:00+00:00,13.19,19.09,22.26,1013.4,69.92,21.76,2.77,113.89
1851,31130,50.086516,19.791139,242.01,2026-07-01 02:00:00+00:00,2026-07-01 03:00:00+00:00,13.71,20.02,23.99,1013.04,87.75,20.81,2.55,177.52
1852,31130,50.086516,19.791139,242.01,2026-07-01 03:00:00+00:00,2026-07-01 04:00:00+00:00,13.98,20.49,24.83,1013.15,90.5,20.28,4.33,240.62
1853,31130,50.086516,19.791139,242.01,2026-07-01 04:00:00+00:00,2026-07-01 05:00:00+00:00,14.4,20.94,25.59,1013.1,89.75,21.46,5.45,245.15
1854,31130,50.086516,19.791139,242.01,2026-07-01 05:00:00+00:00,2026-07-01 06:00:00+00:00,16.31,23.83,30.21,1013.2,87.0,22.96,5.77,255.09
1855,31130,50.086516,19.791139,242.01,2026-07-01 06:00:00+00:00,2026-07-01 07:00:00+00:00,17.0,24.93,31.83,1013.53,67.93,24.77,8.16,269.35
1856,31130,50.086516,19.791139,242.01,2026-07-01 07:00:00+00:00,2026-07-01 08:00:00+00:00,15.19,21.73,26.91,1013.06,70.69,26.39,9.26,278.6
1857,31130,50.086516,19.791139,242.01,2026-07-01 08:00:00+00:00,2026-07-01 09:00:00+00:00,12.63,17.84,20.4,1012.47,73.66,28.78,7.97,282.41
1858,31130,50.086516,19.791139,242.01,2026-07-01 09:00:00+00:00,2026-07-01 10:00:00+00:00,12.08,16.26,18.02,1012.1,73.63,31.18,5.51,283.0
1859,31130,50.086516,19.791139,242.01,2026-07-01 10:00:00+00:00,2026-07-01 11:00:00+00:00,11.95,16.54,18.29,1011.75,62.85,31.31,4.07,277.45
1860,31130,50.086516,19.791139,242.01,2026-07-01 11:00:00+00:00,2026-07-01 12:00:00+00:00,11.89,15.95,17.59,1011.07,46.26,31.32,5.84,291.15
1861,31130,50.086516,19.791139,242.01,2026-07-01 12:00:00+00:00,2026-07-01 13:00:00+00:00,13.42,18.65,21.4,1010.39,51.39,31.04,6.71,288.78
1862,31130,50.086516,19.791139,242.01,2026-07-01 13:00:00+00:00,2026-07-01 14:00:00+00:00,14.06,19.92,23.61,1009.9,56.04,30.96,8.01,163.14
1863,31130,50.086516,19.791139,242.01,2026-07-01 14:00:00+00:00,2026-07-01 15:00:00+00:00,14.26,20.29,24.68,1010.21,72.05,29.12,9.73,144.5
1864,31130,50.086516,19.791139,242.01,2026-07-01 15:00:00+00:00,2026-07-01 16:00:00+00:00,9.33,13.0,14.47,1010.23,73.2,27.8,10.06,162.36
1865,31130,50.086516,19.791139,242.01,2026-07-01 16:00:00+00:00,2026-07-01 17:00:00+00:00,5.32,7.51,8.5,1010.32,75.32,25.89,3.85,282.54
1866,31130,50.086516,19.791139,242.01,2026-07-01 17:00:00+00:00,2026-07-01 18:00:00+00:00,7.1,9.97,11.14,1010.53,63.26,23.6,12.01,291.37
1867,31130,50.086516,19.791139,242.01,2026-07-01 18:00:00+00:00,2026-07-01 19:00:00+00:00,7.25,10.35,11.63,1012.2,58.76,22.32,11.36,266.37
1868,31130,50.086516,19.791139,242.01,2026-07-01 19:00:00+00:00,2026-07-01 20:00:00+00:00,8.79,12.61,14.24,1013.95,72.99,21.68,9.84,258.2
1869,31130,50.086516,19.791139,242.01,2026-07-01 20:00:00+00:00,2026-07-01 21:00:00+00:00,8.75,12.64,14.19,1014.66,86.81,21.12,10.03,264.87
1870,31130,50.086516,19.791139,242.01,2026-07-01 21:00:00+00:00,2026-07-01 22:00:00+00:00,8.34,12.03,13.54,1014.35,71.5,20.34,10.5,268.0
1871,31130,50.086516,19.791139,242.01,2026-07-01 22:00:00+00:00,2026-07-01 23:00:00+00:00,7.63,11.14,12.52,1013.87,80.57,19.56,10.63,273.3
1872,238,50.110831,20.015155,249.81,2026-06-30 23:00:00+00:00,2026-07-01 00:00:00+00:00,9.98,12.75,15.24,1017.03,83.78,22.78,4.3,103.65
1873,238,50.110831,20.015155,249.81,2026-07-01 00:00:00+00:00,2026-07-01 01:00:00+00:00,11.11,14.39,17.08,1016.71,84.53,22.45,3.54,109.63
1874,238,50.110831,20.015155,249.81,2026-07-01 01:00:00+00:00,2026-07-01 02:00:00+00:00,11.53,15.04,17.91,1016.13,85.57,21.85,2.93,135.63
1875,238,50.110831,20.015155,249.81,2026-07-01 02:00:00+00:00,2026-07-01 03:00:00+00:00,11.98,15.96,19.02,1015.61,87.6,21.22,3.17,195.9
1876,238,50.110831,20.015155,249.81,2026-07-01 03:00:00+00:00,2026-07-01 04:00:00+00:00,12.43,16.96,20.68,1015.69,89.5,21.1,4.89,231.52
1877,238,50.110831,20.015155,249.81,2026-07-01 04:00:00+00:00,2026-07-01 05:00:00+00:00,12.34,16.95,20.89,1015.79,88.64,22.67,5.44,243.09
1878,238,50.110831,20.015155,249.81,2026-07-01 05:00:00+00:00,2026-07-01 06:00:00+00:00,11.97,16.38,21.05,1015.98,85.87,26.04,5.79,254.79
1879,238,50.110831,20.015155,249.81,2026-07-01 06:00:00+00:00,2026-07-01 07:00:00+00:00,13.15,18.21,24.12,1016.34,82.15,27.3,7.31,270.8
1880,238,50.110831,20.015155,249.81,2026-07-01 07:00:00+00:00,2026-07-01 08:00:00+00:00,12.8,17.65,23.06,1016.12,78.67,28.92,9.08,280.15
1881,238,50.110831,20.015155,249.81,2026-07-01 08:00:00+00:00,2026-07-01 09:00:00+00:00,10.62,14.25,17.15,1015.54,75.67,30.49,8.28,283.4
1882,238,50.110831,20.015155,249.81,2026-07-01 09:00:00+00:00,2026-07-01 10:00:00+00:00,9.32,11.93,13.79,1015.4,72.67,30.34,6.1,277.58
1883,238,50.110831,20.015155,249.81,2026-07-01 10:00:00+00:00,2026-07-01 11:00:00+00:00,10.16,13.49,15.77,1014.95,70.49,30.59,5.1,266.0
1884,238,50.110831,20.015155,249.81,2026-07-01 11:00:00+00:00,2026-07-01 12:00:00+00:00,11.47,15.69,19.5,1014.31,70.27,30.42,5.91,275.2
1885,238,50.110831,20.015155,249.81,2026-07-01 12:00:00+00:00,2026-07-01 13:00:00+00:00,12.31,16.82,21.62,1013.67,69.67,30.58,1.55,305.67
1886,238,50.110831,20.015155,249.81,2026-07-01 13:00:00+00:00,2026-07-01 14:00:00+00:00,13.28,18.4,24.3,1013.12,69.1,30.93,6.77,123.02
1887,238,50.110831,20.015155,249.81,2026-07-01 14:00:00+00:00,2026-07-01 15:00:00+00:00,13.86,19.06,25.22,1012.92,72.02,30.14,8.58,156.99
1888,238,50.110831,20.015155,249.81,2026-07-01 15:00:00+00:00,2026-07-01 16:00:00+00:00,10.22,13.66,16.67,1013.01,74.02,28.7,4.4,181.5
1889,238,50.110831,20.015155,249.81,2026-07-01 16:00:00+00:00,2026-07-01 17:00:00+00:00,4.18,5.39,6.4,1012.62,76.54,26.81,9.78,294.1
1890,238,50.110831,20.015155,249.81,2026-07-01 17:00:00+00:00,2026-07-01 18:00:00+00:00,5.19,6.75,8.03,1013.17,79.12,25.18,10.99,292.31
1891,238,50.110831,20.015155,249.81,2026-07-01 18:00:00+00:00,2026-07-01 19:00:00+00:00,5.92,7.68,9.22,1014.92,83.35,23.21,11.46,272.13
1892,238,50.110831,20.015155,249.81,2026-07-01 19:00:00+00:00,2026-07-01 20:00:00+00:00,7.56,9.85,11.82,1016.63,86.02,22.05,10.03,262.67
1893,238,50.110831,20.015155,249.81,2026-07-01 20:00:00+00:00,2026-07-01 21:00:00+00:00,8.6,11.27,13.67,1016.88,86.5,21.42,9.78,264.76
1894,238,50.110831,20.015155,249.81,2026-07-01 21:00:00+00:00,2026-07-01 22:00:00+00:00,8.19,10.62,12.82,1016.43,87.01,20.62,10.79,267.03
1895,238,50.110831,20.015155,249.81,2026-07-01 22:00:00+00:00,2026-07-01 23:00:00+00:00,7.44,9.55,11.56,1016.04,88.25,19.87,10.97,274.18
1896,86998,50.133024,19.973249,279.92,2026-06-30 23:00:00+00:00,2026-07-01 00:00:00+00:00,9.3,14.32,16.4,1015.3,81.01,22.02,4.26,103.72
1897,86998,50.133024,19.973249,279.92,2026-07-01 00:00:00+00:00,2026-07-01 01:00:00+00:00,9.99,15.56,17.75,1014.96,83.1,21.66,3.52,110.1
1898,86998,50.133024,19.973249,279.92,2026-07-01 01:00:00+00:00,2026-07-01 02:00:00+00:00,10.46,16.4,18.87,1014.23,84.73,21.27,2.9,137.55
1899,86998,50.133024,19.973249,279.92,2026-07-01 02:00:00+00:00,2026-07-01 03:00:00+00:00,10.93,17.14,19.84,1013.78,87.56,20.55,3.25,199.11
1900,86998,50.133024,19.973249,279.92,2026-07-01 03:00:00+00:00,2026-07-01 04:00:00+00:00,11.66,18.09,21.3,1013.78,89.5,20.32,4.93,232.34
1901,86998,50.133024,19.973249,279.92,2026-07-01 04:00:00+00:00,2026-07-01 05:00:00+00:00,12.2,19.0,22.85,1013.75,88.29,21.28,5.45,243.39
1902,86998,50.133024,19.973249,279.92,2026-07-01 05:00:00+00:00,2026-07-01 06:00:00+00:00,12.93,20.6,25.84,1013.82,83.1,22.74,5.83,255.65
1903,86998,50.133024,19.973249,279.92,2026-07-01 06:00:00+00:00,2026-07-01 07:00:00+00:00,15.08,23.71,30.77,1014.08,78.85,24.4,7.47,271.57
1904,86998,50.133024,19.973249,279.92,2026-07-01 07:00:00+00:00,2026-07-01 08:00:00+00:00,13.48,20.69,25.6,1013.78,68.45,26.26,9.07,280.49
1905,86998,50.133024,19.973249,279.92,2026-07-01 08:00:00+00:00,2026-07-01 09:00:00+00:00,10.68,16.25,18.8,1013.17,59.44,27.84,8.16,283.29
1906,86998,50.133024,19.973249,279.92,2026-07-01 09:00:00+00:00,2026-07-01 10:00:00+00:00,8.37,12.5,14.23,1013.12,54.71,29.09,5.97,276.78
1907,86998,50.133024,19.973249,279.92,2026-07-01 10:00:00+00:00,2026-07-01 11:00:00+00:00,10.14,15.55,17.74,1012.77,52.65,30.05,5.18,266.0
1908,86998,50.133024,19.973249,279.92,2026-07-01 11:00:00+00:00,2026-07-01 12:00:00+00:00,11.42,17.69,20.69,1012.05,52.95,29.98,5.94,276.6
1909,86998,50.133024,19.973249,279.92,2026-07-01 12:00:00+00:00,2026-07-01 13:00:00+00:00,11.9,18.2,21.24,1011.36,52.24,30.27,0.86,324.3
1910,86998,50.133024,19.973249,279.92,2026-07-01 13:00:00+00:00,2026-07-01 14:00:00+00:00,13.29,20.92,25.65,1010.77,52.47,30.28,6.76,126.73
1911,86998,50.133024,19.973249,279.92,2026-07-01 14:00:00+00:00,2026-07-01 15:00:00+00:00,13.53,20.76,26.02,1010.63,58.72,29.23,8.66,156.42
1912,86998,50.133024,19.973249,279.92,2026-07-01 15:00:00+00:00,2026-07-01 16:00:00+00:00,9.93,15.58,17.85,1010.79,58.26,27.61,3.71,197.7
1913,86998,50.133024,19.973249,279.92,2026-07-01 16:00:00+00:00,2026-07-01 17:00:00+00:00,4.84,7.64,8.76,1010.68,59.74,25.93,9.86,294.86
1914,86998,50.133024,19.973249,279.92,2026-07-01 17:00:00+00:00,2026-07-01 18:00:00+00:00,5.25,8.26,9.51,1011.18,65.76,24.12,11.06,290.83
1915,86998,50.133024,19.973249,279.92,2026-07-01 18:00:00+00:00,2026-07-01 19:00:00+00:00,5.53,8.81,10.24,1012.97,72.8,22.36,11.36,271.31
1916,86998,50.133024,19.973249,279.92,2026-07-01 19:00:00+00:00,2026-07-01 20:00:00+00:00,5.24,8.46,9.67,1014.74,82.02,21.28,9.97,262.78
1917,86998,50.133024,19.973249,279.92,2026-07-01 20:00:00+00:00,2026-07-01 21:00:00+00:00,6.46,10.33,11.99,1015.19,85.04,20.51,9.88,264.9
1918,86998,50.133024,19.973249,279.92,2026-07-01 21:00:00+00:00,2026-07-01 22:00:00+00:00,7.52,11.99,13.86,1014.91,86.17,19.81,10.81,267.27
1919,86998,50.133024,19.973249,279.92,2026-07-01 22:00:00+00:00,2026-07-01 23:00:00+00:00,6.5,10.41,12.03,1014.46,87.91,19.21,10.98,275.34
1920,37252,50.151409,20.044298,275.6,2026-06-30 23:00:00+00:00,2026-07-01 00:00:00+00:00,,,,,,,,
1921,37252,50.151409,20.044298,275.6,2026-07-01 00:00:00+00:00,2026-07-01 01:00:00+00:00,,,,,,,,
1922,37252,50.151409,20.044298,275.6,2026-07-01 01:00:00+00:00,2026-07-01 02:00:00+00:00,,,,,,,,
1923,37252,50.151409,20.044298,275.6,2026-07-01 02:00:00+00:00,2026-07-01 03:00:00+00:00,,,,,,,,
1924,37252,50.151409,20.044298,275.6,2026-07-01 03:00:00+00:00,2026-07-01 04:00:00+00:00,,,,,,,,
1925,37252,50.151409,20.044298,275.6,2026-07-01 04:00:00+00:00,2026-07-01 05:00:00+00:00,,,,,,,,
1926,37252,50.151409,20.044298,275.6,2026-07-01 05:00:00+00:00,2026-07-01 06:00:00+00:00,,,,,,,,
1927,37252,50.151409,20.044298,275.6,2026-07-01 06:00:00+00:00,2026-07-01 07:00:00+00:00,,,,,,,,
1928,37252,50.151409,20.044298,275.6,2026-07-01 07:00:00+00:00,2026-07-01 08:00:00+00:00,,,,,,,,
1929,37252,50.151409,20.044298,275.6,2026-07-01 08:00:00+00:00,2026-07-01 09:00:00+00:00,,,,,,,,
1930,37252,50.151409,20.044298,275.6,2026-07-01 09:00:00+00:00,2026-07-01 10:00:00+00:00,,,,,,,,
1931,37252,50.151409,20.044298,275.6,2026-07-01 10:00:00+00:00,2026-07-01 11:00:00+00:00,,,,,,,,
1932,37252,50.151409,20.044298,275.6,2026-07-01 11:00:00+00:00,2026-07-01 12:00:00+00:00,,,,,,,,
1933,37252,50.151409,20.044298,275.6,2026-07-01 12:00:00+00:00,2026-07-01 13:00:00+00:00,,,,,,,,
1934,37252,50.151409,20.044298,275.6,2026-07-01 13:00:00+00:00,2026-07-01 14:00:00+00:00,,,,,,,,
1935,37252,50.151409,20.044298,275.6,2026-07-01 14:00:00+00:00,2026-07-01 15:00:00+00:00,,,,,,,,
1936,37252,50.151409,20.044298,275.6,2026-07-01 15:00:00+00:00,2026-07-01 16:00:00+00:00,,,,,,,,
1937,37252,50.151409,20.044298,275.6,2026-07-01 16:00:00+00:00,2026-07-01 17:00:00+00:00,,,,,,,,
1938,37252,50.151409,20.044298,275.6,2026-07-01 17:00:00+00:00,2026-07-01 18:00:00+00:00,,,,,,,,
1939,37252,50.151409,20.044298,275.6,2026-07-01 18:00:00+00:00,2026-07-01 19:00:00+00:00,,,,,,,,
1940,37252,50.151409,20.044298,275.6,2026-07-01 19:00:00+00:00,2026-07-01 20:00:00+00:00,,,,,,,,
1941,37252,50.151409,20.044298,275.6,2026-07-01 20:00:00+00:00,2026-07-01 21:00:00+00:00,,,,,,,,
1942,37252,50.151409,20.044298,275.6,2026-07-01 21:00:00+00:00,2026-07-01 22:00:00+00:00,,,,,,,,
1943,37252,50.151409,20.044298,275.6,2026-07-01 22:00:00+00:00,2026-07-01 23:00:00+00:00,,,,,,,,
1944,90144,50.180527,19.848985,384.75,2026-06-30 23:00:00+00:00,2026-07-01 00:00:00+00:00,10.14,14.17,16.47,1017.73,58.92,22.37,5.12,89.51
1945,90144,50.180527,19.848985,384.75,2026-07-01 00:00:00+00:00,2026-07-01 01:00:00+00:00,10.28,14.23,16.48,1017.46,60.3,22.24,4.52,96.0
1946,90144,50.180527,19.848985,384.75,2026-07-01 01:00:00+00:00,2026-07-01 02:00:00+00:00,11.12,15.83,18.48,1016.78,61.43,21.72,2.93,109.7
1947,90144,50.180527,19.848985,384.75,2026-07-01 02:00:00+00:00,2026-07-01 03:00:00+00:00,11.64,16.51,19.22,1016.34,63.52,21.28,2.68,186.83
1948,90144,50.180527,19.848985,384.75,2026-07-01 03:00:00+00:00,2026-07-01 04:00:00+00:00,11.87,17.17,20.23,1016.3,65.79,21.1,4.35,237.13
1949,90144,50.180527,19.848985,384.75,2026-07-01 04:00:00+00:00,2026-07-01 05:00:00+00:00,11.82,16.87,19.63,1016.24,65.9,23.59,5.44,246.55
1950,90144,50.180527,19.848985,384.75,2026-07-01 05:00:00+00:00,2026-07-01 06:00:00+00:00,12.04,17.18,20.41,1016.32,62.26,25.63,5.7,255.09
1951,90144,50.180527,19.848985,384.75,2026-07-01 06:00:00+00:00,2026-07-01 07:00:00+00:00,13.86,19.97,25.53,1016.77,59.19,26.11,6.91,265.71
1952,90144,50.180527,19.848985,384.75,2026-07-01 07:00:00+00:00,2026-07-01 08:00:00+00:00,11.71,16.48,19.2,1016.46,55.63,27.33,9.33,274.33
1953,90144,50.180527,19.848985,384.75,2026-07-01 08:00:00+00:00,2026-07-01 09:00:00+00:00,10.24,14.22,16.35,1016.04,52.67,28.33,8.57,276.14
1954,90144,50.180527,19.848985,384.75,2026-07-01 09:00:00+00:00,2026-07-01 10:00:00+00:00,8.81,12.07,13.88,1015.93,49.26,29.48,5.89,281.34
1955,90144,50.180527,19.848985,384.75,2026-07-01 10:00:00+00:00,2026-07-01 11:00:00+00:00,9.79,13.54,15.59,1015.65,47.36,30.11,4.44,283.32
1956,90144,50.180527,19.848985,384.75,2026-07-01 11:00:00+00:00,2026-07-01 12:00:00+00:00,11.41,16.22,18.82,1015.06,46.81,30.08,5.75,286.37
1957,90144,50.180527,19.848985,384.75,2026-07-01 12:00:00+00:00,2026-07-01 13:00:00+00:00,11.87,17.09,19.94,1014.47,46.07,30.0,2.54,294.6
1958,90144,50.180527,19.848985,384.75,2026-07-01 13:00:00+00:00,2026-07-01 14:00:00+00:00,12.57,18.2,21.92,1013.91,43.81,30.56,8.12,111.0
1959,90144,50.180527,19.848985,384.75,2026-07-01 14:00:00+00:00,2026-07-01 15:00:00+00:00,12.63,18.18,21.66,1013.82,47.25,29.66,8.61,136.89
1960,90144,50.180527,19.848985,384.75,2026-07-01 15:00:00+00:00,2026-07-01 16:00:00+00:00,9.59,13.31,15.57,1013.6,48.21,28.28,11.1,166.18
1961,90144,50.180527,19.848985,384.75,2026-07-01 16:00:00+00:00,2026-07-01 17:00:00+00:00,4.36,6.14,7.17,1013.51,52.39,25.91,5.4,331.56
1962,90144,50.180527,19.848985,384.75,2026-07-01 17:00:00+00:00,2026-07-01 18:00:00+00:00,5.68,8.07,9.51,1013.48,55.88,23.68,13.94,291.4
1963,90144,50.180527,19.848985,384.75,2026-07-01 18:00:00+00:00,2026-07-01 19:00:00+00:00,5.47,7.65,9.01,1014.87,58.38,22.43,11.4,261.39
1964,90144,50.180527,19.848985,384.75,2026-07-01 19:00:00+00:00,2026-07-01 20:00:00+00:00,4.54,6.34,7.39,1016.69,59.26,22.13,10.75,255.98
1965,90144,50.180527,19.848985,384.75,2026-07-01 20:00:00+00:00,2026-07-01 21:00:00+00:00,4.95,6.84,7.97,1017.46,61.83,21.39,9.98,266.82
1966,90144,50.180527,19.848985,384.75,2026-07-01 21:00:00+00:00,2026-07-01 22:00:00+00:00,6.76,9.58,11.28,1017.14,62.52,20.46,10.52,265.0
1967,90144,50.180527,19.848985,384.75,2026-07-01 22:00:00+00:00,2026-07-01 23:00:00+00:00,6.76,9.52,11.21,1016.66,63.9,19.77,10.85,271.44
1968,37250,50.183804,20.022509,275.57,2026-06-30 23:00:00+00:00,2026-07-01 00:00:00+00:00,9.84,14.57,16.99,1014.92,84.25,21.92,4.55,102.43
1969,37250,50.183804,20.022509,275.57,2026-07-01 00:00:00+00:00,2026-07-01 01:00:00+00:00,10.16,15.17,17.76,1014.62,84.38,21.9,3.36,111.27
1970,37250,50.183804,20.022509,275.57,2026-07-01 01:00:00+00:00,2026-07-01 02:00:00+00:00,10.1,14.93,17.53,1013.95,79.12,21.44,3.2,140.25
1971,37250,50.183804,20.022509,275.57,2026-07-01 02:00:00+00:00,2026-07-01 03:00:00+00:00,10.47,15.69,18.53,1013.49,87.5,20.68,2.69,180.29
1972,37250,50.183804,20.022509,275.57,2026-07-01 03:00:00+00:00,2026-07-01 04:00:00+00:00,11.1,16.49,19.93,1013.41,89.63,20.24,5.22,236.0
1973,37250,50.183804,20.022509,275.57,2026-07-01 04:00:00+00:00,2026-07-01 05:00:00+00:00,11.58,17.23,20.44,1013.33,77.23,21.37,5.57,236.8
1974,37250,50.183804,20.022509,275.57,2026-07-01 05:00:00+00:00,2026-07-01 06:00:00+00:00,13.54,20.48,26.11,1013.36,83.0,23.06,4.92,247.0
1975,37250,50.183804,20.022509,275.57,2026-07-01 06:00:00+00:00,2026-07-01 07:00:00+00:00,14.72,22.27,28.96,1013.57,79.49,24.9,7.54,270.0
1976,37250,50.183804,20.022509,275.57,2026-07-01 07:00:00+00:00,2026-07-01 08:00:00+00:00,14.13,21.21,26.94,1013.29,66.81,26.41,10.18,284.0
1977,37250,50.183804,20.022509,275.57,2026-07-01 08:00:00+00:00,2026-07-01 09:00:00+00:00,10.11,14.51,17.0,1012.68,53.65,28.16,8.72,283.0
1978,37250,50.183804,20.022509,275.57,2026-07-01 09:00:00+00:00,2026-07-01 10:00:00+00:00,10.22,14.84,17.09,1012.6,57.38,29.69,6.07,283.0
1979,37250,50.183804,20.022509,275.57,2026-07-01 10:00:00+00:00,2026-07-01 11:00:00+00:00,9.92,13.81,15.91,1012.23,65.15,31.35,4.12,229.0
1980,37250,50.183804,20.022509,275.57,2026-07-01 11:00:00+00:00,2026-07-01 12:00:00+00:00,10.24,14.15,16.27,1011.53,57.58,31.47,7.74,266.0
1981,37250,50.183804,20.022509,275.57,2026-07-01 12:00:00+00:00,2026-07-01 13:00:00+00:00,11.36,16.46,19.09,1010.89,49.19,30.91,8.94,242.0
1982,37250,50.183804,20.022509,275.57,2026-07-01 13:00:00+00:00,2026-07-01 14:00:00+00:00,12.27,17.64,20.92,1010.05,56.09,31.9,7.16,125.06
1983,37250,50.183804,20.022509,275.57,2026-07-01 14:00:00+00:00,2026-07-01 15:00:00+00:00,12.8,18.9,22.88,1009.99,71.19,29.61,7.2,138.82
1984,37250,50.183804,20.022509,275.57,2026-07-01 15:00:00+00:00,2026-07-01 16:00:00+00:00,12.5,18.58,22.63,1010.05,62.91,28.09,8.6,164.4
1985,37250,50.183804,20.022509,275.57,2026-07-01 16:00:00+00:00,2026-07-01 17:00:00+00:00,7.5,11.23,13.38,1009.98,62.4,25.74,5.59,294.88
1986,37250,50.183804,20.022509,275.57,2026-07-01 17:00:00+00:00,2026-07-01 18:00:00+00:00,6.89,10.63,12.79,1010.52,71.34,23.58,11.84,291.54
1987,37250,50.183804,20.022509,275.57,2026-07-01 18:00:00+00:00,2026-07-01 19:00:00+00:00,5.94,9.28,11.07,1012.37,82.59,22.32,10.95,269.83
1988,37250,50.183804,20.022509,275.57,2026-07-01 19:00:00+00:00,2026-07-01 20:00:00+00:00,6.06,9.37,11.18,1014.17,78.32,21.41,10.11,262.35
1989,37250,50.183804,20.022509,275.57,2026-07-01 20:00:00+00:00,2026-07-01 21:00:00+00:00,5.76,8.91,10.6,1014.58,67.74,20.69,10.16,265.38
1990,37250,50.183804,20.022509,275.57,2026-07-01 21:00:00+00:00,2026-07-01 22:00:00+00:00,6.62,10.13,11.95,1014.4,85.16,20.16,10.83,267.68
1991,37250,50.183804,20.022509,275.57,2026-07-01 22:00:00+00:00,2026-07-01 23:00:00+00:00,7.42,11.58,13.91,1013.99,81.28,19.33,11.08,274.68
1992,2935,50.072968,19.914829,211.32,2026-06-30 23:00:00+00:00,2026-07-01 00:00:00+00:00,6.14,8.67,10.24,1017.43,63.19,23.13,4.77,99.61
1993,2935,50.072968,19.914829,211.32,2026-07-01 00:00:00+00:00,2026-07-01 01:00:00+00:00,6.64,9.46,11.33,1017.21,63.44,22.58,4.01,105.86
1994,2935,50.072968,19.914829,211.32,2026-07-01 01:00:00+00:00,2026-07-01 02:00:00+00:00,7.45,10.6,12.69,1016.6,65.14,22.14,3.03,118.03
1995,2935,50.072968,19.914829,211.32,2026-07-01 02:00:00+00:00,2026-07-01 03:00:00+00:00,8.08,11.56,13.95,1016.14,67.4,21.46,2.93,188.81
1996,2935,50.072968,19.914829,211.32,2026-07-01 03:00:00+00:00,2026-07-01 04:00:00+00:00,8.42,12.03,14.46,1016.24,68.77,20.84,4.72,235.47
1997,2935,50.072968,19.914829,211.32,2026-07-01 04:00:00+00:00,2026-07-01 05:00:00+00:00,8.96,13.13,15.79,1016.25,68.16,21.53,5.44,241.68
1998,2935,50.072968,19.914829,211.32,2026-07-01 05:00:00+00:00,2026-07-01 06:00:00+00:00,10.61,15.49,19.0,1016.3,66.87,22.72,5.93,250.6
1999,2935,50.072968,19.914829,211.32,2026-07-01 06:00:00+00:00,2026-07-01 07:00:00+00:00,12.15,18.06,22.28,1016.57,63.08,24.71,7.76,269.51
2000,2935,50.072968,19.914829,211.32,2026-07-01 07:00:00+00:00,2026-07-01 08:00:00+00:00,11.79,17.27,21.17,1016.29,58.88,26.2,9.23,277.33
2001,2935,50.072968,19.914829,211.32,2026-07-01 08:00:00+00:00,2026-07-01 09:00:00+00:00,8.07,11.61,14.03,1015.71,55.56,27.63,8.39,277.61
2002,2935,50.072968,19.914829,211.32,2026-07-01 09:00:00+00:00,2026-07-01 10:00:00+00:00,7.28,10.53,12.61,1015.5,51.72,28.83,5.95,277.82
2003,2935,50.072968,19.914829,211.32,2026-07-01 10:00:00+00:00,2026-07-01 11:00:00+00:00,6.98,10.09,12.25,1015.1,49.68,29.75,4.94,267.81
2004,2935,50.072968,19.914829,211.32,2026-07-01 11:00:00+00:00,2026-07-01 12:00:00+00:00,9.27,13.66,16.51,1014.41,49.32,29.73,6.1,281.41
2005,2935,50.072968,19.914829,211.32,2026-07-01 12:00:00+00:00,2026-07-01 13:00:00+00:00,9.85,14.33,17.27,1013.71,48.5,29.89,3.42,313.02
2006,2935,50.072968,19.914829,211.32,2026-07-01 13:00:00+00:00,2026-07-01 14:00:00+00:00,10.5,14.9,17.93,1013.15,47.09,30.44,7.21,106.88
2007,2935,50.072968,19.914829,211.32,2026-07-01 14:00:00+00:00,2026-07-01 15:00:00+00:00,11.65,16.94,20.78,1013.13,51.44,29.56,8.75,157.17
2008,2935,50.072968,19.914829,211.32,2026-07-01 15:00:00+00:00,2026-07-01 16:00:00+00:00,5.76,8.38,10.12,1013.44,52.18,28.04,6.36,170.32
2009,2935,50.072968,19.914829,211.32,2026-07-01 16:00:00+00:00,2026-07-01 17:00:00+00:00,2.77,4.05,4.92,1013.18,54.06,26.24,8.73,299.44
2010,2935,50.072968,19.914829,211.32,2026-07-01 17:00:00+00:00,2026-07-01 18:00:00+00:00,3.17,4.56,5.48,1013.62,56.55,24.38,12.3,288.72
2011,2935,50.072968,19.914829,211.32,2026-07-01 18:00:00+00:00,2026-07-01 19:00:00+00:00,3.71,5.46,6.61,1015.35,60.55,23.01,11.44,266.21
2012,2935,50.072968,19.914829,211.32,2026-07-01 19:00:00+00:00,2026-07-01 20:00:00+00:00,4.19,6.08,7.39,1017.0,63.64,22.47,10.27,260.0
2013,2935,50.072968,19.914829,211.32,2026-07-01 20:00:00+00:00,2026-07-01 21:00:00+00:00,4.41,6.4,7.62,1017.58,65.22,21.69,9.4,261.64
2014,2935,50.072968,19.914829,211.32,2026-07-01 21:00:00+00:00,2026-07-01 22:00:00+00:00,4.56,6.57,7.99,1017.2,67.3,20.63,10.56,265.42
2015,2935,50.072968,19.914829,211.32,2026-07-01 22:00:00+00:00,2026-07-01 23:00:00+00:00,4.03,5.81,7.1,1016.75,71.83,19.88,11.01,273.53
2016,90388,50.016578,19.909836,224.67,2026-06-30 23:00:00+00:00,2026-07-01 00:00:00+00:00,10.43,15.23,18.21,1014.88,78.26,22.6,4.69,96.9
2017,90388,50.016578,19.909836,224.67,2026-07-01 00:00:00+00:00,2026-07-01 01:00:00+00:00,10.92,15.65,18.4,1014.55,78.47,22.7,3.92,106.93
2018,90388,50.016578,19.909836,224.67,2026-07-01 01:00:00+00:00,2026-07-01 02:00:00+00:00,12.0,17.39,20.6,1013.97,81.09,22.08,2.92,117.37
2019,90388,50.016578,19.909836,224.67,2026-07-01 02:00:00+00:00,2026-07-01 03:00:00+00:00,12.26,17.94,21.55,1013.45,83.83,21.47,2.57,179.47
2020,90388,50.016578,19.909836,224.67,2026-07-01 03:00:00+00:00,2026-07-01 04:00:00+00:00,12.65,18.52,21.96,1013.67,86.01,21.12,4.53,228.82
2021,90388,50.016578,19.909836,224.67,2026-07-01 04:00:00+00:00,2026-07-01 05:00:00+00:00,14.49,21.49,26.38,1013.68,84.73,22.37,5.1,237.18
2022,90388,50.016578,19.909836,224.67,2026-07-01 05:00:00+00:00,2026-07-01 06:00:00+00:00,14.92,22.04,27.83,1013.72,79.64,24.39,4.95,250.44
2023,90388,50.016578,19.909836,224.67,2026-07-01 06:00:00+00:00,2026-07-01 07:00:00+00:00,14.91,21.9,27.17,1014.04,75.01,25.72,7.4,270.81
2024,90388,50.016578,19.909836,224.67,2026-07-01 07:00:00+00:00,2026-07-01 08:00:00+00:00,14.64,21.29,26.55,1013.79,69.8,27.34,9.31,280.73
2025,90388,50.016578,19.909836,224.67,2026-07-01 08:00:00+00:00,2026-07-01 09:00:00+00:00,13.47,18.98,22.87,1013.12,64.94,28.75,8.29,279.87
2026,90388,50.016578,19.909836,224.67,2026-07-01 09:00:00+00:00,2026-07-01 10:00:00+00:00,12.08,16.57,19.13,1012.89,58.8,29.58,6.34,300.08
2027,90388,50.016578,19.909836,224.67,2026-07-01 10:00:00+00:00,2026-07-01 11:00:00+00:00,13.32,18.85,22.39,1012.43,56.52,30.55,4.51,274.75
2028,90388,50.016578,19.909836,224.67,2026-07-01 11:00:00+00:00,2026-07-01 12:00:00+00:00,14.31,20.59,25.46,1011.76,57.49,30.0,6.31,280.69
2029,90388,50.016578,19.909836,224.67,2026-07-01 12:00:00+00:00,2026-07-01 13:00:00+00:00,14.63,21.13,26.52,1011.1,57.85,29.99,6.91,266.17
2030,90388,50.016578,19.909836,224.67,2026-07-01 13:00:00+00:00,2026-07-01 14:00:00+00:00,15.26,21.83,27.86,1010.53,57.98,30.19,6.99,175.41
2031,90388,50.016578,19.909836,224.67,2026-07-01 14:00:00+00:00,2026-07-01 15:00:00+00:00,15.01,21.63,27.36,1010.63,59.8,29.86,8.18,156.72
2032,90388,50.016578,19.909836,224.67,2026-07-01 15:00:00+00:00,2026-07-01 16:00:00+00:00,9.46,13.49,15.82,1010.75,59.63,28.72,9.4,168.53
2033,90388,50.016578,19.909836,224.67,2026-07-01 16:00:00+00:00,2026-07-01 17:00:00+00:00,3.03,5.01,6.06,1010.34,59.31,27.58,3.74,323.7
2034,90388,50.016578,19.909836,224.67,2026-07-01 17:00:00+00:00,2026-07-01 18:00:00+00:00,3.8,6.12,7.53,1011.1,67.46,24.61,12.06,292.38
2035,90388,50.016578,19.909836,224.67,2026-07-01 18:00:00+00:00,2026-07-01 19:00:00+00:00,5.35,8.23,10.09,1012.88,73.74,22.96,11.24,268.38
2036,90388,50.016578,19.909836,224.67,2026-07-01 19:00:00+00:00,2026-07-01 20:00:00+00:00,6.57,10.27,12.58,1014.5,79.35,22.14,10.07,262.48
2037,90388,50.016578,19.909836,224.67,2026-07-01 20:00:00+00:00,2026-07-01 21:00:00+00:00,7.03,10.98,13.34,1014.98,82.31,21.49,8.97,259.38
2038,90388,50.016578,19.909836,224.67,2026-07-01 21:00:00+00:00,2026-07-01 22:00:00+00:00,6.97,11.12,13.86,1014.65,83.06,20.71,10.32,265.12
2039,90388,50.016578,19.909836,224.67,2026-07-01 22:00:00+00:00,2026-07-01 23:00:00+00:00,6.06,9.76,12.22,1014.21,84.54,19.87,11.1,274.56
2040,2865,49.980911,19.881126,253.67,2026-06-30 23:00:00+00:00,2026-07-01 00:00:00+00:00,9.38,13.84,16.37,1017.46,81.64,22.62,4.76,96.81
2041,2865,49.980911,19.881126,253.67,2026-07-01 00:00:00+00:00,2026-07-01 01:00:00+00:00,9.9,14.51,17.24,1017.15,84.25,22.23,3.97,105.89
2042,2865,49.980911,19.881126,253.67,2026-07-01 01:00:00+00:00,2026-07-01 02:00:00+00:00,9.59,14.03,16.57,1016.66,86.13,21.62,2.92,117.37
2043,2865,49.980911,19.881126,253.67,2026-07-01 02:00:00+00:00,2026-07-01 03:00:00+00:00,10.62,15.73,18.68,1016.09,87.75,20.81,2.57,179.47
2044,2865,49.980911,19.881126,253.67,2026-07-01 03:00:00+00:00,2026-07-01 04:00:00+00:00,11.86,17.77,21.91,1016.3,89.25,20.76,4.53,228.82
2045,2865,49.980911,19.881126,253.67,2026-07-01 04:00:00+00:00,2026-07-01 05:00:00+00:00,12.56,19.02,23.93,1016.32,88.88,21.58,5.1,237.18
2046,2865,49.980911,19.881126,253.67,2026-07-01 05:00:00+00:00,2026-07-01 06:00:00+00:00,13.47,20.74,27.43,1016.43,85.63,23.17,4.95,250.44
2047,2865,49.980911,19.881126,253.67,2026-07-01 06:00:00+00:00,2026-07-01 07:00:00+00:00,12.95,19.67,25.2,1016.76,82.5,24.67,7.4,270.81
2048,2865,49.980911,19.881126,253.67,2026-07-01 07:00:00+00:00,2026-07-01 08:00:00+00:00,12.75,18.91,23.65,1016.51,72.07,26.34,9.31,280.73
2049,2865,49.980911,19.881126,253.67,2026-07-01 08:00:00+00:00,2026-07-01 09:00:00+00:00,11.69,17.41,20.86,1015.84,52.89,27.89,8.29,279.87
2050,2865,49.980911,19.881126,253.67,2026-07-01 09:00:00+00:00,2026-07-01 10:00:00+00:00,11.89,17.65,21.19,1015.59,47.95,29.57,6.34,300.08
2051,2865,49.980911,19.881126,253.67,2026-07-01 10:00:00+00:00,2026-07-01 11:00:00+00:00,12.42,18.58,22.65,1015.17,45.69,30.26,4.51,274.75
2052,2865,49.980911,19.881126,253.67,2026-07-01 11:00:00+00:00,2026-07-01 12:00:00+00:00,12.4,18.55,22.78,1014.5,45.89,29.95,6.31,280.69
2053,2865,49.980911,19.881126,253.67,2026-07-01 12:00:00+00:00,2026-07-01 13:00:00+00:00,13.06,19.42,24.16,1013.85,46.09,30.02,6.91,266.17
2054,2865,49.980911,19.881126,253.67,2026-07-01 13:00:00+00:00,2026-07-01 14:00:00+00:00,13.23,19.91,25.36,1013.3,46.08,30.11,6.99,175.41
2055,2865,49.980911,19.881126,253.67,2026-07-01 14:00:00+00:00,2026-07-01 15:00:00+00:00,11.82,17.56,21.79,1013.5,47.19,29.55,8.18,156.72
2056,2865,49.980911,19.881126,253.67,2026-07-01 15:00:00+00:00,2026-07-01 16:00:00+00:00,4.96,7.45,8.89,1013.65,48.65,28.4,9.4,168.53
2057,2865,49.980911,19.881126,253.67,2026-07-01 16:00:00+00:00,2026-07-01 17:00:00+00:00,3.01,4.63,5.53,1013.13,49.56,27.13,3.74,323.7
2058,2865,49.980911,19.881126,253.67,2026-07-01 17:00:00+00:00,2026-07-01 18:00:00+00:00,3.82,5.75,6.93,1013.87,54.83,24.51,12.06,292.38
2059,2865,49.980911,19.881126,253.67,2026-07-01 18:00:00+00:00,2026-07-01 19:00:00+00:00,4.58,6.92,8.3,1015.49,60.6,22.88,11.24,268.38
2060,2865,49.980911,19.881126,253.67,2026-07-01 19:00:00+00:00,2026-07-01 20:00:00+00:00,5.38,8.17,9.94,1017.06,82.79,21.99,10.13,262.31
2061,2865,49.980911,19.881126,253.67,2026-07-01 20:00:00+00:00,2026-07-01 21:00:00+00:00,5.09,7.72,9.3,1017.41,87.0,21.5,9.07,259.82
2062,2865,49.980911,19.881126,253.67,2026-07-01 21:00:00+00:00,2026-07-01 22:00:00+00:00,5.76,8.61,10.32,1017.18,87.75,20.91,10.13,264.44
2063,2865,49.980911,19.881126,253.67,2026-07-01 22:00:00+00:00,2026-07-01 23:00:00+00:00,5.01,7.54,9.01,1016.68,88.5,20.08,11.07,273.73
2064,87002,50.165009,20.039921,316.26,2026-06-30 23:00:00+00:00,2026-07-01 00:00:00+00:00,9.61,13.98,16.06,1015.51,84.25,22.42,4.55,102.43
2065,87002,50.165009,20.039921,316.26,2026-07-01 00:00:00+00:00,2026-07-01 01:00:00+00:00,10.2,15.0,17.2,1015.16,84.25,22.26,3.4,109.0
2066,87002,50.165009,20.039921,316.26,2026-07-01 01:00:00+00:00,2026-07-01 02:00:00+00:00,10.82,16.31,18.77,1014.52,85.75,21.9,3.29,138.0
2067,87002,50.165009,20.039921,316.26,2026-07-01 02:00:00+00:00,2026-07-01 03:00:00+00:00,11.86,17.99,21.08,1013.93,87.25,21.48,2.7,172.0
2068,87002,50.165009,20.039921,316.26,2026-07-01 03:00:00+00:00,2026-07-01 04:00:00+00:00,12.04,18.52,21.93,1013.94,90.25,20.76,5.18,236.0
2069,87002,50.165009,20.039921,316.26,2026-07-01 04:00:00+00:00,2026-07-01 05:00:00+00:00,12.8,19.28,23.35,1013.97,88.0,21.74,5.64,236.0
2070,87002,50.165009,20.039921,316.26,2026-07-01 05:00:00+00:00,2026-07-01 06:00:00+00:00,13.03,19.83,24.53,1014.0,86.5,23.15,4.92,247.0
2071,87002,50.165009,20.039921,316.26,2026-07-01 06:00:00+00:00,2026-07-01 07:00:00+00:00,14.24,21.76,27.92,1014.31,82.0,24.75,7.54,270.0
2072,87002,50.165009,20.039921,316.26,2026-07-01 07:00:00+00:00,2026-07-01 08:00:00+00:00,13.85,20.85,26.19,1014.13,79.0,26.23,10.18,284.0
2073,87002,50.165009,20.039921,316.26,2026-07-01 08:00:00+00:00,2026-07-01 09:00:00+00:00,10.61,15.2,17.59,1013.57,75.56,27.87,8.84,283.1
2074,87002,50.165009,20.039921,316.26,2026-07-01 09:00:00+00:00,2026-07-01 10:00:00+00:00,9.72,13.77,15.61,1013.48,73.19,29.07,6.29,283.0
2075,87002,50.165009,20.039921,316.26,2026-07-01 10:00:00+00:00,2026-07-01 11:00:00+00:00,10.48,14.82,16.85,1013.17,70.25,30.37,4.09,234.74
2076,87002,50.165009,20.039921,316.26,2026-07-01 11:00:00+00:00,2026-07-01 12:00:00+00:00,10.31,14.53,16.46,1012.59,70.0,30.45,7.37,264.39
2077,87002,50.165009,20.039921,316.26,2026-07-01 12:00:00+00:00,2026-07-01 13:00:00+00:00,11.2,15.7,17.83,1011.94,70.69,30.97,8.79,243.71
2078,87002,50.165009,20.039921,316.26,2026-07-01 13:00:00+00:00,2026-07-01 14:00:00+00:00,11.85,16.45,18.65,1011.16,67.31,33.27,7.16,125.06
2079,87002,50.165009,20.039921,316.26,2026-07-01 14:00:00+00:00,2026-07-01 15:00:00+00:00,12.62,18.21,21.28,1010.99,71.0,30.87,7.27,136.5
2080,87002,50.165009,20.039921,316.26,2026-07-01 15:00:00+00:00,2026-07-01 16:00:00+00:00,11.45,16.71,19.27,1010.98,74.0,28.52,8.39,162.71
2081,87002,50.165009,20.039921,316.26,2026-07-01 16:00:00+00:00,2026-07-01 17:00:00+00:00,6.16,8.87,10.13,1010.77,77.0,26.22,4.44,284.07
2082,87002,50.165009,20.039921,316.26,2026-07-01 17:00:00+00:00,2026-07-01 18:00:00+00:00,5.43,8.06,9.31,1011.14,80.14,23.93,11.54,293.21
2083,87002,50.165009,20.039921,316.26,2026-07-01 18:00:00+00:00,2026-07-01 19:00:00+00:00,5.12,7.43,8.55,1012.96,83.2,22.56,11.1,271.99
2084,87002,50.165009,20.039921,316.26,2026-07-01 19:00:00+00:00,2026-07-01 20:00:00+00:00,4.67,6.77,7.79,1014.65,85.75,21.65,10.11,262.35
2085,87002,50.165009,20.039921,316.26,2026-07-01 20:00:00+00:00,2026-07-01 21:00:00+00:00,4.82,7.03,8.09,1015.04,86.5,21.1,10.16,265.38
2086,87002,50.165009,20.039921,316.26,2026-07-01 21:00:00+00:00,2026-07-01 22:00:00+00:00,6.6,10.13,11.74,1014.83,86.92,20.36,10.76,267.6
2087,87002,50.165009,20.039921,316.26,2026-07-01 22:00:00+00:00,2026-07-01 23:00:00+00:00,7.18,11.24,13.07,1014.44,87.83,19.41,11.07,273.85
2088,32907,50.097127,19.992093,239.07,2026-06-30 23:00:00+00:00,2026-07-01 00:00:00+00:00,9.93,13.9,16.19,1014.65,69.76,22.93,4.26,103.72
2089,32907,50.097127,19.992093,239.07,2026-07-01 00:00:00+00:00,2026-07-01 01:00:00+00:00,10.78,15.42,17.9,1014.35,75.57,22.48,3.52,110.1
2090,32907,50.097127,19.992093,239.07,2026-07-01 01:00:00+00:00,2026-07-01 02:00:00+00:00,11.11,15.84,18.44,1013.69,72.85,21.9,2.9,137.55
2091,32907,50.097127,19.992093,239.07,2026-07-01 02:00:00+00:00,2026-07-01 03:00:00+00:00,11.84,17.32,20.38,1013.18,64.91,21.23,3.25,199.11
2092,32907,50.097127,19.992093,239.07,2026-07-01 03:00:00+00:00,2026-07-01 04:00:00+00:00,12.23,18.0,21.32,1013.26,81.27,20.78,4.93,232.34
2093,32907,50.097127,19.992093,239.07,2026-07-01 04:00:00+00:00,2026-07-01 05:00:00+00:00,12.72,18.8,22.59,1013.28,77.03,21.68,5.45,243.39
2094,32907,50.097127,19.992093,239.07,2026-07-01 05:00:00+00:00,2026-07-01 06:00:00+00:00,13.85,20.41,25.72,1013.27,64.19,23.1,5.83,255.65
2095,32907,50.097127,19.992093,239.07,2026-07-01 06:00:00+00:00,2026-07-01 07:00:00+00:00,16.18,24.09,31.86,1013.58,58.19,24.43,7.47,271.57
2096,32907,50.097127,19.992093,239.07,2026-07-01 07:00:00+00:00,2026-07-01 08:00:00+00:00,16.11,23.53,30.89,1013.32,56.06,26.12,9.07,280.49
2097,32907,50.097127,19.992093,239.07,2026-07-01 08:00:00+00:00,2026-07-01 09:00:00+00:00,12.96,18.18,21.34,1012.63,52.76,28.22,8.16,283.29
2098,32907,50.097127,19.992093,239.07,2026-07-01 09:00:00+00:00,2026-07-01 10:00:00+00:00,10.38,13.46,15.53,1012.41,49.41,29.92,5.97,276.78
2099,32907,50.097127,19.992093,239.07,2026-07-01 10:00:00+00:00,2026-07-01 11:00:00+00:00,11.23,14.75,16.94,1012.08,50.46,30.55,5.18,266.0
2100,32907,50.097127,19.992093,239.07,2026-07-01 11:00:00+00:00,2026-07-01 12:00:00+00:00,12.57,17.11,19.82,1011.35,58.83,30.72,5.94,276.6
2101,32907,50.097127,19.992093,239.07,2026-07-01 12:00:00+00:00,2026-07-01 13:00:00+00:00,13.47,18.59,22.15,1010.59,56.39,31.14,0.86,324.3
2102,32907,50.097127,19.992093,239.07,2026-07-01 13:00:00+00:00,2026-07-01 14:00:00+00:00,14.6,20.08,24.7,1009.83,49.16,31.76,6.76,126.73
2103,32907,50.097127,19.992093,239.07,2026-07-01 14:00:00+00:00,2026-07-01 15:00:00+00:00,15.2,21.3,27.11,1009.77,50.37,30.03,8.66,156.42
2104,32907,50.097127,19.992093,239.07,2026-07-01 15:00:00+00:00,2026-07-01 16:00:00+00:00,10.56,14.88,17.83,1010.16,59.85,27.9,3.71,197.7
2105,32907,50.097127,19.992093,239.07,2026-07-01 16:00:00+00:00,2026-07-01 17:00:00+00:00,4.65,6.43,7.67,1010.01,70.44,26.3,9.86,294.86
2106,32907,50.097127,19.992093,239.07,2026-07-01 17:00:00+00:00,2026-07-01 18:00:00+00:00,5.37,7.78,9.23,1010.68,77.89,24.5,11.06,290.83
2107,32907,50.097127,19.992093,239.07,2026-07-01 18:00:00+00:00,2026-07-01 19:00:00+00:00,6.29,9.0,10.86,1012.46,83.56,22.87,11.36,271.31
2108,32907,50.097127,19.992093,239.07,2026-07-01 19:00:00+00:00,2026-07-01 20:00:00+00:00,7.2,10.5,12.8,1014.26,85.01,21.64,9.97,262.78
2109,32907,50.097127,19.992093,239.07,2026-07-01 20:00:00+00:00,2026-07-01 21:00:00+00:00,8.67,12.88,15.54,1014.7,86.21,20.96,9.88,264.9
2110,32907,50.097127,19.992093,239.07,2026-07-01 21:00:00+00:00,2026-07-01 22:00:00+00:00,9.64,13.69,16.33,1014.39,86.83,20.17,10.82,267.35
2111,32907,50.097127,19.992093,239.07,2026-07-01 22:00:00+00:00,2026-07-01 23:00:00+00:00,9.03,12.71,15.27,1013.91,88.25,19.63,10.97,274.08
2112,7592,50.140354,19.911984,277.26,2026-06-30 23:00:00+00:00,2026-07-01 00:00:00+00:00,0.05,0.22,0.24,1014.47,59.57,22.76,4.59,101.0
2113,7592,50.140354,19.911984,277.26,2026-07-01 00:00:00+00:00,2026-07-01 01:00:00+00:00,0.09,0.4,0.44,1014.28,59.57,22.34,4.01,105.86
2114,7592,50.140354,19.911984,277.26,2026-07-01 01:00:00+00:00,2026-07-01 02:00:00+00:00,0.32,1.08,1.18,1013.73,71.31,21.83,3.03,118.03
2115,7592,50.140354,19.911984,277.26,2026-07-01 02:00:00+00:00,2026-07-01 03:00:00+00:00,0.09,0.3,0.33,1013.32,83.29,21.13,2.93,188.81
2116,7592,50.140354,19.911984,277.26,2026-07-01 03:00:00+00:00,2026-07-01 04:00:00+00:00,0.15,0.51,0.56,1013.32,65.18,20.73,4.75,235.69
2117,7592,50.140354,19.911984,277.26,2026-07-01 04:00:00+00:00,2026-07-01 05:00:00+00:00,0.29,1.33,1.46,1013.28,81.23,21.77,5.5,242.0
2118,7592,50.140354,19.911984,277.26,2026-07-01 05:00:00+00:00,2026-07-01 06:00:00+00:00,0.23,1.09,1.2,1013.37,83.33,22.52,5.89,249.99
2119,7592,50.140354,19.911984,277.26,2026-07-01 06:00:00+00:00,2026-07-01 07:00:00+00:00,0.22,0.82,0.9,1013.67,57.91,24.6,8.03,271.38
2120,7592,50.140354,19.911984,277.26,2026-07-01 07:00:00+00:00,2026-07-01 08:00:00+00:00,0.29,0.79,0.87,1013.31,59.28,26.08,9.23,277.17
2121,7592,50.140354,19.911984,277.26,2026-07-01 08:00:00+00:00,2026-07-01 09:00:00+00:00,0.04,0.16,0.18,1012.62,50.94,28.2,7.98,278.54
2122,7592,50.140354,19.911984,277.26,2026-07-01 09:00:00+00:00,2026-07-01 10:00:00+00:00,0.13,0.39,0.43,1012.44,47.83,29.79,5.75,276.59
2123,7592,50.140354,19.911984,277.26,2026-07-01 10:00:00+00:00,2026-07-01 11:00:00+00:00,0.09,0.65,0.71,1011.99,45.82,30.98,5.02,268.19
2124,7592,50.140354,19.911984,277.26,2026-07-01 11:00:00+00:00,2026-07-01 12:00:00+00:00,0.1,0.39,0.43,1011.3,45.4,31.52,6.16,283.68
2125,7592,50.140354,19.911984,277.26,2026-07-01 12:00:00+00:00,2026-07-01 13:00:00+00:00,0.06,0.33,0.36,1010.66,44.16,31.88,2.44,327.03
2126,7592,50.140354,19.911984,277.26,2026-07-01 13:00:00+00:00,2026-07-01 14:00:00+00:00,0.22,0.61,0.67,1010.06,44.11,32.45,6.93,121.57
2127,7592,50.140354,19.911984,277.26,2026-07-01 14:00:00+00:00,2026-07-01 15:00:00+00:00,0.2,0.95,1.04,1010.06,47.93,29.86,9.6,158.86
2128,7592,50.140354,19.911984,277.26,2026-07-01 15:00:00+00:00,2026-07-01 16:00:00+00:00,0.37,1.47,1.61,1010.29,49.27,27.89,5.14,177.19
2129,7592,50.140354,19.911984,277.26,2026-07-01 16:00:00+00:00,2026-07-01 17:00:00+00:00,0.28,1.22,1.34,1010.23,52.76,25.83,10.07,297.57
2130,7592,50.140354,19.911984,277.26,2026-07-01 17:00:00+00:00,2026-07-01 18:00:00+00:00,0.13,0.52,0.57,1010.61,55.52,24.34,12.17,286.53
2131,7592,50.140354,19.911984,277.26,2026-07-01 18:00:00+00:00,2026-07-01 19:00:00+00:00,0.11,0.4,0.44,1012.27,59.03,22.87,11.3,265.58
2132,7592,50.140354,19.911984,277.26,2026-07-01 19:00:00+00:00,2026-07-01 20:00:00+00:00,0.24,0.87,0.96,1014.0,61.03,22.32,10.27,260.0
2133,7592,50.140354,19.911984,277.26,2026-07-01 20:00:00+00:00,2026-07-01 21:00:00+00:00,0.08,0.33,0.36,1014.55,69.04,21.63,9.4,261.64
2134,7592,50.140354,19.911984,277.26,2026-07-01 21:00:00+00:00,2026-07-01 22:00:00+00:00,0.1,0.32,0.35,1014.36,69.05,20.43,10.56,265.42
2135,7592,50.140354,19.911984,277.26,2026-07-01 22:00:00+00:00,2026-07-01 23:00:00+00:00,0.11,0.42,0.46,1013.89,83.97,19.77,11.01,273.53
2136,5651,50.1167,19.91429,245.2,2026-06-30 23:00:00+00:00,2026-07-01 00:00:00+00:00,,,,,,,,
2137,5651,50.1167,19.91429,245.2,2026-07-01 00:00:00+00:00,2026-07-01 01:00:00+00:00,,,,,,,,
2138,5651,50.1167,19.91429,245.2,2026-07-01 01:00:00+00:00,2026-07-01 02:00:00+00:00,,,,,,,,
2139,5651,50.1167,19.91429,245.2,2026-07-01 02:00:00+00:00,2026-07-01 03:00:00+00:00,,,,,,,,
2140,5651,50.1167,19.91429,245.2,2026-07-01 03:00:00+00:00,2026-07-01 04:00:00+00:00,,,,,,,,
2141,5651,50.1167,19.91429,245.2,2026-07-01 04:00:00+00:00,2026-07-01 05:00:00+00:00,,,,,,,,
2142,5651,50.1167,19.91429,245.2,2026-07-01 05:00:00+00:00,2026-07-01 06:00:00+00:00,,,,,,,,
2143,5651,50.1167,19.91429,245.2,2026-07-01 06:00:00+00:00,2026-07-01 07:00:00+00:00,,,,,,,,
2144,5651,50.1167,19.91429,245.2,2026-07-01 07:00:00+00:00,2026-07-01 08:00:00+00:00,,,,,,,,
2145,5651,50.1167,19.91429,245.2,2026-07-01 08:00:00+00:00,2026-07-01 09:00:00+00:00,,,,,,,,
2146,5651,50.1167,19.91429,245.2,2026-07-01 09:00:00+00:00,2026-07-01 10:00:00+00:00,,,,,,,,
2147,5651,50.1167,19.91429,245.2,2026-07-01 10:00:00+00:00,2026-07-01 11:00:00+00:00,,,,,,,,
2148,5651,50.1167,19.91429,245.2,2026-07-01 11:00:00+00:00,2026-07-01 12:00:00+00:00,,,,,,,,
2149,5651,50.1167,19.91429,245.2,2026-07-01 12:00:00+00:00,2026-07-01 13:00:00+00:00,,,,,,,,
2150,5651,50.1167,19.91429,245.2,2026-07-01 13:00:00+00:00,2026-07-01 14:00:00+00:00,,,,,,,,
2151,5651,50.1167,19.91429,245.2,2026-07-01 14:00:00+00:00,2026-07-01 15:00:00+00:00,,,,,,,,
2152,5651,50.1167,19.91429,245.2,2026-07-01 15:00:00+00:00,2026-07-01 16:00:00+00:00,,,,,,,,
2153,5651,50.1167,19.91429,245.2,2026-07-01 16:00:00+00:00,2026-07-01 17:00:00+00:00,,,,,,,,
2154,5651,50.1167,19.91429,245.2,2026-07-01 17:00:00+00:00,2026-07-01 18:00:00+00:00,,,,,,,,
2155,5651,50.1167,19.91429,245.2,2026-07-01 18:00:00+00:00,2026-07-01 19:00:00+00:00,,,,,,,,
2156,5651,50.1167,19.91429,245.2,2026-07-01 19:00:00+00:00,2026-07-01 20:00:00+00:00,,,,,,,,
2157,5651,50.1167,19.91429,245.2,2026-07-01 20:00:00+00:00,2026-07-01 21:00:00+00:00,,,,,,,,
2158,5651,50.1167,19.91429,245.2,2026-07-01 21:00:00+00:00,2026-07-01 22:00:00+00:00,,,,,,,,
2159,5651,50.1167,19.91429,245.2,2026-07-01 22:00:00+00:00,2026-07-01 23:00:00+00:00,,,,,,,,
2160,354,50.145447,20.027565,264.02,2026-06-30 23:00:00+00:00,2026-07-01 00:00:00+00:00,,,,,,,,
2161,354,50.145447,20.027565,264.02,2026-07-01 00:00:00+00:00,2026-07-01 01:00:00+00:00,,,,,,,,
2162,354,50.145447,20.027565,264.02,2026-07-01 01:00:00+00:00,2026-07-01 02:00:00+00:00,,,,,,,,
2163,354,50.145447,20.027565,264.02,2026-07-01 02:00:00+00:00,2026-07-01 03:00:00+00:00,,,,,,,,
2164,354,50.145447,20.027565,264.02,2026-07-01 03:00:00+00:00,2026-07-01 04:00:00+00:00,,,,,,,,
2165,354,50.145447,20.027565,264.02,2026-07-01 04:00:00+00:00,2026-07-01 05:00:00+00:00,,,,,,,,
2166,354,50.145447,20.027565,264.02,2026-07-01 05:00:00+00:00,2026-07-01 06:00:00+00:00,,,,,,,,
2167,354,50.145447,20.027565,264.02,2026-07-01 06:00:00+00:00,2026-07-01 07:00:00+00:00,,,,,,,,
2168,354,50.145447,20.027565,264.02,2026-07-01 07:00:00+00:00,2026-07-01 08:00:00+00:00,,,,,,,,
2169,354,50.145447,20.027565,264.02,2026-07-01 08:00:00+00:00,2026-07-01 09:00:00+00:00,,,,,,,,
2170,354,50.145447,20.027565,264.02,2026-07-01 09:00:00+00:00,2026-07-01 10:00:00+00:00,,,,,,,,
2171,354,50.145447,20.027565,264.02,2026-07-01 10:00:00+00:00,2026-07-01 11:00:00+00:00,,,,,,,,
2172,354,50.145447,20.027565,264.02,2026-07-01 11:00:00+00:00,2026-07-01 12:00:00+00:00,,,,,,,,
2173,354,50.145447,20.027565,264.02,2026-07-01 12:00:00+00:00,2026-07-01 13:00:00+00:00,,,,,,,,
2174,354,50.145447,20.027565,264.02,2026-07-01 13:00:00+00:00,2026-07-01 14:00:00+00:00,,,,,,,,
2175,354,50.145447,20.027565,264.02,2026-07-01 14:00:00+00:00,2026-07-01 15:00:00+00:00,,,,,,,,
2176,354,50.145447,20.027565,264.02,2026-07-01 15:00:00+00:00,2026-07-01 16:00:00+00:00,,,,,,,,
2177,354,50.145447,20.027565,264.02,2026-07-01 16:00:00+00:00,2026-07-01 17:00:00+00:00,,,,,,,,
2178,354,50.145447,20.027565,264.02,2026-07-01 17:00:00+00:00,2026-07-01 18:00:00+00:00,,,,,,,,
2179,354,50.145447,20.027565,264.02,2026-07-01 18:00:00+00:00,2026-07-01 19:00:00+00:00,,,,,,,,
2180,354,50.145447,20.027565,264.02,2026-07-01 19:00:00+00:00,2026-07-01 20:00:00+00:00,,,,,,,,
2181,354,50.145447,20.027565,264.02,2026-07-01 20:00:00+00:00,2026-07-01 21:00:00+00:00,,,,,,,,
2182,354,50.145447,20.027565,264.02,2026-07-01 21:00:00+00:00,2026-07-01 22:00:00+00:00,,,,,,,,
2183,354,50.145447,20.027565,264.02,2026-07-01 22:00:00+00:00,2026-07-01 23:00:00+00:00,,,,,,,,
2184,37818,50.066747,19.962083,208.91,2026-06-30 23:00:00+00:00,2026-07-01 00:00:00+00:00,,,,,,,,
2185,37818,50.066747,19.962083,208.91,2026-07-01 00:00:00+00:00,2026-07-01 01:00:00+00:00,,,,,,,,
2186,37818,50.066747,19.962083,208.91,2026-07-01 01:00:00+00:00,2026-07-01 02:00:00+00:00,,,,,,,,
2187,37818,50.066747,19.962083,208.91,2026-07-01 02:00:00+00:00,2026-07-01 03:00:00+00:00,,,,,,,,
2188,37818,50.066747,19.962083,208.91,2026-07-01 03:00:00+00:00,2026-07-01 04:00:00+00:00,,,,,,,,
2189,37818,50.066747,19.962083,208.91,2026-07-01 04:00:00+00:00,2026-07-01 05:00:00+00:00,,,,,,,,
2190,37818,50.066747,19.962083,208.91,2026-07-01 05:00:00+00:00,2026-07-01 06:00:00+00:00,,,,,,,,
2191,37818,50.066747,19.962083,208.91,2026-07-01 06:00:00+00:00,2026-07-01 07:00:00+00:00,,,,,,,,
2192,37818,50.066747,19.962083,208.91,2026-07-01 07:00:00+00:00,2026-07-01 08:00:00+00:00,,,,,,,,
2193,37818,50.066747,19.962083,208.91,2026-07-01 08:00:00+00:00,2026-07-01 09:00:00+00:00,,,,,,,,
2194,37818,50.066747,19.962083,208.91,2026-07-01 09:00:00+00:00,2026-07-01 10:00:00+00:00,,,,,,,,
2195,37818,50.066747,19.962083,208.91,2026-07-01 10:00:00+00:00,2026-07-01 11:00:00+00:00,,,,,,,,
2196,37818,50.066747,19.962083,208.91,2026-07-01 11:00:00+00:00,2026-07-01 12:00:00+00:00,,,,,,,,
2197,37818,50.066747,19.962083,208.91,2026-07-01 12:00:00+00:00,2026-07-01 13:00:00+00:00,,,,,,,,
2198,37818,50.066747,19.962083,208.91,2026-07-01 13:00:00+00:00,2026-07-01 14:00:00+00:00,,,,,,,,
2199,37818,50.066747,19.962083,208.91,2026-07-01 14:00:00+00:00,2026-07-01 15:00:00+00:00,,,,,,,,
2200,37818,50.066747,19.962083,208.91,2026-07-01 15:00:00+00:00,2026-07-01 16:00:00+00:00,,,,,,,,
2201,37818,50.066747,19.962083,208.91,2026-07-01 16:00:00+00:00,2026-07-01 17:00:00+00:00,,,,,,,,
2202,37818,50.066747,19.962083,208.91,2026-07-01 17:00:00+00:00,2026-07-01 18:00:00+00:00,,,,,,,,
2203,37818,50.066747,19.962083,208.91,2026-07-01 18:00:00+00:00,2026-07-01 19:00:00+00:00,,,,,,,,
2204,37818,50.066747,19.962083,208.91,2026-07-01 19:00:00+00:00,2026-07-01 20:00:00+00:00,,,,,,,,
2205,37818,50.066747,19.962083,208.91,2026-07-01 20:00:00+00:00,2026-07-01 21:00:00+00:00,,,,,,,,
2206,37818,50.066747,19.962083,208.91,2026-07-01 21:00:00+00:00,2026-07-01 22:00:00+00:00,,,,,,,,
2207,37818,50.066747,19.962083,208.91,2026-07-01 22:00:00+00:00,2026-07-01 23:00:00+00:00,,,,,,,,
2208,86963,50.107288,20.045784,222.25,2026-06-30 23:00:00+00:00,2026-07-01 00:00:00+00:00,8.92,13.01,15.42,1014.72,83.75,22.55,4.34,103.57
2209,86963,50.107288,20.045784,222.25,2026-07-01 00:00:00+00:00,2026-07-01 01:00:00+00:00,10.41,15.44,18.14,1014.43,84.5,22.26,3.55,109.04
2210,86963,50.107288,20.045784,222.25,2026-07-01 01:00:00+00:00,2026-07-01 02:00:00+00:00,10.39,15.09,17.83,1013.85,85.5,21.9,2.96,133.22
2211,86963,50.107288,20.045784,222.25,2026-07-01 02:00:00+00:00,2026-07-01 03:00:00+00:00,10.47,15.77,18.6,1013.25,87.5,21.25,3.13,193.6
2212,86963,50.107288,20.045784,222.25,2026-07-01 03:00:00+00:00,2026-07-01 04:00:00+00:00,11.11,16.65,19.93,1013.27,89.5,20.82,4.87,231.13
2213,86963,50.107288,20.045784,222.25,2026-07-01 04:00:00+00:00,2026-07-01 05:00:00+00:00,11.55,17.14,20.56,1013.32,88.75,21.65,5.44,242.71
2214,86963,50.107288,20.045784,222.25,2026-07-01 05:00:00+00:00,2026-07-01 06:00:00+00:00,12.87,19.58,24.11,1013.28,86.0,23.24,5.76,254.18
2215,86963,50.107288,20.045784,222.25,2026-07-01 06:00:00+00:00,2026-07-01 07:00:00+00:00,14.3,21.61,27.74,1013.5,82.25,24.77,7.24,270.42
2216,86963,50.107288,20.045784,222.25,2026-07-01 07:00:00+00:00,2026-07-01 08:00:00+00:00,15.31,23.06,30.2,1013.3,78.75,26.21,9.08,279.99
2217,86963,50.107288,20.045784,222.25,2026-07-01 08:00:00+00:00,2026-07-01 09:00:00+00:00,12.42,18.21,21.72,1012.67,75.63,27.79,8.33,283.44
2218,86963,50.107288,20.045784,222.25,2026-07-01 09:00:00+00:00,2026-07-01 10:00:00+00:00,10.93,15.43,18.21,1012.48,71.67,29.19,6.16,277.95
2219,86963,50.107288,20.045784,222.25,2026-07-01 10:00:00+00:00,2026-07-01 11:00:00+00:00,9.88,14.11,16.36,1012.1,70.07,30.42,5.09,266.0
2220,86963,50.107288,20.045784,222.25,2026-07-01 11:00:00+00:00,2026-07-01 12:00:00+00:00,11.65,16.89,19.58,1011.49,70.21,30.63,5.9,274.53
2221,86963,50.107288,20.045784,222.25,2026-07-01 12:00:00+00:00,2026-07-01 13:00:00+00:00,12.26,17.69,20.67,1010.69,69.75,31.32,1.9,301.77
2222,86963,50.107288,20.045784,222.25,2026-07-01 13:00:00+00:00,2026-07-01 14:00:00+00:00,13.71,19.84,23.91,1009.92,69.0,32.45,6.78,121.27
2223,86963,50.107288,20.045784,222.25,2026-07-01 14:00:00+00:00,2026-07-01 15:00:00+00:00,13.5,20.1,25.28,1009.74,72.0,30.53,8.57,157.11
2224,86963,50.107288,20.045784,222.25,2026-07-01 15:00:00+00:00,2026-07-01 16:00:00+00:00,11.85,17.62,21.69,1009.93,73.29,28.84,4.47,180.34
2225,86963,50.107288,20.045784,222.25,2026-07-01 16:00:00+00:00,2026-07-01 17:00:00+00:00,4.92,7.17,8.59,1009.75,72.83,27.1,9.74,293.74
2226,86963,50.107288,20.045784,222.25,2026-07-01 17:00:00+00:00,2026-07-01 18:00:00+00:00,4.82,7.25,8.67,1010.42,75.47,24.94,10.96,293.0
2227,86963,50.107288,20.045784,222.25,2026-07-01 18:00:00+00:00,2026-07-01 19:00:00+00:00,5.21,8.07,9.65,1012.24,82.53,23.18,11.51,272.51
2228,86963,50.107288,20.045784,222.25,2026-07-01 19:00:00+00:00,2026-07-01 20:00:00+00:00,6.43,10.01,12.18,1014.08,86.0,22.02,10.06,262.62
2229,86963,50.107288,20.045784,222.25,2026-07-01 20:00:00+00:00,2026-07-01 21:00:00+00:00,7.52,11.66,13.97,1014.53,86.5,21.46,9.77,264.73
2230,86963,50.107288,20.045784,222.25,2026-07-01 21:00:00+00:00,2026-07-01 22:00:00+00:00,7.36,11.8,14.19,1014.17,87.0,20.47,10.79,267.01
2231,86963,50.107288,20.045784,222.25,2026-07-01 22:00:00+00:00,2026-07-01 23:00:00+00:00,6.85,10.99,13.36,1013.87,88.25,19.61,10.97,274.08
2232,90148,50.149958,19.933871,306.29,2026-06-30 23:00:00+00:00,2026-07-01 00:00:00+00:00,11.43,17.34,19.73,1015.21,84.06,22.81,4.68,100.29
2233,90148,50.149958,19.933871,306.29,2026-07-01 00:00:00+00:00,2026-07-01 01:00:00+00:00,12.06,18.67,21.8,1014.95,84.25,22.33,4.01,105.86
2234,90148,50.149958,19.933871,306.29,2026-07-01 01:00:00+00:00,2026-07-01 02:00:00+00:00,12.59,19.44,23.28,1014.3,86.13,21.91,3.03,118.03
2235,90148,50.149958,19.933871,306.29,2026-07-01 02:00:00+00:00,2026-07-01 03:00:00+00:00,13.07,20.27,24.74,1013.86,88.38,21.32,2.93,188.81
2236,90148,50.149958,19.933871,306.29,2026-07-01 03:00:00+00:00,2026-07-01 04:00:00+00:00,13.47,21.09,26.42,1013.91,90.0,20.84,4.72,235.47
2237,90148,50.149958,19.933871,306.29,2026-07-01 04:00:00+00:00,2026-07-01 05:00:00+00:00,13.81,21.6,27.37,1013.91,89.0,21.84,5.44,241.68
2238,90148,50.149958,19.933871,306.29,2026-07-01 05:00:00+00:00,2026-07-01 06:00:00+00:00,14.47,22.92,29.35,1013.99,87.0,23.22,5.93,250.6
2239,90148,50.149958,19.933871,306.29,2026-07-01 06:00:00+00:00,2026-07-01 07:00:00+00:00,16.41,25.83,33.83,1014.3,82.25,25.65,7.76,269.51
2240,90148,50.149958,19.933871,306.29,2026-07-01 07:00:00+00:00,2026-07-01 08:00:00+00:00,13.56,20.79,25.55,1014.01,79.0,27.79,9.23,277.33
2241,90148,50.149958,19.933871,306.29,2026-07-01 08:00:00+00:00,2026-07-01 09:00:00+00:00,10.12,15.15,17.16,1013.27,76.25,30.81,8.39,277.61
2242,90148,50.149958,19.933871,306.29,2026-07-01 09:00:00+00:00,2026-07-01 10:00:00+00:00,8.81,13.01,14.58,1013.06,72.75,32.77,5.95,277.82
2243,90148,50.149958,19.933871,306.29,2026-07-01 10:00:00+00:00,2026-07-01 11:00:00+00:00,11.0,16.58,18.76,1012.83,70.5,32.45,4.94,267.81
2244,90148,50.149958,19.933871,306.29,2026-07-01 11:00:00+00:00,2026-07-01 12:00:00+00:00,12.51,19.09,22.42,1012.23,70.0,31.82,6.1,281.41
2245,90148,50.149958,19.933871,306.29,2026-07-01 12:00:00+00:00,2026-07-01 13:00:00+00:00,13.06,20.08,24.29,1011.64,68.75,31.23,2.44,327.03
2246,90148,50.149958,19.933871,306.29,2026-07-01 13:00:00+00:00,2026-07-01 14:00:00+00:00,13.6,21.14,26.24,1011.08,68.0,31.32,7.04,112.52
2247,90148,50.149958,19.933871,306.29,2026-07-01 14:00:00+00:00,2026-07-01 15:00:00+00:00,14.14,21.9,27.69,1010.93,71.88,29.96,8.75,157.17
2248,90148,50.149958,19.933871,306.29,2026-07-01 15:00:00+00:00,2026-07-01 16:00:00+00:00,11.31,17.76,20.96,1011.0,73.75,28.39,6.36,170.32
2249,90148,50.149958,19.933871,306.29,2026-07-01 16:00:00+00:00,2026-07-01 17:00:00+00:00,6.77,10.7,12.08,1010.89,76.75,26.47,8.73,299.44
2250,90148,50.149958,19.933871,306.29,2026-07-01 17:00:00+00:00,2026-07-01 18:00:00+00:00,6.36,10.16,11.56,1011.19,79.89,24.31,12.3,288.72
2251,90148,50.149958,19.933871,306.29,2026-07-01 18:00:00+00:00,2026-07-01 19:00:00+00:00,6.29,10.13,11.5,1012.87,83.5,22.81,11.44,266.21
2252,90148,50.149958,19.933871,306.29,2026-07-01 19:00:00+00:00,2026-07-01 20:00:00+00:00,5.02,8.0,8.98,1014.63,85.75,22.15,10.27,260.0
2253,90148,50.149958,19.933871,306.29,2026-07-01 20:00:00+00:00,2026-07-01 21:00:00+00:00,7.15,11.01,12.5,1015.15,87.0,21.43,9.4,261.64
2254,90148,50.149958,19.933871,306.29,2026-07-01 21:00:00+00:00,2026-07-01 22:00:00+00:00,8.55,13.84,15.93,1014.97,87.25,20.4,10.56,265.42
2255,90148,50.149958,19.933871,306.29,2026-07-01 22:00:00+00:00,2026-07-01 23:00:00+00:00,9.72,15.34,18.12,1014.43,88.5,19.87,11.01,273.53
2256,86910,49.991052,19.913596,234.64,2026-06-30 23:00:00+00:00,2026-07-01 00:00:00+00:00,11.27,16.32,18.98,1015.53,59.43,22.67,4.69,96.9
2257,86910,49.991052,19.913596,234.64,2026-07-01 00:00:00+00:00,2026-07-01 01:00:00+00:00,10.94,15.92,18.5,1015.23,59.55,22.31,3.92,106.93
2258,86910,49.991052,19.913596,234.64,2026-07-01 01:00:00+00:00,2026-07-01 02:00:00+00:00,11.07,16.07,18.62,1014.7,61.61,21.54,2.83,118.64
2259,86910,49.991052,19.913596,234.64,2026-07-01 02:00:00+00:00,2026-07-01 03:00:00+00:00,11.04,16.01,18.67,1014.19,63.17,20.76,2.7,184.48
2260,86910,49.991052,19.913596,234.64,2026-07-01 03:00:00+00:00,2026-07-01 04:00:00+00:00,11.87,17.61,21.03,1014.4,64.69,20.38,4.77,231.02
2261,86910,49.991052,19.913596,234.64,2026-07-01 04:00:00+00:00,2026-07-01 05:00:00+00:00,13.34,20.13,25.49,1014.38,64.15,21.61,5.11,237.59
2262,86910,49.991052,19.913596,234.64,2026-07-01 05:00:00+00:00,2026-07-01 06:00:00+00:00,14.53,22.5,29.7,1014.47,60.65,23.56,4.95,251.72
2263,86910,49.991052,19.913596,234.64,2026-07-01 06:00:00+00:00,2026-07-01 07:00:00+00:00,13.52,20.46,26.09,1014.79,57.83,25.1,7.4,270.81
2264,86910,49.991052,19.913596,234.64,2026-07-01 07:00:00+00:00,2026-07-01 08:00:00+00:00,13.19,19.36,23.82,1014.55,54.26,27.59,9.31,280.73
2265,86910,49.991052,19.913596,234.64,2026-07-01 08:00:00+00:00,2026-07-01 09:00:00+00:00,12.02,17.23,20.27,1013.93,71.76,30.76,8.15,279.59
2266,86910,49.991052,19.913596,234.64,2026-07-01 09:00:00+00:00,2026-07-01 10:00:00+00:00,12.44,17.78,21.15,1013.78,72.25,32.05,6.24,302.97
2267,86910,49.991052,19.913596,234.64,2026-07-01 10:00:00+00:00,2026-07-01 11:00:00+00:00,12.54,17.93,21.46,1013.33,70.38,32.52,4.51,274.75
2268,86910,49.991052,19.913596,234.64,2026-07-01 11:00:00+00:00,2026-07-01 12:00:00+00:00,12.97,18.9,22.78,1012.66,70.56,31.68,6.31,280.69
2269,86910,49.991052,19.913596,234.64,2026-07-01 12:00:00+00:00,2026-07-01 13:00:00+00:00,13.4,19.69,24.41,1011.99,70.75,31.66,6.91,266.17
2270,86910,49.991052,19.913596,234.64,2026-07-01 13:00:00+00:00,2026-07-01 14:00:00+00:00,13.91,20.6,25.99,1011.4,70.75,31.22,6.99,175.41
2271,86910,49.991052,19.913596,234.64,2026-07-01 14:00:00+00:00,2026-07-01 15:00:00+00:00,13.14,19.52,24.46,1011.54,71.88,29.88,8.18,156.72
2272,86910,49.991052,19.913596,234.64,2026-07-01 15:00:00+00:00,2026-07-01 16:00:00+00:00,6.23,9.02,10.45,1011.65,73.38,28.42,9.4,168.53
2273,86910,49.991052,19.913596,234.64,2026-07-01 16:00:00+00:00,2026-07-01 17:00:00+00:00,3.28,4.79,5.65,1011.06,74.19,27.26,3.74,323.7
2274,86910,49.991052,19.913596,234.64,2026-07-01 17:00:00+00:00,2026-07-01 18:00:00+00:00,4.04,5.9,6.95,1011.97,79.45,24.45,12.06,292.38
2275,86910,49.991052,19.913596,234.64,2026-07-01 18:00:00+00:00,2026-07-01 19:00:00+00:00,5.64,8.37,9.94,1013.72,67.67,22.64,11.24,268.38
2276,86910,49.991052,19.913596,234.64,2026-07-01 19:00:00+00:00,2026-07-01 20:00:00+00:00,6.42,9.59,11.3,1015.29,61.94,21.68,10.07,262.48
2277,86910,49.991052,19.913596,234.64,2026-07-01 20:00:00+00:00,2026-07-01 21:00:00+00:00,6.93,10.3,12.14,1015.61,73.56,21.14,8.97,259.38
2278,86910,49.991052,19.913596,234.64,2026-07-01 21:00:00+00:00,2026-07-01 22:00:00+00:00,6.88,10.16,11.95,1015.25,63.08,20.44,10.32,265.12
2279,86910,49.991052,19.913596,234.64,2026-07-01 22:00:00+00:00,2026-07-01 23:00:00+00:00,5.76,8.56,10.03,1014.75,63.84,19.76,11.1,274.56
2280,82333,50.140929,19.988972,246.45,2026-06-30 23:00:00+00:00,2026-07-01 00:00:00+00:00,9.9,15.17,17.79,1015.95,59.06,21.65,4.26,103.72
2281,82333,50.140929,19.988972,246.45,2026-07-01 00:00:00+00:00,2026-07-01 01:00:00+00:00,9.73,14.87,17.12,1015.61,59.81,21.4,3.52,110.1
2282,82333,50.140929,19.988972,246.45,2026-07-01 01:00:00+00:00,2026-07-01 02:00:00+00:00,10.8,16.37,19.03,1014.99,60.88,20.89,2.9,137.55
2283,82333,50.140929,19.988972,246.45,2026-07-01 02:00:00+00:00,2026-07-01 03:00:00+00:00,11.3,17.37,20.31,1014.51,63.01,20.29,3.25,199.11
2284,82333,50.140929,19.988972,246.45,2026-07-01 03:00:00+00:00,2026-07-01 04:00:00+00:00,12.42,19.11,23.37,1014.51,64.77,20.02,4.93,232.34
2285,82333,50.140929,19.988972,246.45,2026-07-01 04:00:00+00:00,2026-07-01 05:00:00+00:00,12.6,19.34,23.6,1014.51,65.37,21.25,5.45,243.39
2286,82333,50.140929,19.988972,246.45,2026-07-01 05:00:00+00:00,2026-07-01 06:00:00+00:00,13.17,20.42,25.65,1014.5,85.69,23.42,5.83,255.65
2287,82333,50.140929,19.988972,246.45,2026-07-01 06:00:00+00:00,2026-07-01 07:00:00+00:00,15.94,24.43,32.21,1014.73,81.94,24.79,7.47,271.57
2288,82333,50.140929,19.988972,246.45,2026-07-01 07:00:00+00:00,2026-07-01 08:00:00+00:00,14.02,21.17,26.55,1014.47,78.5,26.39,9.07,280.49
2289,82333,50.140929,19.988972,246.45,2026-07-01 08:00:00+00:00,2026-07-01 09:00:00+00:00,11.6,17.04,20.05,1013.91,75.5,28.49,8.16,283.29
2290,82333,50.140929,19.988972,246.45,2026-07-01 09:00:00+00:00,2026-07-01 10:00:00+00:00,8.54,12.59,14.51,1013.78,72.5,29.8,5.97,276.78
2291,82333,50.140929,19.988972,246.45,2026-07-01 10:00:00+00:00,2026-07-01 11:00:00+00:00,11.62,16.92,19.66,1013.43,70.44,30.29,5.18,266.0
2292,82333,50.140929,19.988972,246.45,2026-07-01 11:00:00+00:00,2026-07-01 12:00:00+00:00,12.15,17.87,20.84,1012.74,70.31,30.6,5.94,276.6
2293,82333,50.140929,19.988972,246.45,2026-07-01 12:00:00+00:00,2026-07-01 13:00:00+00:00,12.44,18.45,21.76,1012.07,69.5,30.69,0.86,324.3
2294,82333,50.140929,19.988972,246.45,2026-07-01 13:00:00+00:00,2026-07-01 14:00:00+00:00,13.68,20.08,24.57,1011.47,69.31,30.92,6.76,126.73
2295,82333,50.140929,19.988972,246.45,2026-07-01 14:00:00+00:00,2026-07-01 15:00:00+00:00,14.2,21.56,27.53,1011.27,72.13,29.67,8.66,156.42
2296,82333,50.140929,19.988972,246.45,2026-07-01 15:00:00+00:00,2026-07-01 16:00:00+00:00,11.21,17.16,20.24,1011.39,73.96,27.87,4.47,180.34
2297,82333,50.140929,19.988972,246.45,2026-07-01 16:00:00+00:00,2026-07-01 17:00:00+00:00,5.38,8.61,10.14,1011.24,75.41,26.05,9.74,293.74
2298,82333,50.140929,19.988972,246.45,2026-07-01 17:00:00+00:00,2026-07-01 18:00:00+00:00,5.41,8.42,10.0,1011.78,77.35,24.43,10.96,293.0
2299,82333,50.140929,19.988972,246.45,2026-07-01 18:00:00+00:00,2026-07-01 19:00:00+00:00,5.41,8.93,10.78,1013.55,83.25,22.69,11.51,272.51
2300,82333,50.140929,19.988972,246.45,2026-07-01 19:00:00+00:00,2026-07-01 20:00:00+00:00,6.0,9.55,11.18,1015.34,61.63,21.17,10.06,262.62
2301,82333,50.140929,19.988972,246.45,2026-07-01 20:00:00+00:00,2026-07-01 21:00:00+00:00,7.06,11.11,12.89,1015.8,61.73,20.48,9.77,264.73
2302,82333,50.140929,19.988972,246.45,2026-07-01 21:00:00+00:00,2026-07-01 22:00:00+00:00,8.06,12.83,15.06,1015.53,62.23,19.7,10.79,267.01
2303,82333,50.140929,19.988972,246.45,2026-07-01 22:00:00+00:00,2026-07-01 23:00:00+00:00,7.95,12.72,14.92,1015.11,63.49,19.1,10.97,274.08
2304,5759,49.961026,19.942816,306.25,2026-06-30 23:00:00+00:00,2026-07-01 00:00:00+00:00,12.24,17.34,19.92,1015.04,84.0,23.09,,
2305,5759,49.961026,19.942816,306.25,2026-07-01 00:00:00+00:00,2026-07-01 01:00:00+00:00,12.89,18.37,21.57,1014.71,84.25,22.78,,
2306,5759,49.961026,19.942816,306.25,2026-07-01 01:00:00+00:00,2026-07-01 02:00:00+00:00,13.41,19.29,23.25,1014.2,86.13,21.99,,
2307,5759,49.961026,19.942816,306.25,2026-07-01 02:00:00+00:00,2026-07-01 03:00:00+00:00,14.68,21.26,26.99,1013.64,87.75,21.39,,
2308,5759,49.961026,19.942816,306.25,2026-07-01 03:00:00+00:00,2026-07-01 04:00:00+00:00,14.97,21.87,27.9,1013.85,89.25,20.77,,
2309,5759,49.961026,19.942816,306.25,2026-07-01 04:00:00+00:00,2026-07-01 05:00:00+00:00,15.64,22.75,29.47,1013.92,88.88,22.38,,
2310,5759,49.961026,19.942816,306.25,2026-07-01 05:00:00+00:00,2026-07-01 06:00:00+00:00,15.57,22.18,28.48,1014.01,85.63,25.63,,
2311,5759,49.961026,19.942816,306.25,2026-07-01 06:00:00+00:00,2026-07-01 07:00:00+00:00,14.97,21.56,27.29,1014.35,82.5,26.61,,
2312,5759,49.961026,19.942816,306.25,2026-07-01 07:00:00+00:00,2026-07-01 08:00:00+00:00,14.38,20.37,25.39,1014.2,78.88,29.04,,
2313,5759,49.961026,19.942816,306.25,2026-07-01 08:00:00+00:00,2026-07-01 09:00:00+00:00,14.4,20.23,25.39,1013.59,76.33,30.25,,
2314,5759,49.961026,19.942816,306.25,2026-07-01 09:00:00+00:00,2026-07-01 10:00:00+00:00,15.23,21.72,27.67,1013.42,70.01,30.37,,
2315,5759,49.961026,19.942816,306.25,2026-07-01 10:00:00+00:00,2026-07-01 11:00:00+00:00,15.96,22.9,29.6,1012.98,67.21,31.05,,
2316,5759,49.961026,19.942816,306.25,2026-07-01 11:00:00+00:00,2026-07-01 12:00:00+00:00,16.35,23.39,30.22,1012.31,67.92,30.46,,
2317,5759,49.961026,19.942816,306.25,2026-07-01 12:00:00+00:00,2026-07-01 13:00:00+00:00,16.36,23.61,30.6,1011.65,69.26,30.38,,
2318,5759,49.961026,19.942816,306.25,2026-07-01 13:00:00+00:00,2026-07-01 14:00:00+00:00,16.47,23.79,30.9,1011.06,69.05,30.47,,
2319,5759,49.961026,19.942816,306.25,2026-07-01 14:00:00+00:00,2026-07-01 15:00:00+00:00,16.03,23.1,29.67,1011.18,70.99,29.89,,
2320,5759,49.961026,19.942816,306.25,2026-07-01 15:00:00+00:00,2026-07-01 16:00:00+00:00,9.22,12.71,14.54,1011.21,67.64,28.65,,
2321,5759,49.961026,19.942816,306.25,2026-07-01 16:00:00+00:00,2026-07-01 17:00:00+00:00,4.71,6.52,7.45,1010.55,68.34,27.54,,
2322,5759,49.961026,19.942816,306.25,2026-07-01 17:00:00+00:00,2026-07-01 18:00:00+00:00,5.23,7.38,8.6,1011.43,77.14,24.6,,
2323,5759,49.961026,19.942816,306.25,2026-07-01 18:00:00+00:00,2026-07-01 19:00:00+00:00,7.36,10.39,12.08,1013.03,83.19,22.75,,
2324,5759,49.961026,19.942816,306.25,2026-07-01 19:00:00+00:00,2026-07-01 20:00:00+00:00,8.13,11.74,13.56,1014.68,85.75,21.66,,
2325,5759,49.961026,19.942816,306.25,2026-07-01 20:00:00+00:00,2026-07-01 21:00:00+00:00,8.46,12.16,14.05,1014.91,87.0,21.1,,
2326,5759,49.961026,19.942816,306.25,2026-07-01 21:00:00+00:00,2026-07-01 22:00:00+00:00,9.24,13.39,15.56,1014.59,87.75,20.44,,
2327,5759,49.961026,19.942816,306.25,2026-07-01 22:00:00+00:00,2026-07-01 23:00:00+00:00,8.45,12.01,14.05,1014.13,88.5,19.76,,
2328,6116,50.113705,19.747568,258.19,2026-06-30 23:00:00+00:00,2026-07-01 00:00:00+00:00,,,,,,,,
2329,6116,50.113705,19.747568,258.19,2026-07-01 00:00:00+00:00,2026-07-01 01:00:00+00:00,,,,,,,,
2330,6116,50.113705,19.747568,258.19,2026-07-01 01:00:00+00:00,2026-07-01 02:00:00+00:00,,,,,,,,
2331,6116,50.113705,19.747568,258.19,2026-07-01 02:00:00+00:00,2026-07-01 03:00:00+00:00,,,,,,,,
2332,6116,50.113705,19.747568,258.19,2026-07-01 03:00:00+00:00,2026-07-01 04:00:00+00:00,,,,,,,,
2333,6116,50.113705,19.747568,258.19,2026-07-01 04:00:00+00:00,2026-07-01 05:00:00+00:00,,,,,,,,
2334,6116,50.113705,19.747568,258.19,2026-07-01 05:00:00+00:00,2026-07-01 06:00:00+00:00,,,,,,,,
2335,6116,50.113705,19.747568,258.19,2026-07-01 06:00:00+00:00,2026-07-01 07:00:00+00:00,,,,,,,,
2336,6116,50.113705,19.747568,258.19,2026-07-01 07:00:00+00:00,2026-07-01 08:00:00+00:00,,,,,,,,
2337,6116,50.113705,19.747568,258.19,2026-07-01 08:00:00+00:00,2026-07-01 09:00:00+00:00,,,,,,,,
2338,6116,50.113705,19.747568,258.19,2026-07-01 09:00:00+00:00,2026-07-01 10:00:00+00:00,,,,,,,,
2339,6116,50.113705,19.747568,258.19,2026-07-01 10:00:00+00:00,2026-07-01 11:00:00+00:00,,,,,,,,
2340,6116,50.113705,19.747568,258.19,2026-07-01 11:00:00+00:00,2026-07-01 12:00:00+00:00,,,,,,,,
2341,6116,50.113705,19.747568,258.19,2026-07-01 12:00:00+00:00,2026-07-01 13:00:00+00:00,,,,,,,,
2342,6116,50.113705,19.747568,258.19,2026-07-01 13:00:00+00:00,2026-07-01 14:00:00+00:00,,,,,,,,
2343,6116,50.113705,19.747568,258.19,2026-07-01 14:00:00+00:00,2026-07-01 15:00:00+00:00,,,,,,,,
2344,6116,50.113705,19.747568,258.19,2026-07-01 15:00:00+00:00,2026-07-01 16:00:00+00:00,,,,,,,,
2345,6116,50.113705,19.747568,258.19,2026-07-01 16:00:00+00:00,2026-07-01 17:00:00+00:00,,,,,,,,
2346,6116,50.113705,19.747568,258.19,2026-07-01 17:00:00+00:00,2026-07-01 18:00:00+00:00,,,,,,,,
2347,6116,50.113705,19.747568,258.19,2026-07-01 18:00:00+00:00,2026-07-01 19:00:00+00:00,,,,,,,,
2348,6116,50.113705,19.747568,258.19,2026-07-01 19:00:00+00:00,2026-07-01 20:00:00+00:00,,,,,,,,
2349,6116,50.113705,19.747568,258.19,2026-07-01 20:00:00+00:00,2026-07-01 21:00:00+00:00,,,,,,,,
2350,6116,50.113705,19.747568,258.19,2026-07-01 21:00:00+00:00,2026-07-01 22:00:00+00:00,,,,,,,,
2351,6116,50.113705,19.747568,258.19,2026-07-01 22:00:00+00:00,2026-07-01 23:00:00+00:00,,,,,,,,
2352,86920,49.993368,19.946925,253.36,2026-06-30 23:00:00+00:00,2026-07-01 00:00:00+00:00,,,,,,,,
2353,86920,49.993368,19.946925,253.36,2026-07-01 00:00:00+00:00,2026-07-01 01:00:00+00:00,,,,,,,,
2354,86920,49.993368,19.946925,253.36,2026-07-01 01:00:00+00:00,2026-07-01 02:00:00+00:00,,,,,,,,
2355,86920,49.993368,19.946925,253.36,2026-07-01 02:00:00+00:00,2026-07-01 03:00:00+00:00,,,,,,,,
2356,86920,49.993368,19.946925,253.36,2026-07-01 03:00:00+00:00,2026-07-01 04:00:00+00:00,,,,,,,,
2357,86920,49.993368,19.946925,253.36,2026-07-01 04:00:00+00:00,2026-07-01 05:00:00+00:00,,,,,,,,
2358,86920,49.993368,19.946925,253.36,2026-07-01 05:00:00+00:00,2026-07-01 06:00:00+00:00,,,,,,,,
2359,86920,49.993368,19.946925,253.36,2026-07-01 06:00:00+00:00,2026-07-01 07:00:00+00:00,,,,,,,,
2360,86920,49.993368,19.946925,253.36,2026-07-01 07:00:00+00:00,2026-07-01 08:00:00+00:00,,,,,,,,
2361,86920,49.993368,19.946925,253.36,2026-07-01 08:00:00+00:00,2026-07-01 09:00:00+00:00,,,,,,,,
2362,86920,49.993368,19.946925,253.36,2026-07-01 09:00:00+00:00,2026-07-01 10:00:00+00:00,,,,,,,,
2363,86920,49.993368,19.946925,253.36,2026-07-01 10:00:00+00:00,2026-07-01 11:00:00+00:00,,,,,,,,
2364,86920,49.993368,19.946925,253.36,2026-07-01 11:00:00+00:00,2026-07-01 12:00:00+00:00,,,,,,,,
2365,86920,49.993368,19.946925,253.36,2026-07-01 12:00:00+00:00,2026-07-01 13:00:00+00:00,,,,,,,,
2366,86920,49.993368,19.946925,253.36,2026-07-01 13:00:00+00:00,2026-07-01 14:00:00+00:00,,,,,,,,
2367,86920,49.993368,19.946925,253.36,2026-07-01 14:00:00+00:00,2026-07-01 15:00:00+00:00,,,,,,,,
2368,86920,49.993368,19.946925,253.36,2026-07-01 15:00:00+00:00,2026-07-01 16:00:00+00:00,,,,,,,,
2369,86920,49.993368,19.946925,253.36,2026-07-01 16:00:00+00:00,2026-07-01 17:00:00+00:00,,,,,,,,
2370,86920,49.993368,19.946925,253.36,2026-07-01 17:00:00+00:00,2026-07-01 18:00:00+00:00,,,,,,,,
2371,86920,49.993368,19.946925,253.36,2026-07-01 18:00:00+00:00,2026-07-01 19:00:00+00:00,,,,,,,,
2372,86920,49.993368,19.946925,253.36,2026-07-01 19:00:00+00:00,2026-07-01 20:00:00+00:00,,,,,,,,
2373,86920,49.993368,19.946925,253.36,2026-07-01 20:00:00+00:00,2026-07-01 21:00:00+00:00,,,,,,,,
2374,86920,49.993368,19.946925,253.36,2026-07-01 21:00:00+00:00,2026-07-01 22:00:00+00:00,,,,,,,,
2375,86920,49.993368,19.946925,253.36,2026-07-01 22:00:00+00:00,2026-07-01 23:00:00+00:00,,,,,,,,
2376,12001,50.127182,19.864904,277.23,2026-06-30 23:00:00+00:00,2026-07-01 00:00:00+00:00,10.04,13.58,15.35,1014.86,75.98,22.45,4.69,100.23
2377,12001,50.127182,19.864904,277.23,2026-07-01 00:00:00+00:00,2026-07-01 01:00:00+00:00,10.93,15.01,17.01,1014.65,77.58,21.93,4.01,105.86
2378,12001,50.127182,19.864904,277.23,2026-07-01 01:00:00+00:00,2026-07-01 02:00:00+00:00,11.36,15.57,17.52,1013.96,81.76,21.72,3.03,118.03
2379,12001,50.127182,19.864904,277.23,2026-07-01 02:00:00+00:00,2026-07-01 03:00:00+00:00,11.9,16.36,18.34,1013.46,84.88,21.22,2.93,188.81
2380,12001,50.127182,19.864904,277.23,2026-07-01 03:00:00+00:00,2026-07-01 04:00:00+00:00,12.37,17.42,19.82,1013.49,80.08,20.77,4.72,235.47
2381,12001,50.127182,19.864904,277.23,2026-07-01 04:00:00+00:00,2026-07-01 05:00:00+00:00,12.72,17.88,20.4,1013.47,86.1,21.76,5.44,241.68
2382,12001,50.127182,19.864904,277.23,2026-07-01 05:00:00+00:00,2026-07-01 06:00:00+00:00,14.12,19.71,23.73,1013.51,81.81,23.22,5.81,248.57
2383,12001,50.127182,19.864904,277.23,2026-07-01 06:00:00+00:00,2026-07-01 07:00:00+00:00,16.11,22.59,28.8,1013.75,74.13,26.12,7.76,269.51
2384,12001,50.127182,19.864904,277.23,2026-07-01 07:00:00+00:00,2026-07-01 08:00:00+00:00,12.73,17.02,19.99,1013.32,67.47,28.57,9.23,277.33
2385,12001,50.127182,19.864904,277.23,2026-07-01 08:00:00+00:00,2026-07-01 09:00:00+00:00,9.82,12.0,13.37,1012.57,62.26,31.27,8.39,277.61
2386,12001,50.127182,19.864904,277.23,2026-07-01 09:00:00+00:00,2026-07-01 10:00:00+00:00,8.3,10.06,11.29,1012.49,56.64,32.47,5.95,277.82
2387,12001,50.127182,19.864904,277.23,2026-07-01 10:00:00+00:00,2026-07-01 11:00:00+00:00,8.58,10.78,12.13,1012.22,54.07,31.86,4.94,267.81
2388,12001,50.127182,19.864904,277.23,2026-07-01 11:00:00+00:00,2026-07-01 12:00:00+00:00,10.94,14.22,15.92,1011.66,54.15,30.9,6.1,281.41
2389,12001,50.127182,19.864904,277.23,2026-07-01 12:00:00+00:00,2026-07-01 13:00:00+00:00,12.24,16.55,18.63,1011.03,53.3,30.53,2.44,327.03
2390,12001,50.127182,19.864904,277.23,2026-07-01 13:00:00+00:00,2026-07-01 14:00:00+00:00,12.97,17.76,20.17,1010.41,52.82,30.86,7.04,112.52
2391,12001,50.127182,19.864904,277.23,2026-07-01 14:00:00+00:00,2026-07-01 15:00:00+00:00,13.27,18.2,20.84,1010.4,58.45,29.68,8.91,157.54
2392,12001,50.127182,19.864904,277.23,2026-07-01 15:00:00+00:00,2026-07-01 16:00:00+00:00,9.1,12.08,13.67,1010.58,59.55,27.65,4.44,183.23
2393,12001,50.127182,19.864904,277.23,2026-07-01 16:00:00+00:00,2026-07-01 17:00:00+00:00,5.87,7.91,9.14,1010.56,62.44,25.79,8.85,299.25
2394,12001,50.127182,19.864904,277.23,2026-07-01 17:00:00+00:00,2026-07-01 18:00:00+00:00,5.99,8.02,9.17,1010.73,69.05,23.88,12.3,288.72
2395,12001,50.127182,19.864904,277.23,2026-07-01 18:00:00+00:00,2026-07-01 19:00:00+00:00,5.69,7.7,8.9,1012.4,72.05,22.53,11.44,266.21
2396,12001,50.127182,19.864904,277.23,2026-07-01 19:00:00+00:00,2026-07-01 20:00:00+00:00,5.8,7.92,9.12,1014.15,75.99,21.92,10.27,260.0
2397,12001,50.127182,19.864904,277.23,2026-07-01 20:00:00+00:00,2026-07-01 21:00:00+00:00,7.3,10.09,11.55,1014.91,77.4,21.29,9.4,261.64
2398,12001,50.127182,19.864904,277.23,2026-07-01 21:00:00+00:00,2026-07-01 22:00:00+00:00,7.75,10.75,12.43,1014.59,79.59,20.18,10.56,265.42
2399,12001,50.127182,19.864904,277.23,2026-07-01 22:00:00+00:00,2026-07-01 23:00:00+00:00,7.07,9.69,11.14,1014.18,83.4,19.41,11.01,273.53
2400,43068,50.026179,19.939701,223.59,2026-06-30 23:00:00+00:00,2026-07-01 00:00:00+00:00,,,,,,,,
2401,43068,50.026179,19.939701,223.59,2026-07-01 00:00:00+00:00,2026-07-01 01:00:00+00:00,,,,,,,,
2402,43068,50.026179,19.939701,223.59,2026-07-01 01:00:00+00:00,2026-07-01 02:00:00+00:00,,,,,,,,
2403,43068,50.026179,19.939701,223.59,2026-07-01 02:00:00+00:00,2026-07-01 03:00:00+00:00,,,,,,,,
2404,43068,50.026179,19.939701,223.59,2026-07-01 03:00:00+00:00,2026-07-01 04:00:00+00:00,,,,,,,,
2405,43068,50.026179,19.939701,223.59,2026-07-01 04:00:00+00:00,2026-07-01 05:00:00+00:00,,,,,,,,
2406,43068,50.026179,19.939701,223.59,2026-07-01 05:00:00+00:00,2026-07-01 06:00:00+00:00,,,,,,,,
2407,43068,50.026179,19.939701,223.59,2026-07-01 06:00:00+00:00,2026-07-01 07:00:00+00:00,,,,,,,,
2408,43068,50.026179,19.939701,223.59,2026-07-01 07:00:00+00:00,2026-07-01 08:00:00+00:00,,,,,,,,
2409,43068,50.026179,19.939701,223.59,2026-07-01 08:00:00+00:00,2026-07-01 09:00:00+00:00,,,,,,,,
2410,43068,50.026179,19.939701,223.59,2026-07-01 09:00:00+00:00,2026-07-01 10:00:00+00:00,,,,,,,,
2411,43068,50.026179,19.939701,223.59,2026-07-01 10:00:00+00:00,2026-07-01 11:00:00+00:00,,,,,,,,
2412,43068,50.026179,19.939701,223.59,2026-07-01 11:00:00+00:00,2026-07-01 12:00:00+00:00,,,,,,,,
2413,43068,50.026179,19.939701,223.59,2026-07-01 12:00:00+00:00,2026-07-01 13:00:00+00:00,,,,,,,,
2414,43068,50.026179,19.939701,223.59,2026-07-01 13:00:00+00:00,2026-07-01 14:00:00+00:00,,,,,,,,
2415,43068,50.026179,19.939701,223.59,2026-07-01 14:00:00+00:00,2026-07-01 15:00:00+00:00,,,,,,,,
2416,43068,50.026179,19.939701,223.59,2026-07-01 15:00:00+00:00,2026-07-01 16:00:00+00:00,,,,,,,,
2417,43068,50.026179,19.939701,223.59,2026-07-01 16:00:00+00:00,2026-07-01 17:00:00+00:00,,,,,,,,
2418,43068,50.026179,19.939701,223.59,2026-07-01 17:00:00+00:00,2026-07-01 18:00:00+00:00,,,,,,,,
2419,43068,50.026179,19.939701,223.59,2026-07-01 18:00:00+00:00,2026-07-01 19:00:00+00:00,,,,,,,,
2420,43068,50.026179,19.939701,223.59,2026-07-01 19:00:00+00:00,2026-07-01 20:00:00+00:00,,,,,,,,
2421,43068,50.026179,19.939701,223.59,2026-07-01 20:00:00+00:00,2026-07-01 21:00:00+00:00,,,,,,,,
2422,43068,50.026179,19.939701,223.59,2026-07-01 21:00:00+00:00,2026-07-01 22:00:00+00:00,,,,,,,,
2423,43068,50.026179,19.939701,223.59,2026-07-01 22:00:00+00:00,2026-07-01 23:00:00+00:00,,,,,,,,
2424,37595,49.950474,19.973186,381.18,2026-06-30 23:00:00+00:00,2026-07-01 00:00:00+00:00,10.21,15.05,17.38,1014.58,64.57,22.61,3.96,107.08
2425,37595,49.950474,19.973186,381.18,2026-07-01 00:00:00+00:00,2026-07-01 01:00:00+00:00,11.49,17.02,19.95,1014.13,68.24,22.05,3.69,111.39
2426,37595,49.950474,19.973186,381.18,2026-07-01 01:00:00+00:00,2026-07-01 02:00:00+00:00,12.46,18.57,22.4,1013.58,69.33,21.64,3.47,157.0
2427,37595,49.950474,19.973186,381.18,2026-07-01 02:00:00+00:00,2026-07-01 03:00:00+00:00,12.92,19.37,23.81,1013.03,71.25,21.58,3.55,196.0
2428,37595,49.950474,19.973186,381.18,2026-07-01 03:00:00+00:00,2026-07-01 04:00:00+00:00,12.99,19.36,23.9,1013.17,73.95,21.29,4.34,224.82
2429,37595,49.950474,19.973186,381.18,2026-07-01 04:00:00+00:00,2026-07-01 05:00:00+00:00,13.89,21.14,27.23,1013.28,79.75,21.62,5.32,242.06
2430,37595,49.950474,19.973186,381.18,2026-07-01 05:00:00+00:00,2026-07-01 06:00:00+00:00,14.51,22.16,28.94,1013.32,74.05,22.96,5.57,253.5
2431,37595,49.950474,19.973186,381.18,2026-07-01 06:00:00+00:00,2026-07-01 07:00:00+00:00,13.97,21.17,27.2,1013.6,64.73,24.58,7.1,269.72
2432,37595,49.950474,19.973186,381.18,2026-07-01 07:00:00+00:00,2026-07-01 08:00:00+00:00,13.32,19.64,24.3,1013.34,54.49,27.83,8.87,278.75
2433,37595,49.950474,19.973186,381.18,2026-07-01 08:00:00+00:00,2026-07-01 09:00:00+00:00,11.73,16.14,18.77,1012.16,51.07,31.62,8.56,282.1
2434,37595,49.950474,19.973186,381.18,2026-07-01 09:00:00+00:00,2026-07-01 10:00:00+00:00,12.11,17.13,20.1,1012.12,48.32,32.2,6.22,274.96
2435,37595,49.950474,19.973186,381.18,2026-07-01 10:00:00+00:00,2026-07-01 11:00:00+00:00,12.67,18.08,21.77,1011.71,46.37,32.9,5.2,257.75
2436,37595,49.950474,19.973186,381.18,2026-07-01 11:00:00+00:00,2026-07-01 12:00:00+00:00,12.86,18.26,22.07,1011.21,45.46,32.33,6.03,265.47
2437,37595,49.950474,19.973186,381.18,2026-07-01 12:00:00+00:00,2026-07-01 13:00:00+00:00,13.25,19.28,23.66,1010.81,45.72,31.32,6.13,231.05
2438,37595,49.950474,19.973186,381.18,2026-07-01 13:00:00+00:00,2026-07-01 14:00:00+00:00,13.41,19.7,24.49,1010.25,46.45,30.95,8.41,175.51
2439,37595,49.950474,19.973186,381.18,2026-07-01 14:00:00+00:00,2026-07-01 15:00:00+00:00,13.79,20.21,25.11,1010.47,47.07,29.71,8.7,146.75
2440,37595,49.950474,19.973186,381.18,2026-07-01 15:00:00+00:00,2026-07-01 16:00:00+00:00,6.81,9.98,11.54,1010.58,47.51,28.37,9.16,150.0
2441,37595,49.950474,19.973186,381.18,2026-07-01 16:00:00+00:00,2026-07-01 17:00:00+00:00,3.73,5.65,6.75,1009.86,53.0,25.53,8.14,308.16
2442,37595,49.950474,19.973186,381.18,2026-07-01 17:00:00+00:00,2026-07-01 18:00:00+00:00,4.7,7.0,8.32,1010.99,56.42,23.93,14.33,288.26
2443,37595,49.950474,19.973186,381.18,2026-07-01 18:00:00+00:00,2026-07-01 19:00:00+00:00,5.11,7.85,9.33,1012.52,65.85,22.35,11.49,277.18
2444,37595,49.950474,19.973186,381.18,2026-07-01 19:00:00+00:00,2026-07-01 20:00:00+00:00,6.09,9.49,11.14,1014.27,78.46,21.33,10.25,264.17
2445,37595,49.950474,19.973186,381.18,2026-07-01 20:00:00+00:00,2026-07-01 21:00:00+00:00,6.49,10.1,11.86,1014.37,80.91,20.79,8.88,258.96
2446,37595,49.950474,19.973186,381.18,2026-07-01 21:00:00+00:00,2026-07-01 22:00:00+00:00,7.61,11.99,14.12,1013.96,83.93,20.07,10.69,265.8
2447,37595,49.950474,19.973186,381.18,2026-07-01 22:00:00+00:00,2026-07-01 23:00:00+00:00,7.24,11.24,13.32,1013.58,87.37,19.24,11.13,275.34
2448,2545,50.116828,20.11815,234.05,2026-06-30 23:00:00+00:00,2026-07-01 00:00:00+00:00,8.49,12.14,14.42,1016.6,70.9,22.3,4.07,102.68
2449,2545,50.116828,20.11815,234.05,2026-07-01 00:00:00+00:00,2026-07-01 01:00:00+00:00,9.35,13.46,16.26,1016.24,67.01,22.0,3.31,112.13
2450,2545,50.116828,20.11815,234.05,2026-07-01 01:00:00+00:00,2026-07-01 02:00:00+00:00,9.83,14.14,17.18,1015.69,61.91,21.57,2.84,134.36
2451,2545,50.116828,20.11815,234.05,2026-07-01 02:00:00+00:00,2026-07-01 03:00:00+00:00,10.35,15.14,18.39,1015.21,63.29,20.85,2.98,173.0
2452,2545,50.116828,20.11815,234.05,2026-07-01 03:00:00+00:00,2026-07-01 04:00:00+00:00,,,,,,,,
2453,2545,50.116828,20.11815,234.05,2026-07-01 04:00:00+00:00,2026-07-01 05:00:00+00:00,,,,,,,,
2454,2545,50.116828,20.11815,234.05,2026-07-01 05:00:00+00:00,2026-07-01 06:00:00+00:00,,,,,,,,
2455,2545,50.116828,20.11815,234.05,2026-07-01 06:00:00+00:00,2026-07-01 07:00:00+00:00,,,,,,,,
2456,2545,50.116828,20.11815,234.05,2026-07-01 07:00:00+00:00,2026-07-01 08:00:00+00:00,,,,,,,,
2457,2545,50.116828,20.11815,234.05,2026-07-01 08:00:00+00:00,2026-07-01 09:00:00+00:00,,,,,,,,
2458,2545,50.116828,20.11815,234.05,2026-07-01 09:00:00+00:00,2026-07-01 10:00:00+00:00,9.48,13.02,15.13,1014.64,46.09,30.44,6.12,255.0
2459,2545,50.116828,20.11815,234.05,2026-07-01 10:00:00+00:00,2026-07-01 11:00:00+00:00,10.33,14.84,17.52,1014.38,45.02,30.76,5.89,235.58
2460,2545,50.116828,20.11815,234.05,2026-07-01 11:00:00+00:00,2026-07-01 12:00:00+00:00,,,,,,,,
2461,2545,50.116828,20.11815,234.05,2026-07-01 12:00:00+00:00,2026-07-01 13:00:00+00:00,,,,,,,8.48,145.0
2462,2545,50.116828,20.11815,234.05,2026-07-01 13:00:00+00:00,2026-07-01 14:00:00+00:00,12.26,18.36,23.07,1012.28,46.08,30.09,8.48,145.0
2463,2545,50.116828,20.11815,234.05,2026-07-01 14:00:00+00:00,2026-07-01 15:00:00+00:00,,,,,,,,
2464,2545,50.116828,20.11815,234.05,2026-07-01 15:00:00+00:00,2026-07-01 16:00:00+00:00,,,,,,,10.09,312.0
2465,2545,50.116828,20.11815,234.05,2026-07-01 16:00:00+00:00,2026-07-01 17:00:00+00:00,,,,,,,10.09,312.0
2466,2545,50.116828,20.11815,234.05,2026-07-01 17:00:00+00:00,2026-07-01 18:00:00+00:00,3.9,5.6,6.76,1012.6,75.06,25.07,11.33,298.44
2467,2545,50.116828,20.11815,234.05,2026-07-01 18:00:00+00:00,2026-07-01 19:00:00+00:00,4.68,6.85,8.28,1014.31,63.66,23.44,12.03,281.07
2468,2545,50.116828,20.11815,234.05,2026-07-01 19:00:00+00:00,2026-07-01 20:00:00+00:00,5.52,7.91,9.67,1016.08,66.74,22.06,10.7,269.18
2469,2545,50.116828,20.11815,234.05,2026-07-01 20:00:00+00:00,2026-07-01 21:00:00+00:00,6.91,9.91,12.22,1016.23,61.47,21.45,10.41,265.0
2470,2545,50.116828,20.11815,234.05,2026-07-01 21:00:00+00:00,2026-07-01 22:00:00+00:00,7.12,10.27,12.43,1015.79,63.48,20.63,10.91,269.13
2471,2545,50.116828,20.11815,234.05,2026-07-01 22:00:00+00:00,2026-07-01 23:00:00+00:00,6.46,9.15,11.09,1015.58,64.13,19.94,11.37,278.94
2472,40916,50.174264,19.849742,301.54,2026-06-30 23:00:00+00:00,2026-07-01 00:00:00+00:00,10.78,15.09,17.02,1016.76,67.46,22.19,5.12,89.51
2473,40916,50.174264,19.849742,301.54,2026-07-01 00:00:00+00:00,2026-07-01 01:00:00+00:00,10.82,15.38,17.34,1016.53,66.33,21.9,4.52,96.0
2474,40916,50.174264,19.849742,301.54,2026-07-01 01:00:00+00:00,2026-07-01 02:00:00+00:00,10.9,15.44,17.27,1015.88,80.24,21.32,2.93,109.7
2475,40916,50.174264,19.849742,301.54,2026-07-01 02:00:00+00:00,2026-07-01 03:00:00+00:00,11.11,15.91,17.89,1015.43,88.19,20.53,2.68,186.83
2476,40916,50.174264,19.849742,301.54,2026-07-01 03:00:00+00:00,2026-07-01 04:00:00+00:00,11.66,17.03,19.29,1015.4,90.44,20.05,4.35,237.13
2477,40916,50.174264,19.849742,301.54,2026-07-01 04:00:00+00:00,2026-07-01 05:00:00+00:00,11.73,17.02,19.29,1015.28,90.44,20.83,5.44,246.55
2478,40916,50.174264,19.849742,301.54,2026-07-01 05:00:00+00:00,2026-07-01 06:00:00+00:00,13.61,20.23,24.81,1015.25,86.75,22.4,5.7,255.09
2479,40916,50.174264,19.849742,301.54,2026-07-01 06:00:00+00:00,2026-07-01 07:00:00+00:00,16.08,23.83,30.69,1015.65,71.39,23.95,6.91,265.71
2480,40916,50.174264,19.849742,301.54,2026-07-01 07:00:00+00:00,2026-07-01 08:00:00+00:00,12.93,18.42,21.58,1015.28,76.17,26.53,9.33,274.33
2481,40916,50.174264,19.849742,301.54,2026-07-01 08:00:00+00:00,2026-07-01 09:00:00+00:00,10.56,14.03,15.68,1014.7,71.65,29.43,8.33,276.56
2482,40916,50.174264,19.849742,301.54,2026-07-01 09:00:00+00:00,2026-07-01 10:00:00+00:00,8.95,11.61,13.03,1014.51,73.94,31.62,5.89,281.34
2483,40916,50.174264,19.849742,301.54,2026-07-01 10:00:00+00:00,2026-07-01 11:00:00+00:00,9.58,12.63,14.13,1014.27,72.06,31.3,4.44,283.32
2484,40916,50.174264,19.849742,301.54,2026-07-01 11:00:00+00:00,2026-07-01 12:00:00+00:00,11.36,15.96,17.94,1013.66,70.44,30.76,5.75,286.37
2485,40916,50.174264,19.849742,301.54,2026-07-01 12:00:00+00:00,2026-07-01 13:00:00+00:00,12.36,17.6,19.92,1013.03,69.98,30.43,2.54,294.6
2486,40916,50.174264,19.849742,301.54,2026-07-01 13:00:00+00:00,2026-07-01 14:00:00+00:00,13.08,18.89,22.23,1012.47,66.97,30.61,8.12,111.0
2487,40916,50.174264,19.849742,301.54,2026-07-01 14:00:00+00:00,2026-07-01 15:00:00+00:00,13.71,20.02,24.15,1012.42,63.75,29.15,8.61,136.89
2488,40916,50.174264,19.849742,301.54,2026-07-01 15:00:00+00:00,2026-07-01 16:00:00+00:00,10.63,15.22,17.44,1012.42,57.93,27.91,11.1,166.18
2489,40916,50.174264,19.849742,301.54,2026-07-01 16:00:00+00:00,2026-07-01 17:00:00+00:00,5.36,7.81,8.87,1012.5,71.62,25.67,5.4,331.56
2490,40916,50.174264,19.849742,301.54,2026-07-01 17:00:00+00:00,2026-07-01 18:00:00+00:00,6.43,9.31,10.61,1012.61,79.14,23.31,13.94,291.4
2491,40916,50.174264,19.849742,301.54,2026-07-01 18:00:00+00:00,2026-07-01 19:00:00+00:00,5.47,8.01,9.08,1014.1,82.77,22.22,11.4,261.39
2492,40916,50.174264,19.849742,301.54,2026-07-01 19:00:00+00:00,2026-07-01 20:00:00+00:00,5.1,7.41,8.46,1015.98,68.01,21.91,10.75,255.98
2493,40916,50.174264,19.849742,301.54,2026-07-01 20:00:00+00:00,2026-07-01 21:00:00+00:00,5.3,7.53,8.5,1016.83,73.57,21.13,9.98,266.82
2494,40916,50.174264,19.849742,301.54,2026-07-01 21:00:00+00:00,2026-07-01 22:00:00+00:00,7.6,10.83,12.34,1016.51,85.85,20.14,10.52,265.0
2495,40916,50.174264,19.849742,301.54,2026-07-01 22:00:00+00:00,2026-07-01 23:00:00+00:00,7.39,10.72,12.16,1016.07,88.75,19.35,10.89,272.0
2496,38444,50.07174,19.962317,209.45,2026-06-30 23:00:00+00:00,2026-07-01 00:00:00+00:00,10.35,15.51,18.16,1014.79,59.12,22.83,4.26,103.72
2497,38444,50.07174,19.962317,209.45,2026-07-01 00:00:00+00:00,2026-07-01 01:00:00+00:00,11.1,16.73,19.73,1014.36,59.88,22.68,3.52,110.1
2498,38444,50.07174,19.962317,209.45,2026-07-01 01:00:00+00:00,2026-07-01 02:00:00+00:00,11.41,17.42,20.72,1013.76,60.94,22.05,2.9,137.55
2499,38444,50.07174,19.962317,209.45,2026-07-01 02:00:00+00:00,2026-07-01 03:00:00+00:00,12.77,19.59,24.5,1013.3,63.07,21.35,3.25,199.11
2500,38444,50.07174,19.962317,209.45,2026-07-01 03:00:00+00:00,2026-07-01 04:00:00+00:00,13.0,19.8,24.72,1013.36,64.82,21.05,4.93,232.34
2501,38444,50.07174,19.962317,209.45,2026-07-01 04:00:00+00:00,2026-07-01 05:00:00+00:00,13.04,19.71,24.71,1013.38,63.89,21.82,5.45,243.39
2502,38444,50.07174,19.962317,209.45,2026-07-01 05:00:00+00:00,2026-07-01 06:00:00+00:00,13.69,21.21,27.41,1013.45,61.01,23.38,5.83,255.65
2503,38444,50.07174,19.962317,209.45,2026-07-01 06:00:00+00:00,2026-07-01 07:00:00+00:00,15.04,23.36,31.07,1013.65,57.26,25.06,7.47,271.57
2504,38444,50.07174,19.962317,209.45,2026-07-01 07:00:00+00:00,2026-07-01 08:00:00+00:00,15.09,23.04,30.48,1013.37,53.82,26.69,9.07,280.49
2505,38444,50.07174,19.962317,209.45,2026-07-01 08:00:00+00:00,2026-07-01 09:00:00+00:00,12.09,17.79,20.98,1012.67,50.85,28.51,8.16,283.29
2506,38444,50.07174,19.962317,209.45,2026-07-01 09:00:00+00:00,2026-07-01 10:00:00+00:00,12.0,17.69,20.82,1012.45,47.83,29.66,5.97,276.78
2507,38444,50.07174,19.962317,209.45,2026-07-01 10:00:00+00:00,2026-07-01 11:00:00+00:00,11.6,17.18,20.18,1011.98,45.77,30.46,5.18,266.0
2508,38444,50.07174,19.962317,209.45,2026-07-01 11:00:00+00:00,2026-07-01 12:00:00+00:00,13.26,20.0,24.8,1011.32,45.64,30.21,5.94,276.6
2509,38444,50.07174,19.962317,209.45,2026-07-01 12:00:00+00:00,2026-07-01 13:00:00+00:00,14.05,21.23,27.1,1010.65,44.81,30.14,0.86,324.3
2510,38444,50.07174,19.962317,209.45,2026-07-01 13:00:00+00:00,2026-07-01 14:00:00+00:00,14.95,22.63,29.41,1010.09,44.62,30.36,6.76,126.73
2511,38444,50.07174,19.962317,209.45,2026-07-01 14:00:00+00:00,2026-07-01 15:00:00+00:00,14.95,22.58,29.49,1010.01,47.44,29.77,8.66,156.42
2512,38444,50.07174,19.962317,209.45,2026-07-01 15:00:00+00:00,2026-07-01 16:00:00+00:00,9.91,15.07,18.21,1010.28,49.53,28.14,3.71,197.7
2513,38444,50.07174,19.962317,209.45,2026-07-01 16:00:00+00:00,2026-07-01 17:00:00+00:00,4.71,7.24,8.74,1010.12,65.72,26.55,9.86,294.86
2514,38444,50.07174,19.962317,209.45,2026-07-01 17:00:00+00:00,2026-07-01 18:00:00+00:00,5.16,7.89,9.43,1010.87,54.64,24.74,11.06,290.83
2515,38444,50.07174,19.962317,209.45,2026-07-01 18:00:00+00:00,2026-07-01 19:00:00+00:00,6.2,9.88,11.86,1012.71,58.84,22.83,11.36,271.31
2516,38444,50.07174,19.962317,209.45,2026-07-01 19:00:00+00:00,2026-07-01 20:00:00+00:00,7.53,12.17,14.51,1014.47,71.41,21.59,9.97,262.78
2517,38444,50.07174,19.962317,209.45,2026-07-01 20:00:00+00:00,2026-07-01 21:00:00+00:00,8.22,13.13,15.66,1014.96,86.5,20.99,9.88,264.9
2518,38444,50.07174,19.962317,209.45,2026-07-01 21:00:00+00:00,2026-07-01 22:00:00+00:00,7.8,12.43,14.8,1014.61,87.13,20.28,10.81,267.27
2519,38444,50.07174,19.962317,209.45,2026-07-01 22:00:00+00:00,2026-07-01 23:00:00+00:00,7.23,11.56,13.66,1014.26,88.31,19.63,10.98,275.34
2520,86909,50.084134,19.968416,210.94,2026-06-30 23:00:00+00:00,2026-07-01 00:00:00+00:00,,,,,,,,
2521,86909,50.084134,19.968416,210.94,2026-07-01 00:00:00+00:00,2026-07-01 01:00:00+00:00,,,,,,,,
2522,86909,50.084134,19.968416,210.94,2026-07-01 01:00:00+00:00,2026-07-01 02:00:00+00:00,,,,,,,,
2523,86909,50.084134,19.968416,210.94,2026-07-01 02:00:00+00:00,2026-07-01 03:00:00+00:00,,,,,,,,
2524,86909,50.084134,19.968416,210.94,2026-07-01 03:00:00+00:00,2026-07-01 04:00:00+00:00,,,,,,,,
2525,86909,50.084134,19.968416,210.94,2026-07-01 04:00:00+00:00,2026-07-01 05:00:00+00:00,,,,,,,,
2526,86909,50.084134,19.968416,210.94,2026-07-01 05:00:00+00:00,2026-07-01 06:00:00+00:00,,,,,,,,
2527,86909,50.084134,19.968416,210.94,2026-07-01 06:00:00+00:00,2026-07-01 07:00:00+00:00,,,,,,,,
2528,86909,50.084134,19.968416,210.94,2026-07-01 07:00:00+00:00,2026-07-01 08:00:00+00:00,,,,,,,,
2529,86909,50.084134,19.968416,210.94,2026-07-01 08:00:00+00:00,2026-07-01 09:00:00+00:00,,,,,,,,
2530,86909,50.084134,19.968416,210.94,2026-07-01 09:00:00+00:00,2026-07-01 10:00:00+00:00,,,,,,,,
2531,86909,50.084134,19.968416,210.94,2026-07-01 10:00:00+00:00,2026-07-01 11:00:00+00:00,,,,,,,,
2532,86909,50.084134,19.968416,210.94,2026-07-01 11:00:00+00:00,2026-07-01 12:00:00+00:00,,,,,,,,
2533,86909,50.084134,19.968416,210.94,2026-07-01 12:00:00+00:00,2026-07-01 13:00:00+00:00,,,,,,,,
2534,86909,50.084134,19.968416,210.94,2026-07-01 13:00:00+00:00,2026-07-01 14:00:00+00:00,,,,,,,,
2535,86909,50.084134,19.968416,210.94,2026-07-01 14:00:00+00:00,2026-07-01 15:00:00+00:00,,,,,,,,
2536,86909,50.084134,19.968416,210.94,2026-07-01 15:00:00+00:00,2026-07-01 16:00:00+00:00,,,,,,,,
2537,86909,50.084134,19.968416,210.94,2026-07-01 16:00:00+00:00,2026-07-01 17:00:00+00:00,,,,,,,,
2538,86909,50.084134,19.968416,210.94,2026-07-01 17:00:00+00:00,2026-07-01 18:00:00+00:00,,,,,,,,
2539,86909,50.084134,19.968416,210.94,2026-07-01 18:00:00+00:00,2026-07-01 19:00:00+00:00,,,,,,,,
2540,86909,50.084134,19.968416,210.94,2026-07-01 19:00:00+00:00,2026-07-01 20:00:00+00:00,,,,,,,,
2541,86909,50.084134,19.968416,210.94,2026-07-01 20:00:00+00:00,2026-07-01 21:00:00+00:00,,,,,,,,
2542,86909,50.084134,19.968416,210.94,2026-07-01 21:00:00+00:00,2026-07-01 22:00:00+00:00,,,,,,,,
2543,86909,50.084134,19.968416,210.94,2026-07-01 22:00:00+00:00,2026-07-01 23:00:00+00:00,,,,,,,,
2544,36475,50.127424,19.898802,275.66,2026-06-30 23:00:00+00:00,2026-07-01 00:00:00+00:00,7.31,10.09,12.17,1014.92,83.88,22.84,4.77,99.61
2545,36475,50.127424,19.898802,275.66,2026-07-01 00:00:00+00:00,2026-07-01 01:00:00+00:00,7.55,10.49,12.66,1014.69,84.25,22.33,4.01,105.86
2546,36475,50.127424,19.898802,275.66,2026-07-01 01:00:00+00:00,2026-07-01 02:00:00+00:00,7.84,10.71,12.99,1014.04,86.13,21.89,3.03,118.03
2547,36475,50.127424,19.898802,275.66,2026-07-01 02:00:00+00:00,2026-07-01 03:00:00+00:00,8.54,11.76,14.02,1013.63,88.38,21.2,2.93,188.81
2548,36475,50.127424,19.898802,275.66,2026-07-01 03:00:00+00:00,2026-07-01 04:00:00+00:00,9.18,12.54,15.13,1013.67,90.0,20.79,4.72,235.47
2549,36475,50.127424,19.898802,275.66,2026-07-01 04:00:00+00:00,2026-07-01 05:00:00+00:00,9.69,13.5,16.17,1013.67,89.0,21.52,5.44,241.68
2550,36475,50.127424,19.898802,275.66,2026-07-01 05:00:00+00:00,2026-07-01 06:00:00+00:00,11.07,15.41,18.53,1013.76,87.44,22.42,5.81,248.57
2551,36475,50.127424,19.898802,275.66,2026-07-01 06:00:00+00:00,2026-07-01 07:00:00+00:00,13.19,19.21,24.39,1013.95,82.56,24.62,7.59,268.22
2552,36475,50.127424,19.898802,275.66,2026-07-01 07:00:00+00:00,2026-07-01 08:00:00+00:00,10.45,14.47,17.51,1013.61,79.19,26.33,9.23,277.5
2553,36475,50.127424,19.898802,275.66,2026-07-01 08:00:00+00:00,2026-07-01 09:00:00+00:00,8.44,11.23,13.2,1013.05,76.56,27.74,8.6,277.18
2554,36475,50.127424,19.898802,275.66,2026-07-01 09:00:00+00:00,2026-07-01 10:00:00+00:00,6.46,8.48,9.95,1012.93,73.0,29.64,6.15,278.97
2555,36475,50.127424,19.898802,275.66,2026-07-01 10:00:00+00:00,2026-07-01 11:00:00+00:00,6.81,9.05,10.67,1012.53,70.56,30.42,4.82,267.16
2556,36475,50.127424,19.898802,275.66,2026-07-01 11:00:00+00:00,2026-07-01 12:00:00+00:00,8.85,11.92,14.03,1011.93,70.0,30.21,6.05,279.11
2557,36475,50.127424,19.898802,275.66,2026-07-01 12:00:00+00:00,2026-07-01 13:00:00+00:00,9.76,12.88,15.09,1011.28,69.06,30.14,3.42,313.02
2558,36475,50.127424,19.898802,275.66,2026-07-01 13:00:00+00:00,2026-07-01 14:00:00+00:00,10.44,13.89,16.2,1010.67,67.56,30.5,7.21,106.88
2559,36475,50.127424,19.898802,275.66,2026-07-01 14:00:00+00:00,2026-07-01 15:00:00+00:00,11.16,15.03,17.76,1010.58,71.88,29.45,8.75,157.17
2560,36475,50.127424,19.898802,275.66,2026-07-01 15:00:00+00:00,2026-07-01 16:00:00+00:00,7.0,9.44,11.41,1010.63,73.75,28.14,6.36,170.32
2561,36475,50.127424,19.898802,275.66,2026-07-01 16:00:00+00:00,2026-07-01 17:00:00+00:00,4.18,5.75,7.11,1010.53,76.75,26.36,8.73,299.44
2562,36475,50.127424,19.898802,275.66,2026-07-01 17:00:00+00:00,2026-07-01 18:00:00+00:00,4.02,5.66,6.86,1010.81,79.94,24.63,12.3,288.72
2563,36475,50.127424,19.898802,275.66,2026-07-01 18:00:00+00:00,2026-07-01 19:00:00+00:00,4.12,5.85,7.16,1012.5,83.5,23.18,11.44,266.21
2564,36475,50.127424,19.898802,275.66,2026-07-01 19:00:00+00:00,2026-07-01 20:00:00+00:00,3.88,5.65,6.88,1014.21,85.75,22.55,10.27,260.0
2565,36475,50.127424,19.898802,275.66,2026-07-01 20:00:00+00:00,2026-07-01 21:00:00+00:00,4.53,6.37,7.82,1014.87,87.0,21.82,9.4,261.64
2566,36475,50.127424,19.898802,275.66,2026-07-01 21:00:00+00:00,2026-07-01 22:00:00+00:00,5.26,7.77,9.37,1014.57,87.25,20.79,10.56,265.42
2567,36475,50.127424,19.898802,275.66,2026-07-01 22:00:00+00:00,2026-07-01 23:00:00+00:00,4.64,6.72,8.19,1014.13,88.5,20.11,11.01,273.53
2568,7554,50.145735,19.923545,261.82,2026-06-30 23:00:00+00:00,2026-07-01 00:00:00+00:00,9.56,16.11,19.05,1014.55,59.38,22.63,4.67,100.35
2569,7554,50.145735,19.923545,261.82,2026-07-01 00:00:00+00:00,2026-07-01 01:00:00+00:00,9.31,15.31,17.97,1014.16,59.57,22.31,3.95,106.46
2570,7554,50.145735,19.923545,261.82,2026-07-01 01:00:00+00:00,2026-07-01 02:00:00+00:00,9.34,15.35,17.84,1013.53,62.57,21.73,2.95,119.59
2571,7554,50.145735,19.923545,261.82,2026-07-01 02:00:00+00:00,2026-07-01 03:00:00+00:00,9.7,16.23,19.13,1013.17,67.25,21.05,3.14,194.06
2572,7554,50.145735,19.923545,261.82,2026-07-01 03:00:00+00:00,2026-07-01 04:00:00+00:00,10.3,16.98,20.04,1013.14,66.74,21.25,4.95,238.01
2573,7554,50.145735,19.923545,261.82,2026-07-01 04:00:00+00:00,2026-07-01 05:00:00+00:00,10.77,16.18,18.62,1012.82,79.0,24.41,5.47,241.86
2574,7554,50.145735,19.923545,261.82,2026-07-01 05:00:00+00:00,2026-07-01 06:00:00+00:00,12.54,19.17,23.3,1012.74,66.32,25.92,6.0,251.81
2575,7554,50.145735,19.923545,261.82,2026-07-01 06:00:00+00:00,2026-07-01 07:00:00+00:00,14.6,22.85,29.65,1013.23,66.84,26.76,7.86,270.28
2576,7554,50.145735,19.923545,261.82,2026-07-01 07:00:00+00:00,2026-07-01 08:00:00+00:00,11.46,17.59,21.0,1012.93,63.74,27.59,9.23,277.23
2577,7554,50.145735,19.923545,261.82,2026-07-01 08:00:00+00:00,2026-07-01 09:00:00+00:00,9.61,14.43,16.65,1012.37,64.66,28.92,8.27,277.89
2578,7554,50.145735,19.923545,261.82,2026-07-01 09:00:00+00:00,2026-07-01 10:00:00+00:00,8.3,12.71,14.56,1012.53,47.94,30.0,5.82,277.07
2579,7554,50.145735,19.923545,261.82,2026-07-01 10:00:00+00:00,2026-07-01 11:00:00+00:00,9.95,15.26,17.43,1012.1,45.8,30.74,5.02,268.19
2580,7554,50.145735,19.923545,261.82,2026-07-01 11:00:00+00:00,2026-07-01 12:00:00+00:00,11.49,17.41,20.33,1011.23,45.35,30.83,6.14,282.81
2581,7554,50.145735,19.923545,261.82,2026-07-01 12:00:00+00:00,2026-07-01 13:00:00+00:00,12.2,18.73,22.06,1010.57,43.9,30.92,1.96,342.12
2582,7554,50.145735,19.923545,261.82,2026-07-01 13:00:00+00:00,2026-07-01 14:00:00+00:00,12.74,19.41,23.5,1010.02,43.94,30.99,6.98,116.1
2583,7554,50.145735,19.923545,261.82,2026-07-01 14:00:00+00:00,2026-07-01 15:00:00+00:00,12.97,19.91,24.28,1009.96,59.41,29.96,9.02,157.75
2584,7554,50.145735,19.923545,261.82,2026-07-01 15:00:00+00:00,2026-07-01 16:00:00+00:00,9.44,14.8,17.34,1010.2,51.82,28.42,4.44,183.23
2585,7554,50.145735,19.923545,261.82,2026-07-01 16:00:00+00:00,2026-07-01 17:00:00+00:00,5.47,8.98,10.63,1010.24,52.44,26.47,9.45,298.37
2586,7554,50.145735,19.923545,261.82,2026-07-01 17:00:00+00:00,2026-07-01 18:00:00+00:00,5.34,8.99,10.79,1010.72,62.92,24.38,12.1,285.16
2587,7554,50.145735,19.923545,261.82,2026-07-01 18:00:00+00:00,2026-07-01 19:00:00+00:00,4.89,8.62,10.39,1012.41,59.19,22.94,11.22,265.19
2588,7554,50.145735,19.923545,261.82,2026-07-01 19:00:00+00:00,2026-07-01 20:00:00+00:00,4.6,7.94,9.6,1014.1,61.03,22.33,10.27,260.0
2589,7554,50.145735,19.923545,261.82,2026-07-01 20:00:00+00:00,2026-07-01 21:00:00+00:00,5.07,8.7,10.16,1014.56,66.43,21.56,9.39,261.66
2590,7554,50.145735,19.923545,261.82,2026-07-01 21:00:00+00:00,2026-07-01 22:00:00+00:00,6.08,10.79,12.8,1014.35,69.87,20.67,10.58,265.46
2591,7554,50.145735,19.923545,261.82,2026-07-01 22:00:00+00:00,2026-07-01 23:00:00+00:00,5.97,10.52,12.38,1013.84,72.06,20.03,11.02,273.64
2592,8165,50.072763,19.911081,211.04,2026-06-30 23:00:00+00:00,2026-07-01 00:00:00+00:00,8.42,11.9,13.95,1014.65,83.88,23.15,4.77,99.61
2593,8165,50.072763,19.911081,211.04,2026-07-01 00:00:00+00:00,2026-07-01 01:00:00+00:00,9.11,12.83,15.11,1014.39,84.25,22.54,4.01,105.86
2594,8165,50.072763,19.911081,211.04,2026-07-01 01:00:00+00:00,2026-07-01 02:00:00+00:00,10.23,14.48,16.91,1013.78,86.13,22.08,3.03,118.03
2595,8165,50.072763,19.911081,211.04,2026-07-01 02:00:00+00:00,2026-07-01 03:00:00+00:00,11.32,16.58,19.67,1013.29,88.38,21.42,2.93,188.81
2596,8165,50.072763,19.911081,211.04,2026-07-01 03:00:00+00:00,2026-07-01 04:00:00+00:00,11.43,16.67,19.78,1013.42,90.0,21.12,4.72,235.47
2597,8165,50.072763,19.911081,211.04,2026-07-01 04:00:00+00:00,2026-07-01 05:00:00+00:00,11.41,17.03,20.46,1013.42,89.0,21.95,5.44,241.68
2598,8165,50.072763,19.911081,211.04,2026-07-01 05:00:00+00:00,2026-07-01 06:00:00+00:00,12.47,18.48,22.94,1013.53,87.44,22.93,5.81,248.57
2599,8165,50.072763,19.911081,211.04,2026-07-01 06:00:00+00:00,2026-07-01 07:00:00+00:00,13.91,20.59,26.71,1013.83,82.56,24.93,7.59,268.22
2600,8165,50.072763,19.911081,211.04,2026-07-01 07:00:00+00:00,2026-07-01 08:00:00+00:00,14.63,21.56,28.46,1013.55,79.19,26.19,9.23,277.5
2601,8165,50.072763,19.911081,211.04,2026-07-01 08:00:00+00:00,2026-07-01 09:00:00+00:00,11.64,16.74,20.09,1012.94,76.56,27.67,8.6,277.18
2602,8165,50.072763,19.911081,211.04,2026-07-01 09:00:00+00:00,2026-07-01 10:00:00+00:00,10.77,15.25,18.02,1012.77,73.0,29.01,6.15,278.97
2603,8165,50.072763,19.911081,211.04,2026-07-01 10:00:00+00:00,2026-07-01 11:00:00+00:00,10.56,14.97,17.76,1012.31,70.56,29.73,4.82,267.16
2604,8165,50.072763,19.911081,211.04,2026-07-01 11:00:00+00:00,2026-07-01 12:00:00+00:00,12.34,18.03,21.78,1011.67,70.0,29.69,6.05,279.11
2605,8165,50.072763,19.911081,211.04,2026-07-01 12:00:00+00:00,2026-07-01 13:00:00+00:00,12.84,18.83,23.24,1011.01,69.06,29.91,3.42,313.02
2606,8165,50.072763,19.911081,211.04,2026-07-01 13:00:00+00:00,2026-07-01 14:00:00+00:00,13.61,20.24,25.99,1010.44,67.56,30.43,7.21,106.88
2607,8165,50.072763,19.911081,211.04,2026-07-01 14:00:00+00:00,2026-07-01 15:00:00+00:00,13.9,20.76,26.87,1010.43,71.88,29.66,8.75,157.17
2608,8165,50.072763,19.911081,211.04,2026-07-01 15:00:00+00:00,2026-07-01 16:00:00+00:00,8.28,11.96,14.25,1010.67,73.75,28.1,6.36,170.32
2609,8165,50.072763,19.911081,211.04,2026-07-01 16:00:00+00:00,2026-07-01 17:00:00+00:00,3.74,5.44,6.38,1010.42,76.75,26.48,8.73,299.44
2610,8165,50.072763,19.911081,211.04,2026-07-01 17:00:00+00:00,2026-07-01 18:00:00+00:00,4.35,6.36,7.63,1010.78,79.94,24.75,12.3,288.72
2611,8165,50.072763,19.911081,211.04,2026-07-01 18:00:00+00:00,2026-07-01 19:00:00+00:00,4.8,6.88,8.17,1012.51,83.5,23.3,11.44,266.21
2612,8165,50.072763,19.911081,211.04,2026-07-01 19:00:00+00:00,2026-07-01 20:00:00+00:00,5.4,7.76,9.29,1014.16,85.75,22.67,10.27,260.0
2613,8165,50.072763,19.911081,211.04,2026-07-01 20:00:00+00:00,2026-07-01 21:00:00+00:00,6.03,8.71,10.35,1014.75,87.0,21.9,9.4,261.64
2614,8165,50.072763,19.911081,211.04,2026-07-01 21:00:00+00:00,2026-07-01 22:00:00+00:00,6.35,9.08,10.79,1014.44,87.25,20.98,10.56,265.42
2615,8165,50.072763,19.911081,211.04,2026-07-01 22:00:00+00:00,2026-07-01 23:00:00+00:00,5.89,8.32,9.83,1013.97,88.5,20.28,11.01,273.53
2616,86901,50.044067,19.998804,197.37,2026-06-30 23:00:00+00:00,2026-07-01 00:00:00+00:00,,,,,,,,
2617,86901,50.044067,19.998804,197.37,2026-07-01 00:00:00+00:00,2026-07-01 01:00:00+00:00,,,,,,,,
2618,86901,50.044067,19.998804,197.37,2026-07-01 01:00:00+00:00,2026-07-01 02:00:00+00:00,,,,,,,,
2619,86901,50.044067,19.998804,197.37,2026-07-01 02:00:00+00:00,2026-07-01 03:00:00+00:00,,,,,,,,
2620,86901,50.044067,19.998804,197.37,2026-07-01 03:00:00+00:00,2026-07-01 04:00:00+00:00,14.31,20.45,27.33,1014.81,76.3,19.98,3.55,196.0
2621,86901,50.044067,19.998804,197.37,2026-07-01 04:00:00+00:00,2026-07-01 05:00:00+00:00,,,,,,,,
2622,86901,50.044067,19.998804,197.37,2026-07-01 05:00:00+00:00,2026-07-01 06:00:00+00:00,,,,,,,,
2623,86901,50.044067,19.998804,197.37,2026-07-01 06:00:00+00:00,2026-07-01 07:00:00+00:00,,,,,,,,
2624,86901,50.044067,19.998804,197.37,2026-07-01 07:00:00+00:00,2026-07-01 08:00:00+00:00,,,,,,,,
2625,86901,50.044067,19.998804,197.37,2026-07-01 08:00:00+00:00,2026-07-01 09:00:00+00:00,13.44,19.0,26.5,1014.33,60.45,25.56,8.49,282.21
2626,86901,50.044067,19.998804,197.37,2026-07-01 09:00:00+00:00,2026-07-01 10:00:00+00:00,12.78,18.1,25.07,1014.27,57.49,26.46,6.33,275.9
2627,86901,50.044067,19.998804,197.37,2026-07-01 10:00:00+00:00,2026-07-01 11:00:00+00:00,12.97,17.89,24.96,1013.91,55.2,27.15,5.14,257.28
2628,86901,50.044067,19.998804,197.37,2026-07-01 11:00:00+00:00,2026-07-01 12:00:00+00:00,,,,,,,,
2629,86901,50.044067,19.998804,197.37,2026-07-01 12:00:00+00:00,2026-07-01 13:00:00+00:00,,,,,,,,
2630,86901,50.044067,19.998804,197.37,2026-07-01 13:00:00+00:00,2026-07-01 14:00:00+00:00,,,,,,,,
2631,86901,50.044067,19.998804,197.37,2026-07-01 14:00:00+00:00,2026-07-01 15:00:00+00:00,15.52,22.03,31.3,1011.7,56.53,26.54,9.02,149.06
2632,86901,50.044067,19.998804,197.37,2026-07-01 15:00:00+00:00,2026-07-01 16:00:00+00:00,13.93,19.57,27.44,1012.0,56.75,26.62,9.16,150.0
2633,86901,50.044067,19.998804,197.37,2026-07-01 16:00:00+00:00,2026-07-01 17:00:00+00:00,,,,,,,,
2634,86901,50.044067,19.998804,197.37,2026-07-01 17:00:00+00:00,2026-07-01 18:00:00+00:00,6.22,8.2,10.32,1012.92,67.77,23.24,14.82,287.0
2635,86901,50.044067,19.998804,197.37,2026-07-01 18:00:00+00:00,2026-07-01 19:00:00+00:00,7.04,9.7,11.98,1014.11,70.67,22.13,11.62,277.67
2636,86901,50.044067,19.998804,197.37,2026-07-01 19:00:00+00:00,2026-07-01 20:00:00+00:00,8.9,11.92,14.96,1015.85,73.34,21.52,10.3,264.96
2637,86901,50.044067,19.998804,197.37,2026-07-01 20:00:00+00:00,2026-07-01 21:00:00+00:00,10.05,13.58,16.91,1016.1,75.87,21.07,8.9,259.03
2638,86901,50.044067,19.998804,197.37,2026-07-01 21:00:00+00:00,2026-07-01 22:00:00+00:00,9.67,13.06,16.27,1015.66,66.38,9.55,10.61,265.57
2639,86901,50.044067,19.998804,197.37,2026-07-01 22:00:00+00:00,2026-07-01 23:00:00+00:00,8.63,11.82,14.33,1015.33,63.62,3.75,11.13,275.17
2640,318,50.194065,19.900494,375.5,2026-06-30 23:00:00+00:00,2026-07-01 00:00:00+00:00,,,,,,,,
2641,318,50.194065,19.900494,375.5,2026-07-01 00:00:00+00:00,2026-07-01 01:00:00+00:00,,,,,,,,
2642,318,50.194065,19.900494,375.5,2026-07-01 01:00:00+00:00,2026-07-01 02:00:00+00:00,,,,,,,,
2643,318,50.194065,19.900494,375.5,2026-07-01 02:00:00+00:00,2026-07-01 03:00:00+00:00,,,,,,,,
2644,318,50.194065,19.900494,375.5,2026-07-01 03:00:00+00:00,2026-07-01 04:00:00+00:00,,,,,,,,
2645,318,50.194065,19.900494,375.5,2026-07-01 04:00:00+00:00,2026-07-01 05:00:00+00:00,,,,,,,,
2646,318,50.194065,19.900494,375.5,2026-07-01 05:00:00+00:00,2026-07-01 06:00:00+00:00,,,,,,,,
2647,318,50.194065,19.900494,375.5,2026-07-01 06:00:00+00:00,2026-07-01 07:00:00+00:00,,,,,,,,
2648,318,50.194065,19.900494,375.5,2026-07-01 07:00:00+00:00,2026-07-01 08:00:00+00:00,,,,,,,,
2649,318,50.194065,19.900494,375.5,2026-07-01 08:00:00+00:00,2026-07-01 09:00:00+00:00,,,,,,,,
2650,318,50.194065,19.900494,375.5,2026-07-01 09:00:00+00:00,2026-07-01 10:00:00+00:00,,,,,,,,
2651,318,50.194065,19.900494,375.5,2026-07-01 10:00:00+00:00,2026-07-01 11:00:00+00:00,,,,,,,,
2652,318,50.194065,19.900494,375.5,2026-07-01 11:00:00+00:00,2026-07-01 12:00:00+00:00,,,,,,,,
2653,318,50.194065,19.900494,375.5,2026-07-01 12:00:00+00:00,2026-07-01 13:00:00+00:00,,,,,,,,
2654,318,50.194065,19.900494,375.5,2026-07-01 13:00:00+00:00,2026-07-01 14:00:00+00:00,,,,,,,,
2655,318,50.194065,19.900494,375.5,2026-07-01 14:00:00+00:00,2026-07-01 15:00:00+00:00,,,,,,,,
2656,318,50.194065,19.900494,375.5,2026-07-01 15:00:00+00:00,2026-07-01 16:00:00+00:00,,,,,,,,
2657,318,50.194065,19.900494,375.5,2026-07-01 16:00:00+00:00,2026-07-01 17:00:00+00:00,,,,,,,,
2658,318,50.194065,19.900494,375.5,2026-07-01 17:00:00+00:00,2026-07-01 18:00:00+00:00,,,,,,,,
2659,318,50.194065,19.900494,375.5,2026-07-01 18:00:00+00:00,2026-07-01 19:00:00+00:00,,,,,,,,
2660,318,50.194065,19.900494,375.5,2026-07-01 19:00:00+00:00,2026-07-01 20:00:00+00:00,,,,,,,,
2661,318,50.194065,19.900494,375.5,2026-07-01 20:00:00+00:00,2026-07-01 21:00:00+00:00,,,,,,,,
2662,318,50.194065,19.900494,375.5,2026-07-01 21:00:00+00:00,2026-07-01 22:00:00+00:00,,,,,,,,
2663,318,50.194065,19.900494,375.5,2026-07-01 22:00:00+00:00,2026-07-01 23:00:00+00:00,,,,,,,,
2664,7656,49.960396,19.899989,284.71,2026-06-30 23:00:00+00:00,2026-07-01 00:00:00+00:00,10.82,13.45,15.37,1014.92,84.13,22.52,4.69,96.9
2665,7656,49.960396,19.899989,284.71,2026-07-01 00:00:00+00:00,2026-07-01 01:00:00+00:00,11.34,14.26,16.27,1014.61,84.25,22.24,3.92,106.93
2666,7656,49.960396,19.899989,284.71,2026-07-01 01:00:00+00:00,2026-07-01 02:00:00+00:00,11.68,14.9,16.97,1014.12,86.31,21.56,2.83,118.64
2667,7656,49.960396,19.899989,284.71,2026-07-01 02:00:00+00:00,2026-07-01 03:00:00+00:00,12.31,16.2,18.62,1013.5,87.88,21.02,2.7,184.48
2668,7656,49.960396,19.899989,284.71,2026-07-01 03:00:00+00:00,2026-07-01 04:00:00+00:00,13.83,18.9,22.76,1013.68,89.38,20.69,4.77,231.02
2669,7656,49.960396,19.899989,284.71,2026-07-01 04:00:00+00:00,2026-07-01 05:00:00+00:00,14.45,19.76,24.4,1013.72,88.81,21.61,5.11,237.59
2670,7656,49.960396,19.899989,284.71,2026-07-01 05:00:00+00:00,2026-07-01 06:00:00+00:00,14.6,20.04,24.97,1013.81,85.63,23.4,4.95,250.44
2671,7656,49.960396,19.899989,284.71,2026-07-01 06:00:00+00:00,2026-07-01 07:00:00+00:00,13.91,19.08,23.24,1014.18,82.5,24.97,7.4,270.81
2672,7656,49.960396,19.899989,284.71,2026-07-01 07:00:00+00:00,2026-07-01 08:00:00+00:00,13.78,18.51,22.4,1013.92,78.88,26.68,9.31,280.73
2673,7656,49.960396,19.899989,284.71,2026-07-01 08:00:00+00:00,2026-07-01 09:00:00+00:00,12.88,17.02,20.08,1013.28,76.38,28.3,8.15,279.59
2674,7656,49.960396,19.899989,284.71,2026-07-01 09:00:00+00:00,2026-07-01 10:00:00+00:00,12.73,16.63,19.67,1013.13,72.63,29.98,6.34,300.08
2675,7656,49.960396,19.899989,284.71,2026-07-01 10:00:00+00:00,2026-07-01 11:00:00+00:00,13.11,16.85,20.38,1012.7,69.38,31.31,4.51,274.75
2676,7656,49.960396,19.899989,284.71,2026-07-01 11:00:00+00:00,2026-07-01 12:00:00+00:00,13.36,17.18,21.12,1012.03,68.45,30.95,6.31,280.69
2677,7656,49.960396,19.899989,284.71,2026-07-01 12:00:00+00:00,2026-07-01 13:00:00+00:00,13.35,17.05,20.96,1011.39,69.4,31.23,6.91,266.17
2678,7656,49.960396,19.899989,284.71,2026-07-01 13:00:00+00:00,2026-07-01 14:00:00+00:00,14.38,18.39,22.63,1010.84,69.17,31.14,6.99,175.41
2679,7656,49.960396,19.899989,284.71,2026-07-01 14:00:00+00:00,2026-07-01 15:00:00+00:00,13.15,16.82,20.43,1011.04,70.74,29.76,8.18,156.72
2680,7656,49.960396,19.899989,284.71,2026-07-01 15:00:00+00:00,2026-07-01 16:00:00+00:00,5.99,7.41,8.54,1011.14,65.48,28.35,9.4,168.53
2681,7656,49.960396,19.899989,284.71,2026-07-01 16:00:00+00:00,2026-07-01 17:00:00+00:00,3.87,4.85,5.73,1010.46,68.61,27.23,3.74,323.7
2682,7656,49.960396,19.899989,284.71,2026-07-01 17:00:00+00:00,2026-07-01 18:00:00+00:00,4.46,5.67,6.57,1011.4,77.5,24.7,12.06,292.38
2683,7656,49.960396,19.899989,284.71,2026-07-01 18:00:00+00:00,2026-07-01 19:00:00+00:00,5.5,6.96,8.14,1013.08,83.44,22.91,11.24,268.38
2684,7656,49.960396,19.899989,284.71,2026-07-01 19:00:00+00:00,2026-07-01 20:00:00+00:00,6.37,8.27,9.53,1014.65,85.94,21.98,10.07,262.48
2685,7656,49.960396,19.899989,284.71,2026-07-01 20:00:00+00:00,2026-07-01 21:00:00+00:00,6.41,8.21,9.5,1014.88,87.06,21.35,8.97,259.38
2686,7656,49.960396,19.899989,284.71,2026-07-01 21:00:00+00:00,2026-07-01 22:00:00+00:00,7.4,9.56,11.2,1014.61,87.81,20.69,10.32,265.12
2687,7656,49.960396,19.899989,284.71,2026-07-01 22:00:00+00:00,2026-07-01 23:00:00+00:00,6.74,8.75,10.24,1014.07,88.56,20.11,11.1,274.56
2688,11248,50.047161,19.861521,233.49,2026-06-30 23:00:00+00:00,2026-07-01 00:00:00+00:00,3.15,5.54,7.07,1014.08,63.66,22.37,,
2689,11248,50.047161,19.861521,233.49,2026-07-01 00:00:00+00:00,2026-07-01 01:00:00+00:00,3.3,6.02,7.85,1013.89,69.73,21.98,,
2690,11248,50.047161,19.861521,233.49,2026-07-01 01:00:00+00:00,2026-07-01 02:00:00+00:00,3.59,6.62,8.65,1013.29,78.78,21.3,,
2691,11248,50.047161,19.861521,233.49,2026-07-01 02:00:00+00:00,2026-07-01 03:00:00+00:00,3.72,6.88,8.91,1012.86,87.75,20.57,,
2692,11248,50.047161,19.861521,233.49,2026-07-01 03:00:00+00:00,2026-07-01 04:00:00+00:00,3.65,6.66,8.92,1013.02,88.78,19.82,,
2693,11248,50.047161,19.861521,233.49,2026-07-01 04:00:00+00:00,2026-07-01 05:00:00+00:00,3.96,7.09,9.21,1013.05,85.97,20.42,,
2694,11248,50.047161,19.861521,233.49,2026-07-01 05:00:00+00:00,2026-07-01 06:00:00+00:00,5.59,10.33,13.36,1013.12,76.27,22.08,,
2695,11248,50.047161,19.861521,233.49,2026-07-01 06:00:00+00:00,2026-07-01 07:00:00+00:00,6.11,10.89,14.03,1013.37,82.5,23.88,,
2696,11248,50.047161,19.861521,233.49,2026-07-01 07:00:00+00:00,2026-07-01 08:00:00+00:00,5.45,9.54,12.07,1013.01,64.63,25.53,,
2697,11248,50.047161,19.861521,233.49,2026-07-01 08:00:00+00:00,2026-07-01 09:00:00+00:00,4.57,7.86,10.07,1012.36,64.26,27.06,,
2698,11248,50.047161,19.861521,233.49,2026-07-01 09:00:00+00:00,2026-07-01 10:00:00+00:00,3.72,6.15,7.74,1012.17,59.89,28.56,,
2699,11248,50.047161,19.861521,233.49,2026-07-01 10:00:00+00:00,2026-07-01 11:00:00+00:00,4.3,7.4,9.3,1011.69,61.22,29.63,,
2700,11248,50.047161,19.861521,233.49,2026-07-01 11:00:00+00:00,2026-07-01 12:00:00+00:00,4.53,7.72,9.66,1011.03,57.11,29.41,,
2701,11248,50.047161,19.861521,233.49,2026-07-01 12:00:00+00:00,2026-07-01 13:00:00+00:00,4.91,8.47,10.57,1010.38,58.77,29.51,,
2702,11248,50.047161,19.861521,233.49,2026-07-01 13:00:00+00:00,2026-07-01 14:00:00+00:00,4.93,8.38,10.76,1009.87,56.88,29.67,,
2703,11248,50.047161,19.861521,233.49,2026-07-01 14:00:00+00:00,2026-07-01 15:00:00+00:00,5.38,9.5,12.21,1010.06,62.11,28.23,,
2704,11248,50.047161,19.861521,233.49,2026-07-01 15:00:00+00:00,2026-07-01 16:00:00+00:00,2.08,4.03,5.1,1010.25,56.59,27.01,,
2705,11248,50.047161,19.861521,233.49,2026-07-01 16:00:00+00:00,2026-07-01 17:00:00+00:00,0.95,2.0,2.75,1009.86,62.87,26.37,,
2706,11248,50.047161,19.861521,233.49,2026-07-01 17:00:00+00:00,2026-07-01 18:00:00+00:00,1.28,2.69,3.57,1010.37,62.66,23.67,,
2707,11248,50.047161,19.861521,233.49,2026-07-01 18:00:00+00:00,2026-07-01 19:00:00+00:00,1.59,3.19,4.28,1012.15,74.05,22.06,,
2708,11248,50.047161,19.861521,233.49,2026-07-01 19:00:00+00:00,2026-07-01 20:00:00+00:00,1.95,3.64,4.86,1013.81,68.0,21.16,,
2709,11248,50.047161,19.861521,233.49,2026-07-01 20:00:00+00:00,2026-07-01 21:00:00+00:00,1.92,3.61,4.83,1014.32,77.27,20.68,,
2710,11248,50.047161,19.861521,233.49,2026-07-01 21:00:00+00:00,2026-07-01 22:00:00+00:00,2.25,4.36,5.64,1013.95,68.96,19.79,,
2711,11248,50.047161,19.861521,233.49,2026-07-01 22:00:00+00:00,2026-07-01 23:00:00+00:00,1.82,3.42,4.55,1013.46,64.1,19.2,,
2712,86688,50.132341,20.115834,289.27,2026-06-30 23:00:00+00:00,2026-07-01 00:00:00+00:00,10.23,14.57,17.04,1021.88,60.41,21.46,4.14,102.1
2713,86688,50.132341,20.115834,289.27,2026-07-01 00:00:00+00:00,2026-07-01 01:00:00+00:00,11.27,16.03,18.82,1021.46,60.56,21.26,3.37,110.53
2714,86688,50.132341,20.115834,289.27,2026-07-01 01:00:00+00:00,2026-07-01 02:00:00+00:00,11.86,17.19,20.49,1020.85,61.88,20.98,2.84,134.36
2715,86688,50.132341,20.115834,289.27,2026-07-01 02:00:00+00:00,2026-07-01 03:00:00+00:00,12.36,18.05,21.87,1020.34,63.39,20.34,2.96,179.19
2716,86688,50.132341,20.115834,289.27,2026-07-01 03:00:00+00:00,2026-07-01 04:00:00+00:00,13.18,19.28,24.1,1020.31,64.65,20.16,4.67,229.83
2717,86688,50.132341,20.115834,289.27,2026-07-01 04:00:00+00:00,2026-07-01 05:00:00+00:00,14.16,20.85,27.26,1020.37,63.29,21.26,5.16,238.0
2718,86688,50.132341,20.115834,289.27,2026-07-01 05:00:00+00:00,2026-07-01 06:00:00+00:00,15.19,22.35,29.66,1020.39,61.8,22.96,4.74,246.0
2719,86688,50.132341,20.115834,289.27,2026-07-01 06:00:00+00:00,2026-07-01 07:00:00+00:00,15.78,23.41,31.35,1020.6,77.05,24.78,6.9,267.69
2720,86688,50.132341,20.115834,289.27,2026-07-01 07:00:00+00:00,2026-07-01 08:00:00+00:00,15.85,23.14,30.61,1020.38,78.75,26.59,8.91,279.11
2721,86688,50.132341,20.115834,289.27,2026-07-01 08:00:00+00:00,2026-07-01 09:00:00+00:00,12.69,17.78,21.97,1019.79,69.48,28.13,8.73,278.82
2722,86688,50.132341,20.115834,289.27,2026-07-01 09:00:00+00:00,2026-07-01 10:00:00+00:00,11.63,15.92,18.43,1019.66,68.63,29.58,6.74,263.9
2723,86688,50.132341,20.115834,289.27,2026-07-01 10:00:00+00:00,2026-07-01 11:00:00+00:00,12.33,16.59,19.64,1019.25,64.14,30.73,5.82,235.79
2724,86688,50.132341,20.115834,289.27,2026-07-01 11:00:00+00:00,2026-07-01 12:00:00+00:00,12.66,17.14,20.87,1018.57,61.88,31.61,6.46,246.33
2725,86688,50.132341,20.115834,289.27,2026-07-01 12:00:00+00:00,2026-07-01 13:00:00+00:00,12.95,17.24,21.46,1017.7,68.92,32.37,5.65,229.65
2726,86688,50.132341,20.115834,289.27,2026-07-01 13:00:00+00:00,2026-07-01 14:00:00+00:00,13.7,18.54,23.56,1017.22,70.13,31.29,6.49,163.24
2727,86688,50.132341,20.115834,289.27,2026-07-01 14:00:00+00:00,2026-07-01 15:00:00+00:00,14.53,20.27,26.46,1017.02,68.49,29.72,7.72,148.26
2728,86688,50.132341,20.115834,289.27,2026-07-01 15:00:00+00:00,2026-07-01 16:00:00+00:00,12.94,18.42,22.87,1017.07,73.47,28.49,6.26,207.51
2729,86688,50.132341,20.115834,289.27,2026-07-01 16:00:00+00:00,2026-07-01 17:00:00+00:00,5.16,7.46,8.93,1016.79,52.61,26.54,7.7,283.85
2730,86688,50.132341,20.115834,289.27,2026-07-01 17:00:00+00:00,2026-07-01 18:00:00+00:00,5.16,7.82,9.36,1017.51,71.75,24.49,11.59,296.49
2731,86688,50.132341,20.115834,289.27,2026-07-01 18:00:00+00:00,2026-07-01 19:00:00+00:00,6.75,10.06,12.33,1019.43,79.39,22.87,11.88,279.81
2732,86688,50.132341,20.115834,289.27,2026-07-01 19:00:00+00:00,2026-07-01 20:00:00+00:00,8.53,12.66,15.28,1021.2,68.16,21.55,10.7,269.18
2733,86688,50.132341,20.115834,289.27,2026-07-01 20:00:00+00:00,2026-07-01 21:00:00+00:00,10.46,15.38,18.3,1021.35,72.59,20.82,10.41,265.0
2734,86688,50.132341,20.115834,289.27,2026-07-01 21:00:00+00:00,2026-07-01 22:00:00+00:00,9.56,14.26,16.98,1020.88,69.26,20.19,10.91,269.13
2735,86688,50.132341,20.115834,289.27,2026-07-01 22:00:00+00:00,2026-07-01 23:00:00+00:00,9.2,13.61,16.24,1020.77,71.98,19.44,11.39,280.11
2736,87191,50.012269,20.120682,228.04,2026-06-30 23:00:00+00:00,2026-07-01 00:00:00+00:00,10.49,15.43,17.73,1014.18,85.0,22.22,3.82,98.0
2737,87191,50.012269,20.120682,228.04,2026-07-01 00:00:00+00:00,2026-07-01 01:00:00+00:00,11.28,17.03,19.61,1013.87,85.0,21.76,2.68,115.0
2738,87191,50.012269,20.120682,228.04,2026-07-01 01:00:00+00:00,2026-07-01 02:00:00+00:00,11.83,18.12,21.43,1013.38,85.0,20.92,3.06,160.0
2739,87191,50.012269,20.120682,228.04,2026-07-01 02:00:00+00:00,2026-07-01 03:00:00+00:00,11.78,17.93,20.99,1012.78,87.25,20.4,4.53,202.0
2740,87191,50.012269,20.120682,228.04,2026-07-01 03:00:00+00:00,2026-07-01 04:00:00+00:00,12.31,19.01,23.21,1012.88,90.25,20.04,4.29,230.0
2741,87191,50.012269,20.120682,228.04,2026-07-01 04:00:00+00:00,2026-07-01 05:00:00+00:00,12.64,19.42,23.87,1013.02,88.19,20.77,5.51,235.61
2742,87191,50.012269,20.120682,228.04,2026-07-01 05:00:00+00:00,2026-07-01 06:00:00+00:00,13.54,20.89,26.46,1013.02,86.63,22.69,4.86,243.23
2743,87191,50.012269,20.120682,228.04,2026-07-01 06:00:00+00:00,2026-07-01 07:00:00+00:00,14.21,22.35,29.19,1013.24,82.38,24.7,6.96,266.66
2744,87191,50.012269,20.120682,228.04,2026-07-01 07:00:00+00:00,2026-07-01 08:00:00+00:00,14.08,21.8,28.17,1013.12,79.25,26.45,9.52,281.13
2745,87191,50.012269,20.120682,228.04,2026-07-01 08:00:00+00:00,2026-07-01 09:00:00+00:00,13.66,20.78,26.31,1012.48,77.13,27.51,9.35,277.04
2746,87191,50.012269,20.120682,228.04,2026-07-01 09:00:00+00:00,2026-07-01 10:00:00+00:00,13.32,20.0,24.68,1012.3,73.0,29.26,7.14,276.78
2747,87191,50.012269,20.120682,228.04,2026-07-01 10:00:00+00:00,2026-07-01 11:00:00+00:00,13.68,20.62,26.03,1011.85,69.75,30.95,4.89,215.69
2748,87191,50.012269,20.120682,228.04,2026-07-01 11:00:00+00:00,2026-07-01 12:00:00+00:00,13.46,19.96,24.6,1011.08,69.88,31.41,6.02,246.47
2749,87191,50.012269,20.120682,228.04,2026-07-01 12:00:00+00:00,2026-07-01 13:00:00+00:00,12.87,18.88,22.52,1010.28,70.63,31.93,8.3,252.13
2750,87191,50.012269,20.120682,228.04,2026-07-01 13:00:00+00:00,2026-07-01 14:00:00+00:00,12.5,18.55,21.93,1009.73,70.75,30.97,6.7,165.28
2751,87191,50.012269,20.120682,228.04,2026-07-01 14:00:00+00:00,2026-07-01 15:00:00+00:00,12.99,19.61,23.99,1009.64,73.56,29.28,7.35,145.03
2752,87191,50.012269,20.120682,228.04,2026-07-01 15:00:00+00:00,2026-07-01 16:00:00+00:00,10.83,16.39,19.53,1009.72,74.5,28.1,7.92,163.94
2753,87191,50.012269,20.120682,228.04,2026-07-01 16:00:00+00:00,2026-07-01 17:00:00+00:00,3.31,5.03,5.81,1009.26,73.8,27.39,3.93,340.79
2754,87191,50.012269,20.120682,228.04,2026-07-01 17:00:00+00:00,2026-07-01 18:00:00+00:00,3.52,5.29,6.14,1010.45,77.7,25.02,12.68,295.52
2755,87191,50.012269,20.120682,228.04,2026-07-01 18:00:00+00:00,2026-07-01 19:00:00+00:00,4.91,7.49,8.67,1011.99,83.37,22.44,13.0,278.79
2756,87191,50.012269,20.120682,228.04,2026-07-01 19:00:00+00:00,2026-07-01 20:00:00+00:00,5.51,8.38,9.77,1013.91,85.56,21.67,11.12,268.49
2757,87191,50.012269,20.120682,228.04,2026-07-01 20:00:00+00:00,2026-07-01 21:00:00+00:00,5.85,8.99,10.48,1013.94,86.18,20.99,10.99,268.02
2758,87191,50.012269,20.120682,228.04,2026-07-01 21:00:00+00:00,2026-07-01 22:00:00+00:00,6.5,10.13,11.72,1013.48,86.78,20.06,11.16,269.67
2759,87191,50.012269,20.120682,228.04,2026-07-01 22:00:00+00:00,2026-07-01 23:00:00+00:00,6.75,10.26,11.97,1013.44,88.22,19.52,11.77,281.69
2760,86610,50.170006,19.936647,353.61,2026-06-30 23:00:00+00:00,2026-07-01 00:00:00+00:00,,,,,,,,
2761,86610,50.170006,19.936647,353.61,2026-07-01 00:00:00+00:00,2026-07-01 01:00:00+00:00,,,,,,,,
2762,86610,50.170006,19.936647,353.61,2026-07-01 01:00:00+00:00,2026-07-01 02:00:00+00:00,,,,,,,,
2763,86610,50.170006,19.936647,353.61,2026-07-01 02:00:00+00:00,2026-07-01 03:00:00+00:00,,,,,,,,
2764,86610,50.170006,19.936647,353.61,2026-07-01 03:00:00+00:00,2026-07-01 04:00:00+00:00,,,,,,,,
2765,86610,50.170006,19.936647,353.61,2026-07-01 04:00:00+00:00,2026-07-01 05:00:00+00:00,,,,,,,,
2766,86610,50.170006,19.936647,353.61,2026-07-01 05:00:00+00:00,2026-07-01 06:00:00+00:00,,,,,,,,
2767,86610,50.170006,19.936647,353.61,2026-07-01 06:00:00+00:00,2026-07-01 07:00:00+00:00,,,,,,,,
2768,86610,50.170006,19.936647,353.61,2026-07-01 07:00:00+00:00,2026-07-01 08:00:00+00:00,,,,,,,,
2769,86610,50.170006,19.936647,353.61,2026-07-01 08:00:00+00:00,2026-07-01 09:00:00+00:00,,,,,,,,
2770,86610,50.170006,19.936647,353.61,2026-07-01 09:00:00+00:00,2026-07-01 10:00:00+00:00,,,,,,,,
2771,86610,50.170006,19.936647,353.61,2026-07-01 10:00:00+00:00,2026-07-01 11:00:00+00:00,,,,,,,,
2772,86610,50.170006,19.936647,353.61,2026-07-01 11:00:00+00:00,2026-07-01 12:00:00+00:00,,,,,,,,
2773,86610,50.170006,19.936647,353.61,2026-07-01 12:00:00+00:00,2026-07-01 13:00:00+00:00,,,,,,,,
2774,86610,50.170006,19.936647,353.61,2026-07-01 13:00:00+00:00,2026-07-01 14:00:00+00:00,,,,,,,,
2775,86610,50.170006,19.936647,353.61,2026-07-01 14:00:00+00:00,2026-07-01 15:00:00+00:00,,,,,,,,
2776,86610,50.170006,19.936647,353.61,2026-07-01 15:00:00+00:00,2026-07-01 16:00:00+00:00,,,,,,,,
2777,86610,50.170006,19.936647,353.61,2026-07-01 16:00:00+00:00,2026-07-01 17:00:00+00:00,,,,,,,,
2778,86610,50.170006,19.936647,353.61,2026-07-01 17:00:00+00:00,2026-07-01 18:00:00+00:00,,,,,,,,
2779,86610,50.170006,19.936647,353.61,2026-07-01 18:00:00+00:00,2026-07-01 19:00:00+00:00,,,,,,,,
2780,86610,50.170006,19.936647,353.61,2026-07-01 19:00:00+00:00,2026-07-01 20:00:00+00:00,,,,,,,,
2781,86610,50.170006,19.936647,353.61,2026-07-01 20:00:00+00:00,2026-07-01 21:00:00+00:00,,,,,,,,
2782,86610,50.170006,19.936647,353.61,2026-07-01 21:00:00+00:00,2026-07-01 22:00:00+00:00,,,,,,,,
2783,86610,50.170006,19.936647,353.61,2026-07-01 22:00:00+00:00,2026-07-01 23:00:00+00:00,,,,,,,,
2784,11359,49.98842,20.05878,258.4,2026-06-30 23:00:00+00:00,2026-07-01 00:00:00+00:00,,,,,,,,
2785,11359,49.98842,20.05878,258.4,2026-07-01 00:00:00+00:00,2026-07-01 01:00:00+00:00,,,,,,,,
2786,11359,49.98842,20.05878,258.4,2026-07-01 01:00:00+00:00,2026-07-01 02:00:00+00:00,,,,,,,,
2787,11359,49.98842,20.05878,258.4,2026-07-01 02:00:00+00:00,2026-07-01 03:00:00+00:00,,,,,,,,
2788,11359,49.98842,20.05878,258.4,2026-07-01 03:00:00+00:00,2026-07-01 04:00:00+00:00,,,,,,,,
2789,11359,49.98842,20.05878,258.4,2026-07-01 04:00:00+00:00,2026-07-01 05:00:00+00:00,,,,,,,,
2790,11359,49.98842,20.05878,258.4,2026-07-01 05:00:00+00:00,2026-07-01 06:00:00+00:00,,,,,,,,
2791,11359,49.98842,20.05878,258.4,2026-07-01 06:00:00+00:00,2026-07-01 07:00:00+00:00,,,,,,,,
2792,11359,49.98842,20.05878,258.4,2026-07-01 07:00:00+00:00,2026-07-01 08:00:00+00:00,,,,,,,,
2793,11359,49.98842,20.05878,258.4,2026-07-01 08:00:00+00:00,2026-07-01 09:00:00+00:00,,,,,,,,
2794,11359,49.98842,20.05878,258.4,2026-07-01 09:00:00+00:00,2026-07-01 10:00:00+00:00,,,,,,,,
2795,11359,49.98842,20.05878,258.4,2026-07-01 10:00:00+00:00,2026-07-01 11:00:00+00:00,,,,,,,,
2796,11359,49.98842,20.05878,258.4,2026-07-01 11:00:00+00:00,2026-07-01 12:00:00+00:00,,,,,,,,
2797,11359,49.98842,20.05878,258.4,2026-07-01 12:00:00+00:00,2026-07-01 13:00:00+00:00,,,,,,,,
2798,11359,49.98842,20.05878,258.4,2026-07-01 13:00:00+00:00,2026-07-01 14:00:00+00:00,,,,,,,,
2799,11359,49.98842,20.05878,258.4,2026-07-01 14:00:00+00:00,2026-07-01 15:00:00+00:00,,,,,,,,
2800,11359,49.98842,20.05878,258.4,2026-07-01 15:00:00+00:00,2026-07-01 16:00:00+00:00,,,,,,,,
2801,11359,49.98842,20.05878,258.4,2026-07-01 16:00:00+00:00,2026-07-01 17:00:00+00:00,,,,,,,,
2802,11359,49.98842,20.05878,258.4,2026-07-01 17:00:00+00:00,2026-07-01 18:00:00+00:00,,,,,,,,
2803,11359,49.98842,20.05878,258.4,2026-07-01 18:00:00+00:00,2026-07-01 19:00:00+00:00,,,,,,,,
2804,11359,49.98842,20.05878,258.4,2026-07-01 19:00:00+00:00,2026-07-01 20:00:00+00:00,,,,,,,,
2805,11359,49.98842,20.05878,258.4,2026-07-01 20:00:00+00:00,2026-07-01 21:00:00+00:00,,,,,,,,
2806,11359,49.98842,20.05878,258.4,2026-07-01 21:00:00+00:00,2026-07-01 22:00:00+00:00,,,,,,,,
2807,11359,49.98842,20.05878,258.4,2026-07-01 22:00:00+00:00,2026-07-01 23:00:00+00:00,,,,,,,,
2808,7634,50.108332,19.924004,229.1,2026-06-30 23:00:00+00:00,2026-07-01 00:00:00+00:00,1.29,2.21,2.53,1016.82,84.06,23.34,4.68,100.29
2809,7634,50.108332,19.924004,229.1,2026-07-01 00:00:00+00:00,2026-07-01 01:00:00+00:00,0.96,1.71,2.0,1016.57,84.25,22.86,3.96,106.42
2810,7634,50.108332,19.924004,229.1,2026-07-01 01:00:00+00:00,2026-07-01 02:00:00+00:00,1.08,1.94,2.23,1015.95,86.31,22.56,2.96,119.48
2811,7634,50.108332,19.924004,229.1,2026-07-01 02:00:00+00:00,2026-07-01 03:00:00+00:00,1.07,1.9,2.19,1015.53,88.56,21.95,3.12,193.71
2812,7634,50.108332,19.924004,229.1,2026-07-01 03:00:00+00:00,2026-07-01 04:00:00+00:00,1.09,1.96,2.31,1015.55,90.13,21.56,4.93,237.84
2813,7634,50.108332,19.924004,229.1,2026-07-01 04:00:00+00:00,2026-07-01 05:00:00+00:00,2.81,4.41,5.17,1015.54,88.88,22.23,5.47,241.84
2814,7634,50.108332,19.924004,229.1,2026-07-01 05:00:00+00:00,2026-07-01 06:00:00+00:00,4.24,6.43,7.55,1015.62,87.0,22.98,5.93,250.6
2815,7634,50.108332,19.924004,229.1,2026-07-01 06:00:00+00:00,2026-07-01 07:00:00+00:00,3.93,6.04,7.08,1015.9,82.25,24.7,7.76,269.51
2816,7634,50.108332,19.924004,229.1,2026-07-01 07:00:00+00:00,2026-07-01 08:00:00+00:00,5.78,8.81,10.34,1015.59,79.0,25.88,9.23,277.33
2817,7634,50.108332,19.924004,229.1,2026-07-01 08:00:00+00:00,2026-07-01 09:00:00+00:00,8.88,13.78,16.39,1015.03,76.25,27.04,8.39,277.61
2818,7634,50.108332,19.924004,229.1,2026-07-01 09:00:00+00:00,2026-07-01 10:00:00+00:00,6.65,10.13,11.88,1014.88,72.75,28.4,5.95,277.82
2819,7634,50.108332,19.924004,229.1,2026-07-01 10:00:00+00:00,2026-07-01 11:00:00+00:00,7.95,11.78,13.73,1014.48,70.5,29.11,4.94,267.81
2820,7634,50.108332,19.924004,229.1,2026-07-01 11:00:00+00:00,2026-07-01 12:00:00+00:00,7.25,10.64,12.31,1013.83,70.0,29.16,6.1,281.41
2821,7634,50.108332,19.924004,229.1,2026-07-01 12:00:00+00:00,2026-07-01 13:00:00+00:00,7.29,10.72,12.43,1013.17,68.75,29.34,2.44,327.03
2822,7634,50.108332,19.924004,229.1,2026-07-01 13:00:00+00:00,2026-07-01 14:00:00+00:00,8.49,12.82,14.9,1012.58,68.0,29.58,7.04,112.52
2823,7634,50.108332,19.924004,229.1,2026-07-01 14:00:00+00:00,2026-07-01 15:00:00+00:00,11.65,18.01,21.86,1012.5,72.0,29.0,8.91,157.54
2824,7634,50.108332,19.924004,229.1,2026-07-01 15:00:00+00:00,2026-07-01 16:00:00+00:00,9.09,14.02,16.51,1012.71,74.09,28.39,4.72,180.54
2825,7634,50.108332,19.924004,229.1,2026-07-01 16:00:00+00:00,2026-07-01 17:00:00+00:00,7.33,11.2,13.12,1012.57,77.0,27.03,9.18,298.76
2826,7634,50.108332,19.924004,229.1,2026-07-01 17:00:00+00:00,2026-07-01 18:00:00+00:00,9.07,14.03,16.57,1012.96,79.94,25.57,12.3,288.72
2827,7634,50.108332,19.924004,229.1,2026-07-01 18:00:00+00:00,2026-07-01 19:00:00+00:00,7.55,11.7,13.9,1014.62,83.75,24.14,11.3,265.58
2828,7634,50.108332,19.924004,229.1,2026-07-01 19:00:00+00:00,2026-07-01 20:00:00+00:00,4.9,7.77,9.36,1016.29,85.75,23.68,10.27,260.0
2829,7634,50.108332,19.924004,229.1,2026-07-01 20:00:00+00:00,2026-07-01 21:00:00+00:00,4.17,6.77,8.13,1016.83,87.0,23.07,9.4,261.64
2830,7634,50.108332,19.924004,229.1,2026-07-01 21:00:00+00:00,2026-07-01 22:00:00+00:00,3.61,5.59,6.6,1016.51,87.25,22.26,10.56,265.42
2831,7634,50.108332,19.924004,229.1,2026-07-01 22:00:00+00:00,2026-07-01 23:00:00+00:00,3.04,4.78,5.72,1016.06,88.5,21.62,11.01,273.53
2832,7055,50.15751,19.845108,384.43,2026-06-30 23:00:00+00:00,2026-07-01 00:00:00+00:00,,,,,,,,
2833,7055,50.15751,19.845108,384.43,2026-07-01 00:00:00+00:00,2026-07-01 01:00:00+00:00,,,,,,,,
2834,7055,50.15751,19.845108,384.43,2026-07-01 01:00:00+00:00,2026-07-01 02:00:00+00:00,,,,,,,,
2835,7055,50.15751,19.845108,384.43,2026-07-01 02:00:00+00:00,2026-07-01 03:00:00+00:00,,,,,,,,
2836,7055,50.15751,19.845108,384.43,2026-07-01 03:00:00+00:00,2026-07-01 04:00:00+00:00,,,,,,,,
2837,7055,50.15751,19.845108,384.43,2026-07-01 04:00:00+00:00,2026-07-01 05:00:00+00:00,,,,,,,,
2838,7055,50.15751,19.845108,384.43,2026-07-01 05:00:00+00:00,2026-07-01 06:00:00+00:00,,,,,,,,
2839,7055,50.15751,19.845108,384.43,2026-07-01 06:00:00+00:00,2026-07-01 07:00:00+00:00,,,,,,,,
2840,7055,50.15751,19.845108,384.43,2026-07-01 07:00:00+00:00,2026-07-01 08:00:00+00:00,,,,,,,,
2841,7055,50.15751,19.845108,384.43,2026-07-01 08:00:00+00:00,2026-07-01 09:00:00+00:00,,,,,,,,
2842,7055,50.15751,19.845108,384.43,2026-07-01 09:00:00+00:00,2026-07-01 10:00:00+00:00,,,,,,,,
2843,7055,50.15751,19.845108,384.43,2026-07-01 10:00:00+00:00,2026-07-01 11:00:00+00:00,,,,,,,,
2844,7055,50.15751,19.845108,384.43,2026-07-01 11:00:00+00:00,2026-07-01 12:00:00+00:00,,,,,,,,
2845,7055,50.15751,19.845108,384.43,2026-07-01 12:00:00+00:00,2026-07-01 13:00:00+00:00,,,,,,,,
2846,7055,50.15751,19.845108,384.43,2026-07-01 13:00:00+00:00,2026-07-01 14:00:00+00:00,,,,,,,,
2847,7055,50.15751,19.845108,384.43,2026-07-01 14:00:00+00:00,2026-07-01 15:00:00+00:00,,,,,,,,
2848,7055,50.15751,19.845108,384.43,2026-07-01 15:00:00+00:00,2026-07-01 16:00:00+00:00,,,,,,,,
2849,7055,50.15751,19.845108,384.43,2026-07-01 16:00:00+00:00,2026-07-01 17:00:00+00:00,,,,,,,,
2850,7055,50.15751,19.845108,384.43,2026-07-01 17:00:00+00:00,2026-07-01 18:00:00+00:00,,,,,,,,
2851,7055,50.15751,19.845108,384.43,2026-07-01 18:00:00+00:00,2026-07-01 19:00:00+00:00,,,,,,,,
2852,7055,50.15751,19.845108,384.43,2026-07-01 19:00:00+00:00,2026-07-01 20:00:00+00:00,,,,,,,,
2853,7055,50.15751,19.845108,384.43,2026-07-01 20:00:00+00:00,2026-07-01 21:00:00+00:00,,,,,,,,
2854,7055,50.15751,19.845108,384.43,2026-07-01 21:00:00+00:00,2026-07-01 22:00:00+00:00,,,,,,,,
2855,7055,50.15751,19.845108,384.43,2026-07-01 22:00:00+00:00,2026-07-01 23:00:00+00:00,,,,,,,,
2856,2869,50.136154,20.113141,288.97,2026-06-30 23:00:00+00:00,2026-07-01 00:00:00+00:00,11.75,16.55,19.49,1009.82,81.48,24.78,,
2857,2869,50.136154,20.113141,288.97,2026-07-01 00:00:00+00:00,2026-07-01 01:00:00+00:00,12.66,18.44,22.43,1009.47,81.89,24.42,,
2858,2869,50.136154,20.113141,288.97,2026-07-01 01:00:00+00:00,2026-07-01 02:00:00+00:00,13.5,19.67,24.91,1008.93,84.61,24.07,,
2859,2869,50.136154,20.113141,288.97,2026-07-01 02:00:00+00:00,2026-07-01 03:00:00+00:00,14.13,21.08,27.66,1008.37,86.82,23.19,,
2860,2869,50.136154,20.113141,288.97,2026-07-01 03:00:00+00:00,2026-07-01 04:00:00+00:00,14.22,21.3,28.09,1008.4,88.9,22.99,,
2861,2869,50.136154,20.113141,288.97,2026-07-01 04:00:00+00:00,2026-07-01 05:00:00+00:00,14.87,21.88,28.84,1008.49,87.69,23.88,,
2862,2869,50.136154,20.113141,288.97,2026-07-01 05:00:00+00:00,2026-07-01 06:00:00+00:00,15.61,23.11,30.82,1008.54,86.13,25.57,,
2863,2869,50.136154,20.113141,288.97,2026-07-01 06:00:00+00:00,2026-07-01 07:00:00+00:00,15.74,23.24,30.88,1008.83,80.94,27.53,,
2864,2869,50.136154,20.113141,288.97,2026-07-01 07:00:00+00:00,2026-07-01 08:00:00+00:00,16.07,23.31,30.73,1008.65,76.79,29.51,,
2865,2869,50.136154,20.113141,288.97,2026-07-01 08:00:00+00:00,2026-07-01 09:00:00+00:00,13.3,18.71,22.92,1008.15,71.1,30.96,,
2866,2869,50.136154,20.113141,288.97,2026-07-01 09:00:00+00:00,2026-07-01 10:00:00+00:00,12.31,17.18,20.23,1008.07,65.67,31.57,,
2867,2869,50.136154,20.113141,288.97,2026-07-01 10:00:00+00:00,2026-07-01 11:00:00+00:00,13.35,19.01,23.16,1007.71,63.08,32.48,,
2868,2869,50.136154,20.113141,288.97,2026-07-01 11:00:00+00:00,2026-07-01 12:00:00+00:00,14.24,20.37,25.84,1007.1,62.61,32.4,,
2869,2869,50.136154,20.113141,288.97,2026-07-01 12:00:00+00:00,2026-07-01 13:00:00+00:00,15.08,21.5,28.1,1006.45,62.73,32.24,,
2870,2869,50.136154,20.113141,288.97,2026-07-01 13:00:00+00:00,2026-07-01 14:00:00+00:00,15.23,21.74,28.23,1005.9,63.87,32.26,,
2871,2869,50.136154,20.113141,288.97,2026-07-01 14:00:00+00:00,2026-07-01 15:00:00+00:00,14.97,21.45,27.74,1005.61,66.5,31.93,,
2872,2869,50.136154,20.113141,288.97,2026-07-01 15:00:00+00:00,2026-07-01 16:00:00+00:00,13.52,19.19,23.81,1005.58,68.45,30.9,,
2873,2869,50.136154,20.113141,288.97,2026-07-01 16:00:00+00:00,2026-07-01 17:00:00+00:00,5.75,8.08,9.56,1005.21,68.77,28.95,,
2874,2869,50.136154,20.113141,288.97,2026-07-01 17:00:00+00:00,2026-07-01 18:00:00+00:00,6.29,8.96,10.68,1005.75,72.31,26.82,,
2875,2869,50.136154,20.113141,288.97,2026-07-01 18:00:00+00:00,2026-07-01 19:00:00+00:00,6.52,9.42,11.17,1007.57,76.99,25.33,,
2876,2869,50.136154,20.113141,288.97,2026-07-01 19:00:00+00:00,2026-07-01 20:00:00+00:00,7.9,11.58,13.74,1009.24,82.12,23.98,,
2877,2869,50.136154,20.113141,288.97,2026-07-01 20:00:00+00:00,2026-07-01 21:00:00+00:00,8.89,13.28,15.81,1009.41,84.05,23.35,,
2878,2869,50.136154,20.113141,288.97,2026-07-01 21:00:00+00:00,2026-07-01 22:00:00+00:00,9.96,14.83,17.78,1008.97,85.33,22.45,,
2879,2869,50.136154,20.113141,288.97,2026-07-01 22:00:00+00:00,2026-07-01 23:00:00+00:00,9.37,14.06,16.82,1008.74,87.64,21.65,,
2880,11990,50.16917,19.82711,399.85,2026-06-30 23:00:00+00:00,2026-07-01 00:00:00+00:00,,,,,,,,
2881,11990,50.16917,19.82711,399.85,2026-07-01 00:00:00+00:00,2026-07-01 01:00:00+00:00,,,,,,,,
2882,11990,50.16917,19.82711,399.85,2026-07-01 01:00:00+00:00,2026-07-01 02:00:00+00:00,,,,,,,,
2883,11990,50.16917,19.82711,399.85,2026-07-01 02:00:00+00:00,2026-07-01 03:00:00+00:00,,,,,,,,
2884,11990,50.16917,19.82711,399.85,2026-07-01 03:00:00+00:00,2026-07-01 04:00:00+00:00,,,,,,,,
2885,11990,50.16917,19.82711,399.85,2026-07-01 04:00:00+00:00,2026-07-01 05:00:00+00:00,,,,,,,,
2886,11990,50.16917,19.82711,399.85,2026-07-01 05:00:00+00:00,2026-07-01 06:00:00+00:00,,,,,,,,
2887,11990,50.16917,19.82711,399.85,2026-07-01 06:00:00+00:00,2026-07-01 07:00:00+00:00,,,,,,,,
2888,11990,50.16917,19.82711,399.85,2026-07-01 07:00:00+00:00,2026-07-01 08:00:00+00:00,,,,,,,,
2889,11990,50.16917,19.82711,399.85,2026-07-01 08:00:00+00:00,2026-07-01 09:00:00+00:00,,,,,,,,
2890,11990,50.16917,19.82711,399.85,2026-07-01 09:00:00+00:00,2026-07-01 10:00:00+00:00,,,,,,,,
2891,11990,50.16917,19.82711,399.85,2026-07-01 10:00:00+00:00,2026-07-01 11:00:00+00:00,,,,,,,,
2892,11990,50.16917,19.82711,399.85,2026-07-01 11:00:00+00:00,2026-07-01 12:00:00+00:00,,,,,,,,
2893,11990,50.16917,19.82711,399.85,2026-07-01 12:00:00+00:00,2026-07-01 13:00:00+00:00,,,,,,,,
2894,11990,50.16917,19.82711,399.85,2026-07-01 13:00:00+00:00,2026-07-01 14:00:00+00:00,,,,,,,,
2895,11990,50.16917,19.82711,399.85,2026-07-01 14:00:00+00:00,2026-07-01 15:00:00+00:00,,,,,,,,
2896,11990,50.16917,19.82711,399.85,2026-07-01 15:00:00+00:00,2026-07-01 16:00:00+00:00,,,,,,,,
2897,11990,50.16917,19.82711,399.85,2026-07-01 16:00:00+00:00,2026-07-01 17:00:00+00:00,,,,,,,,
2898,11990,50.16917,19.82711,399.85,2026-07-01 17:00:00+00:00,2026-07-01 18:00:00+00:00,,,,,,,,
2899,11990,50.16917,19.82711,399.85,2026-07-01 18:00:00+00:00,2026-07-01 19:00:00+00:00,,,,,,,,
2900,11990,50.16917,19.82711,399.85,2026-07-01 19:00:00+00:00,2026-07-01 20:00:00+00:00,,,,,,,,
2901,11990,50.16917,19.82711,399.85,2026-07-01 20:00:00+00:00,2026-07-01 21:00:00+00:00,,,,,,,,
2902,11990,50.16917,19.82711,399.85,2026-07-01 21:00:00+00:00,2026-07-01 22:00:00+00:00,,,,,,,,
2903,11990,50.16917,19.82711,399.85,2026-07-01 22:00:00+00:00,2026-07-01 23:00:00+00:00,,,,,,,,
2904,2513,50.117763,19.92077,230.53,2026-06-30 23:00:00+00:00,2026-07-01 00:00:00+00:00,10.95,12.06,12.78,1014.06,84.25,23.35,,
2905,2513,50.117763,19.92077,230.53,2026-07-01 00:00:00+00:00,2026-07-01 01:00:00+00:00,10.92,12.17,13.06,1013.84,84.25,22.77,,
2906,2513,50.117763,19.92077,230.53,2026-07-01 01:00:00+00:00,2026-07-01 02:00:00+00:00,11.02,12.24,13.18,1013.26,86.5,22.33,,
2907,2513,50.117763,19.92077,230.53,2026-07-01 02:00:00+00:00,2026-07-01 03:00:00+00:00,11.34,12.73,13.97,1012.81,88.75,21.54,,
2908,2513,50.117763,19.92077,230.53,2026-07-01 03:00:00+00:00,2026-07-01 04:00:00+00:00,11.59,13.0,14.59,1012.84,90.25,21.5,,
2909,2513,50.117763,19.92077,230.53,2026-07-01 04:00:00+00:00,2026-07-01 05:00:00+00:00,11.82,12.91,14.45,1012.71,88.75,24.8,,
2910,2513,50.117763,19.92077,230.53,2026-07-01 05:00:00+00:00,2026-07-01 06:00:00+00:00,11.25,12.05,13.09,1012.66,86.13,27.7,,
2911,2513,50.117763,19.92077,230.53,2026-07-01 06:00:00+00:00,2026-07-01 07:00:00+00:00,13.49,14.59,17.71,1012.94,81.63,29.36,,
2912,2513,50.117763,19.92077,230.53,2026-07-01 07:00:00+00:00,2026-07-01 08:00:00+00:00,12.94,13.96,16.68,1012.61,78.63,29.31,,
2913,2513,50.117763,19.92077,230.53,2026-07-01 08:00:00+00:00,2026-07-01 09:00:00+00:00,10.74,11.29,11.5,1012.07,75.63,30.8,,
2914,2513,50.117763,19.92077,230.53,2026-07-01 09:00:00+00:00,2026-07-01 10:00:00+00:00,8.28,8.48,8.03,1012.06,72.75,31.61,,
2915,2513,50.117763,19.92077,230.53,2026-07-01 10:00:00+00:00,2026-07-01 11:00:00+00:00,9.24,9.46,9.12,1011.67,70.5,32.18,,
2916,2513,50.117763,19.92077,230.53,2026-07-01 11:00:00+00:00,2026-07-01 12:00:00+00:00,11.43,12.36,13.16,1011.08,70.0,31.72,,
2917,2513,50.117763,19.92077,230.53,2026-07-01 12:00:00+00:00,2026-07-01 13:00:00+00:00,12.28,13.4,15.26,1010.3,69.06,31.63,,
2918,2513,50.117763,19.92077,230.53,2026-07-01 13:00:00+00:00,2026-07-01 14:00:00+00:00,12.72,13.92,16.23,1009.68,67.56,32.1,,
2919,2513,50.117763,19.92077,230.53,2026-07-01 14:00:00+00:00,2026-07-01 15:00:00+00:00,13.32,14.68,17.86,1009.61,71.88,30.83,,
2920,2513,50.117763,19.92077,230.53,2026-07-01 15:00:00+00:00,2026-07-01 16:00:00+00:00,9.62,10.41,10.71,1009.88,73.86,29.12,,
2921,2513,50.117763,19.92077,230.53,2026-07-01 16:00:00+00:00,2026-07-01 17:00:00+00:00,5.15,5.58,4.61,1009.8,76.31,27.35,,
2922,2513,50.117763,19.92077,230.53,2026-07-01 17:00:00+00:00,2026-07-01 18:00:00+00:00,5.77,6.27,5.43,1010.14,80.13,25.45,,
2923,2513,50.117763,19.92077,230.53,2026-07-01 18:00:00+00:00,2026-07-01 19:00:00+00:00,5.82,6.49,5.81,1011.84,84.0,24.06,,
2924,2513,50.117763,19.92077,230.53,2026-07-01 19:00:00+00:00,2026-07-01 20:00:00+00:00,5.22,5.77,4.81,1013.52,85.75,23.47,,
2925,2513,50.117763,19.92077,230.53,2026-07-01 20:00:00+00:00,2026-07-01 21:00:00+00:00,6.38,6.91,6.28,1014.06,87.13,22.74,,
2926,2513,50.117763,19.92077,230.53,2026-07-01 21:00:00+00:00,2026-07-01 22:00:00+00:00,7.24,8.19,7.92,1013.78,87.25,21.73,,
2927,2513,50.117763,19.92077,230.53,2026-07-01 22:00:00+00:00,2026-07-01 23:00:00+00:00,6.55,7.25,6.71,1013.33,88.63,21.0,,
2928,33053,50.099709,19.837011,251.92,2026-06-30 23:00:00+00:00,2026-07-01 00:00:00+00:00,,,,,,,,
2929,33053,50.099709,19.837011,251.92,2026-07-01 00:00:00+00:00,2026-07-01 01:00:00+00:00,,,,,,,,
2930,33053,50.099709,19.837011,251.92,2026-07-01 01:00:00+00:00,2026-07-01 02:00:00+00:00,,,,,,,,
2931,33053,50.099709,19.837011,251.92,2026-07-01 02:00:00+00:00,2026-07-01 03:00:00+00:00,,,,,,,,
2932,33053,50.099709,19.837011,251.92,2026-07-01 03:00:00+00:00,2026-07-01 04:00:00+00:00,,,,,,,,
2933,33053,50.099709,19.837011,251.92,2026-07-01 04:00:00+00:00,2026-07-01 05:00:00+00:00,,,,,,,,
2934,33053,50.099709,19.837011,251.92,2026-07-01 05:00:00+00:00,2026-07-01 06:00:00+00:00,,,,,,,,
2935,33053,50.099709,19.837011,251.92,2026-07-01 06:00:00+00:00,2026-07-01 07:00:00+00:00,,,,,,,,
2936,33053,50.099709,19.837011,251.92,2026-07-01 07:00:00+00:00,2026-07-01 08:00:00+00:00,,,,,,,,
2937,33053,50.099709,19.837011,251.92,2026-07-01 08:00:00+00:00,2026-07-01 09:00:00+00:00,,,,,,,,
2938,33053,50.099709,19.837011,251.92,2026-07-01 09:00:00+00:00,2026-07-01 10:00:00+00:00,,,,,,,,
2939,33053,50.099709,19.837011,251.92,2026-07-01 10:00:00+00:00,2026-07-01 11:00:00+00:00,,,,,,,,
2940,33053,50.099709,19.837011,251.92,2026-07-01 11:00:00+00:00,2026-07-01 12:00:00+00:00,,,,,,,,
2941,33053,50.099709,19.837011,251.92,2026-07-01 12:00:00+00:00,2026-07-01 13:00:00+00:00,,,,,,,,
2942,33053,50.099709,19.837011,251.92,2026-07-01 13:00:00+00:00,2026-07-01 14:00:00+00:00,,,,,,,,
2943,33053,50.099709,19.837011,251.92,2026-07-01 14:00:00+00:00,2026-07-01 15:00:00+00:00,,,,,,,,
2944,33053,50.099709,19.837011,251.92,2026-07-01 15:00:00+00:00,2026-07-01 16:00:00+00:00,,,,,,,,
2945,33053,50.099709,19.837011,251.92,2026-07-01 16:00:00+00:00,2026-07-01 17:00:00+00:00,,,,,,,,
2946,33053,50.099709,19.837011,251.92,2026-07-01 17:00:00+00:00,2026-07-01 18:00:00+00:00,,,,,,,,
2947,33053,50.099709,19.837011,251.92,2026-07-01 18:00:00+00:00,2026-07-01 19:00:00+00:00,,,,,,,,
2948,33053,50.099709,19.837011,251.92,2026-07-01 19:00:00+00:00,2026-07-01 20:00:00+00:00,,,,,,,,
2949,33053,50.099709,19.837011,251.92,2026-07-01 20:00:00+00:00,2026-07-01 21:00:00+00:00,,,,,,,,
2950,33053,50.099709,19.837011,251.92,2026-07-01 21:00:00+00:00,2026-07-01 22:00:00+00:00,,,,,,,,
2951,33053,50.099709,19.837011,251.92,2026-07-01 22:00:00+00:00,2026-07-01 23:00:00+00:00,,,,,,,,
2952,7850,50.015339,20.111307,202.43,2026-06-30 23:00:00+00:00,2026-07-01 00:00:00+00:00,,,,,,,,
2953,7850,50.015339,20.111307,202.43,2026-07-01 00:00:00+00:00,2026-07-01 01:00:00+00:00,,,,,,,,
2954,7850,50.015339,20.111307,202.43,2026-07-01 01:00:00+00:00,2026-07-01 02:00:00+00:00,,,,,,,,
2955,7850,50.015339,20.111307,202.43,2026-07-01 02:00:00+00:00,2026-07-01 03:00:00+00:00,,,,,,,,
2956,7850,50.015339,20.111307,202.43,2026-07-01 03:00:00+00:00,2026-07-01 04:00:00+00:00,,,,,,,,
2957,7850,50.015339,20.111307,202.43,2026-07-01 04:00:00+00:00,2026-07-01 05:00:00+00:00,,,,,,,,
2958,7850,50.015339,20.111307,202.43,2026-07-01 05:00:00+00:00,2026-07-01 06:00:00+00:00,,,,,,,,
2959,7850,50.015339,20.111307,202.43,2026-07-01 06:00:00+00:00,2026-07-01 07:00:00+00:00,,,,,,,,
2960,7850,50.015339,20.111307,202.43,2026-07-01 07:00:00+00:00,2026-07-01 08:00:00+00:00,,,,,,,,
2961,7850,50.015339,20.111307,202.43,2026-07-01 08:00:00+00:00,2026-07-01 09:00:00+00:00,,,,,,,,
2962,7850,50.015339,20.111307,202.43,2026-07-01 09:00:00+00:00,2026-07-01 10:00:00+00:00,,,,,,,,
2963,7850,50.015339,20.111307,202.43,2026-07-01 10:00:00+00:00,2026-07-01 11:00:00+00:00,,,,,,,,
2964,7850,50.015339,20.111307,202.43,2026-07-01 11:00:00+00:00,2026-07-01 12:00:00+00:00,,,,,,,,
2965,7850,50.015339,20.111307,202.43,2026-07-01 12:00:00+00:00,2026-07-01 13:00:00+00:00,,,,,,,,
2966,7850,50.015339,20.111307,202.43,2026-07-01 13:00:00+00:00,2026-07-01 14:00:00+00:00,,,,,,,,
2967,7850,50.015339,20.111307,202.43,2026-07-01 14:00:00+00:00,2026-07-01 15:00:00+00:00,,,,,,,,
2968,7850,50.015339,20.111307,202.43,2026-07-01 15:00:00+00:00,2026-07-01 16:00:00+00:00,,,,,,,,
2969,7850,50.015339,20.111307,202.43,2026-07-01 16:00:00+00:00,2026-07-01 17:00:00+00:00,,,,,,,,
2970,7850,50.015339,20.111307,202.43,2026-07-01 17:00:00+00:00,2026-07-01 18:00:00+00:00,,,,,,,,
2971,7850,50.015339,20.111307,202.43,2026-07-01 18:00:00+00:00,2026-07-01 19:00:00+00:00,,,,,,,,
2972,7850,50.015339,20.111307,202.43,2026-07-01 19:00:00+00:00,2026-07-01 20:00:00+00:00,,,,,,,,
2973,7850,50.015339,20.111307,202.43,2026-07-01 20:00:00+00:00,2026-07-01 21:00:00+00:00,,,,,,,,
2974,7850,50.015339,20.111307,202.43,2026-07-01 21:00:00+00:00,2026-07-01 22:00:00+00:00,,,,,,,,
2975,7850,50.015339,20.111307,202.43,2026-07-01 22:00:00+00:00,2026-07-01 23:00:00+00:00,,,,,,,,
2976,90552,50.018006,19.983935,238.73,2026-06-30 23:00:00+00:00,2026-07-01 00:00:00+00:00,12.1,17.78,21.13,1017.49,84.25,23.4,3.97,107.0
2977,90552,50.018006,19.983935,238.73,2026-07-01 00:00:00+00:00,2026-07-01 01:00:00+00:00,12.43,18.25,22.03,1017.2,84.25,22.61,3.81,108.0
2978,90552,50.018006,19.983935,238.73,2026-07-01 01:00:00+00:00,2026-07-01 02:00:00+00:00,12.94,19.08,23.49,1016.64,85.0,21.85,3.47,157.0
2979,90552,50.018006,19.983935,238.73,2026-07-01 02:00:00+00:00,2026-07-01 03:00:00+00:00,13.05,19.28,24.08,1016.07,88.0,21.72,3.55,196.0
2980,90552,50.018006,19.983935,238.73,2026-07-01 03:00:00+00:00,2026-07-01 04:00:00+00:00,13.5,19.95,25.58,1016.22,89.31,21.42,4.34,224.82
2981,90552,50.018006,19.983935,238.73,2026-07-01 04:00:00+00:00,2026-07-01 05:00:00+00:00,14.77,22.19,29.56,1016.26,89.13,21.85,5.32,241.48
2982,90552,50.018006,19.983935,238.73,2026-07-01 05:00:00+00:00,2026-07-01 06:00:00+00:00,16.53,25.33,34.54,1016.31,86.5,22.96,5.52,252.33
2983,90552,50.018006,19.983935,238.73,2026-07-01 06:00:00+00:00,2026-07-01 07:00:00+00:00,16.44,25.01,33.91,1016.59,83.13,24.2,6.88,268.21
2984,90552,50.018006,19.983935,238.73,2026-07-01 07:00:00+00:00,2026-07-01 08:00:00+00:00,16.85,25.63,34.69,1016.42,78.94,26.2,8.87,278.75
2985,90552,50.018006,19.983935,238.73,2026-07-01 08:00:00+00:00,2026-07-01 09:00:00+00:00,15.69,23.44,31.07,1015.74,75.5,28.09,8.56,282.1
2986,90552,50.018006,19.983935,238.73,2026-07-01 09:00:00+00:00,2026-07-01 10:00:00+00:00,14.85,22.16,29.03,1015.55,72.81,29.46,6.22,274.96
2987,90552,50.018006,19.983935,238.73,2026-07-01 10:00:00+00:00,2026-07-01 11:00:00+00:00,15.29,22.76,30.02,1015.13,70.88,30.79,5.2,257.75
2988,90552,50.018006,19.983935,238.73,2026-07-01 11:00:00+00:00,2026-07-01 12:00:00+00:00,15.48,22.78,30.2,1014.46,70.0,31.14,5.95,264.35
2989,90552,50.018006,19.983935,238.73,2026-07-01 12:00:00+00:00,2026-07-01 13:00:00+00:00,15.22,22.36,29.58,1013.74,70.25,31.42,5.96,239.1
2990,90552,50.018006,19.983935,238.73,2026-07-01 13:00:00+00:00,2026-07-01 14:00:00+00:00,15.68,23.34,30.97,1013.17,71.0,31.42,8.59,179.62
2991,90552,50.018006,19.983935,238.73,2026-07-01 14:00:00+00:00,2026-07-01 15:00:00+00:00,16.26,24.54,32.98,1013.22,71.75,30.15,8.7,146.75
2992,90552,50.018006,19.983935,238.73,2026-07-01 15:00:00+00:00,2026-07-01 16:00:00+00:00,10.47,15.43,18.5,1013.38,68.64,28.85,9.16,150.0
2993,90552,50.018006,19.983935,238.73,2026-07-01 16:00:00+00:00,2026-07-01 17:00:00+00:00,4.51,6.46,7.67,1012.91,72.13,26.52,6.64,305.49
2994,90552,50.018006,19.983935,238.73,2026-07-01 17:00:00+00:00,2026-07-01 18:00:00+00:00,5.01,7.33,8.8,1013.73,77.02,24.48,13.85,289.6
2995,90552,50.018006,19.983935,238.73,2026-07-01 18:00:00+00:00,2026-07-01 19:00:00+00:00,6.85,10.01,11.88,1015.41,82.64,23.09,11.78,278.29
2996,90552,50.018006,19.983935,238.73,2026-07-01 19:00:00+00:00,2026-07-01 20:00:00+00:00,7.77,11.44,13.72,1017.06,85.36,21.94,10.32,265.33
2997,90552,50.018006,19.983935,238.73,2026-07-01 20:00:00+00:00,2026-07-01 21:00:00+00:00,8.43,12.49,14.93,1017.35,87.63,21.29,8.88,258.96
2998,90552,50.018006,19.983935,238.73,2026-07-01 21:00:00+00:00,2026-07-01 22:00:00+00:00,9.08,13.33,15.85,1016.94,87.38,20.43,10.69,265.8
2999,90552,50.018006,19.983935,238.73,2026-07-01 22:00:00+00:00,2026-07-01 23:00:00+00:00,8.39,12.44,14.87,1016.59,88.5,19.71,11.13,275.34
3000,86980,50.043741,19.966589,201.63,2026-06-30 23:00:00+00:00,2026-07-01 00:00:00+00:00,12.86,18.48,22.39,1014.57,84.25,23.37,3.97,107.0
3001,86980,50.043741,19.966589,201.63,2026-07-01 00:00:00+00:00,2026-07-01 01:00:00+00:00,13.24,19.05,23.43,1014.3,84.25,22.31,3.81,108.0
3002,86980,50.043741,19.966589,201.63,2026-07-01 01:00:00+00:00,2026-07-01 02:00:00+00:00,13.71,20.1,25.49,1013.73,85.0,21.79,3.47,157.0
3003,86980,50.043741,19.966589,201.63,2026-07-01 02:00:00+00:00,2026-07-01 03:00:00+00:00,14.05,20.59,26.56,1013.2,88.0,21.57,3.55,196.0
3004,86980,50.043741,19.966589,201.63,2026-07-01 03:00:00+00:00,2026-07-01 04:00:00+00:00,14.43,21.14,27.77,1013.32,89.31,21.39,4.34,224.82
3005,86980,50.043741,19.966589,201.63,2026-07-01 04:00:00+00:00,2026-07-01 05:00:00+00:00,14.83,21.84,28.83,1013.37,89.13,21.85,5.32,241.48
3006,86980,50.043741,19.966589,201.63,2026-07-01 05:00:00+00:00,2026-07-01 06:00:00+00:00,16.83,25.13,34.16,1013.44,86.5,22.88,5.52,252.33
3007,86980,50.043741,19.966589,201.63,2026-07-01 06:00:00+00:00,2026-07-01 07:00:00+00:00,17.02,25.46,34.37,1013.72,82.75,24.68,7.1,269.72
3008,86980,50.043741,19.966589,201.63,2026-07-01 07:00:00+00:00,2026-07-01 08:00:00+00:00,16.92,24.93,33.33,1013.43,78.94,26.85,8.87,278.75
3009,86980,50.043741,19.966589,201.63,2026-07-01 08:00:00+00:00,2026-07-01 09:00:00+00:00,13.95,19.92,25.29,1012.75,75.5,29.65,8.56,282.1
3010,86980,50.043741,19.966589,201.63,2026-07-01 09:00:00+00:00,2026-07-01 10:00:00+00:00,13.8,19.6,24.69,1012.63,72.81,30.61,6.22,274.96
3011,86980,50.043741,19.966589,201.63,2026-07-01 10:00:00+00:00,2026-07-01 11:00:00+00:00,14.35,20.35,26.29,1012.2,70.88,31.34,5.2,257.75
3012,86980,50.043741,19.966589,201.63,2026-07-01 11:00:00+00:00,2026-07-01 12:00:00+00:00,15.3,21.99,28.91,1011.54,70.0,31.16,6.03,265.47
3013,86980,50.043741,19.966589,201.63,2026-07-01 12:00:00+00:00,2026-07-01 13:00:00+00:00,15.48,22.3,29.5,1010.88,70.31,31.05,6.13,231.05
3014,86980,50.043741,19.966589,201.63,2026-07-01 13:00:00+00:00,2026-07-01 14:00:00+00:00,16.21,23.44,31.11,1010.26,71.06,30.98,8.41,175.51
3015,86980,50.043741,19.966589,201.63,2026-07-01 14:00:00+00:00,2026-07-01 15:00:00+00:00,16.36,23.95,31.98,1010.23,71.75,30.18,8.7,146.75
3016,86980,50.043741,19.966589,201.63,2026-07-01 15:00:00+00:00,2026-07-01 16:00:00+00:00,12.68,18.16,22.55,1010.45,72.25,28.95,9.16,150.0
3017,86980,50.043741,19.966589,201.63,2026-07-01 16:00:00+00:00,2026-07-01 17:00:00+00:00,5.06,7.19,8.57,1010.09,77.75,26.21,8.14,308.16
3018,86980,50.043741,19.966589,201.63,2026-07-01 17:00:00+00:00,2026-07-01 18:00:00+00:00,5.74,8.07,9.69,1010.81,81.0,24.76,14.33,288.26
3019,86980,50.043741,19.966589,201.63,2026-07-01 18:00:00+00:00,2026-07-01 19:00:00+00:00,7.05,10.17,12.3,1012.59,83.13,23.11,11.78,278.29
3020,86980,50.043741,19.966589,201.63,2026-07-01 19:00:00+00:00,2026-07-01 20:00:00+00:00,8.52,12.18,14.68,1014.26,85.56,22.0,10.25,264.17
3021,86980,50.043741,19.966589,201.63,2026-07-01 20:00:00+00:00,2026-07-01 21:00:00+00:00,9.24,13.39,16.1,1014.63,87.63,21.25,8.88,258.96
3022,86980,50.043741,19.966589,201.63,2026-07-01 21:00:00+00:00,2026-07-01 22:00:00+00:00,8.85,12.68,15.24,1014.2,87.38,20.81,10.69,265.8
3023,86980,50.043741,19.966589,201.63,2026-07-01 22:00:00+00:00,2026-07-01 23:00:00+00:00,8.06,11.51,13.72,1013.79,88.5,20.07,11.13,275.34
3024,36742,50.141017,19.863014,316.2,2026-06-30 23:00:00+00:00,2026-07-01 00:00:00+00:00,,,,,,,,
3025,36742,50.141017,19.863014,316.2,2026-07-01 00:00:00+00:00,2026-07-01 01:00:00+00:00,,,,,,,,
3026,36742,50.141017,19.863014,316.2,2026-07-01 01:00:00+00:00,2026-07-01 02:00:00+00:00,,,,,,,,
3027,36742,50.141017,19.863014,316.2,2026-07-01 02:00:00+00:00,2026-07-01 03:00:00+00:00,,,,,,,,
3028,36742,50.141017,19.863014,316.2,2026-07-01 03:00:00+00:00,2026-07-01 04:00:00+00:00,,,,,,,,
3029,36742,50.141017,19.863014,316.2,2026-07-01 04:00:00+00:00,2026-07-01 05:00:00+00:00,,,,,,,,
3030,36742,50.141017,19.863014,316.2,2026-07-01 05:00:00+00:00,2026-07-01 06:00:00+00:00,,,,,,,,
3031,36742,50.141017,19.863014,316.2,2026-07-01 06:00:00+00:00,2026-07-01 07:00:00+00:00,,,,,,,,
3032,36742,50.141017,19.863014,316.2,2026-07-01 07:00:00+00:00,2026-07-01 08:00:00+00:00,,,,,,,,
3033,36742,50.141017,19.863014,316.2,2026-07-01 08:00:00+00:00,2026-07-01 09:00:00+00:00,,,,,,,,
3034,36742,50.141017,19.863014,316.2,2026-07-01 09:00:00+00:00,2026-07-01 10:00:00+00:00,,,,,,,,
3035,36742,50.141017,19.863014,316.2,2026-07-01 10:00:00+00:00,2026-07-01 11:00:00+00:00,,,,,,,,
3036,36742,50.141017,19.863014,316.2,2026-07-01 11:00:00+00:00,2026-07-01 12:00:00+00:00,,,,,,,,
3037,36742,50.141017,19.863014,316.2,2026-07-01 12:00:00+00:00,2026-07-01 13:00:00+00:00,,,,,,,,
3038,36742,50.141017,19.863014,316.2,2026-07-01 13:00:00+00:00,2026-07-01 14:00:00+00:00,,,,,,,,
3039,36742,50.141017,19.863014,316.2,2026-07-01 14:00:00+00:00,2026-07-01 15:00:00+00:00,,,,,,,,
3040,36742,50.141017,19.863014,316.2,2026-07-01 15:00:00+00:00,2026-07-01 16:00:00+00:00,,,,,,,,
3041,36742,50.141017,19.863014,316.2,2026-07-01 16:00:00+00:00,2026-07-01 17:00:00+00:00,,,,,,,,
3042,36742,50.141017,19.863014,316.2,2026-07-01 17:00:00+00:00,2026-07-01 18:00:00+00:00,,,,,,,,
3043,36742,50.141017,19.863014,316.2,2026-07-01 18:00:00+00:00,2026-07-01 19:00:00+00:00,,,,,,,,
3044,36742,50.141017,19.863014,316.2,2026-07-01 19:00:00+00:00,2026-07-01 20:00:00+00:00,,,,,,,,
3045,36742,50.141017,19.863014,316.2,2026-07-01 20:00:00+00:00,2026-07-01 21:00:00+00:00,,,,,,,,
3046,36742,50.141017,19.863014,316.2,2026-07-01 21:00:00+00:00,2026-07-01 22:00:00+00:00,,,,,,,,
3047,36742,50.141017,19.863014,316.2,2026-07-01 22:00:00+00:00,2026-07-01 23:00:00+00:00,,,,,,,,
3048,86934,50.062418,19.928368,209.42,2026-06-30 23:00:00+00:00,2026-07-01 00:00:00+00:00,11.06,14.97,18.76,1014.06,72.6,21.55,4.72,99.99
3049,86934,50.062418,19.928368,209.42,2026-07-01 00:00:00+00:00,2026-07-01 01:00:00+00:00,11.92,17.27,22.09,1013.76,73.22,21.13,3.99,106.05
3050,86934,50.062418,19.928368,209.42,2026-07-01 01:00:00+00:00,2026-07-01 02:00:00+00:00,12.05,17.25,22.07,1013.15,75.43,20.87,2.99,118.83
3051,86934,50.062418,19.928368,209.42,2026-07-01 02:00:00+00:00,2026-07-01 03:00:00+00:00,12.88,18.81,24.88,1012.68,78.15,20.34,3.03,191.49
3052,86934,50.062418,19.928368,209.42,2026-07-01 03:00:00+00:00,2026-07-01 04:00:00+00:00,12.37,18.16,23.49,1012.81,80.03,20.0,4.79,236.33
3053,86934,50.062418,19.928368,209.42,2026-07-01 04:00:00+00:00,2026-07-01 05:00:00+00:00,12.67,18.41,24.29,1012.83,78.37,20.63,5.45,241.74
3054,86934,50.062418,19.928368,209.42,2026-07-01 05:00:00+00:00,2026-07-01 06:00:00+00:00,14.13,20.24,28.04,1012.89,76.0,21.34,5.88,249.8
3055,86934,50.062418,19.928368,209.42,2026-07-01 06:00:00+00:00,2026-07-01 07:00:00+00:00,14.15,20.36,28.55,1013.12,69.8,23.1,7.68,268.91
3056,86934,50.062418,19.928368,209.42,2026-07-01 07:00:00+00:00,2026-07-01 08:00:00+00:00,13.49,19.26,27.02,1012.8,65.75,24.25,9.23,277.49
3057,86934,50.062418,19.928368,209.42,2026-07-01 08:00:00+00:00,2026-07-01 09:00:00+00:00,11.02,15.52,21.21,1012.13,62.17,25.33,8.44,277.51
3058,86934,50.062418,19.928368,209.42,2026-07-01 09:00:00+00:00,2026-07-01 10:00:00+00:00,11.41,16.04,22.03,1011.95,57.94,26.55,6.03,278.29
3059,86934,50.062418,19.928368,209.42,2026-07-01 10:00:00+00:00,2026-07-01 11:00:00+00:00,11.47,16.15,22.2,1011.56,55.24,27.2,4.89,267.51
3060,86934,50.062418,19.928368,209.42,2026-07-01 11:00:00+00:00,2026-07-01 12:00:00+00:00,12.7,18.27,25.29,1010.88,54.77,27.1,6.08,280.5
3061,86934,50.062418,19.928368,209.42,2026-07-01 12:00:00+00:00,2026-07-01 13:00:00+00:00,13.42,19.47,27.16,1010.27,53.62,27.18,2.88,319.25
3062,86934,50.062418,19.928368,209.42,2026-07-01 13:00:00+00:00,2026-07-01 14:00:00+00:00,14.34,20.54,28.85,1009.7,52.37,27.49,7.1,110.23
3063,86934,50.062418,19.928368,209.42,2026-07-01 14:00:00+00:00,2026-07-01 15:00:00+00:00,14.4,20.73,29.1,1009.71,56.9,26.77,8.84,157.37
3064,86934,50.062418,19.928368,209.42,2026-07-01 15:00:00+00:00,2026-07-01 16:00:00+00:00,9.49,13.49,17.41,1010.05,59.26,26.12,5.62,174.09
3065,86934,50.062418,19.928368,209.42,2026-07-01 16:00:00+00:00,2026-07-01 17:00:00+00:00,4.69,6.59,8.32,1009.78,63.0,24.85,8.89,299.19
3066,86934,50.062418,19.928368,209.42,2026-07-01 17:00:00+00:00,2026-07-01 18:00:00+00:00,5.32,7.15,9.02,1010.34,67.16,23.47,12.26,288.08
3067,86934,50.062418,19.928368,209.42,2026-07-01 18:00:00+00:00,2026-07-01 19:00:00+00:00,5.92,8.07,10.05,1012.13,71.74,22.12,11.39,265.99
3068,86934,50.062418,19.928368,209.42,2026-07-01 19:00:00+00:00,2026-07-01 20:00:00+00:00,6.81,9.3,11.83,1013.74,74.29,21.64,10.27,260.0
3069,86934,50.062418,19.928368,209.42,2026-07-01 20:00:00+00:00,2026-07-01 21:00:00+00:00,7.52,10.22,13.2,1014.25,75.96,21.13,9.41,261.61
3070,86934,50.062418,19.928368,209.42,2026-07-01 21:00:00+00:00,2026-07-01 22:00:00+00:00,7.34,9.93,12.58,1013.88,76.86,20.4,10.54,265.37
3071,86934,50.062418,19.928368,209.42,2026-07-01 22:00:00+00:00,2026-07-01 23:00:00+00:00,6.5,8.74,10.98,1013.45,78.63,19.83,11.01,273.44
3072,7456,50.11677,19.965575,276.62,2026-06-30 23:00:00+00:00,2026-07-01 00:00:00+00:00,10.16,15.13,17.16,1012.37,83.88,23.44,4.18,103.88
3073,7456,50.11677,19.965575,276.62,2026-07-01 00:00:00+00:00,2026-07-01 01:00:00+00:00,10.89,16.06,18.25,1012.06,84.56,23.34,3.52,110.1
3074,7456,50.11677,19.965575,276.62,2026-07-01 01:00:00+00:00,2026-07-01 02:00:00+00:00,11.41,17.01,19.49,1011.43,85.63,22.85,2.9,137.55
3075,7456,50.11677,19.965575,276.62,2026-07-01 02:00:00+00:00,2026-07-01 03:00:00+00:00,12.0,18.09,21.18,1010.97,87.75,22.2,3.25,199.11
3076,7456,50.11677,19.965575,276.62,2026-07-01 03:00:00+00:00,2026-07-01 04:00:00+00:00,12.14,18.59,22.04,1011.02,89.5,21.69,4.93,232.34
3077,7456,50.11677,19.965575,276.62,2026-07-01 04:00:00+00:00,2026-07-01 05:00:00+00:00,12.64,19.22,23.31,1011.02,88.56,22.57,5.45,243.39
3078,7456,50.11677,19.965575,276.62,2026-07-01 05:00:00+00:00,2026-07-01 06:00:00+00:00,14.02,21.54,27.52,1011.11,85.69,23.96,5.83,255.65
3079,7456,50.11677,19.965575,276.62,2026-07-01 06:00:00+00:00,2026-07-01 07:00:00+00:00,14.77,22.68,29.49,1011.36,81.94,25.27,7.47,271.57
3080,7456,50.11677,19.965575,276.62,2026-07-01 07:00:00+00:00,2026-07-01 08:00:00+00:00,14.44,21.87,27.68,1011.15,78.5,26.67,9.07,280.49
3081,7456,50.11677,19.965575,276.62,2026-07-01 08:00:00+00:00,2026-07-01 09:00:00+00:00,11.6,17.24,20.11,1010.61,75.5,28.24,8.16,283.29
3082,7456,50.11677,19.965575,276.62,2026-07-01 09:00:00+00:00,2026-07-01 10:00:00+00:00,8.59,12.42,14.15,1010.51,72.42,29.39,5.97,276.78
3083,7456,50.11677,19.965575,276.62,2026-07-01 10:00:00+00:00,2026-07-01 11:00:00+00:00,10.2,14.94,17.12,1010.14,70.44,30.13,5.18,266.0
3084,7456,50.11677,19.965575,276.62,2026-07-01 11:00:00+00:00,2026-07-01 12:00:00+00:00,11.93,17.84,20.7,1009.46,70.31,30.18,5.94,276.6
3085,7456,50.11677,19.965575,276.62,2026-07-01 12:00:00+00:00,2026-07-01 13:00:00+00:00,12.85,19.2,23.03,1008.79,69.5,30.36,0.86,324.3
3086,7456,50.11677,19.965575,276.62,2026-07-01 13:00:00+00:00,2026-07-01 14:00:00+00:00,13.82,20.71,25.82,1008.19,69.31,30.62,6.76,126.73
3087,7456,50.11677,19.965575,276.62,2026-07-01 14:00:00+00:00,2026-07-01 15:00:00+00:00,14.21,21.38,27.12,1008.05,72.13,30.17,8.66,156.42
3088,7456,50.11677,19.965575,276.62,2026-07-01 15:00:00+00:00,2026-07-01 16:00:00+00:00,8.46,12.56,14.2,1008.18,74.25,28.79,3.71,197.7
3089,7456,50.11677,19.965575,276.62,2026-07-01 16:00:00+00:00,2026-07-01 17:00:00+00:00,3.9,5.78,6.67,1007.96,75.26,26.94,9.86,294.86
3090,7456,50.11677,19.965575,276.62,2026-07-01 17:00:00+00:00,2026-07-01 18:00:00+00:00,4.89,7.4,8.53,1008.47,78.23,24.9,11.06,290.83
3091,7456,50.11677,19.965575,276.62,2026-07-01 18:00:00+00:00,2026-07-01 19:00:00+00:00,5.4,8.17,9.32,1010.22,83.56,23.45,11.36,271.31
3092,7456,50.11677,19.965575,276.62,2026-07-01 19:00:00+00:00,2026-07-01 20:00:00+00:00,5.32,8.05,9.26,1011.89,86.06,22.57,9.97,262.78
3093,7456,50.11677,19.965575,276.62,2026-07-01 20:00:00+00:00,2026-07-01 21:00:00+00:00,7.22,11.34,13.07,1012.33,86.5,21.89,9.88,264.9
3094,7456,50.11677,19.965575,276.62,2026-07-01 21:00:00+00:00,2026-07-01 22:00:00+00:00,7.04,10.97,12.57,1012.0,87.13,20.79,10.81,267.27
3095,7456,50.11677,19.965575,276.62,2026-07-01 22:00:00+00:00,2026-07-01 23:00:00+00:00,6.51,9.92,11.44,1011.57,88.31,19.88,10.98,275.34
3096,36605,50.118583,19.926746,235.49,2026-06-30 23:00:00+00:00,2026-07-01 00:00:00+00:00,10.09,14.87,17.0,1014.57,83.88,22.43,4.77,99.61
3097,36605,50.118583,19.926746,235.49,2026-07-01 00:00:00+00:00,2026-07-01 01:00:00+00:00,10.03,15.26,17.53,1014.34,84.25,21.89,4.01,105.86
3098,36605,50.118583,19.926746,235.49,2026-07-01 01:00:00+00:00,2026-07-01 02:00:00+00:00,9.95,15.11,17.24,1013.67,86.13,21.62,3.03,118.03
3099,36605,50.118583,19.926746,235.49,2026-07-01 02:00:00+00:00,2026-07-01 03:00:00+00:00,10.45,15.99,18.37,1013.18,88.38,20.99,2.93,188.81
3100,36605,50.118583,19.926746,235.49,2026-07-01 03:00:00+00:00,2026-07-01 04:00:00+00:00,10.99,16.67,19.1,1013.22,90.0,20.61,4.72,235.47
3101,36605,50.118583,19.926746,235.49,2026-07-01 04:00:00+00:00,2026-07-01 05:00:00+00:00,11.43,17.69,20.59,1013.21,89.0,21.65,5.44,241.68
3102,36605,50.118583,19.926746,235.49,2026-07-01 05:00:00+00:00,2026-07-01 06:00:00+00:00,13.22,20.09,24.63,1013.21,87.44,23.18,5.81,248.57
3103,36605,50.118583,19.926746,235.49,2026-07-01 06:00:00+00:00,2026-07-01 07:00:00+00:00,13.51,20.52,25.63,1013.36,82.56,26.93,7.59,268.22
3104,36605,50.118583,19.926746,235.49,2026-07-01 07:00:00+00:00,2026-07-01 08:00:00+00:00,12.96,18.81,23.36,1012.98,79.19,28.3,9.23,277.5
3105,36605,50.118583,19.926746,235.49,2026-07-01 08:00:00+00:00,2026-07-01 09:00:00+00:00,9.86,13.23,14.84,1012.19,76.56,30.68,8.6,277.18
3106,36605,50.118583,19.926746,235.49,2026-07-01 09:00:00+00:00,2026-07-01 10:00:00+00:00,6.84,9.19,10.4,1012.11,72.91,32.51,6.15,278.97
3107,36605,50.118583,19.926746,235.49,2026-07-01 10:00:00+00:00,2026-07-01 11:00:00+00:00,8.18,11.07,12.41,1011.89,68.76,32.13,4.82,267.16
3108,36605,50.118583,19.926746,235.49,2026-07-01 11:00:00+00:00,2026-07-01 12:00:00+00:00,10.9,15.87,17.98,1011.37,67.25,31.11,6.05,279.11
3109,36605,50.118583,19.926746,235.49,2026-07-01 12:00:00+00:00,2026-07-01 13:00:00+00:00,11.67,17.03,19.48,1010.66,67.18,31.12,3.42,313.02
3110,36605,50.118583,19.926746,235.49,2026-07-01 13:00:00+00:00,2026-07-01 14:00:00+00:00,12.5,18.09,21.2,1010.04,65.85,31.56,7.21,106.88
3111,36605,50.118583,19.926746,235.49,2026-07-01 14:00:00+00:00,2026-07-01 15:00:00+00:00,12.97,19.68,23.92,1009.94,71.59,30.18,8.75,157.17
3112,36605,50.118583,19.926746,235.49,2026-07-01 15:00:00+00:00,2026-07-01 16:00:00+00:00,8.71,13.07,14.99,1010.18,70.67,28.2,4.72,180.54
3113,36605,50.118583,19.926746,235.49,2026-07-01 16:00:00+00:00,2026-07-01 17:00:00+00:00,7.26,10.31,12.39,1010.11,72.75,26.3,9.18,298.76
3114,36605,50.118583,19.926746,235.49,2026-07-01 17:00:00+00:00,2026-07-01 18:00:00+00:00,4.9,7.43,8.65,1010.52,78.39,24.54,12.17,286.53
3115,36605,50.118583,19.926746,235.49,2026-07-01 18:00:00+00:00,2026-07-01 19:00:00+00:00,5.37,8.2,9.56,1012.27,83.75,22.89,11.3,265.58
3116,36605,50.118583,19.926746,235.49,2026-07-01 19:00:00+00:00,2026-07-01 20:00:00+00:00,4.49,6.73,7.89,1013.94,85.75,22.33,10.27,260.0
3117,36605,50.118583,19.926746,235.49,2026-07-01 20:00:00+00:00,2026-07-01 21:00:00+00:00,5.95,9.18,10.64,1014.49,87.0,21.56,9.4,261.64
3118,36605,50.118583,19.926746,235.49,2026-07-01 21:00:00+00:00,2026-07-01 22:00:00+00:00,6.67,10.32,12.02,1014.2,87.25,20.67,10.56,265.42
3119,36605,50.118583,19.926746,235.49,2026-07-01 22:00:00+00:00,2026-07-01 23:00:00+00:00,5.99,9.04,10.48,1013.77,88.5,19.98,11.01,273.53
3120,36480,49.981311,19.877832,255.63,2026-06-30 23:00:00+00:00,2026-07-01 00:00:00+00:00,,,,,,,,
3121,36480,49.981311,19.877832,255.63,2026-07-01 00:00:00+00:00,2026-07-01 01:00:00+00:00,,,,,,,,
3122,36480,49.981311,19.877832,255.63,2026-07-01 01:00:00+00:00,2026-07-01 02:00:00+00:00,,,,,,,,
3123,36480,49.981311,19.877832,255.63,2026-07-01 02:00:00+00:00,2026-07-01 03:00:00+00:00,,,,,,,,
3124,36480,49.981311,19.877832,255.63,2026-07-01 03:00:00+00:00,2026-07-01 04:00:00+00:00,,,,,,,,
3125,36480,49.981311,19.877832,255.63,2026-07-01 04:00:00+00:00,2026-07-01 05:00:00+00:00,,,,,,,,
3126,36480,49.981311,19.877832,255.63,2026-07-01 05:00:00+00:00,2026-07-01 06:00:00+00:00,,,,,,,,
3127,36480,49.981311,19.877832,255.63,2026-07-01 06:00:00+00:00,2026-07-01 07:00:00+00:00,,,,,,,,
3128,36480,49.981311,19.877832,255.63,2026-07-01 07:00:00+00:00,2026-07-01 08:00:00+00:00,,,,,,,,
3129,36480,49.981311,19.877832,255.63,2026-07-01 08:00:00+00:00,2026-07-01 09:00:00+00:00,,,,,,,,
3130,36480,49.981311,19.877832,255.63,2026-07-01 09:00:00+00:00,2026-07-01 10:00:00+00:00,,,,,,,,
3131,36480,49.981311,19.877832,255.63,2026-07-01 10:00:00+00:00,2026-07-01 11:00:00+00:00,,,,,,,,
3132,36480,49.981311,19.877832,255.63,2026-07-01 11:00:00+00:00,2026-07-01 12:00:00+00:00,,,,,,,,
3133,36480,49.981311,19.877832,255.63,2026-07-01 12:00:00+00:00,2026-07-01 13:00:00+00:00,,,,,,,,
3134,36480,49.981311,19.877832,255.63,2026-07-01 13:00:00+00:00,2026-07-01 14:00:00+00:00,,,,,,,,
3135,36480,49.981311,19.877832,255.63,2026-07-01 14:00:00+00:00,2026-07-01 15:00:00+00:00,,,,,,,,
3136,36480,49.981311,19.877832,255.63,2026-07-01 15:00:00+00:00,2026-07-01 16:00:00+00:00,,,,,,,,
3137,36480,49.981311,19.877832,255.63,2026-07-01 16:00:00+00:00,2026-07-01 17:00:00+00:00,,,,,,,,
3138,36480,49.981311,19.877832,255.63,2026-07-01 17:00:00+00:00,2026-07-01 18:00:00+00:00,,,,,,,,
3139,36480,49.981311,19.877832,255.63,2026-07-01 18:00:00+00:00,2026-07-01 19:00:00+00:00,,,,,,,,
3140,36480,49.981311,19.877832,255.63,2026-07-01 19:00:00+00:00,2026-07-01 20:00:00+00:00,,,,,,,,
3141,36480,49.981311,19.877832,255.63,2026-07-01 20:00:00+00:00,2026-07-01 21:00:00+00:00,,,,,,,,
3142,36480,49.981311,19.877832,255.63,2026-07-01 21:00:00+00:00,2026-07-01 22:00:00+00:00,,,,,,,,
3143,36480,49.981311,19.877832,255.63,2026-07-01 22:00:00+00:00,2026-07-01 23:00:00+00:00,,,,,,,,
3144,6070,50.118809,20.009399,270.61,2026-06-30 23:00:00+00:00,2026-07-01 00:00:00+00:00,11.51,16.55,18.89,1016.95,82.21,23.61,4.26,103.72
3145,6070,50.118809,20.009399,270.61,2026-07-01 00:00:00+00:00,2026-07-01 01:00:00+00:00,12.29,18.22,21.26,1016.65,83.49,23.25,3.52,110.1
3146,6070,50.118809,20.009399,270.61,2026-07-01 01:00:00+00:00,2026-07-01 02:00:00+00:00,12.81,19.03,22.72,1016.07,85.25,22.66,2.9,137.55
3147,6070,50.118809,20.009399,270.61,2026-07-01 02:00:00+00:00,2026-07-01 03:00:00+00:00,13.3,19.9,24.49,1015.58,87.75,21.93,3.25,199.11
3148,6070,50.118809,20.009399,270.61,2026-07-01 03:00:00+00:00,2026-07-01 04:00:00+00:00,13.7,20.71,25.97,1015.59,89.5,21.44,4.93,232.34
3149,6070,50.118809,20.009399,270.61,2026-07-01 04:00:00+00:00,2026-07-01 05:00:00+00:00,14.1,21.39,27.38,1015.64,88.56,22.37,5.45,243.39
3150,6070,50.118809,20.009399,270.61,2026-07-01 05:00:00+00:00,2026-07-01 06:00:00+00:00,15.27,23.32,30.47,1015.69,85.67,23.83,5.83,255.65
3151,6070,50.118809,20.009399,270.61,2026-07-01 06:00:00+00:00,2026-07-01 07:00:00+00:00,16.88,25.83,34.22,1015.97,81.79,25.23,7.47,271.57
3152,6070,50.118809,20.009399,270.61,2026-07-01 07:00:00+00:00,2026-07-01 08:00:00+00:00,16.42,24.91,32.72,1015.73,77.72,26.78,9.07,280.49
3153,6070,50.118809,20.009399,270.61,2026-07-01 08:00:00+00:00,2026-07-01 09:00:00+00:00,13.18,19.43,23.55,1015.14,73.78,28.99,8.33,283.44
3154,6070,50.118809,20.009399,270.61,2026-07-01 09:00:00+00:00,2026-07-01 10:00:00+00:00,11.01,15.34,17.27,1015.07,68.03,30.47,6.16,277.95
3155,6070,50.118809,20.009399,270.61,2026-07-01 10:00:00+00:00,2026-07-01 11:00:00+00:00,12.06,17.32,19.9,1014.7,64.86,31.12,5.09,266.0
3156,6070,50.118809,20.009399,270.61,2026-07-01 11:00:00+00:00,2026-07-01 12:00:00+00:00,13.14,19.44,23.73,1014.05,65.77,31.32,5.9,274.53
3157,6070,50.118809,20.009399,270.61,2026-07-01 12:00:00+00:00,2026-07-01 13:00:00+00:00,13.67,20.54,25.72,1013.38,65.73,31.33,1.9,301.77
3158,6070,50.118809,20.009399,270.61,2026-07-01 13:00:00+00:00,2026-07-01 14:00:00+00:00,15.58,23.18,30.06,1012.82,63.79,31.23,6.78,121.27
3159,6070,50.118809,20.009399,270.61,2026-07-01 14:00:00+00:00,2026-07-01 15:00:00+00:00,15.67,23.42,30.41,1012.62,67.87,30.42,8.57,157.11
3160,6070,50.118809,20.009399,270.61,2026-07-01 15:00:00+00:00,2026-07-01 16:00:00+00:00,11.24,16.54,19.49,1012.77,66.89,28.5,4.47,180.34
3161,6070,50.118809,20.009399,270.61,2026-07-01 16:00:00+00:00,2026-07-01 17:00:00+00:00,4.75,6.84,7.8,1012.49,66.86,26.4,9.74,293.74
3162,6070,50.118809,20.009399,270.61,2026-07-01 17:00:00+00:00,2026-07-01 18:00:00+00:00,6.03,8.69,10.03,1012.94,71.07,24.76,10.96,293.0
3163,6070,50.118809,20.009399,270.61,2026-07-01 18:00:00+00:00,2026-07-01 19:00:00+00:00,6.97,10.14,11.67,1014.69,78.22,23.13,11.51,272.51
3164,6070,50.118809,20.009399,270.61,2026-07-01 19:00:00+00:00,2026-07-01 20:00:00+00:00,7.66,11.13,12.79,1016.41,84.79,22.1,10.06,262.62
3165,6070,50.118809,20.009399,270.61,2026-07-01 20:00:00+00:00,2026-07-01 21:00:00+00:00,9.47,14.14,16.48,1016.73,86.5,21.44,9.77,264.73
3166,6070,50.118809,20.009399,270.61,2026-07-01 21:00:00+00:00,2026-07-01 22:00:00+00:00,9.09,13.4,15.63,1016.36,87.0,20.31,10.79,267.01
3167,6070,50.118809,20.009399,270.61,2026-07-01 22:00:00+00:00,2026-07-01 23:00:00+00:00,8.05,11.72,13.6,1015.91,88.25,19.57,10.97,274.08
3168,90353,50.094727,19.770384,289.81,2026-06-30 23:00:00+00:00,2026-07-01 00:00:00+00:00,9.5,14.66,16.84,1015.43,85.0,22.34,4.2,99.0
3169,90353,50.094727,19.770384,289.81,2026-07-01 00:00:00+00:00,2026-07-01 01:00:00+00:00,10.16,15.66,18.13,1015.22,85.0,22.18,4.2,99.0
3170,90353,50.094727,19.770384,289.81,2026-07-01 01:00:00+00:00,2026-07-01 02:00:00+00:00,10.79,16.4,18.93,1014.55,86.25,21.93,2.89,111.94
3171,90353,50.094727,19.770384,289.81,2026-07-01 02:00:00+00:00,2026-07-01 03:00:00+00:00,11.18,17.26,20.07,1014.13,87.75,21.08,2.55,177.52
3172,90353,50.094727,19.770384,289.81,2026-07-01 03:00:00+00:00,2026-07-01 04:00:00+00:00,11.58,17.9,21.15,1014.2,90.7,20.45,4.6,243.47
3173,90353,50.094727,19.770384,289.81,2026-07-01 04:00:00+00:00,2026-07-01 05:00:00+00:00,12.04,18.73,22.63,1014.13,89.67,21.7,5.5,245.08
3174,90353,50.094727,19.770384,289.81,2026-07-01 05:00:00+00:00,2026-07-01 06:00:00+00:00,13.7,21.51,27.86,1014.28,86.75,23.27,5.8,256.05
3175,90353,50.094727,19.770384,289.81,2026-07-01 06:00:00+00:00,2026-07-01 07:00:00+00:00,14.94,23.27,30.59,1014.65,83.38,24.8,8.16,269.35
3176,90353,50.094727,19.770384,289.81,2026-07-01 07:00:00+00:00,2026-07-01 08:00:00+00:00,12.74,19.74,24.57,1014.18,80.25,26.41,9.26,278.6
3177,90353,50.094727,19.770384,289.81,2026-07-01 08:00:00+00:00,2026-07-01 09:00:00+00:00,10.79,16.32,19.12,1013.69,77.25,28.34,7.97,282.41
3178,90353,50.094727,19.770384,289.81,2026-07-01 09:00:00+00:00,2026-07-01 10:00:00+00:00,10.58,15.66,18.04,1013.52,73.63,29.9,5.51,283.0
3179,90353,50.094727,19.770384,289.81,2026-07-01 10:00:00+00:00,2026-07-01 11:00:00+00:00,10.32,15.39,17.61,1013.15,71.75,30.82,4.07,277.45
3180,90353,50.094727,19.770384,289.81,2026-07-01 11:00:00+00:00,2026-07-01 12:00:00+00:00,9.91,15.0,17.17,1012.46,70.88,30.97,5.84,291.15
3181,90353,50.094727,19.770384,289.81,2026-07-01 12:00:00+00:00,2026-07-01 13:00:00+00:00,10.75,16.15,18.8,1011.82,71.27,31.14,6.64,289.45
3182,90353,50.094727,19.770384,289.81,2026-07-01 13:00:00+00:00,2026-07-01 14:00:00+00:00,11.7,17.54,21.14,1011.13,71.5,31.53,6.84,167.82
3183,90353,50.094727,19.770384,289.81,2026-07-01 14:00:00+00:00,2026-07-01 15:00:00+00:00,11.85,18.0,21.83,1011.41,72.06,29.5,9.73,144.5
3184,90353,50.094727,19.770384,289.81,2026-07-01 15:00:00+00:00,2026-07-01 16:00:00+00:00,7.69,12.54,15.22,1011.29,73.38,28.17,10.06,162.36
3185,90353,50.094727,19.770384,289.81,2026-07-01 16:00:00+00:00,2026-07-01 17:00:00+00:00,4.5,6.9,8.05,1011.34,76.22,26.18,3.85,282.54
3186,90353,50.094727,19.770384,289.81,2026-07-01 17:00:00+00:00,2026-07-01 18:00:00+00:00,5.91,8.68,10.0,1011.41,80.39,23.9,12.01,291.37
3187,90353,50.094727,19.770384,289.81,2026-07-01 18:00:00+00:00,2026-07-01 19:00:00+00:00,6.28,9.6,11.19,1013.05,83.31,22.73,11.61,268.96
3188,90353,50.094727,19.770384,289.81,2026-07-01 19:00:00+00:00,2026-07-01 20:00:00+00:00,6.66,9.98,11.57,1014.83,86.0,22.1,9.94,257.77
3189,90353,50.094727,19.770384,289.81,2026-07-01 20:00:00+00:00,2026-07-01 21:00:00+00:00,6.78,10.29,11.92,1015.58,86.81,21.33,10.03,264.87
3190,90353,50.094727,19.770384,289.81,2026-07-01 21:00:00+00:00,2026-07-01 22:00:00+00:00,6.7,10.33,12.12,1015.33,87.38,20.63,10.5,268.0
3191,90353,50.094727,19.770384,289.81,2026-07-01 22:00:00+00:00,2026-07-01 23:00:00+00:00,6.43,9.75,11.31,1014.74,88.44,19.86,10.63,273.3
3192,86896,50.085346,20.007551,222.43,2026-06-30 23:00:00+00:00,2026-07-01 00:00:00+00:00,10.67,15.69,18.06,1014.27,69.99,23.09,4.34,103.57
3193,86896,50.085346,20.007551,222.43,2026-07-01 00:00:00+00:00,2026-07-01 01:00:00+00:00,11.4,16.77,19.47,1013.92,64.33,23.12,3.55,109.04
3194,86896,50.085346,20.007551,222.43,2026-07-01 01:00:00+00:00,2026-07-01 02:00:00+00:00,12.15,18.18,21.52,1013.36,60.85,22.63,2.96,133.22
3195,86896,50.085346,20.007551,222.43,2026-07-01 02:00:00+00:00,2026-07-01 03:00:00+00:00,12.81,19.26,23.38,1012.82,73.04,22.03,3.13,193.6
3196,86896,50.085346,20.007551,222.43,2026-07-01 03:00:00+00:00,2026-07-01 04:00:00+00:00,13.11,19.79,24.35,1012.9,78.3,21.57,4.87,231.13
3197,86896,50.085346,20.007551,222.43,2026-07-01 04:00:00+00:00,2026-07-01 05:00:00+00:00,13.5,20.45,25.81,1012.99,64.1,22.03,5.44,242.71
3198,86896,50.085346,20.007551,222.43,2026-07-01 05:00:00+00:00,2026-07-01 06:00:00+00:00,14.53,22.15,28.74,1013.0,71.34,23.24,5.76,254.18
3199,86896,50.085346,20.007551,222.43,2026-07-01 06:00:00+00:00,2026-07-01 07:00:00+00:00,16.67,25.8,34.47,1013.25,70.55,24.71,7.24,270.42
3200,86896,50.085346,20.007551,222.43,2026-07-01 07:00:00+00:00,2026-07-01 08:00:00+00:00,19.4,29.53,39.5,1013.05,58.02,26.16,9.08,279.99
3201,86896,50.085346,20.007551,222.43,2026-07-01 08:00:00+00:00,2026-07-01 09:00:00+00:00,15.09,22.75,29.51,1012.41,56.76,27.81,8.33,283.44
3202,86896,50.085346,20.007551,222.43,2026-07-01 09:00:00+00:00,2026-07-01 10:00:00+00:00,12.99,19.23,23.43,1012.24,57.66,29.25,6.16,277.95
3203,86896,50.085346,20.007551,222.43,2026-07-01 10:00:00+00:00,2026-07-01 11:00:00+00:00,14.62,21.85,27.78,1011.82,45.81,30.19,5.09,266.0
3204,86896,50.085346,20.007551,222.43,2026-07-01 11:00:00+00:00,2026-07-01 12:00:00+00:00,16.31,24.41,31.88,1011.15,45.58,30.35,5.9,274.53
3205,86896,50.085346,20.007551,222.43,2026-07-01 12:00:00+00:00,2026-07-01 13:00:00+00:00,18.44,27.72,36.74,1010.48,45.07,30.23,1.9,301.77
3206,86896,50.085346,20.007551,222.43,2026-07-01 13:00:00+00:00,2026-07-01 14:00:00+00:00,19.53,29.53,39.42,1009.9,44.31,30.36,6.78,121.27
3207,86896,50.085346,20.007551,222.43,2026-07-01 14:00:00+00:00,2026-07-01 15:00:00+00:00,18.49,28.1,37.91,1009.75,47.3,29.5,8.57,157.11
3208,86896,50.085346,20.007551,222.43,2026-07-01 15:00:00+00:00,2026-07-01 16:00:00+00:00,17.39,26.43,35.09,1010.0,49.28,28.21,4.47,180.34
3209,86896,50.085346,20.007551,222.43,2026-07-01 16:00:00+00:00,2026-07-01 17:00:00+00:00,12.09,18.34,22.94,1009.71,51.77,26.68,9.74,293.74
3210,86896,50.085346,20.007551,222.43,2026-07-01 17:00:00+00:00,2026-07-01 18:00:00+00:00,6.42,9.72,11.39,1010.28,54.28,25.31,10.96,293.0
3211,86896,50.085346,20.007551,222.43,2026-07-01 18:00:00+00:00,2026-07-01 19:00:00+00:00,9.69,14.8,17.72,1012.15,62.84,23.28,11.51,272.51
3212,86896,50.085346,20.007551,222.43,2026-07-01 19:00:00+00:00,2026-07-01 20:00:00+00:00,11.7,18.07,22.52,1013.77,79.42,22.56,10.06,262.62
3213,86896,50.085346,20.007551,222.43,2026-07-01 20:00:00+00:00,2026-07-01 21:00:00+00:00,8.73,13.7,15.78,1014.21,70.75,21.83,9.77,264.73
3214,86896,50.085346,20.007551,222.43,2026-07-01 21:00:00+00:00,2026-07-01 22:00:00+00:00,8.44,13.17,15.38,1013.95,76.83,20.8,10.79,267.01
3215,86896,50.085346,20.007551,222.43,2026-07-01 22:00:00+00:00,2026-07-01 23:00:00+00:00,7.77,12.04,14.12,1013.66,65.16,20.09,10.97,274.08
3216,36477,50.093582,19.808323,219.85,2026-06-30 23:00:00+00:00,2026-07-01 00:00:00+00:00,10.38,15.14,18.03,1013.77,69.73,22.43,4.98,90.9
3217,36477,50.093582,19.808323,219.85,2026-07-01 00:00:00+00:00,2026-07-01 01:00:00+00:00,10.18,14.87,17.62,1013.56,84.88,22.08,4.25,98.23
3218,36477,50.093582,19.808323,219.85,2026-07-01 01:00:00+00:00,2026-07-01 02:00:00+00:00,10.78,15.79,18.92,1012.93,86.38,21.51,2.77,113.89
3219,36477,50.093582,19.808323,219.85,2026-07-01 02:00:00+00:00,2026-07-01 03:00:00+00:00,11.31,16.71,20.03,1012.53,87.75,20.81,2.55,177.52
3220,36477,50.093582,19.808323,219.85,2026-07-01 03:00:00+00:00,2026-07-01 04:00:00+00:00,11.73,17.59,21.15,1012.6,90.5,20.42,4.33,240.62
3221,36477,50.093582,19.808323,219.85,2026-07-01 04:00:00+00:00,2026-07-01 05:00:00+00:00,12.41,18.5,22.46,1012.56,89.75,21.77,5.45,245.15
3222,36477,50.093582,19.808323,219.85,2026-07-01 05:00:00+00:00,2026-07-01 06:00:00+00:00,14.25,21.58,28.41,1012.67,87.0,23.21,5.77,255.09
3223,36477,50.093582,19.808323,219.85,2026-07-01 06:00:00+00:00,2026-07-01 07:00:00+00:00,15.65,23.5,31.44,1012.99,83.38,24.65,8.16,269.35
3224,36477,50.093582,19.808323,219.85,2026-07-01 07:00:00+00:00,2026-07-01 08:00:00+00:00,13.86,20.58,26.62,1012.57,76.43,26.28,9.26,278.6
3225,36477,50.093582,19.808323,219.85,2026-07-01 08:00:00+00:00,2026-07-01 09:00:00+00:00,10.94,15.71,18.38,1012.0,56.39,28.68,7.97,282.41
3226,36477,50.093582,19.808323,219.85,2026-07-01 09:00:00+00:00,2026-07-01 10:00:00+00:00,10.26,14.41,16.92,1011.78,73.63,30.45,5.51,283.0
3227,36477,50.093582,19.808323,219.85,2026-07-01 10:00:00+00:00,2026-07-01 11:00:00+00:00,10.06,14.07,16.31,1011.4,71.75,31.68,4.07,277.45
3228,36477,50.093582,19.808323,219.85,2026-07-01 11:00:00+00:00,2026-07-01 12:00:00+00:00,9.86,13.75,15.97,1010.72,70.88,32.2,5.84,291.15
3229,36477,50.093582,19.808323,219.85,2026-07-01 12:00:00+00:00,2026-07-01 13:00:00+00:00,11.48,15.99,18.35,1010.01,71.38,32.59,6.71,288.78
3230,36477,50.093582,19.808323,219.85,2026-07-01 13:00:00+00:00,2026-07-01 14:00:00+00:00,12.36,17.62,20.54,1009.17,71.5,32.75,8.01,163.14
3231,36477,50.093582,19.808323,219.85,2026-07-01 14:00:00+00:00,2026-07-01 15:00:00+00:00,12.61,18.61,23.26,1009.58,71.96,29.61,9.73,144.5
3232,36477,50.093582,19.808323,219.85,2026-07-01 15:00:00+00:00,2026-07-01 16:00:00+00:00,8.1,11.93,14.46,1009.58,72.95,27.78,10.06,162.36
3233,36477,50.093582,19.808323,219.85,2026-07-01 16:00:00+00:00,2026-07-01 17:00:00+00:00,4.49,6.71,8.27,1009.56,75.52,25.96,3.85,282.54
3234,36477,50.093582,19.808323,219.85,2026-07-01 17:00:00+00:00,2026-07-01 18:00:00+00:00,5.65,8.59,10.44,1009.81,80.13,23.85,12.01,291.37
3235,36477,50.093582,19.808323,219.85,2026-07-01 18:00:00+00:00,2026-07-01 19:00:00+00:00,5.81,8.78,10.57,1011.45,81.44,22.65,11.36,266.37
3236,36477,50.093582,19.808323,219.85,2026-07-01 19:00:00+00:00,2026-07-01 20:00:00+00:00,6.88,10.3,12.66,1013.2,62.44,22.06,9.94,257.77
3237,36477,50.093582,19.808323,219.85,2026-07-01 20:00:00+00:00,2026-07-01 21:00:00+00:00,7.02,10.7,13.01,1013.98,86.71,21.46,10.03,264.87
3238,36477,50.093582,19.808323,219.85,2026-07-01 21:00:00+00:00,2026-07-01 22:00:00+00:00,7.04,10.62,13.11,1013.66,73.27,20.32,10.5,268.0
3239,36477,50.093582,19.808323,219.85,2026-07-01 22:00:00+00:00,2026-07-01 23:00:00+00:00,6.43,9.87,12.18,1013.17,63.7,19.6,10.63,273.3
3240,335,50.160854,19.99761,249.72,2026-06-30 23:00:00+00:00,2026-07-01 00:00:00+00:00,12.63,17.86,22.31,1014.35,59.53,22.11,4.58,102.31
3241,335,50.160854,19.99761,249.72,2026-07-01 00:00:00+00:00,2026-07-01 01:00:00+00:00,12.49,17.55,21.97,1014.08,59.64,21.87,3.36,111.13
3242,335,50.160854,19.99761,249.72,2026-07-01 01:00:00+00:00,2026-07-01 02:00:00+00:00,12.6,17.85,22.49,1013.47,61.11,21.34,3.23,139.61
3243,335,50.160854,19.99761,249.72,2026-07-01 02:00:00+00:00,2026-07-01 03:00:00+00:00,12.72,18.02,22.83,1013.03,62.64,20.64,2.69,175.97
3244,335,50.160854,19.99761,249.72,2026-07-01 03:00:00+00:00,2026-07-01 04:00:00+00:00,13.06,18.75,24.16,1013.03,65.45,20.09,5.2,236.0
3245,335,50.160854,19.99761,249.72,2026-07-01 04:00:00+00:00,2026-07-01 05:00:00+00:00,13.89,20.16,26.88,1012.9,63.26,21.2,5.62,236.19
3246,335,50.160854,19.99761,249.72,2026-07-01 05:00:00+00:00,2026-07-01 06:00:00+00:00,15.49,22.68,31.31,1012.84,61.71,22.76,4.96,247.67
3247,335,50.160854,19.99761,249.72,2026-07-01 06:00:00+00:00,2026-07-01 07:00:00+00:00,17.46,25.78,36.14,1013.06,57.22,24.39,7.59,270.38
3248,335,50.160854,19.99761,249.72,2026-07-01 07:00:00+00:00,2026-07-01 08:00:00+00:00,15.37,22.27,30.26,1012.65,54.29,26.22,10.18,284.0
3249,335,50.160854,19.99761,249.72,2026-07-01 08:00:00+00:00,2026-07-01 09:00:00+00:00,12.54,17.14,21.52,1011.96,50.57,28.22,8.72,283.0
3250,335,50.160854,19.99761,249.72,2026-07-01 09:00:00+00:00,2026-07-01 10:00:00+00:00,11.39,15.29,18.47,1011.8,48.37,29.58,6.12,283.0
3251,335,50.160854,19.99761,249.72,2026-07-01 10:00:00+00:00,2026-07-01 11:00:00+00:00,12.46,17.31,21.37,1011.13,45.48,31.08,4.1,231.74
3252,335,50.160854,19.99761,249.72,2026-07-01 11:00:00+00:00,2026-07-01 12:00:00+00:00,12.21,16.8,20.62,1010.38,45.42,31.45,7.56,265.25
3253,335,50.160854,19.99761,249.72,2026-07-01 12:00:00+00:00,2026-07-01 13:00:00+00:00,12.3,17.24,21.45,1009.8,46.12,31.27,8.83,243.23
3254,335,50.160854,19.99761,249.72,2026-07-01 13:00:00+00:00,2026-07-01 14:00:00+00:00,13.41,18.49,23.95,1009.11,42.73,32.59,7.22,124.72
3255,335,50.160854,19.99761,249.72,2026-07-01 14:00:00+00:00,2026-07-01 15:00:00+00:00,15.12,21.6,29.25,1009.29,46.9,30.02,7.19,139.1
3256,335,50.160854,19.99761,249.72,2026-07-01 15:00:00+00:00,2026-07-01 16:00:00+00:00,13.21,18.84,24.26,1009.75,49.35,27.87,8.52,163.8
3257,335,50.160854,19.99761,249.72,2026-07-01 16:00:00+00:00,2026-07-01 17:00:00+00:00,7.7,10.54,13.14,1009.97,52.37,25.6,4.88,289.0
3258,335,50.160854,19.99761,249.72,2026-07-01 17:00:00+00:00,2026-07-01 18:00:00+00:00,6.75,9.21,11.47,1010.45,55.63,23.99,11.68,292.41
3259,335,50.160854,19.99761,249.72,2026-07-01 18:00:00+00:00,2026-07-01 19:00:00+00:00,6.8,9.33,11.73,1012.24,58.62,22.56,11.04,271.13
3260,335,50.160854,19.99761,249.72,2026-07-01 19:00:00+00:00,2026-07-01 20:00:00+00:00,6.81,9.26,11.54,1014.07,61.05,21.56,10.09,262.33
3261,335,50.160854,19.99761,249.72,2026-07-01 20:00:00+00:00,2026-07-01 21:00:00+00:00,7.27,9.88,12.22,1014.6,61.75,20.78,10.16,265.45
3262,335,50.160854,19.99761,249.72,2026-07-01 21:00:00+00:00,2026-07-01 22:00:00+00:00,10.25,14.37,18.12,1014.31,62.24,20.17,10.82,267.68
3263,335,50.160854,19.99761,249.72,2026-07-01 22:00:00+00:00,2026-07-01 23:00:00+00:00,9.03,12.6,15.81,1013.95,63.45,19.48,11.07,274.29
3264,12010,50.174945,19.877311,330.64,2026-06-30 23:00:00+00:00,2026-07-01 00:00:00+00:00,0.99,1.33,1.66,1015.89,83.75,22.15,5.15,90.64
3265,12010,50.174945,19.877311,330.64,2026-07-01 00:00:00+00:00,2026-07-01 01:00:00+00:00,6.96,8.21,9.36,1015.66,84.73,21.39,4.15,100.83
3266,12010,50.174945,19.877311,330.64,2026-07-01 01:00:00+00:00,2026-07-01 02:00:00+00:00,3.24,4.55,5.62,1015.07,85.16,20.48,2.98,121.35
3267,12010,50.174945,19.877311,330.64,2026-07-01 02:00:00+00:00,2026-07-01 03:00:00+00:00,10.25,11.33,12.83,1014.7,86.47,19.7,2.58,188.99
3268,12010,50.174945,19.877311,330.64,2026-07-01 03:00:00+00:00,2026-07-01 04:00:00+00:00,8.47,10.47,12.83,1014.63,89.03,19.66,5.01,233.3
3269,12010,50.174945,19.877311,330.64,2026-07-01 04:00:00+00:00,2026-07-01 05:00:00+00:00,3.15,3.88,4.55,1014.52,89.5,21.07,5.36,243.0
3270,12010,50.174945,19.877311,330.64,2026-07-01 05:00:00+00:00,2026-07-01 06:00:00+00:00,2.89,4.09,4.96,1014.52,86.5,23.12,5.29,253.0
3271,12010,50.174945,19.877311,330.64,2026-07-01 06:00:00+00:00,2026-07-01 07:00:00+00:00,6.44,9.45,11.19,1014.89,82.0,24.61,7.93,270.0
3272,12010,50.174945,19.877311,330.64,2026-07-01 07:00:00+00:00,2026-07-01 08:00:00+00:00,6.85,9.68,11.72,1014.57,79.25,25.57,9.45,280.24
3273,12010,50.174945,19.877311,330.64,2026-07-01 08:00:00+00:00,2026-07-01 09:00:00+00:00,3.63,4.97,6.05,1014.05,76.94,27.15,8.12,276.49
3274,12010,50.174945,19.877311,330.64,2026-07-01 09:00:00+00:00,2026-07-01 10:00:00+00:00,2.55,3.32,3.98,1013.92,73.31,29.01,5.78,280.42
3275,12010,50.174945,19.877311,330.64,2026-07-01 10:00:00+00:00,2026-07-01 11:00:00+00:00,3.79,5.0,6.04,1013.5,70.75,30.09,5.28,272.15
3276,12010,50.174945,19.877311,330.64,2026-07-01 11:00:00+00:00,2026-07-01 12:00:00+00:00,5.52,7.71,9.44,1012.85,70.56,30.1,6.29,284.94
3277,12010,50.174945,19.877311,330.64,2026-07-01 12:00:00+00:00,2026-07-01 13:00:00+00:00,4.82,7.05,9.28,1012.21,68.88,30.46,1.47,341.09
3278,12010,50.174945,19.877311,330.64,2026-07-01 13:00:00+00:00,2026-07-01 14:00:00+00:00,5.39,7.2,8.58,1011.64,68.44,30.31,6.85,117.48
3279,12010,50.174945,19.877311,330.64,2026-07-01 14:00:00+00:00,2026-07-01 15:00:00+00:00,2.84,3.77,4.55,1011.55,71.75,29.04,9.38,155.38
3280,12010,50.174945,19.877311,330.64,2026-07-01 15:00:00+00:00,2026-07-01 16:00:00+00:00,1.64,2.24,2.77,1011.57,72.52,27.67,5.61,178.23
3281,12010,50.174945,19.877311,330.64,2026-07-01 16:00:00+00:00,2026-07-01 17:00:00+00:00,2.06,2.56,3.13,1011.56,74.2,26.12,8.43,287.0
3282,12010,50.174945,19.877311,330.64,2026-07-01 17:00:00+00:00,2026-07-01 18:00:00+00:00,1.48,2.1,2.65,1011.72,78.25,23.17,15.67,289.0
3283,12010,50.174945,19.877311,330.64,2026-07-01 18:00:00+00:00,2026-07-01 19:00:00+00:00,0.9,1.31,1.59,1013.29,82.39,21.94,10.71,255.0
3284,12010,50.174945,19.877311,330.64,2026-07-01 19:00:00+00:00,2026-07-01 20:00:00+00:00,0.75,1.15,1.4,1015.05,85.32,21.35,10.03,260.47
3285,12010,50.174945,19.877311,330.64,2026-07-01 20:00:00+00:00,2026-07-01 21:00:00+00:00,0.43,0.65,0.82,1015.72,86.25,20.93,10.33,266.88
3286,12010,50.174945,19.877311,330.64,2026-07-01 21:00:00+00:00,2026-07-01 22:00:00+00:00,1.16,1.7,2.08,1015.52,86.79,19.96,10.85,266.32
3287,12010,50.174945,19.877311,330.64,2026-07-01 22:00:00+00:00,2026-07-01 23:00:00+00:00,15.96,18.55,22.03,1015.05,87.73,19.08,10.99,273.51
3288,36654,50.131359,19.951436,266.2,2026-06-30 23:00:00+00:00,2026-07-01 00:00:00+00:00,,,,,,,,
3289,36654,50.131359,19.951436,266.2,2026-07-01 00:00:00+00:00,2026-07-01 01:00:00+00:00,,,,,,,,
3290,36654,50.131359,19.951436,266.2,2026-07-01 01:00:00+00:00,2026-07-01 02:00:00+00:00,,,,,,,,
3291,36654,50.131359,19.951436,266.2,2026-07-01 02:00:00+00:00,2026-07-01 03:00:00+00:00,,,,,,,,
3292,36654,50.131359,19.951436,266.2,2026-07-01 03:00:00+00:00,2026-07-01 04:00:00+00:00,,,,,,,,
3293,36654,50.131359,19.951436,266.2,2026-07-01 04:00:00+00:00,2026-07-01 05:00:00+00:00,,,,,,,,
3294,36654,50.131359,19.951436,266.2,2026-07-01 05:00:00+00:00,2026-07-01 06:00:00+00:00,,,,,,,,
3295,36654,50.131359,19.951436,266.2,2026-07-01 06:00:00+00:00,2026-07-01 07:00:00+00:00,,,,,,,,
3296,36654,50.131359,19.951436,266.2,2026-07-01 07:00:00+00:00,2026-07-01 08:00:00+00:00,,,,,,,,
3297,36654,50.131359,19.951436,266.2,2026-07-01 08:00:00+00:00,2026-07-01 09:00:00+00:00,,,,,,,,
3298,36654,50.131359,19.951436,266.2,2026-07-01 09:00:00+00:00,2026-07-01 10:00:00+00:00,,,,,,,,
3299,36654,50.131359,19.951436,266.2,2026-07-01 10:00:00+00:00,2026-07-01 11:00:00+00:00,,,,,,,,
3300,36654,50.131359,19.951436,266.2,2026-07-01 11:00:00+00:00,2026-07-01 12:00:00+00:00,,,,,,,,
3301,36654,50.131359,19.951436,266.2,2026-07-01 12:00:00+00:00,2026-07-01 13:00:00+00:00,,,,,,,,
3302,36654,50.131359,19.951436,266.2,2026-07-01 13:00:00+00:00,2026-07-01 14:00:00+00:00,,,,,,,,
3303,36654,50.131359,19.951436,266.2,2026-07-01 14:00:00+00:00,2026-07-01 15:00:00+00:00,,,,,,,,
3304,36654,50.131359,19.951436,266.2,2026-07-01 15:00:00+00:00,2026-07-01 16:00:00+00:00,,,,,,,,
3305,36654,50.131359,19.951436,266.2,2026-07-01 16:00:00+00:00,2026-07-01 17:00:00+00:00,,,,,,,,
3306,36654,50.131359,19.951436,266.2,2026-07-01 17:00:00+00:00,2026-07-01 18:00:00+00:00,,,,,,,,
3307,36654,50.131359,19.951436,266.2,2026-07-01 18:00:00+00:00,2026-07-01 19:00:00+00:00,,,,,,,,
3308,36654,50.131359,19.951436,266.2,2026-07-01 19:00:00+00:00,2026-07-01 20:00:00+00:00,,,,,,,,
3309,36654,50.131359,19.951436,266.2,2026-07-01 20:00:00+00:00,2026-07-01 21:00:00+00:00,,,,,,,,
3310,36654,50.131359,19.951436,266.2,2026-07-01 21:00:00+00:00,2026-07-01 22:00:00+00:00,,,,,,,,
3311,36654,50.131359,19.951436,266.2,2026-07-01 22:00:00+00:00,2026-07-01 23:00:00+00:00,,,,,,,,
3312,492,50.172249,19.8985,372.36,2026-06-30 23:00:00+00:00,2026-07-01 00:00:00+00:00,8.87,9.09,8.46,1017.19,80.8,23.72,,
3313,492,50.172249,19.8985,372.36,2026-07-01 00:00:00+00:00,2026-07-01 01:00:00+00:00,9.4,9.76,9.46,1016.91,82.38,23.28,,
3314,492,50.172249,19.8985,372.36,2026-07-01 01:00:00+00:00,2026-07-01 02:00:00+00:00,9.99,10.42,10.62,1016.2,84.57,22.85,,
3315,492,50.172249,19.8985,372.36,2026-07-01 02:00:00+00:00,2026-07-01 03:00:00+00:00,10.44,10.93,11.56,1015.78,87.22,22.22,,
3316,492,50.172249,19.8985,372.36,2026-07-01 03:00:00+00:00,2026-07-01 04:00:00+00:00,10.91,11.58,12.66,1015.69,88.97,22.08,,
3317,492,50.172249,19.8985,372.36,2026-07-01 04:00:00+00:00,2026-07-01 05:00:00+00:00,11.38,12.0,13.26,1015.62,89.4,22.51,,
3318,492,50.172249,19.8985,372.36,2026-07-01 05:00:00+00:00,2026-07-01 06:00:00+00:00,11.99,12.78,14.42,1015.8,85.05,23.91,,
3319,492,50.172249,19.8985,372.36,2026-07-01 06:00:00+00:00,2026-07-01 07:00:00+00:00,13.13,13.96,16.12,1016.15,79.63,25.84,,
3320,492,50.172249,19.8985,372.36,2026-07-01 07:00:00+00:00,2026-07-01 08:00:00+00:00,10.86,11.15,11.75,1015.83,74.62,27.7,,
3321,492,50.172249,19.8985,372.36,2026-07-01 08:00:00+00:00,2026-07-01 09:00:00+00:00,8.86,8.8,8.16,1015.33,71.92,29.51,,
3322,492,50.172249,19.8985,372.36,2026-07-01 09:00:00+00:00,2026-07-01 10:00:00+00:00,7.82,7.6,6.57,1015.23,66.98,31.71,,
3323,492,50.172249,19.8985,372.36,2026-07-01 10:00:00+00:00,2026-07-01 11:00:00+00:00,8.64,8.46,7.52,1014.9,64.76,32.45,,
3324,492,50.172249,19.8985,372.36,2026-07-01 11:00:00+00:00,2026-07-01 12:00:00+00:00,9.68,9.68,9.27,1014.32,65.25,32.66,,
3325,492,50.172249,19.8985,372.36,2026-07-01 12:00:00+00:00,2026-07-01 13:00:00+00:00,10.05,10.15,10.05,1013.72,63.25,32.9,,
3326,492,50.172249,19.8985,372.36,2026-07-01 13:00:00+00:00,2026-07-01 14:00:00+00:00,10.64,10.85,11.3,1013.15,63.13,32.66,,
3327,492,50.172249,19.8985,372.36,2026-07-01 14:00:00+00:00,2026-07-01 15:00:00+00:00,11.28,11.59,12.54,1013.01,65.99,31.28,,
3328,492,50.172249,19.8985,372.36,2026-07-01 15:00:00+00:00,2026-07-01 16:00:00+00:00,9.08,9.28,9.03,1012.88,66.19,29.11,,
3329,492,50.172249,19.8985,372.36,2026-07-01 16:00:00+00:00,2026-07-01 17:00:00+00:00,4.71,4.75,3.62,1012.8,66.62,27.62,,
3330,492,50.172249,19.8985,372.36,2026-07-01 17:00:00+00:00,2026-07-01 18:00:00+00:00,5.33,5.56,4.54,1012.9,73.36,25.14,,
3331,492,50.172249,19.8985,372.36,2026-07-01 18:00:00+00:00,2026-07-01 19:00:00+00:00,4.58,4.67,3.52,1014.52,77.29,23.83,,
3332,492,50.172249,19.8985,372.36,2026-07-01 19:00:00+00:00,2026-07-01 20:00:00+00:00,4.18,4.25,3.04,1016.25,81.59,23.12,,
3333,492,50.172249,19.8985,372.36,2026-07-01 20:00:00+00:00,2026-07-01 21:00:00+00:00,4.96,5.13,4.01,1016.9,82.71,22.43,,
3334,492,50.172249,19.8985,372.36,2026-07-01 21:00:00+00:00,2026-07-01 22:00:00+00:00,6.92,7.41,6.56,1016.67,84.34,21.24,,
3335,492,50.172249,19.8985,372.36,2026-07-01 22:00:00+00:00,2026-07-01 23:00:00+00:00,6.63,7.17,6.31,1016.14,86.65,20.77,,
0,32808,50.175018,20.039064,315.7,2026-07-01 23:00:00+00:00,2026-07-02 00:00:00+00:00,1.63,3.58,4.89,1014.22,86.93,18.6,11.29,284.5
1,32808,50.175018,20.039064,315.7,2026-07-02 00:00:00+00:00,2026-07-02 01:00:00+00:00,1.81,3.96,5.46,1014.63,83.58,18.18,11.84,291.38
2,32808,50.175018,20.039064,315.7,2026-07-02 01:00:00+00:00,2026-07-02 02:00:00+00:00,1.28,2.77,4.04,1014.99,84.08,17.64,12.08,298.84
3,32808,50.175018,20.039064,315.7,2026-07-02 02:00:00+00:00,2026-07-02 03:00:00+00:00,1.48,3.2,4.48,1015.4,83.51,16.96,12.01,300.31
4,32808,50.175018,20.039064,315.7,2026-07-02 03:00:00+00:00,2026-07-02 04:00:00+00:00,1.2,2.84,4.13,1015.59,79.19,16.2,11.92,293.29
5,32808,50.175018,20.039064,315.7,2026-07-02 04:00:00+00:00,2026-07-02 05:00:00+00:00,1.17,2.55,3.57,1015.99,83.5,15.94,12.56,297.79
6,32808,50.175018,20.039064,315.7,2026-07-02 05:00:00+00:00,2026-07-02 06:00:00+00:00,1.24,3.12,4.41,1016.4,83.77,15.74,13.62,300.8
7,32808,50.175018,20.039064,315.7,2026-07-02 06:00:00+00:00,2026-07-02 07:00:00+00:00,1.48,3.06,4.39,1016.81,84.9,15.79,14.55,302.83
8,32808,50.175018,20.039064,315.7,2026-07-02 07:00:00+00:00,2026-07-02 08:00:00+00:00,1.78,4.32,6.27,1017.11,75.55,15.85,14.28,302.0
9,32808,50.175018,20.039064,315.7,2026-07-02 08:00:00+00:00,2026-07-02 09:00:00+00:00,0.77,1.87,2.68,1017.52,76.43,16.53,12.92,302.0
10,32808,50.175018,20.039064,315.7,2026-07-02 09:00:00+00:00,2026-07-02 10:00:00+00:00,0.39,1.07,1.48,1017.89,77.22,17.77,11.87,301.51
11,32808,50.175018,20.039064,315.7,2026-07-02 10:00:00+00:00,2026-07-02 11:00:00+00:00,0.34,1.01,1.46,1017.76,74.63,19.2,11.61,298.84
12,32808,50.175018,20.039064,315.7,2026-07-02 11:00:00+00:00,2026-07-02 12:00:00+00:00,0.54,1.33,1.71,1017.36,70.88,20.17,10.98,297.85
13,32808,50.175018,20.039064,315.7,2026-07-02 12:00:00+00:00,2026-07-02 13:00:00+00:00,0.38,1.08,1.48,1016.69,67.25,21.78,10.06,297.93
14,32808,50.175018,20.039064,315.7,2026-07-02 13:00:00+00:00,2026-07-02 14:00:00+00:00,0.25,0.73,1.05,1015.9,64.56,23.71,9.35,303.85
15,32808,50.175018,20.039064,315.7,2026-07-02 14:00:00+00:00,2026-07-02 15:00:00+00:00,0.25,0.67,0.98,1015.39,62.5,25.24,9.51,313.51
16,32808,50.175018,20.039064,315.7,2026-07-02 15:00:00+00:00,2026-07-02 16:00:00+00:00,0.19,0.55,0.87,1015.07,62.5,25.13,8.14,320.06
17,32808,50.175018,20.039064,315.7,2026-07-02 16:00:00+00:00,2026-07-02 17:00:00+00:00,0.4,0.77,1.0,1014.79,62.56,26.11,5.66,322.46
18,32808,50.175018,20.039064,315.7,2026-07-02 17:00:00+00:00,2026-07-02 18:00:00+00:00,0.2,0.47,0.62,1014.68,63.56,25.88,3.48,342.66
19,32808,50.175018,20.039064,315.7,2026-07-02 18:00:00+00:00,2026-07-02 19:00:00+00:00,0.05,0.19,0.26,1014.72,67.0,23.13,3.65,227.0
20,32808,50.175018,20.039064,315.7,2026-07-02 19:00:00+00:00,2026-07-02 20:00:00+00:00,0.1,0.28,0.33,1015.3,71.5,20.06,3.8,229.0
21,32808,50.175018,20.039064,315.7,2026-07-02 20:00:00+00:00,2026-07-02 21:00:00+00:00,0.13,0.31,0.35,1015.47,74.5,18.41,4.55,239.0
22,32808,50.175018,20.039064,315.7,2026-07-02 21:00:00+00:00,2026-07-02 22:00:00+00:00,0.17,0.44,0.51,1015.46,75.62,17.54,5.64,232.0
23,32808,50.175018,20.039064,315.7,2026-07-02 22:00:00+00:00,2026-07-02 23:00:00+00:00,0.13,0.46,0.58,1015.42,77.3,16.44,5.72,231.0
24,18622,49.942879,19.884991,390.58,2026-07-01 23:00:00+00:00,2026-07-02 00:00:00+00:00,8.8,14.33,17.06,1014.42,68.84,18.28,11.1,289.41
25,18622,49.942879,19.884991,390.58,2026-07-02 00:00:00+00:00,2026-07-02 01:00:00+00:00,12.28,20.32,26.62,1014.61,66.41,18.1,10.97,289.37
26,18622,49.942879,19.884991,390.58,2026-07-02 01:00:00+00:00,2026-07-02 02:00:00+00:00,12.31,20.41,26.64,1014.67,65.98,17.51,10.85,294.45
27,18622,49.942879,19.884991,390.58,2026-07-02 02:00:00+00:00,2026-07-02 03:00:00+00:00,11.3,19.1,24.55,1015.03,66.47,17.02,10.97,297.49
28,18622,49.942879,19.884991,390.58,2026-07-02 03:00:00+00:00,2026-07-02 04:00:00+00:00,11.01,19.37,25.26,1015.37,67.1,16.4,11.12,293.44
29,18622,49.942879,19.884991,390.58,2026-07-02 04:00:00+00:00,2026-07-02 05:00:00+00:00,10.82,18.8,24.16,1015.63,67.79,15.99,11.7,298.0
30,18622,49.942879,19.884991,390.58,2026-07-02 05:00:00+00:00,2026-07-02 06:00:00+00:00,9.64,17.05,21.2,1016.11,67.78,15.63,11.97,298.0
31,18622,49.942879,19.884991,390.58,2026-07-02 06:00:00+00:00,2026-07-02 07:00:00+00:00,10.0,16.71,20.19,1016.61,67.03,15.6,13.3,302.0
32,18622,49.942879,19.884991,390.58,2026-07-02 07:00:00+00:00,2026-07-02 08:00:00+00:00,9.13,14.16,16.56,1016.98,65.67,15.8,12.58,303.82
33,18622,49.942879,19.884991,390.58,2026-07-02 08:00:00+00:00,2026-07-02 09:00:00+00:00,4.92,7.2,8.4,1017.63,60.01,16.04,12.01,309.48
34,18622,49.942879,19.884991,390.58,2026-07-02 09:00:00+00:00,2026-07-02 10:00:00+00:00,5.21,7.57,8.79,1017.84,56.08,17.58,11.08,302.72
35,18622,49.942879,19.884991,390.58,2026-07-02 10:00:00+00:00,2026-07-02 11:00:00+00:00,6.98,10.09,11.71,1017.8,53.54,18.62,11.24,300.47
36,18622,49.942879,19.884991,390.58,2026-07-02 11:00:00+00:00,2026-07-02 12:00:00+00:00,6.84,9.72,11.29,1017.53,50.06,19.66,10.97,300.56
37,18622,49.942879,19.884991,390.58,2026-07-02 12:00:00+00:00,2026-07-02 13:00:00+00:00,7.44,10.6,12.35,1017.06,46.79,20.34,9.88,303.61
38,18622,49.942879,19.884991,390.58,2026-07-02 13:00:00+00:00,2026-07-02 14:00:00+00:00,5.13,7.06,8.24,1016.4,42.79,21.4,8.94,307.93
39,18622,49.942879,19.884991,390.58,2026-07-02 14:00:00+00:00,2026-07-02 15:00:00+00:00,4.74,6.68,7.73,1015.96,39.79,22.32,8.26,317.25
40,18622,49.942879,19.884991,390.58,2026-07-02 15:00:00+00:00,2026-07-02 16:00:00+00:00,3.7,5.04,5.94,1015.64,37.79,22.76,6.82,324.43
41,18622,49.942879,19.884991,390.58,2026-07-02 16:00:00+00:00,2026-07-02 17:00:00+00:00,3.42,4.65,5.32,1015.27,38.49,24.74,4.83,315.68
42,18622,49.942879,19.884991,390.58,2026-07-02 17:00:00+00:00,2026-07-02 18:00:00+00:00,2.86,3.91,4.58,1015.12,40.4,23.17,3.99,287.39
43,18622,49.942879,19.884991,390.58,2026-07-02 18:00:00+00:00,2026-07-02 19:00:00+00:00,4.18,5.69,6.71,1015.18,43.79,21.12,3.99,217.0
44,18622,49.942879,19.884991,390.58,2026-07-02 19:00:00+00:00,2026-07-02 20:00:00+00:00,5.82,7.88,9.24,1015.71,47.53,19.11,4.64,216.0
45,18622,49.942879,19.884991,390.58,2026-07-02 20:00:00+00:00,2026-07-02 21:00:00+00:00,6.21,8.44,9.86,1015.77,50.29,17.73,4.84,226.13
46,18622,49.942879,19.884991,390.58,2026-07-02 21:00:00+00:00,2026-07-02 22:00:00+00:00,6.12,8.38,9.67,1015.79,51.92,16.67,5.27,226.08
47,18622,49.942879,19.884991,390.58,2026-07-02 22:00:00+00:00,2026-07-02 23:00:00+00:00,6.11,8.29,9.58,1015.74,52.67,15.76,5.8,221.76
48,37719,49.934395,19.944468,363.56,2026-07-01 23:00:00+00:00,2026-07-02 00:00:00+00:00,9.65,14.56,16.9,1014.48,65.62,18.33,11.1,289.41
49,37719,49.934395,19.944468,363.56,2026-07-02 00:00:00+00:00,2026-07-02 01:00:00+00:00,12.88,20.26,25.65,1014.62,66.51,18.24,11.01,289.71
50,37719,49.934395,19.944468,363.56,2026-07-02 01:00:00+00:00,2026-07-02 02:00:00+00:00,13.82,22.23,29.0,1014.69,75.4,17.5,10.85,294.45
51,37719,49.934395,19.944468,363.56,2026-07-02 02:00:00+00:00,2026-07-02 03:00:00+00:00,12.85,20.63,26.1,1015.05,77.87,16.95,10.96,297.99
52,37719,49.934395,19.944468,363.56,2026-07-02 03:00:00+00:00,2026-07-02 04:00:00+00:00,11.35,18.71,22.95,1015.38,83.47,16.29,11.12,293.44
53,37719,49.934395,19.944468,363.56,2026-07-02 04:00:00+00:00,2026-07-02 05:00:00+00:00,12.17,20.0,25.48,1015.68,82.95,15.89,11.7,298.0
54,37719,49.934395,19.944468,363.56,2026-07-02 05:00:00+00:00,2026-07-02 06:00:00+00:00,10.18,16.41,19.35,1016.16,86.13,15.74,11.97,298.0
55,37719,49.934395,19.944468,363.56,2026-07-02 06:00:00+00:00,2026-07-02 07:00:00+00:00,10.1,15.6,18.34,1016.66,86.77,15.7,13.3,302.0
56,37719,49.934395,19.944468,363.56,2026-07-02 07:00:00+00:00,2026-07-02 08:00:00+00:00,11.49,17.33,20.59,1017.04,84.75,15.83,12.58,303.82
57,37719,49.934395,19.944468,363.56,2026-07-02 08:00:00+00:00,2026-07-02 09:00:00+00:00,6.11,8.5,9.85,1017.57,79.08,16.32,12.01,309.48
58,37719,49.934395,19.944468,363.56,2026-07-02 09:00:00+00:00,2026-07-02 10:00:00+00:00,6.77,9.27,10.76,1017.95,73.5,17.15,11.15,303.43
59,37719,49.934395,19.944468,363.56,2026-07-02 10:00:00+00:00,2026-07-02 11:00:00+00:00,9.5,12.9,14.9,1017.93,72.07,18.25,11.24,300.47
60,37719,49.934395,19.944468,363.56,2026-07-02 11:00:00+00:00,2026-07-02 12:00:00+00:00,8.94,12.13,13.97,1017.66,69.49,19.27,10.97,300.56
61,37719,49.934395,19.944468,363.56,2026-07-02 12:00:00+00:00,2026-07-02 13:00:00+00:00,9.49,13.06,15.01,1017.22,64.14,20.05,9.88,303.61
62,37719,49.934395,19.944468,363.56,2026-07-02 13:00:00+00:00,2026-07-02 14:00:00+00:00,7.0,9.39,10.76,1016.49,59.41,21.12,8.94,307.93
63,37719,49.934395,19.944468,363.56,2026-07-02 14:00:00+00:00,2026-07-02 15:00:00+00:00,5.97,7.77,8.88,1016.0,60.99,22.06,8.38,316.4
64,37719,49.934395,19.944468,363.56,2026-07-02 15:00:00+00:00,2026-07-02 16:00:00+00:00,5.38,6.94,8.06,1015.66,59.75,22.43,6.82,324.43
65,37719,49.934395,19.944468,363.56,2026-07-02 16:00:00+00:00,2026-07-02 17:00:00+00:00,5.34,6.99,8.12,1015.4,48.77,22.48,4.93,317.88
66,37719,49.934395,19.944468,363.56,2026-07-02 17:00:00+00:00,2026-07-02 18:00:00+00:00,6.06,7.99,9.21,1015.31,43.35,22.18,3.99,287.39
67,37719,49.934395,19.944468,363.56,2026-07-02 18:00:00+00:00,2026-07-02 19:00:00+00:00,6.82,8.97,10.35,1015.31,63.92,21.04,3.99,217.0
68,37719,49.934395,19.944468,363.56,2026-07-02 19:00:00+00:00,2026-07-02 20:00:00+00:00,6.85,8.92,10.29,1015.8,66.44,19.24,4.64,216.0
69,37719,49.934395,19.944468,363.56,2026-07-02 20:00:00+00:00,2026-07-02 21:00:00+00:00,8.78,11.26,12.98,1015.86,73.79,17.88,4.84,226.13
70,37719,49.934395,19.944468,363.56,2026-07-02 21:00:00+00:00,2026-07-02 22:00:00+00:00,9.17,11.67,13.35,1015.88,73.37,16.82,5.27,226.08
71,37719,49.934395,19.944468,363.56,2026-07-02 22:00:00+00:00,2026-07-02 23:00:00+00:00,8.26,10.92,12.57,1015.81,76.33,15.86,5.8,221.76
72,86932,50.093619,19.924138,223.96,2026-07-01 23:00:00+00:00,2026-07-02 00:00:00+00:00,,,,,,,,
73,86932,50.093619,19.924138,223.96,2026-07-02 00:00:00+00:00,2026-07-02 01:00:00+00:00,,,,,,,,
74,86932,50.093619,19.924138,223.96,2026-07-02 01:00:00+00:00,2026-07-02 02:00:00+00:00,,,,,,,,
75,86932,50.093619,19.924138,223.96,2026-07-02 02:00:00+00:00,2026-07-02 03:00:00+00:00,,,,,,,,
76,86932,50.093619,19.924138,223.96,2026-07-02 03:00:00+00:00,2026-07-02 04:00:00+00:00,,,,,,,,
77,86932,50.093619,19.924138,223.96,2026-07-02 04:00:00+00:00,2026-07-02 05:00:00+00:00,,,,,,,,
78,86932,50.093619,19.924138,223.96,2026-07-02 05:00:00+00:00,2026-07-02 06:00:00+00:00,,,,,,,,
79,86932,50.093619,19.924138,223.96,2026-07-02 06:00:00+00:00,2026-07-02 07:00:00+00:00,,,,,,,,
80,86932,50.093619,19.924138,223.96,2026-07-02 07:00:00+00:00,2026-07-02 08:00:00+00:00,,,,,,,,
81,86932,50.093619,19.924138,223.96,2026-07-02 08:00:00+00:00,2026-07-02 09:00:00+00:00,,,,,,,,
82,86932,50.093619,19.924138,223.96,2026-07-02 09:00:00+00:00,2026-07-02 10:00:00+00:00,,,,,,,,
83,86932,50.093619,19.924138,223.96,2026-07-02 10:00:00+00:00,2026-07-02 11:00:00+00:00,,,,,,,,
84,86932,50.093619,19.924138,223.96,2026-07-02 11:00:00+00:00,2026-07-02 12:00:00+00:00,,,,,,,,
85,86932,50.093619,19.924138,223.96,2026-07-02 12:00:00+00:00,2026-07-02 13:00:00+00:00,,,,,,,,
86,86932,50.093619,19.924138,223.96,2026-07-02 13:00:00+00:00,2026-07-02 14:00:00+00:00,,,,,,,,
87,86932,50.093619,19.924138,223.96,2026-07-02 14:00:00+00:00,2026-07-02 15:00:00+00:00,,,,,,,,
88,86932,50.093619,19.924138,223.96,2026-07-02 15:00:00+00:00,2026-07-02 16:00:00+00:00,,,,,,,,
89,86932,50.093619,19.924138,223.96,2026-07-02 16:00:00+00:00,2026-07-02 17:00:00+00:00,,,,,,,,
90,86932,50.093619,19.924138,223.96,2026-07-02 17:00:00+00:00,2026-07-02 18:00:00+00:00,,,,,,,,
91,86932,50.093619,19.924138,223.96,2026-07-02 18:00:00+00:00,2026-07-02 19:00:00+00:00,,,,,,,,
92,86932,50.093619,19.924138,223.96,2026-07-02 19:00:00+00:00,2026-07-02 20:00:00+00:00,,,,,,,,
93,86932,50.093619,19.924138,223.96,2026-07-02 20:00:00+00:00,2026-07-02 21:00:00+00:00,,,,,,,,
94,86932,50.093619,19.924138,223.96,2026-07-02 21:00:00+00:00,2026-07-02 22:00:00+00:00,,,,,,,,
95,86932,50.093619,19.924138,223.96,2026-07-02 22:00:00+00:00,2026-07-02 23:00:00+00:00,,,,,,,,
96,7467,50.152096,19.919811,274.46,2026-07-01 23:00:00+00:00,2026-07-02 00:00:00+00:00,,,,,,,,
97,7467,50.152096,19.919811,274.46,2026-07-02 00:00:00+00:00,2026-07-02 01:00:00+00:00,,,,,,,,
98,7467,50.152096,19.919811,274.46,2026-07-02 01:00:00+00:00,2026-07-02 02:00:00+00:00,,,,,,,,
99,7467,50.152096,19.919811,274.46,2026-07-02 02:00:00+00:00,2026-07-02 03:00:00+00:00,,,,,,,,
100,7467,50.152096,19.919811,274.46,2026-07-02 03:00:00+00:00,2026-07-02 04:00:00+00:00,,,,,,,,
101,7467,50.152096,19.919811,274.46,2026-07-02 04:00:00+00:00,2026-07-02 05:00:00+00:00,,,,,,,,
102,7467,50.152096,19.919811,274.46,2026-07-02 05:00:00+00:00,2026-07-02 06:00:00+00:00,,,,,,,,
103,7467,50.152096,19.919811,274.46,2026-07-02 06:00:00+00:00,2026-07-02 07:00:00+00:00,,,,,,,,
104,7467,50.152096,19.919811,274.46,2026-07-02 07:00:00+00:00,2026-07-02 08:00:00+00:00,,,,,,,,
105,7467,50.152096,19.919811,274.46,2026-07-02 08:00:00+00:00,2026-07-02 09:00:00+00:00,,,,,,,,
106,7467,50.152096,19.919811,274.46,2026-07-02 09:00:00+00:00,2026-07-02 10:00:00+00:00,,,,,,,,
107,7467,50.152096,19.919811,274.46,2026-07-02 10:00:00+00:00,2026-07-02 11:00:00+00:00,,,,,,,,
108,7467,50.152096,19.919811,274.46,2026-07-02 11:00:00+00:00,2026-07-02 12:00:00+00:00,,,,,,,,
109,7467,50.152096,19.919811,274.46,2026-07-02 12:00:00+00:00,2026-07-02 13:00:00+00:00,,,,,,,,
110,7467,50.152096,19.919811,274.46,2026-07-02 13:00:00+00:00,2026-07-02 14:00:00+00:00,,,,,,,,
111,7467,50.152096,19.919811,274.46,2026-07-02 14:00:00+00:00,2026-07-02 15:00:00+00:00,,,,,,,,
112,7467,50.152096,19.919811,274.46,2026-07-02 15:00:00+00:00,2026-07-02 16:00:00+00:00,,,,,,,,
113,7467,50.152096,19.919811,274.46,2026-07-02 16:00:00+00:00,2026-07-02 17:00:00+00:00,,,,,,,,
114,7467,50.152096,19.919811,274.46,2026-07-02 17:00:00+00:00,2026-07-02 18:00:00+00:00,,,,,,,,
115,7467,50.152096,19.919811,274.46,2026-07-02 18:00:00+00:00,2026-07-02 19:00:00+00:00,,,,,,,,
116,7467,50.152096,19.919811,274.46,2026-07-02 19:00:00+00:00,2026-07-02 20:00:00+00:00,,,,,,,,
117,7467,50.152096,19.919811,274.46,2026-07-02 20:00:00+00:00,2026-07-02 21:00:00+00:00,,,,,,,,
118,7467,50.152096,19.919811,274.46,2026-07-02 21:00:00+00:00,2026-07-02 22:00:00+00:00,,,,,,,,
119,7467,50.152096,19.919811,274.46,2026-07-02 22:00:00+00:00,2026-07-02 23:00:00+00:00,,,,,,,,
120,9008,49.98194,20.070153,269.62,2026-07-01 23:00:00+00:00,2026-07-02 00:00:00+00:00,7.2,10.56,12.7,1013.77,89.25,19.12,12.62,291.74
121,9008,49.98194,20.070153,269.62,2026-07-02 00:00:00+00:00,2026-07-02 01:00:00+00:00,8.35,12.89,15.34,1014.02,90.0,18.75,13.04,295.34
122,9008,49.98194,20.070153,269.62,2026-07-02 01:00:00+00:00,2026-07-02 02:00:00+00:00,11.45,18.25,23.02,1014.18,90.25,18.17,12.87,301.28
123,9008,49.98194,20.070153,269.62,2026-07-02 02:00:00+00:00,2026-07-02 03:00:00+00:00,15.13,22.54,28.9,1014.44,90.69,17.72,12.23,301.17
124,9008,49.98194,20.070153,269.62,2026-07-02 03:00:00+00:00,2026-07-02 04:00:00+00:00,9.16,14.34,17.18,1014.68,90.75,17.08,12.21,299.6
125,9008,49.98194,20.070153,269.62,2026-07-02 04:00:00+00:00,2026-07-02 05:00:00+00:00,8.43,13.53,16.68,1015.27,91.44,16.42,12.89,298.81
126,9008,49.98194,20.070153,269.62,2026-07-02 05:00:00+00:00,2026-07-02 06:00:00+00:00,10.64,17.17,21.32,1015.65,91.31,16.27,13.89,301.02
127,9008,49.98194,20.070153,269.62,2026-07-02 06:00:00+00:00,2026-07-02 07:00:00+00:00,9.16,14.61,17.67,1016.08,89.88,16.35,14.78,303.51
128,9008,49.98194,20.070153,269.62,2026-07-02 07:00:00+00:00,2026-07-02 08:00:00+00:00,11.32,17.92,22.1,1016.46,86.88,16.42,14.63,306.41
129,9008,49.98194,20.070153,269.62,2026-07-02 08:00:00+00:00,2026-07-02 09:00:00+00:00,7.24,10.61,12.97,1016.9,71.89,16.58,13.58,308.04
130,9008,49.98194,20.070153,269.62,2026-07-02 09:00:00+00:00,2026-07-02 10:00:00+00:00,6.19,8.36,10.16,1017.46,55.76,17.25,12.63,305.55
131,9008,49.98194,20.070153,269.62,2026-07-02 10:00:00+00:00,2026-07-02 11:00:00+00:00,7.83,11.04,13.12,1017.34,50.52,18.93,12.32,303.5
132,9008,49.98194,20.070153,269.62,2026-07-02 11:00:00+00:00,2026-07-02 12:00:00+00:00,12.12,16.35,20.06,1016.97,47.25,20.23,12.15,303.49
133,9008,49.98194,20.070153,269.62,2026-07-02 12:00:00+00:00,2026-07-02 13:00:00+00:00,6.97,9.38,11.19,1016.39,44.16,23.17,7.86,290.21
134,9008,49.98194,20.070153,269.62,2026-07-02 13:00:00+00:00,2026-07-02 14:00:00+00:00,5.33,7.07,8.33,1015.62,41.71,24.23,6.77,293.24
135,9008,49.98194,20.070153,269.62,2026-07-02 14:00:00+00:00,2026-07-02 15:00:00+00:00,3.76,4.82,5.84,1015.1,61.09,24.32,9.51,312.93
136,9008,49.98194,20.070153,269.62,2026-07-02 15:00:00+00:00,2026-07-02 16:00:00+00:00,3.69,4.71,5.66,1014.75,63.25,24.62,8.02,317.07
137,9008,49.98194,20.070153,269.62,2026-07-02 16:00:00+00:00,2026-07-02 17:00:00+00:00,3.59,4.62,5.47,1014.5,63.25,25.55,5.86,322.18
138,9008,49.98194,20.070153,269.62,2026-07-02 17:00:00+00:00,2026-07-02 18:00:00+00:00,3.65,4.65,5.58,1014.46,64.75,25.86,3.76,309.84
139,9008,49.98194,20.070153,269.62,2026-07-02 18:00:00+00:00,2026-07-02 19:00:00+00:00,5.77,7.66,9.07,1014.46,68.75,22.73,4.12,250.52
140,9008,49.98194,20.070153,269.62,2026-07-02 19:00:00+00:00,2026-07-02 20:00:00+00:00,7.82,10.35,12.35,1014.93,55.25,20.26,5.01,230.46
141,9008,49.98194,20.070153,269.62,2026-07-02 20:00:00+00:00,2026-07-02 21:00:00+00:00,9.31,12.44,15.11,1014.97,49.55,18.69,5.6,231.97
142,9008,49.98194,20.070153,269.62,2026-07-02 21:00:00+00:00,2026-07-02 22:00:00+00:00,6.91,9.36,11.27,1015.03,51.11,17.68,5.87,230.26
143,9008,49.98194,20.070153,269.62,2026-07-02 22:00:00+00:00,2026-07-02 23:00:00+00:00,6.52,8.98,10.66,1014.95,52.99,16.93,6.15,231.0
144,326,49.938755,19.973866,350.11,2026-07-01 23:00:00+00:00,2026-07-02 00:00:00+00:00,5.72,8.33,10.76,1012.14,76.46,18.56,11.26,291.17
145,326,49.938755,19.973866,350.11,2026-07-02 00:00:00+00:00,2026-07-02 01:00:00+00:00,7.73,11.64,15.16,1012.34,78.61,18.23,11.54,292.04
146,326,49.938755,19.973866,350.11,2026-07-02 01:00:00+00:00,2026-07-02 02:00:00+00:00,9.45,14.55,19.4,1012.5,77.62,17.59,11.56,296.08
147,326,49.938755,19.973866,350.11,2026-07-02 02:00:00+00:00,2026-07-02 03:00:00+00:00,7.56,11.58,15.37,1012.93,77.57,16.88,11.21,297.31
148,326,49.938755,19.973866,350.11,2026-07-02 03:00:00+00:00,2026-07-02 04:00:00+00:00,6.48,10.23,13.71,1013.25,82.26,16.39,11.51,296.65
149,326,49.938755,19.973866,350.11,2026-07-02 04:00:00+00:00,2026-07-02 05:00:00+00:00,7.34,11.68,15.91,1013.63,81.44,16.0,12.14,297.46
150,326,49.938755,19.973866,350.11,2026-07-02 05:00:00+00:00,2026-07-02 06:00:00+00:00,6.67,10.5,14.07,1014.09,82.18,15.79,12.82,297.39
151,326,49.938755,19.973866,350.11,2026-07-02 06:00:00+00:00,2026-07-02 07:00:00+00:00,6.35,9.58,12.69,1014.54,79.43,15.66,13.43,301.22
152,326,49.938755,19.973866,350.11,2026-07-02 07:00:00+00:00,2026-07-02 08:00:00+00:00,7.5,11.0,14.39,1014.83,71.84,15.99,13.03,303.69
153,326,49.938755,19.973866,350.11,2026-07-02 08:00:00+00:00,2026-07-02 09:00:00+00:00,3.49,4.86,6.22,1015.38,70.17,16.33,12.34,309.33
154,326,49.938755,19.973866,350.11,2026-07-02 09:00:00+00:00,2026-07-02 10:00:00+00:00,3.47,4.82,6.1,1015.52,81.16,17.49,11.56,305.88
155,326,49.938755,19.973866,350.11,2026-07-02 10:00:00+00:00,2026-07-02 11:00:00+00:00,5.36,7.25,9.12,1015.4,76.75,18.95,11.69,300.0
156,326,49.938755,19.973866,350.11,2026-07-02 11:00:00+00:00,2026-07-02 12:00:00+00:00,5.23,6.88,8.53,1014.93,74.59,20.15,11.73,300.0
157,326,49.938755,19.973866,350.11,2026-07-02 12:00:00+00:00,2026-07-02 13:00:00+00:00,4.94,6.21,7.51,1014.13,70.45,22.27,10.28,302.66
158,326,49.938755,19.973866,350.11,2026-07-02 13:00:00+00:00,2026-07-02 14:00:00+00:00,3.72,4.6,5.58,1013.48,66.76,23.28,9.44,306.41
159,326,49.938755,19.973866,350.11,2026-07-02 14:00:00+00:00,2026-07-02 15:00:00+00:00,2.66,3.57,4.47,1013.26,64.36,23.08,8.81,313.65
160,326,49.938755,19.973866,350.11,2026-07-02 15:00:00+00:00,2026-07-02 16:00:00+00:00,2.43,3.27,4.01,1012.97,63.35,23.06,7.63,314.65
161,326,49.938755,19.973866,350.11,2026-07-02 16:00:00+00:00,2026-07-02 17:00:00+00:00,2.83,3.75,4.78,1012.78,63.11,22.93,5.35,323.28
162,326,49.938755,19.973866,350.11,2026-07-02 17:00:00+00:00,2026-07-02 18:00:00+00:00,4.64,6.01,7.59,1012.81,65.47,21.89,3.04,312.82
163,326,49.938755,19.973866,350.11,2026-07-02 18:00:00+00:00,2026-07-02 19:00:00+00:00,9.35,12.88,17.95,1012.77,68.89,20.63,3.95,237.23
164,326,49.938755,19.973866,350.11,2026-07-02 19:00:00+00:00,2026-07-02 20:00:00+00:00,7.06,9.45,12.34,1013.35,71.81,19.25,4.7,223.66
165,326,49.938755,19.973866,350.11,2026-07-02 20:00:00+00:00,2026-07-02 21:00:00+00:00,5.36,6.93,8.63,1013.48,74.95,17.9,5.2,226.64
166,326,49.938755,19.973866,350.11,2026-07-02 21:00:00+00:00,2026-07-02 22:00:00+00:00,5.12,6.6,8.27,1013.52,77.28,16.83,5.65,224.31
167,326,49.938755,19.973866,350.11,2026-07-02 22:00:00+00:00,2026-07-02 23:00:00+00:00,5.29,6.91,8.56,1013.42,76.75,16.32,5.95,225.0
168,8126,50.185143,19.947767,359.71,2026-07-01 23:00:00+00:00,2026-07-02 00:00:00+00:00,9.46,16.82,20.68,1013.36,89.31,18.89,10.94,285.51
169,8126,50.185143,19.947767,359.71,2026-07-02 00:00:00+00:00,2026-07-02 01:00:00+00:00,11.05,19.84,25.48,1013.57,90.06,18.63,11.7,290.53
170,8126,50.185143,19.947767,359.71,2026-07-02 01:00:00+00:00,2026-07-02 02:00:00+00:00,9.37,17.44,21.52,1013.89,90.75,18.15,12.25,297.77
171,8126,50.185143,19.947767,359.71,2026-07-02 02:00:00+00:00,2026-07-02 03:00:00+00:00,7.59,13.92,16.85,1014.32,91.5,17.3,11.74,292.57
172,8126,50.185143,19.947767,359.71,2026-07-02 03:00:00+00:00,2026-07-02 04:00:00+00:00,9.11,17.24,21.12,1014.7,91.63,16.62,11.56,289.38
173,8126,50.185143,19.947767,359.71,2026-07-02 04:00:00+00:00,2026-07-02 05:00:00+00:00,7.06,13.56,16.2,1014.88,90.88,16.47,12.15,296.18
174,8126,50.185143,19.947767,359.71,2026-07-02 05:00:00+00:00,2026-07-02 06:00:00+00:00,7.26,13.53,16.34,1015.51,90.13,16.16,12.91,297.53
175,8126,50.185143,19.947767,359.71,2026-07-02 06:00:00+00:00,2026-07-02 07:00:00+00:00,10.4,19.07,24.31,1015.77,89.13,16.26,13.69,300.33
176,8126,50.185143,19.947767,359.71,2026-07-02 07:00:00+00:00,2026-07-02 08:00:00+00:00,8.42,14.74,17.55,1015.97,86.94,16.58,13.53,301.93
177,8126,50.185143,19.947767,359.71,2026-07-02 08:00:00+00:00,2026-07-02 09:00:00+00:00,4.26,6.85,8.09,1016.59,83.0,17.27,11.88,301.0
178,8126,50.185143,19.947767,359.71,2026-07-02 09:00:00+00:00,2026-07-02 10:00:00+00:00,4.54,7.15,8.49,1016.94,77.5,18.57,11.15,301.0
179,8126,50.185143,19.947767,359.71,2026-07-02 10:00:00+00:00,2026-07-02 11:00:00+00:00,3.49,5.35,6.37,1016.76,73.75,20.16,11.19,298.0
180,8126,50.185143,19.947767,359.71,2026-07-02 11:00:00+00:00,2026-07-02 12:00:00+00:00,3.48,5.3,6.24,1016.36,72.19,21.44,10.41,295.38
181,8126,50.185143,19.947767,359.71,2026-07-02 12:00:00+00:00,2026-07-02 13:00:00+00:00,2.74,4.28,5.09,1015.75,68.75,23.59,6.2,281.65
182,8126,50.185143,19.947767,359.71,2026-07-02 13:00:00+00:00,2026-07-02 14:00:00+00:00,2.55,3.9,4.6,1015.15,64.79,24.92,3.91,286.24
183,8126,50.185143,19.947767,359.71,2026-07-02 14:00:00+00:00,2026-07-02 15:00:00+00:00,3.01,4.66,5.46,1014.87,61.44,23.65,7.71,313.98
184,8126,50.185143,19.947767,359.71,2026-07-02 15:00:00+00:00,2026-07-02 16:00:00+00:00,3.07,4.67,5.62,1014.62,61.0,23.77,6.9,322.14
185,8126,50.185143,19.947767,359.71,2026-07-02 16:00:00+00:00,2026-07-02 17:00:00+00:00,3.22,4.8,5.68,1014.4,61.75,23.73,4.52,329.43
186,8126,50.185143,19.947767,359.71,2026-07-02 17:00:00+00:00,2026-07-02 18:00:00+00:00,3.08,4.34,5.21,1014.37,64.75,23.0,3.02,297.46
187,8126,50.185143,19.947767,359.71,2026-07-02 18:00:00+00:00,2026-07-02 19:00:00+00:00,3.41,4.79,5.66,1014.42,68.75,21.63,3.04,248.93
188,8126,50.185143,19.947767,359.71,2026-07-02 19:00:00+00:00,2026-07-02 20:00:00+00:00,3.69,5.26,6.17,1014.87,71.75,19.97,3.72,235.35
189,8126,50.185143,19.947767,359.71,2026-07-02 20:00:00+00:00,2026-07-02 21:00:00+00:00,3.64,5.13,6.14,1014.95,74.13,18.73,4.36,238.5
190,8126,50.185143,19.947767,359.71,2026-07-02 21:00:00+00:00,2026-07-02 22:00:00+00:00,3.54,4.89,5.75,1014.92,75.81,17.57,4.53,236.44
191,8126,50.185143,19.947767,359.71,2026-07-02 22:00:00+00:00,2026-07-02 23:00:00+00:00,3.14,4.38,5.13,1014.8,77.5,16.76,5.09,235.0
192,33050,50.081104,19.764215,240.7,2026-07-01 23:00:00+00:00,2026-07-02 00:00:00+00:00,9.91,15.37,17.65,1012.94,84.8,18.84,,
193,33050,50.081104,19.764215,240.7,2026-07-02 00:00:00+00:00,2026-07-02 01:00:00+00:00,11.02,16.88,19.61,1013.38,84.76,18.75,,
194,33050,50.081104,19.764215,240.7,2026-07-02 01:00:00+00:00,2026-07-02 02:00:00+00:00,8.97,13.99,16.02,1013.65,85.46,18.12,,
195,33050,50.081104,19.764215,240.7,2026-07-02 02:00:00+00:00,2026-07-02 03:00:00+00:00,7.79,12.21,14.1,1014.23,87.1,17.0,,
196,33050,50.081104,19.764215,240.7,2026-07-02 03:00:00+00:00,2026-07-02 04:00:00+00:00,8.5,13.3,15.26,1014.59,87.58,16.43,,
197,33050,50.081104,19.764215,240.7,2026-07-02 04:00:00+00:00,2026-07-02 05:00:00+00:00,8.13,12.39,14.13,1014.91,87.07,16.4,,
198,33050,50.081104,19.764215,240.7,2026-07-02 05:00:00+00:00,2026-07-02 06:00:00+00:00,8.02,11.91,13.52,1015.38,86.16,16.27,,
199,33050,50.081104,19.764215,240.7,2026-07-02 06:00:00+00:00,2026-07-02 07:00:00+00:00,9.84,14.23,16.31,1015.89,83.98,16.54,,
200,33050,50.081104,19.764215,240.7,2026-07-02 07:00:00+00:00,2026-07-02 08:00:00+00:00,6.09,8.52,9.7,1016.41,80.08,16.59,,
201,33050,50.081104,19.764215,240.7,2026-07-02 08:00:00+00:00,2026-07-02 09:00:00+00:00,4.18,5.65,6.47,1016.7,75.22,17.55,,
202,33050,50.081104,19.764215,240.7,2026-07-02 09:00:00+00:00,2026-07-02 10:00:00+00:00,6.59,9.07,10.45,1016.75,70.31,18.88,,
203,33050,50.081104,19.764215,240.7,2026-07-02 10:00:00+00:00,2026-07-02 11:00:00+00:00,5.65,7.26,8.36,1016.46,64.6,21.22,,
204,33050,50.081104,19.764215,240.7,2026-07-02 11:00:00+00:00,2026-07-02 12:00:00+00:00,3.91,4.92,5.59,1015.79,59.91,24.26,,
205,33050,50.081104,19.764215,240.7,2026-07-02 12:00:00+00:00,2026-07-02 13:00:00+00:00,3.06,3.85,4.4,1014.99,54.4,27.55,,
206,33050,50.081104,19.764215,240.7,2026-07-02 13:00:00+00:00,2026-07-02 14:00:00+00:00,2.96,3.6,4.11,1014.23,49.17,28.63,,
207,33050,50.081104,19.764215,240.7,2026-07-02 14:00:00+00:00,2026-07-02 15:00:00+00:00,3.54,4.47,5.05,1013.9,46.04,26.42,,
208,33050,50.081104,19.764215,240.7,2026-07-02 15:00:00+00:00,2026-07-02 16:00:00+00:00,3.39,4.25,4.85,1013.73,45.07,24.93,,
209,33050,50.081104,19.764215,240.7,2026-07-02 16:00:00+00:00,2026-07-02 17:00:00+00:00,3.53,4.34,5.06,1013.61,47.15,24.18,,
210,33050,50.081104,19.764215,240.7,2026-07-02 17:00:00+00:00,2026-07-02 18:00:00+00:00,3.61,4.46,5.06,1013.62,52.29,23.3,,
211,33050,50.081104,19.764215,240.7,2026-07-02 18:00:00+00:00,2026-07-02 19:00:00+00:00,4.05,5.1,5.78,1013.8,59.44,21.2,,
212,33050,50.081104,19.764215,240.7,2026-07-02 19:00:00+00:00,2026-07-02 20:00:00+00:00,5.28,6.75,7.73,1014.35,63.22,19.15,,
213,33050,50.081104,19.764215,240.7,2026-07-02 20:00:00+00:00,2026-07-02 21:00:00+00:00,6.16,7.87,9.08,1014.52,66.09,17.73,,
214,33050,50.081104,19.764215,240.7,2026-07-02 21:00:00+00:00,2026-07-02 22:00:00+00:00,6.56,8.52,9.81,1014.55,68.92,16.52,,
215,33050,50.081104,19.764215,240.7,2026-07-02 22:00:00+00:00,2026-07-02 23:00:00+00:00,6.65,8.55,9.77,1014.5,71.31,15.42,,
216,43262,50.156845,19.878487,275.82,2026-07-01 23:00:00+00:00,2026-07-02 00:00:00+00:00,8.05,12.31,14.72,1016.12,89.31,19.49,10.94,285.51
217,43262,50.156845,19.878487,275.82,2026-07-02 00:00:00+00:00,2026-07-02 01:00:00+00:00,11.53,18.54,23.29,1016.58,90.0,19.19,11.62,290.37
218,43262,50.156845,19.878487,275.82,2026-07-02 01:00:00+00:00,2026-07-02 02:00:00+00:00,8.99,14.28,17.07,1016.87,90.75,18.84,12.25,297.77
219,43262,50.156845,19.878487,275.82,2026-07-02 02:00:00+00:00,2026-07-02 03:00:00+00:00,7.61,11.86,14.15,1017.37,91.44,17.87,11.82,293.68
220,43262,50.156845,19.878487,275.82,2026-07-02 03:00:00+00:00,2026-07-02 04:00:00+00:00,7.71,12.01,14.21,1017.55,91.63,17.25,11.56,289.38
221,43262,50.156845,19.878487,275.82,2026-07-02 04:00:00+00:00,2026-07-02 05:00:00+00:00,7.82,12.15,14.3,1017.88,90.94,16.93,12.09,296.09
222,43262,50.156845,19.878487,275.82,2026-07-02 05:00:00+00:00,2026-07-02 06:00:00+00:00,7.81,12.27,14.52,1018.35,90.19,16.74,12.84,297.27
223,43262,50.156845,19.878487,275.82,2026-07-02 06:00:00+00:00,2026-07-02 07:00:00+00:00,10.04,15.75,18.87,1018.75,89.31,16.79,13.69,300.17
224,43262,50.156845,19.878487,275.82,2026-07-02 07:00:00+00:00,2026-07-02 08:00:00+00:00,7.74,11.42,13.24,1019.16,86.94,17.08,13.53,301.93
225,43262,50.156845,19.878487,275.82,2026-07-02 08:00:00+00:00,2026-07-02 09:00:00+00:00,3.34,4.77,5.49,1019.66,83.0,17.5,11.88,301.0
226,43262,50.156845,19.878487,275.82,2026-07-02 09:00:00+00:00,2026-07-02 10:00:00+00:00,4.97,7.05,8.31,1019.83,77.5,18.69,11.15,301.0
227,43262,50.156845,19.878487,275.82,2026-07-02 10:00:00+00:00,2026-07-02 11:00:00+00:00,4.98,6.75,7.81,1019.73,73.75,19.76,11.19,298.0
228,43262,50.156845,19.878487,275.82,2026-07-02 11:00:00+00:00,2026-07-02 12:00:00+00:00,3.41,4.61,5.38,1019.41,72.19,20.96,10.41,295.38
229,43262,50.156845,19.878487,275.82,2026-07-02 12:00:00+00:00,2026-07-02 13:00:00+00:00,3.47,4.59,5.34,1018.82,68.75,23.57,6.2,281.65
230,43262,50.156845,19.878487,275.82,2026-07-02 13:00:00+00:00,2026-07-02 14:00:00+00:00,3.1,4.16,4.84,1018.15,65.25,25.44,3.51,278.78
231,43262,50.156845,19.878487,275.82,2026-07-02 14:00:00+00:00,2026-07-02 15:00:00+00:00,3.69,4.98,5.72,1017.81,61.5,24.31,7.69,313.39
232,43262,50.156845,19.878487,275.82,2026-07-02 15:00:00+00:00,2026-07-02 16:00:00+00:00,3.93,5.19,5.93,1017.52,61.0,24.48,6.9,322.14
233,43262,50.156845,19.878487,275.82,2026-07-02 16:00:00+00:00,2026-07-02 17:00:00+00:00,3.77,5.01,5.76,1017.28,61.75,24.24,4.52,329.43
234,43262,50.156845,19.878487,275.82,2026-07-02 17:00:00+00:00,2026-07-02 18:00:00+00:00,2.94,3.84,4.41,1017.22,64.38,23.7,3.12,301.78
235,43262,50.156845,19.878487,275.82,2026-07-02 18:00:00+00:00,2026-07-02 19:00:00+00:00,3.21,3.99,4.59,1017.32,68.5,22.22,3.01,251.15
236,43262,50.156845,19.878487,275.82,2026-07-02 19:00:00+00:00,2026-07-02 20:00:00+00:00,3.85,4.95,5.61,1017.81,71.5,20.28,3.64,234.8
237,43262,50.156845,19.878487,275.82,2026-07-02 20:00:00+00:00,2026-07-02 21:00:00+00:00,5.2,6.7,7.77,1017.91,74.13,18.68,4.36,238.5
238,43262,50.156845,19.878487,275.82,2026-07-02 21:00:00+00:00,2026-07-02 22:00:00+00:00,4.95,6.28,7.3,1017.87,75.81,17.4,4.53,236.44
239,43262,50.156845,19.878487,275.82,2026-07-02 22:00:00+00:00,2026-07-02 23:00:00+00:00,4.81,6.12,7.1,1017.8,77.5,16.37,5.09,235.0
240,87014,50.115496,19.98213,242.44,2026-07-01 23:00:00+00:00,2026-07-02 00:00:00+00:00,3.22,5.49,7.31,1014.24,89.25,18.92,11.42,285.37
241,87014,50.115496,19.98213,242.44,2026-07-02 00:00:00+00:00,2026-07-02 01:00:00+00:00,4.73,8.84,11.84,1014.68,90.5,18.48,11.89,290.72
242,87014,50.115496,19.98213,242.44,2026-07-02 01:00:00+00:00,2026-07-02 02:00:00+00:00,4.51,8.43,11.42,1015.04,91.0,17.74,12.14,296.66
243,87014,50.115496,19.98213,242.44,2026-07-02 02:00:00+00:00,2026-07-02 03:00:00+00:00,3.25,5.86,8.08,1015.41,91.0,17.05,11.95,296.03
244,87014,50.115496,19.98213,242.44,2026-07-02 03:00:00+00:00,2026-07-02 04:00:00+00:00,3.28,6.15,8.43,1015.65,91.0,16.4,11.89,293.36
245,87014,50.115496,19.98213,242.44,2026-07-02 04:00:00+00:00,2026-07-02 05:00:00+00:00,3.19,5.8,8.1,1016.03,90.75,16.15,12.45,297.4
246,87014,50.115496,19.98213,242.44,2026-07-02 05:00:00+00:00,2026-07-02 06:00:00+00:00,2.54,4.68,6.24,1016.53,90.25,15.98,13.32,299.66
247,87014,50.115496,19.98213,242.44,2026-07-02 06:00:00+00:00,2026-07-02 07:00:00+00:00,3.59,6.72,9.3,1016.97,89.25,16.06,13.74,300.0
248,87014,50.115496,19.98213,242.44,2026-07-02 07:00:00+00:00,2026-07-02 08:00:00+00:00,4.23,7.46,10.02,1017.33,86.25,16.2,13.52,301.68
249,87014,50.115496,19.98213,242.44,2026-07-02 08:00:00+00:00,2026-07-02 09:00:00+00:00,1.73,2.91,4.03,1017.8,81.91,16.63,12.73,301.31
250,87014,50.115496,19.98213,242.44,2026-07-02 09:00:00+00:00,2026-07-02 10:00:00+00:00,1.65,2.75,3.93,1018.09,77.46,17.82,11.88,301.51
251,87014,50.115496,19.98213,242.44,2026-07-02 10:00:00+00:00,2026-07-02 11:00:00+00:00,2.23,3.51,4.72,1017.98,70.57,19.33,11.46,299.0
252,87014,50.115496,19.98213,242.44,2026-07-02 11:00:00+00:00,2026-07-02 12:00:00+00:00,2.35,3.58,4.73,1017.52,61.31,20.86,10.95,299.52
253,87014,50.115496,19.98213,242.44,2026-07-02 12:00:00+00:00,2026-07-02 13:00:00+00:00,0.97,1.66,2.3,1016.8,52.65,22.59,9.92,298.83
254,87014,50.115496,19.98213,242.44,2026-07-02 13:00:00+00:00,2026-07-02 14:00:00+00:00,0.73,1.31,1.88,1016.01,48.58,28.24,7.44,174.28
255,87014,50.115496,19.98213,242.44,2026-07-02 14:00:00+00:00,2026-07-02 15:00:00+00:00,0.96,1.58,2.09,1015.53,43.78,24.82,8.4,314.89
256,87014,50.115496,19.98213,242.44,2026-07-02 15:00:00+00:00,2026-07-02 16:00:00+00:00,1.07,1.86,2.53,1015.27,44.53,24.36,7.33,326.06
257,87014,50.115496,19.98213,242.44,2026-07-02 16:00:00+00:00,2026-07-02 17:00:00+00:00,0.96,1.54,2.08,1014.85,44.17,26.51,4.65,326.38
258,87014,50.115496,19.98213,242.44,2026-07-02 17:00:00+00:00,2026-07-02 18:00:00+00:00,1.11,1.72,2.36,1014.75,46.84,26.14,2.22,305.28
259,87014,50.115496,19.98213,242.44,2026-07-02 18:00:00+00:00,2026-07-02 19:00:00+00:00,1.53,2.34,3.23,1014.82,53.0,23.22,3.26,236.07
260,87014,50.115496,19.98213,242.44,2026-07-02 19:00:00+00:00,2026-07-02 20:00:00+00:00,3.42,5.33,7.33,1015.43,65.4,19.78,3.7,228.27
261,87014,50.115496,19.98213,242.44,2026-07-02 20:00:00+00:00,2026-07-02 21:00:00+00:00,2.45,3.51,4.59,1015.58,73.05,18.16,4.42,239.46
262,87014,50.115496,19.98213,242.44,2026-07-02 21:00:00+00:00,2026-07-02 22:00:00+00:00,2.45,3.57,4.72,1015.63,75.07,17.04,4.85,233.71
263,87014,50.115496,19.98213,242.44,2026-07-02 22:00:00+00:00,2026-07-02 23:00:00+00:00,2.7,3.95,5.19,1015.58,76.6,16.04,5.66,231.1
264,86918,50.025251,19.937998,225.82,2026-07-01 23:00:00+00:00,2026-07-02 00:00:00+00:00,7.97,11.38,14.18,,78.8,18.96,11.25,284.08
265,86918,50.025251,19.937998,225.82,2026-07-02 00:00:00+00:00,2026-07-02 01:00:00+00:00,10.56,15.46,21.0,,80.42,18.43,11.26,287.0
266,86918,50.025251,19.937998,225.82,2026-07-02 01:00:00+00:00,2026-07-02 02:00:00+00:00,11.69,17.44,24.55,,79.45,18.21,11.65,295.32
267,86918,50.025251,19.937998,225.82,2026-07-02 02:00:00+00:00,2026-07-02 03:00:00+00:00,9.49,13.92,18.47,,80.57,17.35,11.99,295.66
268,86918,50.025251,19.937998,225.82,2026-07-02 03:00:00+00:00,2026-07-02 04:00:00+00:00,7.39,10.57,13.33,,82.58,16.68,11.9,293.34
269,86918,50.025251,19.937998,225.82,2026-07-02 04:00:00+00:00,2026-07-02 05:00:00+00:00,9.61,14.15,18.9,,81.46,16.41,12.31,295.64
270,86918,50.025251,19.937998,225.82,2026-07-02 05:00:00+00:00,2026-07-02 06:00:00+00:00,9.61,14.17,18.66,,80.45,16.36,13.16,297.0
271,86918,50.025251,19.937998,225.82,2026-07-02 06:00:00+00:00,2026-07-02 07:00:00+00:00,10.15,14.94,20.1,,78.55,16.26,13.64,299.58
272,86918,50.025251,19.937998,225.82,2026-07-02 07:00:00+00:00,2026-07-02 08:00:00+00:00,10.04,14.48,19.21,,73.8,16.49,12.76,300.4
273,86918,50.025251,19.937998,225.82,2026-07-02 08:00:00+00:00,2026-07-02 09:00:00+00:00,2.97,4.18,5.14,,65.57,16.96,12.04,301.23
274,86918,50.025251,19.937998,225.82,2026-07-02 09:00:00+00:00,2026-07-02 10:00:00+00:00,5.24,7.12,8.62,,60.12,18.13,11.68,300.76
275,86918,50.025251,19.937998,225.82,2026-07-02 10:00:00+00:00,2026-07-02 11:00:00+00:00,9.42,13.26,16.74,,56.21,19.03,11.34,299.39
276,86918,50.025251,19.937998,225.82,2026-07-02 11:00:00+00:00,2026-07-02 12:00:00+00:00,8.11,10.86,13.21,,49.18,21.16,10.29,294.99
277,86918,50.025251,19.937998,225.82,2026-07-02 12:00:00+00:00,2026-07-02 13:00:00+00:00,5.89,7.41,8.72,,43.97,23.44,9.42,298.39
278,86918,50.025251,19.937998,225.82,2026-07-02 13:00:00+00:00,2026-07-02 14:00:00+00:00,4.07,5.11,5.98,,39.77,25.63,8.4,306.4
279,86918,50.025251,19.937998,225.82,2026-07-02 14:00:00+00:00,2026-07-02 15:00:00+00:00,3.72,4.58,5.34,,37.55,26.75,7.93,316.37
280,86918,50.025251,19.937998,225.82,2026-07-02 15:00:00+00:00,2026-07-02 16:00:00+00:00,4.71,5.99,7.05,,36.66,25.13,6.66,328.29
281,86918,50.025251,19.937998,225.82,2026-07-02 16:00:00+00:00,2026-07-02 17:00:00+00:00,4.99,6.28,7.43,,37.62,23.92,4.7,312.35
282,86918,50.025251,19.937998,225.82,2026-07-02 17:00:00+00:00,2026-07-02 18:00:00+00:00,4.62,5.69,6.8,,40.28,23.14,3.51,291.54
283,86918,50.025251,19.937998,225.82,2026-07-02 18:00:00+00:00,2026-07-02 19:00:00+00:00,4.73,5.86,6.92,,43.85,21.63,2.79,251.14
284,86918,50.025251,19.937998,225.82,2026-07-02 19:00:00+00:00,2026-07-02 20:00:00+00:00,6.51,8.42,10.05,,49.06,19.8,3.74,237.73
285,86918,50.025251,19.937998,225.82,2026-07-02 20:00:00+00:00,2026-07-02 21:00:00+00:00,8.76,11.65,14.22,,54.16,18.48,4.28,236.6
286,86918,50.025251,19.937998,225.82,2026-07-02 21:00:00+00:00,2026-07-02 22:00:00+00:00,10.02,13.75,17.11,,58.07,17.25,4.93,232.59
287,86918,50.025251,19.937998,225.82,2026-07-02 22:00:00+00:00,2026-07-02 23:00:00+00:00,10.04,13.76,17.04,,61.46,16.25,5.5,230.71
288,7617,50.126232,19.954121,257.93,2026-07-01 23:00:00+00:00,2026-07-02 00:00:00+00:00,8.06,9.82,9.31,1013.94,89.38,20.47,,
289,7617,50.126232,19.954121,257.93,2026-07-02 00:00:00+00:00,2026-07-02 01:00:00+00:00,11.43,14.4,17.16,1014.37,90.56,19.98,,
290,7617,50.126232,19.954121,257.93,2026-07-02 01:00:00+00:00,2026-07-02 02:00:00+00:00,10.53,13.69,15.93,1014.65,91.0,19.29,,
291,7617,50.126232,19.954121,257.93,2026-07-02 02:00:00+00:00,2026-07-02 03:00:00+00:00,7.8,9.98,9.81,1015.03,91.0,18.6,,
292,7617,50.126232,19.954121,257.93,2026-07-02 03:00:00+00:00,2026-07-02 04:00:00+00:00,8.39,10.87,11.11,1015.25,91.0,18.02,,
293,7617,50.126232,19.954121,257.93,2026-07-02 04:00:00+00:00,2026-07-02 05:00:00+00:00,8.17,10.56,10.57,1015.58,90.69,17.77,,
294,7617,50.126232,19.954121,257.93,2026-07-02 05:00:00+00:00,2026-07-02 06:00:00+00:00,7.19,9.14,8.7,1016.05,90.25,17.62,,
295,7617,50.126232,19.954121,257.93,2026-07-02 06:00:00+00:00,2026-07-02 07:00:00+00:00,9.72,12.6,13.84,1016.47,89.0,17.68,,
296,7617,50.126232,19.954121,257.93,2026-07-02 07:00:00+00:00,2026-07-02 08:00:00+00:00,9.98,12.33,13.03,1016.81,86.0,17.91,,
297,7617,50.126232,19.954121,257.93,2026-07-02 08:00:00+00:00,2026-07-02 09:00:00+00:00,4.38,5.02,2.81,1017.29,82.06,18.46,,
298,7617,50.126232,19.954121,257.93,2026-07-02 09:00:00+00:00,2026-07-02 10:00:00+00:00,4.71,5.32,3.21,1017.52,78.25,19.57,,
299,7617,50.126232,19.954121,257.93,2026-07-02 10:00:00+00:00,2026-07-02 11:00:00+00:00,6.09,6.78,5.14,1017.44,73.88,20.98,,
300,7617,50.126232,19.954121,257.93,2026-07-02 11:00:00+00:00,2026-07-02 12:00:00+00:00,5.45,5.94,3.94,1017.01,70.25,22.78,,
301,7617,50.126232,19.954121,257.93,2026-07-02 12:00:00+00:00,2026-07-02 13:00:00+00:00,3.15,3.42,0.6,1016.33,67.75,26.28,,
302,7617,50.126232,19.954121,257.93,2026-07-02 13:00:00+00:00,2026-07-02 14:00:00+00:00,2.93,3.04,0.19,1015.73,66.46,31.03,,
303,7617,50.126232,19.954121,257.93,2026-07-02 14:00:00+00:00,2026-07-02 15:00:00+00:00,3.46,3.63,0.8,1015.49,61.63,27.46,,
304,7617,50.126232,19.954121,257.93,2026-07-02 15:00:00+00:00,2026-07-02 16:00:00+00:00,3.46,3.67,0.95,1015.23,61.13,26.74,,
305,7617,50.126232,19.954121,257.93,2026-07-02 16:00:00+00:00,2026-07-02 17:00:00+00:00,3.59,3.76,1.06,1014.97,62.13,26.81,,
306,7617,50.126232,19.954121,257.93,2026-07-02 17:00:00+00:00,2026-07-02 18:00:00+00:00,3.88,4.01,1.32,1014.97,64.63,25.04,,
307,7617,50.126232,19.954121,257.93,2026-07-02 18:00:00+00:00,2026-07-02 19:00:00+00:00,5.21,5.24,2.96,1015.01,68.38,23.27,,
308,7617,50.126232,19.954121,257.93,2026-07-02 19:00:00+00:00,2026-07-02 20:00:00+00:00,4.89,4.93,2.58,1015.47,72.0,21.17,,
309,7617,50.126232,19.954121,257.93,2026-07-02 20:00:00+00:00,2026-07-02 21:00:00+00:00,6.3,6.51,4.7,1015.51,74.75,19.61,,
310,7617,50.126232,19.954121,257.93,2026-07-02 21:00:00+00:00,2026-07-02 22:00:00+00:00,8.56,9.14,8.24,1015.47,76.25,18.4,,
311,7617,50.126232,19.954121,257.93,2026-07-02 22:00:00+00:00,2026-07-02 23:00:00+00:00,10.18,11.1,11.01,1015.42,77.63,17.44,,
312,7385,49.969677,19.980179,281.69,2026-07-01 23:00:00+00:00,2026-07-02 00:00:00+00:00,0.16,0.42,0.61,1012.69,,,11.33,289.57
313,7385,49.969677,19.980179,281.69,2026-07-02 00:00:00+00:00,2026-07-02 01:00:00+00:00,0.18,0.46,0.66,1012.88,,,12.4,293.69
314,7385,49.969677,19.980179,281.69,2026-07-02 01:00:00+00:00,2026-07-02 02:00:00+00:00,0.87,1.67,2.4,1013.09,,,12.0,301.43
315,7385,49.969677,19.980179,281.69,2026-07-02 02:00:00+00:00,2026-07-02 03:00:00+00:00,0.81,1.53,2.07,1013.53,,,12.0,295.48
316,7385,49.969677,19.980179,281.69,2026-07-02 03:00:00+00:00,2026-07-02 04:00:00+00:00,1.26,2.55,3.5,1013.89,,,12.05,294.0
317,7385,49.969677,19.980179,281.69,2026-07-02 04:00:00+00:00,2026-07-02 05:00:00+00:00,1.23,2.76,3.69,1014.3,,,12.51,297.36
318,7385,49.969677,19.980179,281.69,2026-07-02 05:00:00+00:00,2026-07-02 06:00:00+00:00,1.13,2.33,3.17,1014.74,,,13.29,298.0
319,7385,49.969677,19.980179,281.69,2026-07-02 06:00:00+00:00,2026-07-02 07:00:00+00:00,1.19,2.55,3.61,1015.22,,,13.67,299.16
320,7385,49.969677,19.980179,281.69,2026-07-02 07:00:00+00:00,2026-07-02 08:00:00+00:00,2.16,4.31,5.72,1015.61,,,13.57,304.67
321,7385,49.969677,19.980179,281.69,2026-07-02 08:00:00+00:00,2026-07-02 09:00:00+00:00,0.6,1.36,1.97,1016.18,,,12.78,306.13
322,7385,49.969677,19.980179,281.69,2026-07-02 09:00:00+00:00,2026-07-02 10:00:00+00:00,0.12,0.26,0.42,1016.27,,,12.07,302.49
323,7385,49.969677,19.980179,281.69,2026-07-02 10:00:00+00:00,2026-07-02 11:00:00+00:00,0.72,1.52,2.13,1016.14,,,12.04,300.01
324,7385,49.969677,19.980179,281.69,2026-07-02 11:00:00+00:00,2026-07-02 12:00:00+00:00,0.91,1.73,2.29,1015.63,,,11.42,299.48
325,7385,49.969677,19.980179,281.69,2026-07-02 12:00:00+00:00,2026-07-02 13:00:00+00:00,0.59,1.13,1.56,1014.8,,,10.69,301.21
326,7385,49.969677,19.980179,281.69,2026-07-02 13:00:00+00:00,2026-07-02 14:00:00+00:00,0.41,0.87,1.12,1013.94,,,9.96,306.55
327,7385,49.969677,19.980179,281.69,2026-07-02 14:00:00+00:00,2026-07-02 15:00:00+00:00,0.24,0.56,0.76,1013.42,,,8.85,314.64
328,7385,49.969677,19.980179,281.69,2026-07-02 15:00:00+00:00,2026-07-02 16:00:00+00:00,0.28,0.67,0.87,1013.29,,,7.02,321.34
329,7385,49.969677,19.980179,281.69,2026-07-02 16:00:00+00:00,2026-07-02 17:00:00+00:00,0.08,0.2,0.36,1013.14,,,4.91,325.35
330,7385,49.969677,19.980179,281.69,2026-07-02 17:00:00+00:00,2026-07-02 18:00:00+00:00,0.15,0.35,0.49,1013.07,,,2.97,294.38
331,7385,49.969677,19.980179,281.69,2026-07-02 18:00:00+00:00,2026-07-02 19:00:00+00:00,0.08,0.2,0.25,1013.24,,,3.86,238.95
332,7385,49.969677,19.980179,281.69,2026-07-02 19:00:00+00:00,2026-07-02 20:00:00+00:00,0.07,0.15,0.19,1013.87,,,4.76,228.2
333,7385,49.969677,19.980179,281.69,2026-07-02 20:00:00+00:00,2026-07-02 21:00:00+00:00,0.07,0.16,0.2,1014.0,,,5.08,232.31
334,7385,49.969677,19.980179,281.69,2026-07-02 21:00:00+00:00,2026-07-02 22:00:00+00:00,0.1,0.19,0.25,1013.99,,,5.13,231.85
335,7385,49.969677,19.980179,281.69,2026-07-02 22:00:00+00:00,2026-07-02 23:00:00+00:00,0.03,0.09,0.12,1013.91,,,6.28,228.89
336,86941,50.057537,19.897547,222.87,2026-07-01 23:00:00+00:00,2026-07-02 00:00:00+00:00,8.33,12.01,13.92,1012.2,65.27,19.28,11.16,285.87
337,86941,50.057537,19.897547,222.87,2026-07-02 00:00:00+00:00,2026-07-02 01:00:00+00:00,12.12,18.38,22.55,1012.58,65.42,19.08,11.73,288.0
338,86941,50.057537,19.897547,222.87,2026-07-02 01:00:00+00:00,2026-07-02 02:00:00+00:00,11.83,18.41,22.53,1012.72,66.18,18.51,12.28,298.09
339,86941,50.057537,19.897547,222.87,2026-07-02 02:00:00+00:00,2026-07-02 03:00:00+00:00,8.67,13.22,15.53,1013.17,66.93,17.8,12.18,295.85
340,86941,50.057537,19.897547,222.87,2026-07-02 03:00:00+00:00,2026-07-02 04:00:00+00:00,7.58,11.18,13.03,1013.66,90.06,16.97,11.99,293.34
341,86941,50.057537,19.897547,222.87,2026-07-02 04:00:00+00:00,2026-07-02 05:00:00+00:00,10.63,16.64,19.59,1013.99,91.13,16.57,12.38,297.2
342,86941,50.057537,19.897547,222.87,2026-07-02 05:00:00+00:00,2026-07-02 06:00:00+00:00,9.24,13.93,16.15,1014.3,90.44,16.79,13.05,297.24
343,86941,50.057537,19.897547,222.87,2026-07-02 06:00:00+00:00,2026-07-02 07:00:00+00:00,10.81,16.33,18.99,1014.92,89.13,16.63,13.73,300.04
344,86941,50.057537,19.897547,222.87,2026-07-02 07:00:00+00:00,2026-07-02 08:00:00+00:00,8.74,12.35,14.15,1015.16,77.2,17.04,13.46,301.74
345,86941,50.057537,19.897547,222.87,2026-07-02 08:00:00+00:00,2026-07-02 09:00:00+00:00,2.72,3.56,4.12,1015.9,59.7,17.16,12.42,303.46
346,86941,50.057537,19.897547,222.87,2026-07-02 09:00:00+00:00,2026-07-02 10:00:00+00:00,4.19,5.47,6.29,1015.99,57.47,18.71,11.61,301.04
347,86941,50.057537,19.897547,222.87,2026-07-02 10:00:00+00:00,2026-07-02 11:00:00+00:00,6.87,9.05,10.39,1015.84,59.33,20.2,11.37,299.25
348,86941,50.057537,19.897547,222.87,2026-07-02 11:00:00+00:00,2026-07-02 12:00:00+00:00,6.65,8.58,9.84,1015.44,58.47,20.98,10.89,297.52
349,86941,50.057537,19.897547,222.87,2026-07-02 12:00:00+00:00,2026-07-02 13:00:00+00:00,3.76,4.88,5.59,1014.8,58.19,21.76,9.84,298.45
350,86941,50.057537,19.897547,222.87,2026-07-02 13:00:00+00:00,2026-07-02 14:00:00+00:00,3.42,4.42,5.07,1014.02,48.36,22.83,8.69,304.08
351,86941,50.057537,19.897547,222.87,2026-07-02 14:00:00+00:00,2026-07-02 15:00:00+00:00,3.68,4.66,5.33,1013.54,53.45,23.75,7.95,314.84
352,86941,50.057537,19.897547,222.87,2026-07-02 15:00:00+00:00,2026-07-02 16:00:00+00:00,4.27,5.32,6.08,1013.24,61.25,24.09,7.04,320.85
353,86941,50.057537,19.897547,222.87,2026-07-02 16:00:00+00:00,2026-07-02 17:00:00+00:00,3.92,4.81,5.48,1012.94,49.96,24.24,4.85,324.79
354,86941,50.057537,19.897547,222.87,2026-07-02 17:00:00+00:00,2026-07-02 18:00:00+00:00,3.33,4.08,4.66,1012.86,40.84,23.65,3.18,298.24
355,86941,50.057537,19.897547,222.87,2026-07-02 18:00:00+00:00,2026-07-02 19:00:00+00:00,3.15,3.88,4.44,1012.93,43.3,22.17,3.04,250.63
356,86941,50.057537,19.897547,222.87,2026-07-02 19:00:00+00:00,2026-07-02 20:00:00+00:00,3.73,4.62,5.34,1013.43,54.31,20.44,3.69,232.7
357,86941,50.057537,19.897547,222.87,2026-07-02 20:00:00+00:00,2026-07-02 21:00:00+00:00,5.04,6.28,7.19,1013.64,68.56,18.99,4.21,238.3
358,86941,50.057537,19.897547,222.87,2026-07-02 21:00:00+00:00,2026-07-02 22:00:00+00:00,5.89,7.47,8.6,1013.71,57.47,17.79,4.68,235.5
359,86941,50.057537,19.897547,222.87,2026-07-02 22:00:00+00:00,2026-07-02 23:00:00+00:00,7.06,9.01,10.29,1013.71,58.5,16.81,5.53,232.43
360,86925,50.020756,19.844076,205.85,2026-07-01 23:00:00+00:00,2026-07-02 00:00:00+00:00,,,,,,,,
361,86925,50.020756,19.844076,205.85,2026-07-02 00:00:00+00:00,2026-07-02 01:00:00+00:00,,,,,,,,
362,86925,50.020756,19.844076,205.85,2026-07-02 01:00:00+00:00,2026-07-02 02:00:00+00:00,,,,,,,,
363,86925,50.020756,19.844076,205.85,2026-07-02 02:00:00+00:00,2026-07-02 03:00:00+00:00,,,,,,,,
364,86925,50.020756,19.844076,205.85,2026-07-02 03:00:00+00:00,2026-07-02 04:00:00+00:00,,,,,,,,
365,86925,50.020756,19.844076,205.85,2026-07-02 04:00:00+00:00,2026-07-02 05:00:00+00:00,,,,,,,,
366,86925,50.020756,19.844076,205.85,2026-07-02 05:00:00+00:00,2026-07-02 06:00:00+00:00,,,,,,,,
367,86925,50.020756,19.844076,205.85,2026-07-02 06:00:00+00:00,2026-07-02 07:00:00+00:00,,,,,,,,
368,86925,50.020756,19.844076,205.85,2026-07-02 07:00:00+00:00,2026-07-02 08:00:00+00:00,,,,,,,,
369,86925,50.020756,19.844076,205.85,2026-07-02 08:00:00+00:00,2026-07-02 09:00:00+00:00,,,,,,,,
370,86925,50.020756,19.844076,205.85,2026-07-02 09:00:00+00:00,2026-07-02 10:00:00+00:00,,,,,,,,
371,86925,50.020756,19.844076,205.85,2026-07-02 10:00:00+00:00,2026-07-02 11:00:00+00:00,,,,,,,,
372,86925,50.020756,19.844076,205.85,2026-07-02 11:00:00+00:00,2026-07-02 12:00:00+00:00,,,,,,,,
373,86925,50.020756,19.844076,205.85,2026-07-02 12:00:00+00:00,2026-07-02 13:00:00+00:00,,,,,,,,
374,86925,50.020756,19.844076,205.85,2026-07-02 13:00:00+00:00,2026-07-02 14:00:00+00:00,,,,,,,,
375,86925,50.020756,19.844076,205.85,2026-07-02 14:00:00+00:00,2026-07-02 15:00:00+00:00,,,,,,,,
376,86925,50.020756,19.844076,205.85,2026-07-02 15:00:00+00:00,2026-07-02 16:00:00+00:00,,,,,,,,
377,86925,50.020756,19.844076,205.85,2026-07-02 16:00:00+00:00,2026-07-02 17:00:00+00:00,,,,,,,,
378,86925,50.020756,19.844076,205.85,2026-07-02 17:00:00+00:00,2026-07-02 18:00:00+00:00,,,,,,,,
379,86925,50.020756,19.844076,205.85,2026-07-02 18:00:00+00:00,2026-07-02 19:00:00+00:00,,,,,,,,
380,86925,50.020756,19.844076,205.85,2026-07-02 19:00:00+00:00,2026-07-02 20:00:00+00:00,,,,,,,,
381,86925,50.020756,19.844076,205.85,2026-07-02 20:00:00+00:00,2026-07-02 21:00:00+00:00,,,,,,,,
382,86925,50.020756,19.844076,205.85,2026-07-02 21:00:00+00:00,2026-07-02 22:00:00+00:00,,,,,,,,
383,86925,50.020756,19.844076,205.85,2026-07-02 22:00:00+00:00,2026-07-02 23:00:00+00:00,,,,,,,,
384,6887,49.93483,19.961107,376.38,2026-07-01 23:00:00+00:00,2026-07-02 00:00:00+00:00,8.66,13.58,15.89,1011.5,65.84,18.82,11.26,291.16
385,6887,49.93483,19.961107,376.38,2026-07-02 00:00:00+00:00,2026-07-02 01:00:00+00:00,11.36,18.72,23.42,1011.68,65.98,18.62,11.54,292.13
386,6887,49.93483,19.961107,376.38,2026-07-02 01:00:00+00:00,2026-07-02 02:00:00+00:00,12.56,20.35,26.12,1011.75,66.06,18.14,11.58,295.96
387,6887,49.93483,19.961107,376.38,2026-07-02 02:00:00+00:00,2026-07-02 03:00:00+00:00,10.59,17.7,21.55,1012.11,67.56,17.4,11.21,297.33
388,6887,49.93483,19.961107,376.38,2026-07-02 03:00:00+00:00,2026-07-02 04:00:00+00:00,8.81,15.45,18.41,1012.42,67.99,16.88,11.47,296.52
389,6887,49.93483,19.961107,376.38,2026-07-02 04:00:00+00:00,2026-07-02 05:00:00+00:00,9.64,17.02,20.58,1012.74,66.68,16.49,12.14,297.48
390,6887,49.93483,19.961107,376.38,2026-07-02 05:00:00+00:00,2026-07-02 06:00:00+00:00,8.87,15.2,17.98,1013.2,67.8,16.28,12.81,297.32
391,6887,49.93483,19.961107,376.38,2026-07-02 06:00:00+00:00,2026-07-02 07:00:00+00:00,8.35,13.46,15.7,1013.75,67.25,16.26,13.42,301.25
392,6887,49.93483,19.961107,376.38,2026-07-02 07:00:00+00:00,2026-07-02 08:00:00+00:00,9.93,15.12,17.52,1014.13,64.82,16.61,13.07,303.27
393,6887,49.93483,19.961107,376.38,2026-07-02 08:00:00+00:00,2026-07-02 09:00:00+00:00,5.15,7.08,8.22,1014.63,60.31,17.13,12.36,309.38
394,6887,49.93483,19.961107,376.38,2026-07-02 09:00:00+00:00,2026-07-02 10:00:00+00:00,4.91,6.8,7.75,1014.93,56.56,18.14,11.56,306.0
395,6887,49.93483,19.961107,376.38,2026-07-02 10:00:00+00:00,2026-07-02 11:00:00+00:00,7.9,10.72,12.27,1014.9,52.08,19.72,11.69,300.0
396,6887,49.93483,19.961107,376.38,2026-07-02 11:00:00+00:00,2026-07-02 12:00:00+00:00,7.42,9.91,11.34,1014.58,50.05,20.77,11.73,300.0
397,6887,49.93483,19.961107,376.38,2026-07-02 12:00:00+00:00,2026-07-02 13:00:00+00:00,7.36,9.74,11.05,1014.1,45.81,22.79,10.25,302.71
398,6887,49.93483,19.961107,376.38,2026-07-02 13:00:00+00:00,2026-07-02 14:00:00+00:00,5.88,7.69,8.75,1013.41,42.26,23.11,9.46,306.29
399,6887,49.93483,19.961107,376.38,2026-07-02 14:00:00+00:00,2026-07-02 15:00:00+00:00,4.8,6.24,7.11,1012.98,39.73,23.5,8.82,313.59
400,6887,49.93483,19.961107,376.38,2026-07-02 15:00:00+00:00,2026-07-02 16:00:00+00:00,4.27,5.44,6.2,1012.69,38.7,23.44,7.67,314.66
401,6887,49.93483,19.961107,376.38,2026-07-02 16:00:00+00:00,2026-07-02 17:00:00+00:00,5.15,6.73,7.73,1012.49,38.31,23.31,5.49,321.37
402,6887,49.93483,19.961107,376.38,2026-07-02 17:00:00+00:00,2026-07-02 18:00:00+00:00,6.29,8.3,9.48,1012.45,40.54,22.21,3.19,318.73
403,6887,49.93483,19.961107,376.38,2026-07-02 18:00:00+00:00,2026-07-02 19:00:00+00:00,6.48,8.57,9.81,1012.45,44.04,20.96,3.92,238.62
404,6887,49.93483,19.961107,376.38,2026-07-02 19:00:00+00:00,2026-07-02 20:00:00+00:00,6.52,8.43,9.67,1012.91,47.05,19.53,4.69,223.51
405,6887,49.93483,19.961107,376.38,2026-07-02 20:00:00+00:00,2026-07-02 21:00:00+00:00,7.3,9.55,10.98,1012.95,50.3,18.19,5.21,226.59
406,6887,49.93483,19.961107,376.38,2026-07-02 21:00:00+00:00,2026-07-02 22:00:00+00:00,7.83,10.18,11.63,1012.97,52.62,17.05,5.63,224.26
407,6887,49.93483,19.961107,376.38,2026-07-02 22:00:00+00:00,2026-07-02 23:00:00+00:00,8.58,11.32,13.11,1012.93,52.05,16.48,5.95,225.0
408,11336,50.114638,20.131619,236.89,2026-07-01 23:00:00+00:00,2026-07-02 00:00:00+00:00,9.83,15.57,18.63,1013.11,76.1,19.32,11.98,289.6
409,11336,50.114638,20.131619,236.89,2026-07-02 00:00:00+00:00,2026-07-02 01:00:00+00:00,10.88,17.2,20.93,1013.51,75.5,19.04,12.67,295.56
410,11336,50.114638,20.131619,236.89,2026-07-02 01:00:00+00:00,2026-07-02 02:00:00+00:00,11.38,18.91,23.87,1013.77,85.6,18.3,12.8,300.63
411,11336,50.114638,20.131619,236.89,2026-07-02 02:00:00+00:00,2026-07-02 03:00:00+00:00,10.02,16.95,20.91,1014.11,79.36,17.59,12.32,301.39
412,11336,50.114638,20.131619,236.89,2026-07-02 03:00:00+00:00,2026-07-02 04:00:00+00:00,8.05,13.55,16.25,1014.24,91.5,17.21,12.05,298.68
413,11336,50.114638,20.131619,236.89,2026-07-02 04:00:00+00:00,2026-07-02 05:00:00+00:00,8.92,14.95,17.98,1014.78,70.6,16.71,12.66,300.54
414,11336,50.114638,20.131619,236.89,2026-07-02 05:00:00+00:00,2026-07-02 06:00:00+00:00,8.79,15.18,18.3,1015.22,70.2,16.5,13.76,302.0
415,11336,50.114638,20.131619,236.89,2026-07-02 06:00:00+00:00,2026-07-02 07:00:00+00:00,10.57,17.63,22.06,1015.65,80.0,16.49,14.43,302.5
416,11336,50.114638,20.131619,236.89,2026-07-02 07:00:00+00:00,2026-07-02 08:00:00+00:00,15.18,22.85,30.13,1015.97,65.69,16.65,14.36,304.96
417,11336,50.114638,20.131619,236.89,2026-07-02 08:00:00+00:00,2026-07-02 09:00:00+00:00,12.12,17.15,21.33,1016.36,80.88,17.22,13.44,307.77
418,11336,50.114638,20.131619,236.89,2026-07-02 09:00:00+00:00,2026-07-02 10:00:00+00:00,4.67,6.36,7.56,1016.84,74.27,18.04,12.41,306.5
419,11336,50.114638,20.131619,236.89,2026-07-02 10:00:00+00:00,2026-07-02 11:00:00+00:00,8.91,15.38,21.44,1016.84,60.11,19.24,12.34,304.66
420,11336,50.114638,20.131619,236.89,2026-07-02 11:00:00+00:00,2026-07-02 12:00:00+00:00,5.25,6.94,8.23,1016.51,71.63,20.31,12.31,303.0
421,11336,50.114638,20.131619,236.89,2026-07-02 12:00:00+00:00,2026-07-02 13:00:00+00:00,5.89,7.48,8.78,1016.0,60.19,21.81,10.85,300.99
422,11336,50.114638,20.131619,236.89,2026-07-02 13:00:00+00:00,2026-07-02 14:00:00+00:00,3.39,4.39,5.15,1015.34,66.38,23.72,7.98,291.29
423,11336,50.114638,20.131619,236.89,2026-07-02 14:00:00+00:00,2026-07-02 15:00:00+00:00,3.11,4.11,4.94,1014.9,63.08,23.56,9.53,314.2
424,11336,50.114638,20.131619,236.89,2026-07-02 15:00:00+00:00,2026-07-02 16:00:00+00:00,3.67,4.75,5.61,1014.49,62.5,23.75,8.17,321.0
425,11336,50.114638,20.131619,236.89,2026-07-02 16:00:00+00:00,2026-07-02 17:00:00+00:00,3.37,4.32,5.06,1014.21,62.56,23.87,5.83,322.41
426,11336,50.114638,20.131619,236.89,2026-07-02 17:00:00+00:00,2026-07-02 18:00:00+00:00,3.54,4.53,5.44,1014.09,63.63,23.48,3.63,341.08
427,11336,50.114638,20.131619,236.89,2026-07-02 18:00:00+00:00,2026-07-02 19:00:00+00:00,6.97,8.76,10.48,1014.02,66.07,22.06,4.06,235.29
428,11336,50.114638,20.131619,236.89,2026-07-02 19:00:00+00:00,2026-07-02 20:00:00+00:00,9.47,13.1,16.45,1014.44,68.13,20.11,4.97,229.0
429,11336,50.114638,20.131619,236.89,2026-07-02 20:00:00+00:00,2026-07-02 21:00:00+00:00,7.01,9.24,11.22,1014.51,73.75,18.79,5.5,233.0
430,11336,50.114638,20.131619,236.89,2026-07-02 21:00:00+00:00,2026-07-02 22:00:00+00:00,10.74,13.81,16.56,1014.54,76.0,17.82,5.68,233.0
431,11336,50.114638,20.131619,236.89,2026-07-02 22:00:00+00:00,2026-07-02 23:00:00+00:00,8.31,10.69,12.83,1014.5,77.5,16.96,6.0,231.0
432,503,50.13258,19.784113,247.02,2026-07-01 23:00:00+00:00,2026-07-02 00:00:00+00:00,9.79,14.0,18.76,1013.34,89.59,19.83,10.98,282.7
433,503,50.13258,19.784113,247.02,2026-07-02 00:00:00+00:00,2026-07-02 01:00:00+00:00,11.58,17.28,23.77,1013.63,90.25,19.57,11.35,289.83
434,503,50.13258,19.784113,247.02,2026-07-02 01:00:00+00:00,2026-07-02 02:00:00+00:00,9.42,13.89,19.24,1014.25,90.67,18.78,11.61,294.26
435,503,50.13258,19.784113,247.02,2026-07-02 02:00:00+00:00,2026-07-02 03:00:00+00:00,6.87,9.75,12.91,1014.77,91.41,17.96,11.63,291.63
436,503,50.13258,19.784113,247.02,2026-07-02 03:00:00+00:00,2026-07-02 04:00:00+00:00,9.24,13.44,18.13,1015.05,91.75,17.33,11.78,290.73
437,503,50.13258,19.784113,247.02,2026-07-02 04:00:00+00:00,2026-07-02 05:00:00+00:00,9.79,14.5,19.89,1015.32,91.35,17.14,12.21,295.16
438,503,50.13258,19.784113,247.02,2026-07-02 05:00:00+00:00,2026-07-02 06:00:00+00:00,8.57,12.03,15.69,1015.79,90.6,17.05,12.73,296.46
439,503,50.13258,19.784113,247.02,2026-07-02 06:00:00+00:00,2026-07-02 07:00:00+00:00,10.85,15.55,20.24,1016.1,89.46,17.16,12.9,297.58
440,503,50.13258,19.784113,247.02,2026-07-02 07:00:00+00:00,2026-07-02 08:00:00+00:00,5.83,7.88,10.05,1016.86,86.8,17.12,12.53,300.01
441,503,50.13258,19.784113,247.02,2026-07-02 08:00:00+00:00,2026-07-02 09:00:00+00:00,4.49,5.83,7.41,1017.15,82.71,17.75,11.85,301.0
442,503,50.13258,19.784113,247.02,2026-07-02 09:00:00+00:00,2026-07-02 10:00:00+00:00,6.61,8.66,10.82,1017.14,78.25,18.83,11.14,299.55
443,503,50.13258,19.784113,247.02,2026-07-02 10:00:00+00:00,2026-07-02 11:00:00+00:00,6.28,8.0,10.05,1016.9,74.06,19.73,10.6,294.63
444,503,50.13258,19.784113,247.02,2026-07-02 11:00:00+00:00,2026-07-02 12:00:00+00:00,4.2,5.24,6.46,1016.45,67.75,20.88,9.86,291.0
445,503,50.13258,19.784113,247.02,2026-07-02 12:00:00+00:00,2026-07-02 13:00:00+00:00,4.08,5.08,6.21,1015.67,59.72,23.43,5.63,279.45
446,503,50.13258,19.784113,247.02,2026-07-02 13:00:00+00:00,2026-07-02 14:00:00+00:00,4.08,5.07,6.27,1014.98,54.46,24.8,4.18,290.94
447,503,50.13258,19.784113,247.02,2026-07-02 14:00:00+00:00,2026-07-02 15:00:00+00:00,4.78,5.89,7.17,1014.69,51.78,24.03,7.51,316.39
448,503,50.13258,19.784113,247.02,2026-07-02 15:00:00+00:00,2026-07-02 16:00:00+00:00,4.64,5.54,6.79,1014.32,51.02,24.38,6.33,328.02
449,503,50.13258,19.784113,247.02,2026-07-02 16:00:00+00:00,2026-07-02 17:00:00+00:00,3.71,4.41,5.43,1014.14,52.05,24.22,4.52,329.14
450,503,50.13258,19.784113,247.02,2026-07-02 17:00:00+00:00,2026-07-02 18:00:00+00:00,3.85,4.55,5.61,1014.13,57.14,23.48,3.21,304.01
451,503,50.13258,19.784113,247.02,2026-07-02 18:00:00+00:00,2026-07-02 19:00:00+00:00,7.68,9.51,12.14,1014.25,65.18,22.2,2.89,267.57
452,503,50.13258,19.784113,247.02,2026-07-02 19:00:00+00:00,2026-07-02 20:00:00+00:00,6.94,8.39,10.47,1014.87,70.04,20.5,3.49,254.43
453,503,50.13258,19.784113,247.02,2026-07-02 20:00:00+00:00,2026-07-02 21:00:00+00:00,5.78,6.97,8.78,1015.11,73.75,18.91,3.97,251.88
454,503,50.13258,19.784113,247.02,2026-07-02 21:00:00+00:00,2026-07-02 22:00:00+00:00,5.94,7.15,8.87,1015.15,76.59,17.65,4.35,241.84
455,503,50.13258,19.784113,247.02,2026-07-02 22:00:00+00:00,2026-07-02 23:00:00+00:00,6.33,7.62,9.47,1015.13,78.1,16.66,5.06,235.4
456,86915,50.065128,19.867504,225.86,2026-07-01 23:00:00+00:00,2026-07-02 00:00:00+00:00,7.41,10.42,12.05,1012.75,87.28,19.58,11.16,285.87
457,86915,50.065128,19.867504,225.86,2026-07-02 00:00:00+00:00,2026-07-02 01:00:00+00:00,11.08,16.79,19.85,1013.21,71.77,19.29,11.73,288.0
458,86915,50.065128,19.867504,225.86,2026-07-02 01:00:00+00:00,2026-07-02 02:00:00+00:00,9.54,14.29,16.75,1013.45,90.88,18.79,12.28,298.09
459,86915,50.065128,19.867504,225.86,2026-07-02 02:00:00+00:00,2026-07-02 03:00:00+00:00,6.79,10.13,11.77,1013.9,86.06,17.92,12.18,295.85
460,86915,50.065128,19.867504,225.86,2026-07-02 03:00:00+00:00,2026-07-02 04:00:00+00:00,6.43,9.3,10.82,1014.2,87.66,17.22,11.99,293.34
461,86915,50.065128,19.867504,225.86,2026-07-02 04:00:00+00:00,2026-07-02 05:00:00+00:00,8.86,13.5,15.74,1014.6,91.13,16.9,12.38,297.2
462,86915,50.065128,19.867504,225.86,2026-07-02 05:00:00+00:00,2026-07-02 06:00:00+00:00,7.82,11.68,13.42,1015.06,89.33,16.86,13.11,297.16
463,86915,50.065128,19.867504,225.86,2026-07-02 06:00:00+00:00,2026-07-02 07:00:00+00:00,9.96,14.74,17.08,1015.54,71.34,16.86,13.79,300.36
464,86915,50.065128,19.867504,225.86,2026-07-02 07:00:00+00:00,2026-07-02 08:00:00+00:00,6.9,9.75,11.17,1015.96,80.78,17.02,13.41,301.83
465,86915,50.065128,19.867504,225.86,2026-07-02 08:00:00+00:00,2026-07-02 09:00:00+00:00,2.48,3.47,4.04,1016.47,75.42,17.46,12.32,303.64
466,86915,50.065128,19.867504,225.86,2026-07-02 09:00:00+00:00,2026-07-02 10:00:00+00:00,4.75,6.33,7.25,1016.55,75.57,19.18,11.56,300.7
467,86915,50.065128,19.867504,225.86,2026-07-02 10:00:00+00:00,2026-07-02 11:00:00+00:00,6.56,8.65,9.88,1016.44,62.79,20.38,11.37,299.17
468,86915,50.065128,19.867504,225.86,2026-07-02 11:00:00+00:00,2026-07-02 12:00:00+00:00,6.33,8.38,9.83,1016.04,63.51,21.19,10.84,297.35
469,86915,50.065128,19.867504,225.86,2026-07-02 12:00:00+00:00,2026-07-02 13:00:00+00:00,3.73,4.84,5.5,1015.38,48.21,22.19,9.74,298.63
470,86915,50.065128,19.867504,225.86,2026-07-02 13:00:00+00:00,2026-07-02 14:00:00+00:00,3.72,4.86,5.52,1014.66,39.06,23.22,8.61,304.71
471,86915,50.065128,19.867504,225.86,2026-07-02 14:00:00+00:00,2026-07-02 15:00:00+00:00,4.02,5.18,5.85,1014.24,36.68,23.97,7.91,315.88
472,86915,50.065128,19.867504,225.86,2026-07-02 15:00:00+00:00,2026-07-02 16:00:00+00:00,4.38,5.64,6.41,1013.92,36.62,24.2,6.84,321.67
473,86915,50.065128,19.867504,225.86,2026-07-02 16:00:00+00:00,2026-07-02 17:00:00+00:00,3.79,4.82,5.48,1013.62,56.0,25.09,4.69,323.56
474,86915,50.065128,19.867504,225.86,2026-07-02 17:00:00+00:00,2026-07-02 18:00:00+00:00,3.78,4.77,5.51,1013.57,50.4,23.58,3.1,294.22
475,86915,50.065128,19.867504,225.86,2026-07-02 18:00:00+00:00,2026-07-02 19:00:00+00:00,3.65,4.52,5.14,1013.63,51.37,21.83,3.07,247.62
476,86915,50.065128,19.867504,225.86,2026-07-02 19:00:00+00:00,2026-07-02 20:00:00+00:00,4.11,5.12,5.84,1014.12,71.56,20.29,3.74,233.57
477,86915,50.065128,19.867504,225.86,2026-07-02 20:00:00+00:00,2026-07-02 21:00:00+00:00,5.5,6.91,7.91,1014.22,67.22,18.95,4.23,238.14
478,86915,50.065128,19.867504,225.86,2026-07-02 21:00:00+00:00,2026-07-02 22:00:00+00:00,6.66,8.47,9.56,1014.26,71.85,17.74,4.76,235.15
479,86915,50.065128,19.867504,225.86,2026-07-02 22:00:00+00:00,2026-07-02 23:00:00+00:00,7.19,9.07,10.28,1014.21,64.19,16.89,5.53,232.43
480,7384,49.961289,20.075127,391.64,2026-07-01 23:00:00+00:00,2026-07-02 00:00:00+00:00,,,,,,,,
481,7384,49.961289,20.075127,391.64,2026-07-02 00:00:00+00:00,2026-07-02 01:00:00+00:00,,,,,,,,
482,7384,49.961289,20.075127,391.64,2026-07-02 01:00:00+00:00,2026-07-02 02:00:00+00:00,,,,,,,,
483,7384,49.961289,20.075127,391.64,2026-07-02 02:00:00+00:00,2026-07-02 03:00:00+00:00,,,,,,,,
484,7384,49.961289,20.075127,391.64,2026-07-02 03:00:00+00:00,2026-07-02 04:00:00+00:00,,,,,,,,
485,7384,49.961289,20.075127,391.64,2026-07-02 04:00:00+00:00,2026-07-02 05:00:00+00:00,,,,,,,,
486,7384,49.961289,20.075127,391.64,2026-07-02 05:00:00+00:00,2026-07-02 06:00:00+00:00,,,,,,,,
487,7384,49.961289,20.075127,391.64,2026-07-02 06:00:00+00:00,2026-07-02 07:00:00+00:00,,,,,,,,
488,7384,49.961289,20.075127,391.64,2026-07-02 07:00:00+00:00,2026-07-02 08:00:00+00:00,,,,,,,,
489,7384,49.961289,20.075127,391.64,2026-07-02 08:00:00+00:00,2026-07-02 09:00:00+00:00,,,,,,,,
490,7384,49.961289,20.075127,391.64,2026-07-02 09:00:00+00:00,2026-07-02 10:00:00+00:00,,,,,,,,
491,7384,49.961289,20.075127,391.64,2026-07-02 10:00:00+00:00,2026-07-02 11:00:00+00:00,,,,,,,,
492,7384,49.961289,20.075127,391.64,2026-07-02 11:00:00+00:00,2026-07-02 12:00:00+00:00,,,,,,,,
493,7384,49.961289,20.075127,391.64,2026-07-02 12:00:00+00:00,2026-07-02 13:00:00+00:00,,,,,,,,
494,7384,49.961289,20.075127,391.64,2026-07-02 13:00:00+00:00,2026-07-02 14:00:00+00:00,,,,,,,,
495,7384,49.961289,20.075127,391.64,2026-07-02 14:00:00+00:00,2026-07-02 15:00:00+00:00,,,,,,,,
496,7384,49.961289,20.075127,391.64,2026-07-02 15:00:00+00:00,2026-07-02 16:00:00+00:00,,,,,,,,
497,7384,49.961289,20.075127,391.64,2026-07-02 16:00:00+00:00,2026-07-02 17:00:00+00:00,,,,,,,,
498,7384,49.961289,20.075127,391.64,2026-07-02 17:00:00+00:00,2026-07-02 18:00:00+00:00,,,,,,,,
499,7384,49.961289,20.075127,391.64,2026-07-02 18:00:00+00:00,2026-07-02 19:00:00+00:00,,,,,,,,
500,7384,49.961289,20.075127,391.64,2026-07-02 19:00:00+00:00,2026-07-02 20:00:00+00:00,,,,,,,,
501,7384,49.961289,20.075127,391.64,2026-07-02 20:00:00+00:00,2026-07-02 21:00:00+00:00,,,,,,,,
502,7384,49.961289,20.075127,391.64,2026-07-02 21:00:00+00:00,2026-07-02 22:00:00+00:00,,,,,,,,
503,7384,49.961289,20.075127,391.64,2026-07-02 22:00:00+00:00,2026-07-02 23:00:00+00:00,,,,,,,,
504,86936,50.079672,19.94919,215.6,2026-07-01 23:00:00+00:00,2026-07-02 00:00:00+00:00,,,,,,,,
505,86936,50.079672,19.94919,215.6,2026-07-02 00:00:00+00:00,2026-07-02 01:00:00+00:00,,,,,,,,
506,86936,50.079672,19.94919,215.6,2026-07-02 01:00:00+00:00,2026-07-02 02:00:00+00:00,,,,,,,,
507,86936,50.079672,19.94919,215.6,2026-07-02 02:00:00+00:00,2026-07-02 03:00:00+00:00,,,,,,,,
508,86936,50.079672,19.94919,215.6,2026-07-02 03:00:00+00:00,2026-07-02 04:00:00+00:00,,,,,,,,
509,86936,50.079672,19.94919,215.6,2026-07-02 04:00:00+00:00,2026-07-02 05:00:00+00:00,,,,,,,,
510,86936,50.079672,19.94919,215.6,2026-07-02 05:00:00+00:00,2026-07-02 06:00:00+00:00,,,,,,,,
511,86936,50.079672,19.94919,215.6,2026-07-02 06:00:00+00:00,2026-07-02 07:00:00+00:00,,,,,,,,
512,86936,50.079672,19.94919,215.6,2026-07-02 07:00:00+00:00,2026-07-02 08:00:00+00:00,,,,,,,,
513,86936,50.079672,19.94919,215.6,2026-07-02 08:00:00+00:00,2026-07-02 09:00:00+00:00,,,,,,,,
514,86936,50.079672,19.94919,215.6,2026-07-02 09:00:00+00:00,2026-07-02 10:00:00+00:00,,,,,,,,
515,86936,50.079672,19.94919,215.6,2026-07-02 10:00:00+00:00,2026-07-02 11:00:00+00:00,,,,,,,,
516,86936,50.079672,19.94919,215.6,2026-07-02 11:00:00+00:00,2026-07-02 12:00:00+00:00,,,,,,,,
517,86936,50.079672,19.94919,215.6,2026-07-02 12:00:00+00:00,2026-07-02 13:00:00+00:00,,,,,,,,
518,86936,50.079672,19.94919,215.6,2026-07-02 13:00:00+00:00,2026-07-02 14:00:00+00:00,,,,,,,,
519,86936,50.079672,19.94919,215.6,2026-07-02 14:00:00+00:00,2026-07-02 15:00:00+00:00,,,,,,,,
520,86936,50.079672,19.94919,215.6,2026-07-02 15:00:00+00:00,2026-07-02 16:00:00+00:00,,,,,,,,
521,86936,50.079672,19.94919,215.6,2026-07-02 16:00:00+00:00,2026-07-02 17:00:00+00:00,,,,,,,,
522,86936,50.079672,19.94919,215.6,2026-07-02 17:00:00+00:00,2026-07-02 18:00:00+00:00,,,,,,,,
523,86936,50.079672,19.94919,215.6,2026-07-02 18:00:00+00:00,2026-07-02 19:00:00+00:00,,,,,,,,
524,86936,50.079672,19.94919,215.6,2026-07-02 19:00:00+00:00,2026-07-02 20:00:00+00:00,,,,,,,,
525,86936,50.079672,19.94919,215.6,2026-07-02 20:00:00+00:00,2026-07-02 21:00:00+00:00,,,,,,,,
526,86936,50.079672,19.94919,215.6,2026-07-02 21:00:00+00:00,2026-07-02 22:00:00+00:00,,,,,,,,
527,86936,50.079672,19.94919,215.6,2026-07-02 22:00:00+00:00,2026-07-02 23:00:00+00:00,,,,,,,,
528,80731,50.09422,19.905241,224.07,2026-07-01 23:00:00+00:00,2026-07-02 00:00:00+00:00,7.05,9.49,12.08,1014.59,64.65,19.26,11.16,285.87
529,80731,50.09422,19.905241,224.07,2026-07-02 00:00:00+00:00,2026-07-02 01:00:00+00:00,10.43,14.93,19.49,1015.06,65.41,19.0,11.73,288.0
530,80731,50.09422,19.905241,224.07,2026-07-02 01:00:00+00:00,2026-07-02 02:00:00+00:00,10.19,14.67,19.35,1015.33,66.17,18.34,12.28,298.09
531,80731,50.09422,19.905241,224.07,2026-07-02 02:00:00+00:00,2026-07-02 03:00:00+00:00,7.33,10.2,13.19,1015.72,66.92,17.66,12.18,295.85
532,80731,50.09422,19.905241,224.07,2026-07-02 03:00:00+00:00,2026-07-02 04:00:00+00:00,7.4,10.37,13.42,1016.01,67.04,16.88,11.99,293.34
533,80731,50.09422,19.905241,224.07,2026-07-02 04:00:00+00:00,2026-07-02 05:00:00+00:00,9.89,14.14,18.45,1016.39,66.41,16.42,12.38,297.2
534,80731,50.09422,19.905241,224.07,2026-07-02 05:00:00+00:00,2026-07-02 06:00:00+00:00,8.01,11.33,14.76,1016.82,65.66,16.5,13.11,297.16
535,80731,50.09422,19.905241,224.07,2026-07-02 06:00:00+00:00,2026-07-02 07:00:00+00:00,9.25,13.09,16.89,1017.26,64.3,16.65,13.79,300.36
536,80731,50.09422,19.905241,224.07,2026-07-02 07:00:00+00:00,2026-07-02 08:00:00+00:00,8.47,11.45,14.29,1017.67,61.54,16.73,13.41,301.83
537,80731,50.09422,19.905241,224.07,2026-07-02 08:00:00+00:00,2026-07-02 09:00:00+00:00,2.78,3.62,4.53,1018.19,57.9,17.21,12.32,303.64
538,80731,50.09422,19.905241,224.07,2026-07-02 09:00:00+00:00,2026-07-02 10:00:00+00:00,4.54,5.83,7.33,1018.33,52.91,18.74,11.56,300.7
539,80731,50.09422,19.905241,224.07,2026-07-02 10:00:00+00:00,2026-07-02 11:00:00+00:00,6.24,7.93,9.58,1018.26,48.94,20.26,11.37,299.17
540,80731,50.09422,19.905241,224.07,2026-07-02 11:00:00+00:00,2026-07-02 12:00:00+00:00,4.36,5.35,6.31,1017.86,45.98,23.45,10.84,297.35
541,80731,50.09422,19.905241,224.07,2026-07-02 12:00:00+00:00,2026-07-02 13:00:00+00:00,2.97,3.66,4.3,1017.21,42.38,24.85,9.74,298.63
542,80731,50.09422,19.905241,224.07,2026-07-02 13:00:00+00:00,2026-07-02 14:00:00+00:00,2.7,3.37,4.04,1016.56,39.21,25.43,8.61,304.71
543,80731,50.09422,19.905241,224.07,2026-07-02 14:00:00+00:00,2026-07-02 15:00:00+00:00,3.15,3.85,4.56,1016.15,36.89,26.9,7.91,315.88
544,80731,50.09422,19.905241,224.07,2026-07-02 15:00:00+00:00,2026-07-02 16:00:00+00:00,3.62,4.42,5.29,1015.89,36.7,25.48,6.84,321.67
545,80731,50.09422,19.905241,224.07,2026-07-02 16:00:00+00:00,2026-07-02 17:00:00+00:00,3.4,4.1,4.93,1015.6,37.8,26.01,4.69,323.56
546,80731,50.09422,19.905241,224.07,2026-07-02 17:00:00+00:00,2026-07-02 18:00:00+00:00,3.29,3.93,4.65,1015.55,40.17,24.5,3.1,294.22
547,80731,50.09422,19.905241,224.07,2026-07-02 18:00:00+00:00,2026-07-02 19:00:00+00:00,3.41,4.08,4.85,1015.57,43.57,22.43,3.07,247.62
548,80731,50.09422,19.905241,224.07,2026-07-02 19:00:00+00:00,2026-07-02 20:00:00+00:00,4.04,4.83,5.83,1016.06,46.86,20.4,3.74,233.57
549,80731,50.09422,19.905241,224.07,2026-07-02 20:00:00+00:00,2026-07-02 21:00:00+00:00,6.21,7.47,8.86,1016.18,49.67,18.84,4.23,238.14
550,80731,50.09422,19.905241,224.07,2026-07-02 21:00:00+00:00,2026-07-02 22:00:00+00:00,6.01,7.24,8.63,1016.17,51.16,17.55,4.76,235.15
551,80731,50.09422,19.905241,224.07,2026-07-02 22:00:00+00:00,2026-07-02 23:00:00+00:00,6.51,7.91,9.45,1016.1,52.6,16.61,5.53,232.43
552,86961,50.042476,19.826993,228.21,2026-07-01 23:00:00+00:00,2026-07-02 00:00:00+00:00,7.22,10.11,11.64,1015.38,89.25,19.29,11.05,284.01
553,86961,50.042476,19.826993,228.21,2026-07-02 00:00:00+00:00,2026-07-02 01:00:00+00:00,9.92,14.48,16.66,1015.79,90.44,18.97,11.19,288.31
554,86961,50.042476,19.826993,228.21,2026-07-02 01:00:00+00:00,2026-07-02 02:00:00+00:00,8.77,12.78,14.76,1016.07,68.73,18.04,11.36,293.8
555,86961,50.042476,19.826993,228.21,2026-07-02 02:00:00+00:00,2026-07-02 03:00:00+00:00,6.83,10.12,11.79,1016.47,75.92,17.23,11.09,290.18
556,86961,50.042476,19.826993,228.21,2026-07-02 03:00:00+00:00,2026-07-02 04:00:00+00:00,6.92,9.98,11.7,1016.82,78.02,16.88,11.88,291.25
557,86961,50.042476,19.826993,228.21,2026-07-02 04:00:00+00:00,2026-07-02 05:00:00+00:00,7.64,10.92,12.65,1017.18,71.95,16.68,12.03,294.18
558,86961,50.042476,19.826993,228.21,2026-07-02 05:00:00+00:00,2026-07-02 06:00:00+00:00,7.16,10.33,11.92,1017.64,90.41,16.63,12.79,296.0
559,86961,50.042476,19.826993,228.21,2026-07-02 06:00:00+00:00,2026-07-02 07:00:00+00:00,8.84,12.45,14.29,1018.15,90.25,16.57,12.68,300.0
560,86961,50.042476,19.826993,228.21,2026-07-02 07:00:00+00:00,2026-07-02 08:00:00+00:00,5.5,7.36,8.37,1018.62,87.25,17.09,12.87,301.0
561,86961,50.042476,19.826993,228.21,2026-07-02 08:00:00+00:00,2026-07-02 09:00:00+00:00,3.19,4.23,4.85,1019.04,79.83,17.69,11.36,307.0
562,86961,50.042476,19.826993,228.21,2026-07-02 09:00:00+00:00,2026-07-02 10:00:00+00:00,4.04,5.37,6.14,1019.16,70.81,18.95,10.81,301.52
563,86961,50.042476,19.826993,228.21,2026-07-02 10:00:00+00:00,2026-07-02 11:00:00+00:00,6.29,8.23,9.37,1019.09,74.76,20.31,10.59,299.17
564,86961,50.042476,19.826993,228.21,2026-07-02 11:00:00+00:00,2026-07-02 12:00:00+00:00,5.8,7.39,8.4,1018.7,72.44,21.44,10.07,296.26
565,86961,50.042476,19.826993,228.21,2026-07-02 12:00:00+00:00,2026-07-02 13:00:00+00:00,3.89,4.89,5.54,1018.08,63.64,22.66,8.79,296.0
566,86961,50.042476,19.826993,228.21,2026-07-02 13:00:00+00:00,2026-07-02 14:00:00+00:00,2.87,3.66,4.16,1017.38,50.97,24.79,3.49,292.83
567,86961,50.042476,19.826993,228.21,2026-07-02 14:00:00+00:00,2026-07-02 15:00:00+00:00,3.28,4.08,4.64,1017.0,45.87,24.42,6.47,319.77
568,86961,50.042476,19.826993,228.21,2026-07-02 15:00:00+00:00,2026-07-02 16:00:00+00:00,3.33,4.15,4.7,1016.68,44.74,24.41,6.03,334.03
569,86961,50.042476,19.826993,228.21,2026-07-02 16:00:00+00:00,2026-07-02 17:00:00+00:00,2.68,3.37,3.86,1016.41,44.74,24.38,4.39,326.85
570,86961,50.042476,19.826993,228.21,2026-07-02 17:00:00+00:00,2026-07-02 18:00:00+00:00,2.5,3.07,3.46,1016.36,54.37,23.41,3.19,310.69
571,86961,50.042476,19.826993,228.21,2026-07-02 18:00:00+00:00,2026-07-02 19:00:00+00:00,7.38,9.95,12.31,1016.42,69.54,21.53,2.75,274.86
572,86961,50.042476,19.826993,228.21,2026-07-02 19:00:00+00:00,2026-07-02 20:00:00+00:00,4.28,5.21,5.96,1016.85,60.74,19.69,3.45,256.07
573,86961,50.042476,19.826993,228.21,2026-07-02 20:00:00+00:00,2026-07-02 21:00:00+00:00,6.33,7.96,9.11,1016.96,75.0,18.19,3.89,249.49
574,86961,50.042476,19.826993,228.21,2026-07-02 21:00:00+00:00,2026-07-02 22:00:00+00:00,7.69,9.89,11.29,1016.99,77.0,16.97,4.3,240.09
575,86961,50.042476,19.826993,228.21,2026-07-02 22:00:00+00:00,2026-07-02 23:00:00+00:00,8.26,10.56,12.07,1016.94,78.06,16.17,5.08,235.09
576,6068,50.117668,20.033667,235.45,2026-07-01 23:00:00+00:00,2026-07-02 00:00:00+00:00,7.03,10.39,12.0,1013.47,89.25,19.77,11.42,285.37
577,6068,50.117668,20.033667,235.45,2026-07-02 00:00:00+00:00,2026-07-02 01:00:00+00:00,9.01,13.87,16.24,1013.88,90.5,19.35,11.89,290.72
578,6068,50.117668,20.033667,235.45,2026-07-02 01:00:00+00:00,2026-07-02 02:00:00+00:00,9.35,15.02,17.61,1014.13,91.0,18.81,12.14,296.66
579,6068,50.117668,20.033667,235.45,2026-07-02 02:00:00+00:00,2026-07-02 03:00:00+00:00,7.46,11.85,13.91,1014.52,91.0,18.17,11.95,296.03
580,6068,50.117668,20.033667,235.45,2026-07-02 03:00:00+00:00,2026-07-02 04:00:00+00:00,6.59,10.35,12.14,1014.75,91.0,17.36,11.89,293.36
581,6068,50.117668,20.033667,235.45,2026-07-02 04:00:00+00:00,2026-07-02 05:00:00+00:00,7.3,11.39,13.44,1015.15,90.75,17.06,12.45,297.4
582,6068,50.117668,20.033667,235.45,2026-07-02 05:00:00+00:00,2026-07-02 06:00:00+00:00,4.95,7.49,8.7,1015.57,90.25,16.91,13.32,299.66
583,6068,50.117668,20.033667,235.45,2026-07-02 06:00:00+00:00,2026-07-02 07:00:00+00:00,7.04,11.07,12.95,1016.07,89.25,16.9,13.74,300.0
584,6068,50.117668,20.033667,235.45,2026-07-02 07:00:00+00:00,2026-07-02 08:00:00+00:00,8.51,13.38,15.62,1016.38,86.25,17.07,13.52,301.68
585,6068,50.117668,20.033667,235.45,2026-07-02 08:00:00+00:00,2026-07-02 09:00:00+00:00,5.15,7.3,8.4,1016.8,82.5,17.61,12.73,301.31
586,6068,50.117668,20.033667,235.45,2026-07-02 09:00:00+00:00,2026-07-02 10:00:00+00:00,3.53,4.77,5.47,1017.24,78.63,18.4,11.91,301.76
587,6068,50.117668,20.033667,235.45,2026-07-02 10:00:00+00:00,2026-07-02 11:00:00+00:00,4.49,6.12,6.99,1017.14,74.19,19.71,11.52,299.0
588,6068,50.117668,20.033667,235.45,2026-07-02 11:00:00+00:00,2026-07-02 12:00:00+00:00,5.83,7.76,8.79,1016.77,70.5,20.71,10.92,299.26
589,6068,50.117668,20.033667,235.45,2026-07-02 12:00:00+00:00,2026-07-02 13:00:00+00:00,3.48,4.53,5.16,1016.13,66.57,22.27,9.92,298.83
590,6068,50.117668,20.033667,235.45,2026-07-02 13:00:00+00:00,2026-07-02 14:00:00+00:00,2.51,3.36,3.82,1015.4,58.82,27.06,7.44,174.28
591,6068,50.117668,20.033667,235.45,2026-07-02 14:00:00+00:00,2026-07-02 15:00:00+00:00,2.87,3.78,4.25,1015.01,57.04,24.1,8.4,314.89
592,6068,50.117668,20.033667,235.45,2026-07-02 15:00:00+00:00,2026-07-02 16:00:00+00:00,3.43,4.51,5.14,1014.71,56.67,24.38,7.33,326.06
593,6068,50.117668,20.033667,235.45,2026-07-02 16:00:00+00:00,2026-07-02 17:00:00+00:00,4.44,5.91,6.82,1014.48,58.04,24.15,4.65,326.38
594,6068,50.117668,20.033667,235.45,2026-07-02 17:00:00+00:00,2026-07-02 18:00:00+00:00,3.49,4.31,4.9,1014.4,61.34,23.65,2.22,305.28
595,6068,50.117668,20.033667,235.45,2026-07-02 18:00:00+00:00,2026-07-02 19:00:00+00:00,3.39,4.2,4.74,1014.38,67.36,22.47,3.26,236.07
596,6068,50.117668,20.033667,235.45,2026-07-02 19:00:00+00:00,2026-07-02 20:00:00+00:00,4.09,5.09,5.83,1014.86,71.75,20.65,3.7,228.27
597,6068,50.117668,20.033667,235.45,2026-07-02 20:00:00+00:00,2026-07-02 21:00:00+00:00,5.35,6.73,7.67,1014.99,74.63,19.22,4.42,239.46
598,6068,50.117668,20.033667,235.45,2026-07-02 21:00:00+00:00,2026-07-02 22:00:00+00:00,6.35,7.99,9.01,1015.0,76.13,18.01,4.85,233.71
599,6068,50.117668,20.033667,235.45,2026-07-02 22:00:00+00:00,2026-07-02 23:00:00+00:00,5.89,7.46,8.54,1014.95,77.56,17.07,5.66,231.1
600,42665,50.010301,19.950811,227.61,2026-07-01 23:00:00+00:00,2026-07-02 00:00:00+00:00,,,,,,,,
601,42665,50.010301,19.950811,227.61,2026-07-02 00:00:00+00:00,2026-07-02 01:00:00+00:00,,,,,,,,
602,42665,50.010301,19.950811,227.61,2026-07-02 01:00:00+00:00,2026-07-02 02:00:00+00:00,,,,,,,,
603,42665,50.010301,19.950811,227.61,2026-07-02 02:00:00+00:00,2026-07-02 03:00:00+00:00,,,,,,,,
604,42665,50.010301,19.950811,227.61,2026-07-02 03:00:00+00:00,2026-07-02 04:00:00+00:00,,,,,,,,
605,42665,50.010301,19.950811,227.61,2026-07-02 04:00:00+00:00,2026-07-02 05:00:00+00:00,,,,,,,,
606,42665,50.010301,19.950811,227.61,2026-07-02 05:00:00+00:00,2026-07-02 06:00:00+00:00,,,,,,,,
607,42665,50.010301,19.950811,227.61,2026-07-02 06:00:00+00:00,2026-07-02 07:00:00+00:00,,,,,,,,
608,42665,50.010301,19.950811,227.61,2026-07-02 07:00:00+00:00,2026-07-02 08:00:00+00:00,,,,,,,,
609,42665,50.010301,19.950811,227.61,2026-07-02 08:00:00+00:00,2026-07-02 09:00:00+00:00,,,,,,,,
610,42665,50.010301,19.950811,227.61,2026-07-02 09:00:00+00:00,2026-07-02 10:00:00+00:00,,,,,,,,
611,42665,50.010301,19.950811,227.61,2026-07-02 10:00:00+00:00,2026-07-02 11:00:00+00:00,,,,,,,,
612,42665,50.010301,19.950811,227.61,2026-07-02 11:00:00+00:00,2026-07-02 12:00:00+00:00,,,,,,,,
613,42665,50.010301,19.950811,227.61,2026-07-02 12:00:00+00:00,2026-07-02 13:00:00+00:00,,,,,,,,
614,42665,50.010301,19.950811,227.61,2026-07-02 13:00:00+00:00,2026-07-02 14:00:00+00:00,,,,,,,,
615,42665,50.010301,19.950811,227.61,2026-07-02 14:00:00+00:00,2026-07-02 15:00:00+00:00,,,,,,,,
616,42665,50.010301,19.950811,227.61,2026-07-02 15:00:00+00:00,2026-07-02 16:00:00+00:00,,,,,,,,
617,42665,50.010301,19.950811,227.61,2026-07-02 16:00:00+00:00,2026-07-02 17:00:00+00:00,,,,,,,,
618,42665,50.010301,19.950811,227.61,2026-07-02 17:00:00+00:00,2026-07-02 18:00:00+00:00,,,,,,,,
619,42665,50.010301,19.950811,227.61,2026-07-02 18:00:00+00:00,2026-07-02 19:00:00+00:00,,,,,,,,
620,42665,50.010301,19.950811,227.61,2026-07-02 19:00:00+00:00,2026-07-02 20:00:00+00:00,,,,,,,,
621,42665,50.010301,19.950811,227.61,2026-07-02 20:00:00+00:00,2026-07-02 21:00:00+00:00,,,,,,,,
622,42665,50.010301,19.950811,227.61,2026-07-02 21:00:00+00:00,2026-07-02 22:00:00+00:00,,,,,,,,
623,42665,50.010301,19.950811,227.61,2026-07-02 22:00:00+00:00,2026-07-02 23:00:00+00:00,,,,,,,,
624,8973,50.08069,19.99238,213.09,2026-07-01 23:00:00+00:00,2026-07-02 00:00:00+00:00,7.38,11.08,12.9,1013.33,,,11.42,285.37
625,8973,50.08069,19.99238,213.09,2026-07-02 00:00:00+00:00,2026-07-02 01:00:00+00:00,9.68,15.72,18.7,1013.75,,,11.89,290.72
626,8973,50.08069,19.99238,213.09,2026-07-02 01:00:00+00:00,2026-07-02 02:00:00+00:00,10.98,18.93,23.48,1013.95,,,12.14,296.66
627,8973,50.08069,19.99238,213.09,2026-07-02 02:00:00+00:00,2026-07-02 03:00:00+00:00,7.94,13.35,15.68,1014.33,,,11.95,296.03
628,8973,50.08069,19.99238,213.09,2026-07-02 03:00:00+00:00,2026-07-02 04:00:00+00:00,7.24,11.89,14.02,1014.65,,,11.89,293.36
629,8973,50.08069,19.99238,213.09,2026-07-02 04:00:00+00:00,2026-07-02 05:00:00+00:00,8.91,14.99,17.57,1015.08,,,12.45,297.4
630,8973,50.08069,19.99238,213.09,2026-07-02 05:00:00+00:00,2026-07-02 06:00:00+00:00,8.61,14.77,17.43,1015.5,,,13.32,299.66
631,8973,50.08069,19.99238,213.09,2026-07-02 06:00:00+00:00,2026-07-02 07:00:00+00:00,8.19,13.93,16.45,1016.0,,,13.74,300.0
632,8973,50.08069,19.99238,213.09,2026-07-02 07:00:00+00:00,2026-07-02 08:00:00+00:00,9.84,16.11,19.03,1016.3,,,13.52,301.68
633,8973,50.08069,19.99238,213.09,2026-07-02 08:00:00+00:00,2026-07-02 09:00:00+00:00,4.6,7.15,8.75,1016.81,,,12.73,301.31
634,8973,50.08069,19.99238,213.09,2026-07-02 09:00:00+00:00,2026-07-02 10:00:00+00:00,4.9,6.85,7.95,1017.17,,,11.91,301.76
635,8973,50.08069,19.99238,213.09,2026-07-02 10:00:00+00:00,2026-07-02 11:00:00+00:00,6.59,9.29,10.7,1017.08,,,11.52,299.0
636,8973,50.08069,19.99238,213.09,2026-07-02 11:00:00+00:00,2026-07-02 12:00:00+00:00,7.92,10.77,12.37,1016.64,,,10.92,299.26
637,8973,50.08069,19.99238,213.09,2026-07-02 12:00:00+00:00,2026-07-02 13:00:00+00:00,3.81,4.99,5.7,1015.95,,,9.92,298.83
638,8973,50.08069,19.99238,213.09,2026-07-02 13:00:00+00:00,2026-07-02 14:00:00+00:00,3.6,4.69,5.43,1015.18,,,7.44,174.28
639,8973,50.08069,19.99238,213.09,2026-07-02 14:00:00+00:00,2026-07-02 15:00:00+00:00,3.62,4.72,5.4,1014.72,,,8.4,314.89
640,8973,50.08069,19.99238,213.09,2026-07-02 15:00:00+00:00,2026-07-02 16:00:00+00:00,4.1,5.32,6.09,1014.4,,,7.33,326.06
641,8973,50.08069,19.99238,213.09,2026-07-02 16:00:00+00:00,2026-07-02 17:00:00+00:00,4.01,5.17,5.93,1014.09,,,4.65,326.38
642,8973,50.08069,19.99238,213.09,2026-07-02 17:00:00+00:00,2026-07-02 18:00:00+00:00,4.12,5.23,6.04,1014.08,,,2.22,305.28
643,8973,50.08069,19.99238,213.09,2026-07-02 18:00:00+00:00,2026-07-02 19:00:00+00:00,4.15,5.19,6.04,1014.05,,,3.26,236.07
644,8973,50.08069,19.99238,213.09,2026-07-02 19:00:00+00:00,2026-07-02 20:00:00+00:00,4.73,5.87,6.68,1014.55,,,3.7,228.27
645,8973,50.08069,19.99238,213.09,2026-07-02 20:00:00+00:00,2026-07-02 21:00:00+00:00,6.22,7.81,8.97,1014.69,,,4.42,239.46
646,8973,50.08069,19.99238,213.09,2026-07-02 21:00:00+00:00,2026-07-02 22:00:00+00:00,7.09,8.95,10.26,1014.76,,,4.85,233.71
647,8973,50.08069,19.99238,213.09,2026-07-02 22:00:00+00:00,2026-07-02 23:00:00+00:00,7.92,10.14,11.64,1014.75,,,5.66,231.1
648,246,50.148238,19.95973,311.71,2026-07-01 23:00:00+00:00,2026-07-02 00:00:00+00:00,9.33,12.22,14.74,1015.25,,,11.43,285.48
649,246,50.148238,19.95973,311.71,2026-07-02 00:00:00+00:00,2026-07-02 01:00:00+00:00,12.59,17.41,22.07,1015.71,,,11.89,290.89
650,246,50.148238,19.95973,311.71,2026-07-02 01:00:00+00:00,2026-07-02 02:00:00+00:00,11.39,15.71,19.16,1016.08,,,12.13,296.69
651,246,50.148238,19.95973,311.71,2026-07-02 02:00:00+00:00,2026-07-02 03:00:00+00:00,8.88,11.86,14.52,1016.38,,,11.95,296.07
652,246,50.148238,19.95973,311.71,2026-07-02 03:00:00+00:00,2026-07-02 04:00:00+00:00,10.19,13.84,17.02,1016.5,,,11.9,293.44
653,246,50.148238,19.95973,311.71,2026-07-02 04:00:00+00:00,2026-07-02 05:00:00+00:00,8.6,11.52,14.11,1016.81,,,12.46,297.46
654,246,50.148238,19.95973,311.71,2026-07-02 05:00:00+00:00,2026-07-02 06:00:00+00:00,7.57,10.09,12.41,1017.24,,,13.32,299.66
655,246,50.148238,19.95973,311.71,2026-07-02 06:00:00+00:00,2026-07-02 07:00:00+00:00,10.96,15.13,18.48,1017.64,,,13.74,299.89
656,246,50.148238,19.95973,311.71,2026-07-02 07:00:00+00:00,2026-07-02 08:00:00+00:00,10.09,13.38,16.08,1018.06,,,13.51,301.66
657,246,50.148238,19.95973,311.71,2026-07-02 08:00:00+00:00,2026-07-02 09:00:00+00:00,4.21,5.4,6.4,1018.52,,,12.73,301.31
658,246,50.148238,19.95973,311.71,2026-07-02 09:00:00+00:00,2026-07-02 10:00:00+00:00,4.39,5.5,6.57,1018.86,,,11.9,301.7
659,246,50.148238,19.95973,311.71,2026-07-02 10:00:00+00:00,2026-07-02 11:00:00+00:00,4.78,5.98,7.1,1018.85,,,11.51,299.0
660,246,50.148238,19.95973,311.71,2026-07-02 11:00:00+00:00,2026-07-02 12:00:00+00:00,3.83,4.7,5.51,1018.79,,,10.92,299.32
661,246,50.148238,19.95973,311.71,2026-07-02 12:00:00+00:00,2026-07-02 13:00:00+00:00,3.06,3.69,4.24,1018.47,,,9.61,297.99
662,246,50.148238,19.95973,311.71,2026-07-02 13:00:00+00:00,2026-07-02 14:00:00+00:00,2.67,3.3,3.89,1017.7,,,7.13,175.28
663,246,50.148238,19.95973,311.71,2026-07-02 14:00:00+00:00,2026-07-02 15:00:00+00:00,3.5,4.29,5.11,1017.28,,,8.38,315.1
664,246,50.148238,19.95973,311.71,2026-07-02 15:00:00+00:00,2026-07-02 16:00:00+00:00,3.5,4.31,5.09,1016.94,,,7.28,326.07
665,246,50.148238,19.95973,311.71,2026-07-02 16:00:00+00:00,2026-07-02 17:00:00+00:00,3.4,4.14,4.83,1016.69,,,4.6,326.23
666,246,50.148238,19.95973,311.71,2026-07-02 17:00:00+00:00,2026-07-02 18:00:00+00:00,3.31,3.99,4.66,1016.61,,,2.2,303.68
667,246,50.148238,19.95973,311.71,2026-07-02 18:00:00+00:00,2026-07-02 19:00:00+00:00,3.35,3.93,4.53,1016.56,,,3.26,236.07
668,246,50.148238,19.95973,311.71,2026-07-02 19:00:00+00:00,2026-07-02 20:00:00+00:00,3.96,4.71,5.48,1016.91,,,3.7,228.25
669,246,50.148238,19.95973,311.71,2026-07-02 20:00:00+00:00,2026-07-02 21:00:00+00:00,3.72,4.42,5.16,1016.91,,,4.43,239.23
670,246,50.148238,19.95973,311.71,2026-07-02 21:00:00+00:00,2026-07-02 22:00:00+00:00,3.17,3.78,4.41,1016.79,,,4.88,233.58
671,246,50.148238,19.95973,311.71,2026-07-02 22:00:00+00:00,2026-07-02 23:00:00+00:00,3.27,3.97,4.66,1016.66,,,5.69,231.12
672,7386,50.036109,20.100615,192.99,2026-07-01 23:00:00+00:00,2026-07-02 00:00:00+00:00,0.1,0.29,0.34,1011.49,64.52,19.23,12.62,291.74
673,7386,50.036109,20.100615,192.99,2026-07-02 00:00:00+00:00,2026-07-02 01:00:00+00:00,0.07,0.32,0.36,1011.77,66.67,18.97,13.04,295.34
674,7386,50.036109,20.100615,192.99,2026-07-02 01:00:00+00:00,2026-07-02 02:00:00+00:00,0.13,0.28,0.39,1012.04,71.08,18.19,12.9,300.61
675,7386,50.036109,20.100615,192.99,2026-07-02 02:00:00+00:00,2026-07-02 03:00:00+00:00,0.07,0.29,0.34,1012.46,80.47,17.45,12.23,301.17
676,7386,50.036109,20.100615,192.99,2026-07-02 03:00:00+00:00,2026-07-02 04:00:00+00:00,0.06,0.2,0.27,1012.71,79.83,16.74,12.21,299.6
677,7386,50.036109,20.100615,192.99,2026-07-02 04:00:00+00:00,2026-07-02 05:00:00+00:00,0.16,0.58,0.69,1013.19,71.49,16.44,12.89,298.81
678,7386,50.036109,20.100615,192.99,2026-07-02 05:00:00+00:00,2026-07-02 06:00:00+00:00,0.05,0.31,0.37,1013.63,72.55,16.39,13.79,300.61
679,7386,50.036109,20.100615,192.99,2026-07-02 06:00:00+00:00,2026-07-02 07:00:00+00:00,0.08,0.25,0.31,1014.09,74.05,16.27,14.78,303.51
680,7386,50.036109,20.100615,192.99,2026-07-02 07:00:00+00:00,2026-07-02 08:00:00+00:00,0.18,0.45,0.66,1014.44,71.67,16.49,14.63,306.41
681,7386,50.036109,20.100615,192.99,2026-07-02 08:00:00+00:00,2026-07-02 09:00:00+00:00,0.07,0.33,0.48,1014.91,67.29,16.62,13.58,308.04
682,7386,50.036109,20.100615,192.99,2026-07-02 09:00:00+00:00,2026-07-02 10:00:00+00:00,0.08,0.3,0.38,1015.42,74.72,17.34,12.63,305.55
683,7386,50.036109,20.100615,192.99,2026-07-02 10:00:00+00:00,2026-07-02 11:00:00+00:00,0.06,0.33,0.39,1015.3,63.05,19.16,12.32,303.5
684,7386,50.036109,20.100615,192.99,2026-07-02 11:00:00+00:00,2026-07-02 12:00:00+00:00,0.07,0.19,0.21,1014.86,53.82,20.42,12.19,303.41
685,7386,50.036109,20.100615,192.99,2026-07-02 12:00:00+00:00,2026-07-02 13:00:00+00:00,0.05,0.26,0.3,1014.21,54.11,23.19,8.49,293.4
686,7386,50.036109,20.100615,192.99,2026-07-02 13:00:00+00:00,2026-07-02 14:00:00+00:00,0.06,0.2,0.24,1013.35,52.04,26.33,6.33,288.63
687,7386,50.036109,20.100615,192.99,2026-07-02 14:00:00+00:00,2026-07-02 15:00:00+00:00,0.03,0.15,0.17,1012.78,40.3,26.43,9.51,312.93
688,7386,50.036109,20.100615,192.99,2026-07-02 15:00:00+00:00,2026-07-02 16:00:00+00:00,0.03,0.17,0.2,1012.37,38.78,26.86,8.02,317.07
689,7386,50.036109,20.100615,192.99,2026-07-02 16:00:00+00:00,2026-07-02 17:00:00+00:00,0.07,0.2,0.23,1012.12,38.72,26.04,6.06,321.46
690,7386,50.036109,20.100615,192.99,2026-07-02 17:00:00+00:00,2026-07-02 18:00:00+00:00,0.04,0.18,0.2,1012.0,40.22,25.7,3.76,309.84
691,7386,50.036109,20.100615,192.99,2026-07-02 18:00:00+00:00,2026-07-02 19:00:00+00:00,0.05,0.19,0.21,1011.99,46.9,22.48,4.12,250.52
692,7386,50.036109,20.100615,192.99,2026-07-02 19:00:00+00:00,2026-07-02 20:00:00+00:00,0.08,0.18,0.2,1012.54,66.04,20.22,4.95,230.11
693,7386,50.036109,20.100615,192.99,2026-07-02 20:00:00+00:00,2026-07-02 21:00:00+00:00,0.07,0.16,0.18,1012.67,54.08,18.7,5.58,232.22
694,7386,50.036109,20.100615,192.99,2026-07-02 21:00:00+00:00,2026-07-02 22:00:00+00:00,0.04,0.14,0.16,1012.79,52.86,17.43,5.87,230.26
695,7386,50.036109,20.100615,192.99,2026-07-02 22:00:00+00:00,2026-07-02 23:00:00+00:00,0.06,0.2,0.22,1012.76,54.71,16.58,6.15,231.0
696,7844,50.05426,19.826462,291.38,2026-07-01 23:00:00+00:00,2026-07-02 00:00:00+00:00,,,,,,,,
697,7844,50.05426,19.826462,291.38,2026-07-02 00:00:00+00:00,2026-07-02 01:00:00+00:00,,,,,,,,
698,7844,50.05426,19.826462,291.38,2026-07-02 01:00:00+00:00,2026-07-02 02:00:00+00:00,,,,,,,,
699,7844,50.05426,19.826462,291.38,2026-07-02 02:00:00+00:00,2026-07-02 03:00:00+00:00,,,,,,,,
700,7844,50.05426,19.826462,291.38,2026-07-02 03:00:00+00:00,2026-07-02 04:00:00+00:00,,,,,,,,
701,7844,50.05426,19.826462,291.38,2026-07-02 04:00:00+00:00,2026-07-02 05:00:00+00:00,,,,,,,,
702,7844,50.05426,19.826462,291.38,2026-07-02 05:00:00+00:00,2026-07-02 06:00:00+00:00,,,,,,,,
703,7844,50.05426,19.826462,291.38,2026-07-02 06:00:00+00:00,2026-07-02 07:00:00+00:00,,,,,,,,
704,7844,50.05426,19.826462,291.38,2026-07-02 07:00:00+00:00,2026-07-02 08:00:00+00:00,,,,,,,,
705,7844,50.05426,19.826462,291.38,2026-07-02 08:00:00+00:00,2026-07-02 09:00:00+00:00,,,,,,,,
706,7844,50.05426,19.826462,291.38,2026-07-02 09:00:00+00:00,2026-07-02 10:00:00+00:00,,,,,,,,
707,7844,50.05426,19.826462,291.38,2026-07-02 10:00:00+00:00,2026-07-02 11:00:00+00:00,,,,,,,,
708,7844,50.05426,19.826462,291.38,2026-07-02 11:00:00+00:00,2026-07-02 12:00:00+00:00,,,,,,,,
709,7844,50.05426,19.826462,291.38,2026-07-02 12:00:00+00:00,2026-07-02 13:00:00+00:00,,,,,,,,
710,7844,50.05426,19.826462,291.38,2026-07-02 13:00:00+00:00,2026-07-02 14:00:00+00:00,,,,,,,,
711,7844,50.05426,19.826462,291.38,2026-07-02 14:00:00+00:00,2026-07-02 15:00:00+00:00,,,,,,,,
712,7844,50.05426,19.826462,291.38,2026-07-02 15:00:00+00:00,2026-07-02 16:00:00+00:00,,,,,,,,
713,7844,50.05426,19.826462,291.38,2026-07-02 16:00:00+00:00,2026-07-02 17:00:00+00:00,,,,,,,,
714,7844,50.05426,19.826462,291.38,2026-07-02 17:00:00+00:00,2026-07-02 18:00:00+00:00,,,,,,,,
715,7844,50.05426,19.826462,291.38,2026-07-02 18:00:00+00:00,2026-07-02 19:00:00+00:00,,,,,,,,
716,7844,50.05426,19.826462,291.38,2026-07-02 19:00:00+00:00,2026-07-02 20:00:00+00:00,,,,,,,,
717,7844,50.05426,19.826462,291.38,2026-07-02 20:00:00+00:00,2026-07-02 21:00:00+00:00,,,,,,,,
718,7844,50.05426,19.826462,291.38,2026-07-02 21:00:00+00:00,2026-07-02 22:00:00+00:00,,,,,,,,
719,7844,50.05426,19.826462,291.38,2026-07-02 22:00:00+00:00,2026-07-02 23:00:00+00:00,,,,,,,,
720,2832,50.174309,19.987906,250.14,2026-07-01 23:00:00+00:00,2026-07-02 00:00:00+00:00,8.15,12.09,14.38,1016.06,66.26,19.65,11.32,285.42
721,2832,50.174309,19.987906,250.14,2026-07-02 00:00:00+00:00,2026-07-02 01:00:00+00:00,10.58,16.35,19.78,1016.46,65.31,19.3,11.9,291.71
722,2832,50.174309,19.987906,250.14,2026-07-02 01:00:00+00:00,2026-07-02 02:00:00+00:00,9.75,15.35,18.58,1016.81,65.57,18.82,12.08,298.84
723,2832,50.174309,19.987906,250.14,2026-07-02 02:00:00+00:00,2026-07-02 03:00:00+00:00,7.86,12.33,15.0,1017.22,68.79,18.31,11.97,299.41
724,2832,50.174309,19.987906,250.14,2026-07-02 03:00:00+00:00,2026-07-02 04:00:00+00:00,7.17,11.06,13.43,1017.44,69.28,17.53,11.92,293.29
725,2832,50.174309,19.987906,250.14,2026-07-02 04:00:00+00:00,2026-07-02 05:00:00+00:00,6.64,10.19,12.22,1017.87,66.13,17.12,12.56,297.79
726,2832,50.174309,19.987906,250.14,2026-07-02 05:00:00+00:00,2026-07-02 06:00:00+00:00,5.28,7.84,9.45,1018.3,69.33,16.93,13.62,300.8
727,2832,50.174309,19.987906,250.14,2026-07-02 06:00:00+00:00,2026-07-02 07:00:00+00:00,9.3,14.91,18.59,1018.68,65.29,17.03,14.55,302.82
728,2832,50.174309,19.987906,250.14,2026-07-02 07:00:00+00:00,2026-07-02 08:00:00+00:00,8.56,12.78,15.2,1018.99,62.95,17.18,14.16,302.0
729,2832,50.174309,19.987906,250.14,2026-07-02 08:00:00+00:00,2026-07-02 09:00:00+00:00,4.17,5.78,6.8,1019.5,58.56,17.51,12.92,302.0
730,2832,50.174309,19.987906,250.14,2026-07-02 09:00:00+00:00,2026-07-02 10:00:00+00:00,3.77,5.11,6.01,1019.78,53.06,18.94,11.87,301.51
731,2832,50.174309,19.987906,250.14,2026-07-02 10:00:00+00:00,2026-07-02 11:00:00+00:00,2.94,3.87,4.55,1019.68,49.96,20.38,11.61,298.84
732,2832,50.174309,19.987906,250.14,2026-07-02 11:00:00+00:00,2026-07-02 12:00:00+00:00,2.95,3.86,4.45,1019.2,46.4,23.63,10.98,297.85
733,2832,50.174309,19.987906,250.14,2026-07-02 12:00:00+00:00,2026-07-02 13:00:00+00:00,2.37,3.08,3.57,1018.49,42.86,25.76,10.06,297.93
734,2832,50.174309,19.987906,250.14,2026-07-02 13:00:00+00:00,2026-07-02 14:00:00+00:00,2.04,2.77,3.22,1017.89,39.92,26.02,9.37,304.7
735,2832,50.174309,19.987906,250.14,2026-07-02 14:00:00+00:00,2026-07-02 15:00:00+00:00,2.84,3.78,4.37,1017.6,37.9,25.1,9.4,314.03
736,2832,50.174309,19.987906,250.14,2026-07-02 15:00:00+00:00,2026-07-02 16:00:00+00:00,3.17,4.19,4.87,1017.36,37.86,24.88,8.14,320.06
737,2832,50.174309,19.987906,250.14,2026-07-02 16:00:00+00:00,2026-07-02 17:00:00+00:00,3.18,4.19,4.85,1017.09,37.9,24.4,5.66,322.46
738,2832,50.174309,19.987906,250.14,2026-07-02 17:00:00+00:00,2026-07-02 18:00:00+00:00,2.74,3.52,4.09,1017.04,38.88,23.65,3.48,342.66
739,2832,50.174309,19.987906,250.14,2026-07-02 18:00:00+00:00,2026-07-02 19:00:00+00:00,3.04,3.84,4.47,1017.09,42.69,22.38,3.66,227.17
740,2832,50.174309,19.987906,250.14,2026-07-02 19:00:00+00:00,2026-07-02 20:00:00+00:00,3.75,4.8,5.57,1017.61,47.06,20.5,3.86,229.98
741,2832,50.174309,19.987906,250.14,2026-07-02 20:00:00+00:00,2026-07-02 21:00:00+00:00,5.17,6.7,7.86,1017.71,49.8,19.0,4.55,239.0
742,2832,50.174309,19.987906,250.14,2026-07-02 21:00:00+00:00,2026-07-02 22:00:00+00:00,5.99,7.8,9.23,1017.73,51.29,17.85,5.64,232.0
743,2832,50.174309,19.987906,250.14,2026-07-02 22:00:00+00:00,2026-07-02 23:00:00+00:00,5.46,6.95,8.05,1017.65,52.79,16.73,5.72,231.0
744,10051,50.150282,19.893212,261.88,2026-07-01 23:00:00+00:00,2026-07-02 00:00:00+00:00,8.77,14.15,16.64,1016.3,82.67,18.76,,
745,10051,50.150282,19.893212,261.88,2026-07-02 00:00:00+00:00,2026-07-02 01:00:00+00:00,12.14,20.49,26.16,1016.75,83.39,18.51,,
746,10051,50.150282,19.893212,261.88,2026-07-02 01:00:00+00:00,2026-07-02 02:00:00+00:00,9.79,16.62,19.91,1017.07,84.2,17.92,,
747,10051,50.150282,19.893212,261.88,2026-07-02 02:00:00+00:00,2026-07-02 03:00:00+00:00,8.04,13.49,16.0,1017.51,85.84,17.1,,
748,10051,50.150282,19.893212,261.88,2026-07-02 03:00:00+00:00,2026-07-02 04:00:00+00:00,9.08,15.36,18.29,1017.74,86.2,16.54,,
749,10051,50.150282,19.893212,261.88,2026-07-02 04:00:00+00:00,2026-07-02 05:00:00+00:00,8.31,13.71,16.12,1018.04,85.57,16.39,,
750,10051,50.150282,19.893212,261.88,2026-07-02 05:00:00+00:00,2026-07-02 06:00:00+00:00,8.38,14.25,16.89,1018.54,84.67,16.1,,
751,10051,50.150282,19.893212,261.88,2026-07-02 06:00:00+00:00,2026-07-02 07:00:00+00:00,10.43,17.7,21.46,1018.93,83.64,16.25,,
752,10051,50.150282,19.893212,261.88,2026-07-02 07:00:00+00:00,2026-07-02 08:00:00+00:00,8.37,13.11,15.36,1019.33,79.86,16.49,,
753,10051,50.150282,19.893212,261.88,2026-07-02 08:00:00+00:00,2026-07-02 09:00:00+00:00,3.93,5.66,6.63,1019.84,74.9,16.93,,
754,10051,50.150282,19.893212,261.88,2026-07-02 09:00:00+00:00,2026-07-02 10:00:00+00:00,5.08,7.35,8.7,1020.02,69.19,18.6,,
755,10051,50.150282,19.893212,261.88,2026-07-02 10:00:00+00:00,2026-07-02 11:00:00+00:00,5.39,7.54,8.77,1019.91,64.14,20.04,,
756,10051,50.150282,19.893212,261.88,2026-07-02 11:00:00+00:00,2026-07-02 12:00:00+00:00,4.31,5.8,6.78,1019.57,60.21,20.73,,
757,10051,50.150282,19.893212,261.88,2026-07-02 12:00:00+00:00,2026-07-02 13:00:00+00:00,3.91,5.26,6.09,1018.95,54.33,22.98,,
758,10051,50.150282,19.893212,261.88,2026-07-02 13:00:00+00:00,2026-07-02 14:00:00+00:00,3.53,4.8,5.51,1018.31,49.0,24.69,,
759,10051,50.150282,19.893212,261.88,2026-07-02 14:00:00+00:00,2026-07-02 15:00:00+00:00,4.22,5.69,6.53,1017.94,46.66,23.71,,
760,10051,50.150282,19.893212,261.88,2026-07-02 15:00:00+00:00,2026-07-02 16:00:00+00:00,4.45,5.97,6.95,1017.64,46.41,24.05,,
761,10051,50.150282,19.893212,261.88,2026-07-02 16:00:00+00:00,2026-07-02 17:00:00+00:00,4.32,5.63,6.57,1017.42,46.86,23.79,,
762,10051,50.150282,19.893212,261.88,2026-07-02 17:00:00+00:00,2026-07-02 18:00:00+00:00,3.94,5.12,5.91,1017.38,51.04,23.06,,
763,10051,50.150282,19.893212,261.88,2026-07-02 18:00:00+00:00,2026-07-02 19:00:00+00:00,7.44,9.48,11.57,1017.43,57.02,21.41,,
764,10051,50.150282,19.893212,261.88,2026-07-02 19:00:00+00:00,2026-07-02 20:00:00+00:00,6.09,7.89,9.29,1017.92,61.42,19.25,,
765,10051,50.150282,19.893212,261.88,2026-07-02 20:00:00+00:00,2026-07-02 21:00:00+00:00,6.63,8.85,10.35,1018.04,64.89,17.57,,
766,10051,50.150282,19.893212,261.88,2026-07-02 21:00:00+00:00,2026-07-02 22:00:00+00:00,7.24,9.6,11.12,1017.98,67.11,16.27,,
767,10051,50.150282,19.893212,261.88,2026-07-02 22:00:00+00:00,2026-07-02 23:00:00+00:00,7.27,9.75,11.38,1017.9,69.06,15.32,,
768,2599,50.039521,20.134673,192.72,2026-07-01 23:00:00+00:00,2026-07-02 00:00:00+00:00,8.38,12.1,14.41,1015.26,89.25,19.65,12.62,291.74
769,2599,50.039521,20.134673,192.72,2026-07-02 00:00:00+00:00,2026-07-02 01:00:00+00:00,9.51,14.06,16.64,1015.55,90.0,19.35,13.04,295.34
770,2599,50.039521,20.134673,192.72,2026-07-02 01:00:00+00:00,2026-07-02 02:00:00+00:00,10.76,16.61,19.98,1015.79,90.25,18.71,12.9,300.61
771,2599,50.039521,20.134673,192.72,2026-07-02 02:00:00+00:00,2026-07-02 03:00:00+00:00,9.65,15.18,18.5,1016.18,90.69,18.07,12.23,301.17
772,2599,50.039521,20.134673,192.72,2026-07-02 03:00:00+00:00,2026-07-02 04:00:00+00:00,8.97,13.98,16.95,1016.41,91.0,17.17,12.21,299.6
773,2599,50.039521,20.134673,192.72,2026-07-02 04:00:00+00:00,2026-07-02 05:00:00+00:00,8.99,14.04,16.82,1016.86,91.44,16.78,12.89,298.81
774,2599,50.039521,20.134673,192.72,2026-07-02 05:00:00+00:00,2026-07-02 06:00:00+00:00,7.37,11.01,13.16,1017.3,91.38,16.71,13.79,300.61
775,2599,50.039521,20.134673,192.72,2026-07-02 06:00:00+00:00,2026-07-02 07:00:00+00:00,6.78,10.14,12.2,1017.76,89.88,16.44,14.78,303.51
776,2599,50.039521,20.134673,192.72,2026-07-02 07:00:00+00:00,2026-07-02 08:00:00+00:00,10.04,15.94,19.45,1018.12,86.88,16.61,14.63,306.41
777,2599,50.039521,20.134673,192.72,2026-07-02 08:00:00+00:00,2026-07-02 09:00:00+00:00,10.26,15.14,17.85,1018.56,84.25,17.01,13.58,308.04
778,2599,50.039521,20.134673,192.72,2026-07-02 09:00:00+00:00,2026-07-02 10:00:00+00:00,4.13,5.46,6.39,1019.06,80.24,17.69,12.63,305.55
779,2599,50.039521,20.134673,192.72,2026-07-02 10:00:00+00:00,2026-07-02 11:00:00+00:00,4.82,6.41,7.52,1019.02,73.24,19.46,12.32,303.5
780,2599,50.039521,20.134673,192.72,2026-07-02 11:00:00+00:00,2026-07-02 12:00:00+00:00,6.31,8.22,9.56,1018.64,66.56,20.71,12.15,303.49
781,2599,50.039521,20.134673,192.72,2026-07-02 12:00:00+00:00,2026-07-02 13:00:00+00:00,6.15,7.83,8.99,1018.05,60.96,22.91,8.49,293.4
782,2599,50.039521,20.134673,192.72,2026-07-02 13:00:00+00:00,2026-07-02 14:00:00+00:00,3.13,4.0,4.59,1017.27,54.42,24.34,6.33,288.63
783,2599,50.039521,20.134673,192.72,2026-07-02 14:00:00+00:00,2026-07-02 15:00:00+00:00,2.45,3.13,3.63,1016.81,51.3,23.45,9.51,312.93
784,2599,50.039521,20.134673,192.72,2026-07-02 15:00:00+00:00,2026-07-02 16:00:00+00:00,2.99,3.82,4.42,1016.43,50.87,24.1,8.02,317.07
785,2599,50.039521,20.134673,192.72,2026-07-02 16:00:00+00:00,2026-07-02 17:00:00+00:00,3.4,4.36,5.04,1016.22,51.82,23.91,5.86,322.18
786,2599,50.039521,20.134673,192.72,2026-07-02 17:00:00+00:00,2026-07-02 18:00:00+00:00,3.53,4.44,5.12,1016.11,54.29,23.75,3.76,309.84
787,2599,50.039521,20.134673,192.72,2026-07-02 18:00:00+00:00,2026-07-02 19:00:00+00:00,3.85,4.75,5.49,1016.07,59.69,22.32,4.12,250.52
788,2599,50.039521,20.134673,192.72,2026-07-02 19:00:00+00:00,2026-07-02 20:00:00+00:00,7.41,9.59,11.48,1016.54,66.27,20.5,4.95,230.11
789,2599,50.039521,20.134673,192.72,2026-07-02 20:00:00+00:00,2026-07-02 21:00:00+00:00,7.86,9.96,11.6,1016.61,71.42,19.05,5.58,232.22
790,2599,50.039521,20.134673,192.72,2026-07-02 21:00:00+00:00,2026-07-02 22:00:00+00:00,8.02,10.41,12.26,1016.65,75.75,17.95,5.87,230.26
791,2599,50.039521,20.134673,192.72,2026-07-02 22:00:00+00:00,2026-07-02 23:00:00+00:00,9.41,12.02,13.97,1016.57,77.69,17.15,6.15,231.0
792,86723,49.987999,19.779314,208.61,2026-07-01 23:00:00+00:00,2026-07-02 00:00:00+00:00,,,,,,,,
793,86723,49.987999,19.779314,208.61,2026-07-02 00:00:00+00:00,2026-07-02 01:00:00+00:00,,,,,,,,
794,86723,49.987999,19.779314,208.61,2026-07-02 01:00:00+00:00,2026-07-02 02:00:00+00:00,,,,,,,,
795,86723,49.987999,19.779314,208.61,2026-07-02 02:00:00+00:00,2026-07-02 03:00:00+00:00,,,,,,,,
796,86723,49.987999,19.779314,208.61,2026-07-02 03:00:00+00:00,2026-07-02 04:00:00+00:00,,,,,,,,
797,86723,49.987999,19.779314,208.61,2026-07-02 04:00:00+00:00,2026-07-02 05:00:00+00:00,,,,,,,,
798,86723,49.987999,19.779314,208.61,2026-07-02 05:00:00+00:00,2026-07-02 06:00:00+00:00,,,,,,,,
799,86723,49.987999,19.779314,208.61,2026-07-02 06:00:00+00:00,2026-07-02 07:00:00+00:00,,,,,,,,
800,86723,49.987999,19.779314,208.61,2026-07-02 07:00:00+00:00,2026-07-02 08:00:00+00:00,,,,,,,,
801,86723,49.987999,19.779314,208.61,2026-07-02 08:00:00+00:00,2026-07-02 09:00:00+00:00,,,,,,,,
802,86723,49.987999,19.779314,208.61,2026-07-02 09:00:00+00:00,2026-07-02 10:00:00+00:00,,,,,,,,
803,86723,49.987999,19.779314,208.61,2026-07-02 10:00:00+00:00,2026-07-02 11:00:00+00:00,,,,,,,,
804,86723,49.987999,19.779314,208.61,2026-07-02 11:00:00+00:00,2026-07-02 12:00:00+00:00,,,,,,,,
805,86723,49.987999,19.779314,208.61,2026-07-02 12:00:00+00:00,2026-07-02 13:00:00+00:00,,,,,,,,
806,86723,49.987999,19.779314,208.61,2026-07-02 13:00:00+00:00,2026-07-02 14:00:00+00:00,,,,,,,,
807,86723,49.987999,19.779314,208.61,2026-07-02 14:00:00+00:00,2026-07-02 15:00:00+00:00,,,,,,,,
808,86723,49.987999,19.779314,208.61,2026-07-02 15:00:00+00:00,2026-07-02 16:00:00+00:00,,,,,,,,
809,86723,49.987999,19.779314,208.61,2026-07-02 16:00:00+00:00,2026-07-02 17:00:00+00:00,,,,,,,,
810,86723,49.987999,19.779314,208.61,2026-07-02 17:00:00+00:00,2026-07-02 18:00:00+00:00,,,,,,,,
811,86723,49.987999,19.779314,208.61,2026-07-02 18:00:00+00:00,2026-07-02 19:00:00+00:00,,,,,,,,
812,86723,49.987999,19.779314,208.61,2026-07-02 19:00:00+00:00,2026-07-02 20:00:00+00:00,,,,,,,,
813,86723,49.987999,19.779314,208.61,2026-07-02 20:00:00+00:00,2026-07-02 21:00:00+00:00,,,,,,,,
814,86723,49.987999,19.779314,208.61,2026-07-02 21:00:00+00:00,2026-07-02 22:00:00+00:00,,,,,,,,
815,86723,49.987999,19.779314,208.61,2026-07-02 22:00:00+00:00,2026-07-02 23:00:00+00:00,,,,,,,,
816,7427,50.156176,19.866003,299.43,2026-07-01 23:00:00+00:00,2026-07-02 00:00:00+00:00,7.78,11.24,12.92,1015.66,88.88,19.63,10.94,285.51
817,7427,50.156176,19.866003,299.43,2026-07-02 00:00:00+00:00,2026-07-02 01:00:00+00:00,11.04,17.07,20.18,1016.18,89.99,19.25,11.62,290.37
818,7427,50.156176,19.866003,299.43,2026-07-02 01:00:00+00:00,2026-07-02 02:00:00+00:00,8.59,13.08,15.29,1016.45,90.64,18.92,12.25,297.77
819,7427,50.156176,19.866003,299.43,2026-07-02 02:00:00+00:00,2026-07-02 03:00:00+00:00,6.87,10.28,11.95,1016.9,91.5,17.81,11.74,292.57
820,7427,50.156176,19.866003,299.43,2026-07-02 03:00:00+00:00,2026-07-02 04:00:00+00:00,7.37,10.99,12.79,1017.12,91.63,17.34,11.56,289.38
821,7427,50.156176,19.866003,299.43,2026-07-02 04:00:00+00:00,2026-07-02 05:00:00+00:00,7.47,11.34,13.27,1017.44,90.88,16.95,12.15,296.18
822,7427,50.156176,19.866003,299.43,2026-07-02 05:00:00+00:00,2026-07-02 06:00:00+00:00,7.07,10.72,12.61,1017.85,90.13,16.83,12.91,297.53
823,7427,50.156176,19.866003,299.43,2026-07-02 06:00:00+00:00,2026-07-02 07:00:00+00:00,9.47,14.31,16.59,1018.25,89.31,16.84,13.69,300.17
824,7427,50.156176,19.866003,299.43,2026-07-02 07:00:00+00:00,2026-07-02 08:00:00+00:00,6.82,9.62,10.94,1018.66,86.5,16.88,13.53,301.93
825,7427,50.156176,19.866003,299.43,2026-07-02 08:00:00+00:00,2026-07-02 09:00:00+00:00,2.91,3.92,4.54,1019.12,82.46,17.51,11.88,301.0
826,7427,50.156176,19.866003,299.43,2026-07-02 09:00:00+00:00,2026-07-02 10:00:00+00:00,4.18,5.46,6.25,1019.31,77.21,18.86,11.15,301.0
827,7427,50.156176,19.866003,299.43,2026-07-02 10:00:00+00:00,2026-07-02 11:00:00+00:00,4.45,5.7,6.5,1019.22,71.39,20.19,11.19,298.0
828,7427,50.156176,19.866003,299.43,2026-07-02 11:00:00+00:00,2026-07-02 12:00:00+00:00,3.12,3.88,4.43,1018.94,66.47,21.3,10.41,295.38
829,7427,50.156176,19.866003,299.43,2026-07-02 12:00:00+00:00,2026-07-02 13:00:00+00:00,3.17,4.02,4.53,1018.32,60.02,23.64,6.2,281.65
830,7427,50.156176,19.866003,299.43,2026-07-02 13:00:00+00:00,2026-07-02 14:00:00+00:00,2.95,3.75,4.27,1017.71,53.83,25.07,3.91,286.24
831,7427,50.156176,19.866003,299.43,2026-07-02 14:00:00+00:00,2026-07-02 15:00:00+00:00,3.75,4.7,5.3,1017.39,51.86,23.97,7.69,313.39
832,7427,50.156176,19.866003,299.43,2026-07-02 15:00:00+00:00,2026-07-02 16:00:00+00:00,3.88,4.81,5.53,1017.1,51.36,24.18,6.9,322.14
833,7427,50.156176,19.866003,299.43,2026-07-02 16:00:00+00:00,2026-07-02 17:00:00+00:00,3.72,4.59,5.22,1016.83,51.84,24.08,4.52,329.43
834,7427,50.156176,19.866003,299.43,2026-07-02 17:00:00+00:00,2026-07-02 18:00:00+00:00,3.35,4.05,4.7,1016.8,55.67,23.42,3.02,297.46
835,7427,50.156176,19.866003,299.43,2026-07-02 18:00:00+00:00,2026-07-02 19:00:00+00:00,3.8,4.76,5.49,1016.84,60.62,22.01,3.04,248.93
836,7427,50.156176,19.866003,299.43,2026-07-02 19:00:00+00:00,2026-07-02 20:00:00+00:00,5.06,6.26,7.19,1017.3,63.92,20.37,3.64,234.8
837,7427,50.156176,19.866003,299.43,2026-07-02 20:00:00+00:00,2026-07-02 21:00:00+00:00,5.44,6.76,7.8,1017.42,67.57,18.84,4.36,238.5
838,7427,50.156176,19.866003,299.43,2026-07-02 21:00:00+00:00,2026-07-02 22:00:00+00:00,4.93,6.07,6.92,1017.35,69.99,17.59,4.53,236.44
839,7427,50.156176,19.866003,299.43,2026-07-02 22:00:00+00:00,2026-07-02 23:00:00+00:00,4.6,5.6,6.31,1017.22,72.31,16.66,5.09,235.0
840,5649,50.157944,19.979183,260.39,2026-07-01 23:00:00+00:00,2026-07-02 00:00:00+00:00,8.91,14.96,17.58,1014.29,82.73,19.4,,
841,5649,50.157944,19.979183,260.39,2026-07-02 00:00:00+00:00,2026-07-02 01:00:00+00:00,11.3,18.99,24.06,1014.67,83.21,19.11,,
842,5649,50.157944,19.979183,260.39,2026-07-02 01:00:00+00:00,2026-07-02 02:00:00+00:00,9.91,17.36,21.12,1014.97,83.51,18.66,,
843,5649,50.157944,19.979183,260.39,2026-07-02 02:00:00+00:00,2026-07-02 03:00:00+00:00,7.69,13.24,15.64,1015.35,84.45,18.1,,
844,5649,50.157944,19.979183,260.39,2026-07-02 03:00:00+00:00,2026-07-02 04:00:00+00:00,8.42,14.99,17.81,1015.61,85.69,17.14,,
845,5649,50.157944,19.979183,260.39,2026-07-02 04:00:00+00:00,2026-07-02 05:00:00+00:00,7.32,12.8,14.77,1015.96,85.1,16.99,,
846,5649,50.157944,19.979183,260.39,2026-07-02 05:00:00+00:00,2026-07-02 06:00:00+00:00,6.46,10.65,12.44,1016.41,84.49,16.78,,
847,5649,50.157944,19.979183,260.39,2026-07-02 06:00:00+00:00,2026-07-02 07:00:00+00:00,9.73,17.14,21.23,1016.81,83.59,16.86,,
848,5649,50.157944,19.979183,260.39,2026-07-02 07:00:00+00:00,2026-07-02 08:00:00+00:00,8.75,14.54,16.75,1017.12,80.1,17.28,,
849,5649,50.157944,19.979183,260.39,2026-07-02 08:00:00+00:00,2026-07-02 09:00:00+00:00,4.41,6.43,7.47,1017.6,73.97,17.84,,
850,5649,50.157944,19.979183,260.39,2026-07-02 09:00:00+00:00,2026-07-02 10:00:00+00:00,4.36,6.09,7.1,1017.94,67.9,19.07,,
851,5649,50.157944,19.979183,260.39,2026-07-02 10:00:00+00:00,2026-07-02 11:00:00+00:00,4.67,6.38,7.43,1017.84,63.42,20.52,,
852,5649,50.157944,19.979183,260.39,2026-07-02 11:00:00+00:00,2026-07-02 12:00:00+00:00,4.0,5.17,5.9,1017.53,58.0,24.02,,
853,5649,50.157944,19.979183,260.39,2026-07-02 12:00:00+00:00,2026-07-02 13:00:00+00:00,2.81,3.46,3.96,1017.03,51.97,27.38,,
854,5649,50.157944,19.979183,260.39,2026-07-02 13:00:00+00:00,2026-07-02 14:00:00+00:00,2.49,3.21,3.65,1016.36,47.5,27.01,,
855,5649,50.157944,19.979183,260.39,2026-07-02 14:00:00+00:00,2026-07-02 15:00:00+00:00,3.34,4.49,5.16,1015.91,46.22,25.3,,
856,5649,50.157944,19.979183,260.39,2026-07-02 15:00:00+00:00,2026-07-02 16:00:00+00:00,3.95,5.21,6.0,1015.63,46.72,24.65,,
857,5649,50.157944,19.979183,260.39,2026-07-02 16:00:00+00:00,2026-07-02 17:00:00+00:00,4.05,5.29,6.07,1015.34,46.77,24.1,,
858,5649,50.157944,19.979183,260.39,2026-07-02 17:00:00+00:00,2026-07-02 18:00:00+00:00,3.99,5.04,5.88,1015.3,48.56,23.1,,
859,5649,50.157944,19.979183,260.39,2026-07-02 18:00:00+00:00,2026-07-02 19:00:00+00:00,4.27,5.4,6.27,1015.31,53.94,21.62,,
860,5649,50.157944,19.979183,260.39,2026-07-02 19:00:00+00:00,2026-07-02 20:00:00+00:00,5.08,6.5,7.52,1015.79,60.38,19.71,,
861,5649,50.157944,19.979183,260.39,2026-07-02 20:00:00+00:00,2026-07-02 21:00:00+00:00,6.28,8.32,9.63,1015.89,64.27,18.34,,
862,5649,50.157944,19.979183,260.39,2026-07-02 21:00:00+00:00,2026-07-02 22:00:00+00:00,6.69,9.11,10.69,1015.89,66.52,17.26,,
863,5649,50.157944,19.979183,260.39,2026-07-02 22:00:00+00:00,2026-07-02 23:00:00+00:00,6.81,9.14,10.7,1015.79,68.67,16.17,,
864,87172,49.974291,19.786425,213.67,2026-07-01 23:00:00+00:00,2026-07-02 00:00:00+00:00,,,,,,,,
865,87172,49.974291,19.786425,213.67,2026-07-02 00:00:00+00:00,2026-07-02 01:00:00+00:00,,,,,,,,
866,87172,49.974291,19.786425,213.67,2026-07-02 01:00:00+00:00,2026-07-02 02:00:00+00:00,,,,,,,,
867,87172,49.974291,19.786425,213.67,2026-07-02 02:00:00+00:00,2026-07-02 03:00:00+00:00,,,,,,,,
868,87172,49.974291,19.786425,213.67,2026-07-02 03:00:00+00:00,2026-07-02 04:00:00+00:00,,,,,,,,
869,87172,49.974291,19.786425,213.67,2026-07-02 04:00:00+00:00,2026-07-02 05:00:00+00:00,,,,,,,,
870,87172,49.974291,19.786425,213.67,2026-07-02 05:00:00+00:00,2026-07-02 06:00:00+00:00,,,,,,,,
871,87172,49.974291,19.786425,213.67,2026-07-02 06:00:00+00:00,2026-07-02 07:00:00+00:00,,,,,,,,
872,87172,49.974291,19.786425,213.67,2026-07-02 07:00:00+00:00,2026-07-02 08:00:00+00:00,,,,,,,,
873,87172,49.974291,19.786425,213.67,2026-07-02 08:00:00+00:00,2026-07-02 09:00:00+00:00,,,,,,,,
874,87172,49.974291,19.786425,213.67,2026-07-02 09:00:00+00:00,2026-07-02 10:00:00+00:00,,,,,,,,
875,87172,49.974291,19.786425,213.67,2026-07-02 10:00:00+00:00,2026-07-02 11:00:00+00:00,,,,,,,,
876,87172,49.974291,19.786425,213.67,2026-07-02 11:00:00+00:00,2026-07-02 12:00:00+00:00,,,,,,,,
877,87172,49.974291,19.786425,213.67,2026-07-02 12:00:00+00:00,2026-07-02 13:00:00+00:00,,,,,,,,
878,87172,49.974291,19.786425,213.67,2026-07-02 13:00:00+00:00,2026-07-02 14:00:00+00:00,,,,,,,,
879,87172,49.974291,19.786425,213.67,2026-07-02 14:00:00+00:00,2026-07-02 15:00:00+00:00,,,,,,,,
880,87172,49.974291,19.786425,213.67,2026-07-02 15:00:00+00:00,2026-07-02 16:00:00+00:00,,,,,,,,
881,87172,49.974291,19.786425,213.67,2026-07-02 16:00:00+00:00,2026-07-02 17:00:00+00:00,,,,,,,,
882,87172,49.974291,19.786425,213.67,2026-07-02 17:00:00+00:00,2026-07-02 18:00:00+00:00,,,,,,,,
883,87172,49.974291,19.786425,213.67,2026-07-02 18:00:00+00:00,2026-07-02 19:00:00+00:00,,,,,,,,
884,87172,49.974291,19.786425,213.67,2026-07-02 19:00:00+00:00,2026-07-02 20:00:00+00:00,,,,,,,,
885,87172,49.974291,19.786425,213.67,2026-07-02 20:00:00+00:00,2026-07-02 21:00:00+00:00,,,,,,,,
886,87172,49.974291,19.786425,213.67,2026-07-02 21:00:00+00:00,2026-07-02 22:00:00+00:00,,,,,,,,
887,87172,49.974291,19.786425,213.67,2026-07-02 22:00:00+00:00,2026-07-02 23:00:00+00:00,,,,,,,,
888,7584,49.972103,19.898235,308.82,2026-07-01 23:00:00+00:00,2026-07-02 00:00:00+00:00,0.13,0.25,0.34,1012.37,64.59,19.2,11.26,284.52
889,7584,49.972103,19.898235,308.82,2026-07-02 00:00:00+00:00,2026-07-02 01:00:00+00:00,0.1,0.12,0.13,1012.68,65.35,18.71,11.25,287.0
890,7584,49.972103,19.898235,308.82,2026-07-02 01:00:00+00:00,2026-07-02 02:00:00+00:00,0.01,0.03,0.03,1012.85,66.05,18.43,11.64,295.17
891,7584,49.972103,19.898235,308.82,2026-07-02 02:00:00+00:00,2026-07-02 03:00:00+00:00,0.06,0.08,0.09,1013.26,66.31,17.83,11.99,295.66
892,7584,49.972103,19.898235,308.82,2026-07-02 03:00:00+00:00,2026-07-02 04:00:00+00:00,0.09,0.09,0.1,1013.59,66.81,17.2,11.9,293.34
893,7584,49.972103,19.898235,308.82,2026-07-02 04:00:00+00:00,2026-07-02 05:00:00+00:00,0.05,0.05,0.06,1013.96,66.56,16.91,12.33,295.72
894,7584,49.972103,19.898235,308.82,2026-07-02 05:00:00+00:00,2026-07-02 06:00:00+00:00,0.05,0.07,0.07,1014.44,65.8,16.78,13.18,297.0
895,7584,49.972103,19.898235,308.82,2026-07-02 06:00:00+00:00,2026-07-02 07:00:00+00:00,0.16,0.25,0.31,1014.91,64.56,16.88,13.65,299.68
896,7584,49.972103,19.898235,308.82,2026-07-02 07:00:00+00:00,2026-07-02 08:00:00+00:00,0.21,0.55,0.76,1015.4,62.03,16.69,12.7,300.36
897,7584,49.972103,19.898235,308.82,2026-07-02 08:00:00+00:00,2026-07-02 09:00:00+00:00,0.05,0.08,0.08,1015.81,64.83,17.66,12.03,301.33
898,7584,49.972103,19.898235,308.82,2026-07-02 09:00:00+00:00,2026-07-02 10:00:00+00:00,0.07,0.13,0.17,1015.97,65.74,18.54,11.66,300.68
899,7584,49.972103,19.898235,308.82,2026-07-02 10:00:00+00:00,2026-07-02 11:00:00+00:00,0.12,0.33,0.38,1015.97,48.76,19.21,11.33,299.34
900,7584,49.972103,19.898235,308.82,2026-07-02 11:00:00+00:00,2026-07-02 12:00:00+00:00,0.09,0.25,0.32,1015.55,60.04,20.79,10.2,294.57
901,7584,49.972103,19.898235,308.82,2026-07-02 12:00:00+00:00,2026-07-02 13:00:00+00:00,0.13,0.36,0.43,1014.86,68.56,22.55,9.42,298.3
902,7584,49.972103,19.898235,308.82,2026-07-02 13:00:00+00:00,2026-07-02 14:00:00+00:00,0.12,0.15,0.18,1013.94,64.38,25.91,8.43,306.25
903,7584,49.972103,19.898235,308.82,2026-07-02 14:00:00+00:00,2026-07-02 15:00:00+00:00,0.05,0.08,0.09,1013.41,62.06,27.82,7.92,316.08
904,7584,49.972103,19.898235,308.82,2026-07-02 15:00:00+00:00,2026-07-02 16:00:00+00:00,0.04,0.05,0.06,1013.2,61.31,26.09,6.7,328.04
905,7584,49.972103,19.898235,308.82,2026-07-02 16:00:00+00:00,2026-07-02 17:00:00+00:00,0.05,0.09,0.1,1012.97,62.31,24.82,4.7,312.58
906,7584,49.972103,19.898235,308.82,2026-07-02 17:00:00+00:00,2026-07-02 18:00:00+00:00,0.02,0.03,0.03,1013.0,65.0,23.71,3.51,291.54
907,7584,49.972103,19.898235,308.82,2026-07-02 18:00:00+00:00,2026-07-02 19:00:00+00:00,0.14,0.29,0.32,1013.13,68.44,21.89,2.78,251.45
908,7584,49.972103,19.898235,308.82,2026-07-02 19:00:00+00:00,2026-07-02 20:00:00+00:00,0.21,0.42,0.52,1013.66,71.75,19.87,3.75,238.02
909,7584,49.972103,19.898235,308.82,2026-07-02 20:00:00+00:00,2026-07-02 21:00:00+00:00,0.15,0.32,0.41,1013.69,74.31,18.66,4.3,236.23
910,7584,49.972103,19.898235,308.82,2026-07-02 21:00:00+00:00,2026-07-02 22:00:00+00:00,0.11,0.32,0.38,1013.7,76.13,17.56,4.94,232.62
911,7584,49.972103,19.898235,308.82,2026-07-02 22:00:00+00:00,2026-07-02 23:00:00+00:00,0.09,0.23,0.28,1013.64,77.63,16.77,5.51,230.58
912,39433,49.996571,19.957157,256.48,2026-07-01 23:00:00+00:00,2026-07-02 00:00:00+00:00,6.38,9.02,10.36,1013.63,89.38,19.2,11.33,289.57
913,39433,49.996571,19.957157,256.48,2026-07-02 00:00:00+00:00,2026-07-02 01:00:00+00:00,8.05,11.65,13.38,1013.97,89.5,19.03,12.31,293.54
914,39433,49.996571,19.957157,256.48,2026-07-02 01:00:00+00:00,2026-07-02 02:00:00+00:00,11.61,17.78,20.82,1014.13,90.06,18.21,12.05,300.66
915,39433,49.996571,19.957157,256.48,2026-07-02 02:00:00+00:00,2026-07-02 03:00:00+00:00,8.37,12.53,14.41,1014.4,90.81,17.79,11.98,296.23
916,39433,49.996571,19.957157,256.48,2026-07-02 03:00:00+00:00,2026-07-02 04:00:00+00:00,6.63,9.77,11.31,1014.82,91.0,17.08,12.05,294.0
917,39433,49.996571,19.957157,256.48,2026-07-02 04:00:00+00:00,2026-07-02 05:00:00+00:00,8.11,12.12,14.02,1015.3,91.0,16.68,12.46,297.03
918,39433,49.996571,19.957157,256.48,2026-07-02 05:00:00+00:00,2026-07-02 06:00:00+00:00,8.58,12.71,14.58,1015.76,90.63,16.56,13.19,298.0
919,39433,49.996571,19.957157,256.48,2026-07-02 06:00:00+00:00,2026-07-02 07:00:00+00:00,8.81,13.06,15.05,1016.26,89.5,16.43,13.69,298.99
920,39433,49.996571,19.957157,256.48,2026-07-02 07:00:00+00:00,2026-07-02 08:00:00+00:00,9.73,14.08,16.15,1016.68,86.88,16.55,13.57,304.0
921,39433,49.996571,19.957157,256.48,2026-07-02 08:00:00+00:00,2026-07-02 09:00:00+00:00,2.86,3.91,4.57,1017.22,82.79,16.93,12.91,306.46
922,39433,49.996571,19.957157,256.48,2026-07-02 09:00:00+00:00,2026-07-02 10:00:00+00:00,3.87,5.18,5.99,1017.45,78.19,17.99,12.05,302.74
923,39433,49.996571,19.957157,256.48,2026-07-02 10:00:00+00:00,2026-07-02 11:00:00+00:00,7.18,9.82,11.29,1017.37,76.0,18.69,12.07,300.18
924,39433,49.996571,19.957157,256.48,2026-07-02 11:00:00+00:00,2026-07-02 12:00:00+00:00,7.27,9.5,10.94,1017.0,73.81,19.5,11.5,299.4
925,39433,49.996571,19.957157,256.48,2026-07-02 12:00:00+00:00,2026-07-02 13:00:00+00:00,6.27,8.2,9.43,1016.36,68.56,21.13,10.69,301.21
926,39433,49.996571,19.957157,256.48,2026-07-02 13:00:00+00:00,2026-07-02 14:00:00+00:00,3.63,4.65,5.38,1015.55,65.19,22.33,9.96,306.55
927,39433,49.996571,19.957157,256.48,2026-07-02 14:00:00+00:00,2026-07-02 15:00:00+00:00,2.96,3.73,4.28,1014.98,63.5,23.16,8.85,314.64
928,39433,49.996571,19.957157,256.48,2026-07-02 15:00:00+00:00,2026-07-02 16:00:00+00:00,3.51,4.38,5.03,1014.66,61.75,23.75,7.22,320.82
929,39433,49.996571,19.957157,256.48,2026-07-02 16:00:00+00:00,2026-07-02 17:00:00+00:00,3.68,4.59,5.33,1014.39,62.25,23.57,5.06,325.49
930,39433,49.996571,19.957157,256.48,2026-07-02 17:00:00+00:00,2026-07-02 18:00:00+00:00,3.56,4.45,5.18,1014.29,64.5,22.93,3.07,301.5
931,39433,49.996571,19.957157,256.48,2026-07-02 18:00:00+00:00,2026-07-02 19:00:00+00:00,3.62,4.48,5.22,1014.37,68.25,21.59,3.86,238.95
932,39433,49.996571,19.957157,256.48,2026-07-02 19:00:00+00:00,2026-07-02 20:00:00+00:00,5.0,6.31,7.39,1014.91,71.75,20.11,4.76,228.2
933,39433,49.996571,19.957157,256.48,2026-07-02 20:00:00+00:00,2026-07-02 21:00:00+00:00,5.87,7.72,8.98,1014.98,74.25,18.83,5.08,232.31
934,39433,49.996571,19.957157,256.48,2026-07-02 21:00:00+00:00,2026-07-02 22:00:00+00:00,6.33,8.21,9.44,1015.08,75.63,17.84,5.04,232.12
935,39433,49.996571,19.957157,256.48,2026-07-02 22:00:00+00:00,2026-07-02 23:00:00+00:00,8.28,10.28,11.78,1015.02,76.94,16.97,6.19,229.15
936,86899,50.098304,19.879415,249.34,2026-07-01 23:00:00+00:00,2026-07-02 00:00:00+00:00,8.68,11.94,14.86,1014.81,,20.85,11.22,288.0
937,86899,50.098304,19.879415,249.34,2026-07-02 00:00:00+00:00,2026-07-02 01:00:00+00:00,13.57,20.06,26.4,1015.33,82.3,20.56,11.79,288.0
938,86899,50.098304,19.879415,249.34,2026-07-02 01:00:00+00:00,2026-07-02 02:00:00+00:00,11.46,16.77,21.37,1015.59,82.09,19.95,12.25,297.7
939,86899,50.098304,19.879415,249.34,2026-07-02 02:00:00+00:00,2026-07-02 03:00:00+00:00,8.37,11.85,14.82,1015.97,,19.25,12.15,295.32
940,86899,50.098304,19.879415,249.34,2026-07-02 03:00:00+00:00,2026-07-02 04:00:00+00:00,8.94,12.56,15.9,1016.39,85.07,18.57,11.96,293.0
941,86899,50.098304,19.879415,249.34,2026-07-02 04:00:00+00:00,2026-07-02 05:00:00+00:00,10.57,15.66,20.01,1016.7,,18.31,12.46,297.87
942,86899,50.098304,19.879415,249.34,2026-07-02 05:00:00+00:00,2026-07-02 06:00:00+00:00,8.89,12.77,15.84,1017.15,,18.35,13.24,297.0
943,86899,50.098304,19.879415,249.34,2026-07-02 06:00:00+00:00,2026-07-02 07:00:00+00:00,10.36,15.08,19.43,1017.46,,18.39,13.52,298.8
944,86899,50.098304,19.879415,249.34,2026-07-02 07:00:00+00:00,2026-07-02 08:00:00+00:00,8.16,11.1,13.59,1018.01,,18.36,13.31,302.0
945,86899,50.098304,19.879415,249.34,2026-07-02 08:00:00+00:00,2026-07-02 09:00:00+00:00,3.13,4.27,5.22,1018.53,71.5,18.78,12.31,303.65
946,86899,50.098304,19.879415,249.34,2026-07-02 09:00:00+00:00,2026-07-02 10:00:00+00:00,5.19,7.15,8.54,1018.55,66.29,19.96,11.67,301.42
947,86899,50.098304,19.879415,249.34,2026-07-02 10:00:00+00:00,2026-07-02 11:00:00+00:00,6.93,9.4,11.3,1018.5,61.97,21.23,11.38,299.32
948,86899,50.098304,19.879415,249.34,2026-07-02 11:00:00+00:00,2026-07-02 12:00:00+00:00,4.74,5.84,6.78,1017.84,55.63,22.95,10.74,297.0
949,86899,50.098304,19.879415,249.34,2026-07-02 12:00:00+00:00,2026-07-02 13:00:00+00:00,3.96,4.87,5.7,1017.42,49.42,23.81,9.54,299.0
950,86899,50.098304,19.879415,249.34,2026-07-02 13:00:00+00:00,2026-07-02 14:00:00+00:00,4.12,5.01,5.82,1016.45,45.45,24.87,8.43,306.0
951,86899,50.098304,19.879415,249.34,2026-07-02 14:00:00+00:00,2026-07-02 15:00:00+00:00,4.58,5.75,6.73,1016.24,45.04,25.09,8.23,309.25
952,86899,50.098304,19.879415,249.34,2026-07-02 15:00:00+00:00,2026-07-02 16:00:00+00:00,5.18,6.39,7.44,1015.91,44.5,25.62,5.88,326.57
953,86899,50.098304,19.879415,249.34,2026-07-02 16:00:00+00:00,2026-07-02 17:00:00+00:00,4.39,5.33,6.07,1015.57,45.44,25.39,4.1,318.01
954,86899,50.098304,19.879415,249.34,2026-07-02 17:00:00+00:00,2026-07-02 18:00:00+00:00,3.9,4.7,5.32,1015.57,51.17,24.4,3.01,263.0
955,86899,50.098304,19.879415,249.34,2026-07-02 18:00:00+00:00,2026-07-02 19:00:00+00:00,4.26,5.0,5.72,1015.68,52.81,24.08,3.01,259.27
956,86899,50.098304,19.879415,249.34,2026-07-02 19:00:00+00:00,2026-07-02 20:00:00+00:00,5.34,6.31,7.27,1016.09,56.81,22.07,3.58,230.64
957,86899,50.098304,19.879415,249.34,2026-07-02 20:00:00+00:00,2026-07-02 21:00:00+00:00,6.62,8.28,9.7,1016.33,62.89,20.43,4.23,238.18
958,86899,50.098304,19.879415,249.34,2026-07-02 21:00:00+00:00,2026-07-02 22:00:00+00:00,7.29,8.71,10.31,1016.37,63.99,19.08,4.95,234.32
959,86899,50.098304,19.879415,249.34,2026-07-02 22:00:00+00:00,2026-07-02 23:00:00+00:00,8.24,10.05,11.79,1016.35,66.93,18.34,5.53,232.42
960,87003,50.147812,19.793561,284.52,2026-07-01 23:00:00+00:00,2026-07-02 00:00:00+00:00,9.32,14.95,17.76,1014.43,87.94,19.69,10.99,282.93
961,87003,50.147812,19.793561,284.52,2026-07-02 00:00:00+00:00,2026-07-02 01:00:00+00:00,12.48,19.88,24.78,1014.96,88.91,19.29,11.36,289.94
962,87003,50.147812,19.793561,284.52,2026-07-02 01:00:00+00:00,2026-07-02 02:00:00+00:00,9.24,14.9,17.48,1015.18,89.52,18.91,11.61,294.35
963,87003,50.147812,19.793561,284.52,2026-07-02 02:00:00+00:00,2026-07-02 03:00:00+00:00,6.95,10.61,12.28,1015.75,90.84,17.98,11.63,291.35
964,87003,50.147812,19.793561,284.52,2026-07-02 03:00:00+00:00,2026-07-02 04:00:00+00:00,8.94,14.21,16.49,1016.0,91.69,17.23,11.79,290.95
965,87003,50.147812,19.793561,284.52,2026-07-02 04:00:00+00:00,2026-07-02 05:00:00+00:00,8.98,14.51,16.97,1016.26,91.28,17.1,12.24,295.38
966,87003,50.147812,19.793561,284.52,2026-07-02 05:00:00+00:00,2026-07-02 06:00:00+00:00,8.39,13.16,15.24,1016.74,90.36,17.07,12.71,296.49
967,87003,50.147812,19.793561,284.52,2026-07-02 06:00:00+00:00,2026-07-02 07:00:00+00:00,10.21,16.06,18.67,1017.19,88.85,17.05,12.91,297.49
968,87003,50.147812,19.793561,284.52,2026-07-02 07:00:00+00:00,2026-07-02 08:00:00+00:00,6.1,9.08,10.35,1017.62,84.81,17.4,12.54,299.97
969,87003,50.147812,19.793561,284.52,2026-07-02 08:00:00+00:00,2026-07-02 09:00:00+00:00,3.77,5.42,6.24,1018.07,80.13,17.71,11.86,301.0
970,87003,50.147812,19.793561,284.52,2026-07-02 09:00:00+00:00,2026-07-02 10:00:00+00:00,6.07,8.75,10.19,1018.17,75.29,18.77,11.14,299.55
971,87003,50.147812,19.793561,284.52,2026-07-02 10:00:00+00:00,2026-07-02 11:00:00+00:00,6.08,8.52,9.87,1018.04,70.5,19.82,10.6,294.56
972,87003,50.147812,19.793561,284.52,2026-07-02 11:00:00+00:00,2026-07-02 12:00:00+00:00,3.78,5.39,6.32,1017.69,66.05,21.17,9.85,291.0
973,87003,50.147812,19.793561,284.52,2026-07-02 12:00:00+00:00,2026-07-02 13:00:00+00:00,3.67,5.37,6.24,1017.03,60.84,24.17,5.49,278.65
974,87003,50.147812,19.793561,284.52,2026-07-02 13:00:00+00:00,2026-07-02 14:00:00+00:00,3.68,5.17,5.97,1016.38,56.05,25.72,4.35,292.87
975,87003,50.147812,19.793561,284.52,2026-07-02 14:00:00+00:00,2026-07-02 15:00:00+00:00,4.22,5.98,6.9,1016.04,53.03,24.82,7.5,316.87
976,87003,50.147812,19.793561,284.52,2026-07-02 15:00:00+00:00,2026-07-02 16:00:00+00:00,4.41,6.06,7.14,1015.72,51.74,24.62,6.27,328.39
977,87003,50.147812,19.793561,284.52,2026-07-02 16:00:00+00:00,2026-07-02 17:00:00+00:00,3.52,5.05,5.84,1015.49,52.72,24.29,4.47,328.45
978,87003,50.147812,19.793561,284.52,2026-07-02 17:00:00+00:00,2026-07-02 18:00:00+00:00,3.35,4.69,5.6,1015.5,57.24,23.5,3.25,305.25
979,87003,50.147812,19.793561,284.52,2026-07-02 18:00:00+00:00,2026-07-02 19:00:00+00:00,6.5,9.03,11.0,1015.54,62.73,22.21,2.89,268.27
980,87003,50.147812,19.793561,284.52,2026-07-02 19:00:00+00:00,2026-07-02 20:00:00+00:00,4.45,5.89,6.83,1016.01,65.67,20.41,3.48,254.36
981,87003,50.147812,19.793561,284.52,2026-07-02 20:00:00+00:00,2026-07-02 21:00:00+00:00,5.36,7.06,8.22,1016.16,69.01,18.76,3.97,251.92
982,87003,50.147812,19.793561,284.52,2026-07-02 21:00:00+00:00,2026-07-02 22:00:00+00:00,4.96,6.59,7.69,1016.12,72.16,17.5,4.35,241.8
983,87003,50.147812,19.793561,284.52,2026-07-02 22:00:00+00:00,2026-07-02 23:00:00+00:00,5.31,7.09,8.28,1016.09,74.3,16.53,5.07,235.3
984,7768,49.970348,19.944985,232.77,2026-07-01 23:00:00+00:00,2026-07-02 00:00:00+00:00,,,,,,,,
985,7768,49.970348,19.944985,232.77,2026-07-02 00:00:00+00:00,2026-07-02 01:00:00+00:00,,,,,,,,
986,7768,49.970348,19.944985,232.77,2026-07-02 01:00:00+00:00,2026-07-02 02:00:00+00:00,,,,,,,,
987,7768,49.970348,19.944985,232.77,2026-07-02 02:00:00+00:00,2026-07-02 03:00:00+00:00,,,,,,,,
988,7768,49.970348,19.944985,232.77,2026-07-02 03:00:00+00:00,2026-07-02 04:00:00+00:00,,,,,,,,
989,7768,49.970348,19.944985,232.77,2026-07-02 04:00:00+00:00,2026-07-02 05:00:00+00:00,,,,,,,,
990,7768,49.970348,19.944985,232.77,2026-07-02 05:00:00+00:00,2026-07-02 06:00:00+00:00,,,,,,,,
991,7768,49.970348,19.944985,232.77,2026-07-02 06:00:00+00:00,2026-07-02 07:00:00+00:00,,,,,,,,
992,7768,49.970348,19.944985,232.77,2026-07-02 07:00:00+00:00,2026-07-02 08:00:00+00:00,,,,,,,,
993,7768,49.970348,19.944985,232.77,2026-07-02 08:00:00+00:00,2026-07-02 09:00:00+00:00,,,,,,,,
994,7768,49.970348,19.944985,232.77,2026-07-02 09:00:00+00:00,2026-07-02 10:00:00+00:00,,,,,,,,
995,7768,49.970348,19.944985,232.77,2026-07-02 10:00:00+00:00,2026-07-02 11:00:00+00:00,,,,,,,,
996,7768,49.970348,19.944985,232.77,2026-07-02 11:00:00+00:00,2026-07-02 12:00:00+00:00,,,,,,,,
997,7768,49.970348,19.944985,232.77,2026-07-02 12:00:00+00:00,2026-07-02 13:00:00+00:00,,,,,,,,
998,7768,49.970348,19.944985,232.77,2026-07-02 13:00:00+00:00,2026-07-02 14:00:00+00:00,,,,,,,,
999,7768,49.970348,19.944985,232.77,2026-07-02 14:00:00+00:00,2026-07-02 15:00:00+00:00,,,,,,,,
1000,7768,49.970348,19.944985,232.77,2026-07-02 15:00:00+00:00,2026-07-02 16:00:00+00:00,,,,,,,,
1001,7768,49.970348,19.944985,232.77,2026-07-02 16:00:00+00:00,2026-07-02 17:00:00+00:00,,,,,,,,
1002,7768,49.970348,19.944985,232.77,2026-07-02 17:00:00+00:00,2026-07-02 18:00:00+00:00,,,,,,,,
1003,7768,49.970348,19.944985,232.77,2026-07-02 18:00:00+00:00,2026-07-02 19:00:00+00:00,,,,,,,,
1004,7768,49.970348,19.944985,232.77,2026-07-02 19:00:00+00:00,2026-07-02 20:00:00+00:00,,,,,,,,
1005,7768,49.970348,19.944985,232.77,2026-07-02 20:00:00+00:00,2026-07-02 21:00:00+00:00,,,,,,,,
1006,7768,49.970348,19.944985,232.77,2026-07-02 21:00:00+00:00,2026-07-02 22:00:00+00:00,,,,,,,,
1007,7768,49.970348,19.944985,232.77,2026-07-02 22:00:00+00:00,2026-07-02 23:00:00+00:00,,,,,,,,
1008,86914,50.020586,20.02296,199.94,2026-07-01 23:00:00+00:00,2026-07-02 00:00:00+00:00,7.52,10.81,12.6,1013.78,89.38,18.97,11.33,289.57
1009,86914,50.020586,20.02296,199.94,2026-07-02 00:00:00+00:00,2026-07-02 01:00:00+00:00,9.91,14.43,16.74,1014.1,89.5,18.81,12.4,293.69
1010,86914,50.020586,20.02296,199.94,2026-07-02 01:00:00+00:00,2026-07-02 02:00:00+00:00,12.24,19.33,23.92,1014.24,90.13,17.95,12.0,301.43
1011,86914,50.020586,20.02296,199.94,2026-07-02 02:00:00+00:00,2026-07-02 03:00:00+00:00,10.36,16.17,18.94,1014.55,90.88,17.53,12.0,295.48
1012,86914,50.020586,20.02296,199.94,2026-07-02 03:00:00+00:00,2026-07-02 04:00:00+00:00,8.2,12.56,14.53,1014.91,91.0,16.85,12.05,294.0
1013,86914,50.020586,20.02296,199.94,2026-07-02 04:00:00+00:00,2026-07-02 05:00:00+00:00,9.46,14.7,17.27,1015.49,91.0,16.22,12.51,297.36
1014,86914,50.020586,20.02296,199.94,2026-07-02 05:00:00+00:00,2026-07-02 06:00:00+00:00,10.15,15.75,18.32,1015.81,90.56,16.26,13.29,298.0
1015,86914,50.020586,20.02296,199.94,2026-07-02 06:00:00+00:00,2026-07-02 07:00:00+00:00,9.41,14.86,17.35,1016.34,89.38,16.21,13.67,299.16
1016,86914,50.020586,20.02296,199.94,2026-07-02 07:00:00+00:00,2026-07-02 08:00:00+00:00,11.07,16.57,19.62,1016.62,86.56,16.43,13.57,304.67
1017,86914,50.020586,20.02296,199.94,2026-07-02 08:00:00+00:00,2026-07-02 09:00:00+00:00,4.53,6.28,7.26,1017.2,81.69,16.91,12.78,306.13
1018,86914,50.020586,20.02296,199.94,2026-07-02 09:00:00+00:00,2026-07-02 10:00:00+00:00,4.29,6.02,7.06,1017.64,76.84,17.68,12.07,302.49
1019,86914,50.020586,20.02296,199.94,2026-07-02 10:00:00+00:00,2026-07-02 11:00:00+00:00,7.9,10.94,12.71,1017.55,75.77,18.33,12.04,300.01
1020,86914,50.020586,20.02296,199.94,2026-07-02 11:00:00+00:00,2026-07-02 12:00:00+00:00,8.46,11.44,13.19,1017.07,71.86,19.29,11.42,299.48
1021,86914,50.020586,20.02296,199.94,2026-07-02 12:00:00+00:00,2026-07-02 13:00:00+00:00,5.62,7.46,8.57,1016.4,62.26,20.9,10.69,301.21
1022,86914,50.020586,20.02296,199.94,2026-07-02 13:00:00+00:00,2026-07-02 14:00:00+00:00,3.51,4.64,5.39,1015.53,54.53,22.66,9.96,306.55
1023,86914,50.020586,20.02296,199.94,2026-07-02 14:00:00+00:00,2026-07-02 15:00:00+00:00,3.0,4.0,4.61,1015.0,51.27,23.65,8.85,314.64
1024,86914,50.020586,20.02296,199.94,2026-07-02 15:00:00+00:00,2026-07-02 16:00:00+00:00,3.63,4.8,5.59,1014.65,49.73,24.02,7.02,321.34
1025,86914,50.020586,20.02296,199.94,2026-07-02 16:00:00+00:00,2026-07-02 17:00:00+00:00,3.15,4.17,4.77,1014.33,50.63,24.79,4.91,325.35
1026,86914,50.020586,20.02296,199.94,2026-07-02 17:00:00+00:00,2026-07-02 18:00:00+00:00,3.24,4.2,4.88,1014.26,53.12,23.9,2.97,294.38
1027,86914,50.020586,20.02296,199.94,2026-07-02 18:00:00+00:00,2026-07-02 19:00:00+00:00,4.3,5.45,6.31,1014.34,58.69,21.73,3.86,238.95
1028,86914,50.020586,20.02296,199.94,2026-07-02 19:00:00+00:00,2026-07-02 20:00:00+00:00,5.27,6.75,7.84,1014.91,65.01,20.0,4.76,228.2
1029,86914,50.020586,20.02296,199.94,2026-07-02 20:00:00+00:00,2026-07-02 21:00:00+00:00,6.51,8.48,9.78,1015.0,69.79,18.72,5.08,232.31
1030,86914,50.020586,20.02296,199.94,2026-07-02 21:00:00+00:00,2026-07-02 22:00:00+00:00,7.66,9.96,11.42,1015.09,74.04,17.64,5.13,231.85
1031,86914,50.020586,20.02296,199.94,2026-07-02 22:00:00+00:00,2026-07-02 23:00:00+00:00,7.97,10.48,12.07,1015.04,76.74,16.74,6.28,228.89
1032,82310,49.951021,20.034411,318.89,2026-07-01 23:00:00+00:00,2026-07-02 00:00:00+00:00,7.26,10.34,12.15,1013.64,89.38,18.86,11.33,289.57
1033,82310,49.951021,20.034411,318.89,2026-07-02 00:00:00+00:00,2026-07-02 01:00:00+00:00,8.73,12.42,14.75,1013.86,89.5,18.79,12.31,293.54
1034,82310,49.951021,20.034411,318.89,2026-07-02 01:00:00+00:00,2026-07-02 02:00:00+00:00,11.76,17.42,20.73,1013.96,90.13,17.91,12.0,301.43
1035,82310,49.951021,20.034411,318.89,2026-07-02 02:00:00+00:00,2026-07-02 03:00:00+00:00,10.63,15.61,18.39,1014.21,90.81,17.59,11.98,296.23
1036,82310,49.951021,20.034411,318.89,2026-07-02 03:00:00+00:00,2026-07-02 04:00:00+00:00,8.12,12.05,14.11,1014.56,91.0,16.86,12.05,294.0
1037,82310,49.951021,20.034411,318.89,2026-07-02 04:00:00+00:00,2026-07-02 05:00:00+00:00,9.65,14.75,17.42,1015.01,91.0,16.2,12.46,297.03
1038,82310,49.951021,20.034411,318.89,2026-07-02 05:00:00+00:00,2026-07-02 06:00:00+00:00,10.09,14.9,17.45,1015.44,90.56,16.19,13.29,298.0
1039,82310,49.951021,20.034411,318.89,2026-07-02 06:00:00+00:00,2026-07-02 07:00:00+00:00,9.2,13.63,16.0,1015.96,89.38,16.05,13.67,299.16
1040,82310,49.951021,20.034411,318.89,2026-07-02 07:00:00+00:00,2026-07-02 08:00:00+00:00,11.17,16.11,18.9,1016.32,86.56,16.27,13.57,304.67
1041,82310,49.951021,20.034411,318.89,2026-07-02 08:00:00+00:00,2026-07-02 09:00:00+00:00,5.35,7.38,8.62,1016.72,82.01,16.89,12.78,306.13
1042,82310,49.951021,20.034411,318.89,2026-07-02 09:00:00+00:00,2026-07-02 10:00:00+00:00,3.76,5.12,6.01,1017.16,77.58,17.91,12.07,302.49
1043,82310,49.951021,20.034411,318.89,2026-07-02 10:00:00+00:00,2026-07-02 11:00:00+00:00,7.85,10.22,11.9,1017.12,76.0,18.69,12.06,300.1
1044,82310,49.951021,20.034411,318.89,2026-07-02 11:00:00+00:00,2026-07-02 12:00:00+00:00,8.03,10.38,12.24,1016.8,70.67,19.65,11.5,299.4
1045,82310,49.951021,20.034411,318.89,2026-07-02 12:00:00+00:00,2026-07-02 13:00:00+00:00,6.57,8.41,9.91,1016.3,45.64,22.12,10.69,301.21
1046,82310,49.951021,20.034411,318.89,2026-07-02 13:00:00+00:00,2026-07-02 14:00:00+00:00,5.14,6.48,7.5,1015.54,40.53,23.06,9.96,306.55
1047,82310,49.951021,20.034411,318.89,2026-07-02 14:00:00+00:00,2026-07-02 15:00:00+00:00,3.49,4.45,5.17,1015.0,38.84,23.65,8.85,314.64
1048,82310,49.951021,20.034411,318.89,2026-07-02 15:00:00+00:00,2026-07-02 16:00:00+00:00,3.43,4.44,5.18,1014.66,37.07,24.35,7.22,320.82
1049,82310,49.951021,20.034411,318.89,2026-07-02 16:00:00+00:00,2026-07-02 17:00:00+00:00,3.98,5.03,5.87,1014.42,37.55,23.89,5.06,325.49
1050,82310,49.951021,20.034411,318.89,2026-07-02 17:00:00+00:00,2026-07-02 18:00:00+00:00,4.89,6.22,7.34,1014.39,39.79,22.86,3.07,301.5
1051,82310,49.951021,20.034411,318.89,2026-07-02 18:00:00+00:00,2026-07-02 19:00:00+00:00,5.58,7.15,8.35,1014.41,43.55,21.72,3.86,238.95
1052,82310,49.951021,20.034411,318.89,2026-07-02 19:00:00+00:00,2026-07-02 20:00:00+00:00,6.63,8.65,10.07,1014.88,47.04,20.29,4.76,228.2
1053,82310,49.951021,20.034411,318.89,2026-07-02 20:00:00+00:00,2026-07-02 21:00:00+00:00,7.3,9.48,11.12,1014.95,49.55,18.94,5.08,232.31
1054,82310,49.951021,20.034411,318.89,2026-07-02 21:00:00+00:00,2026-07-02 22:00:00+00:00,8.19,10.89,12.71,1015.0,51.05,17.89,5.13,231.85
1055,82310,49.951021,20.034411,318.89,2026-07-02 22:00:00+00:00,2026-07-02 23:00:00+00:00,7.03,8.94,10.41,1014.91,52.3,16.93,6.28,228.89
1056,31100,50.171269,19.834547,388.05,2026-07-01 23:00:00+00:00,2026-07-02 00:00:00+00:00,,,,,,,,
1057,31100,50.171269,19.834547,388.05,2026-07-02 00:00:00+00:00,2026-07-02 01:00:00+00:00,,,,,,,,
1058,31100,50.171269,19.834547,388.05,2026-07-02 01:00:00+00:00,2026-07-02 02:00:00+00:00,,,,,,,,
1059,31100,50.171269,19.834547,388.05,2026-07-02 02:00:00+00:00,2026-07-02 03:00:00+00:00,,,,,,,,
1060,31100,50.171269,19.834547,388.05,2026-07-02 03:00:00+00:00,2026-07-02 04:00:00+00:00,,,,,,,,
1061,31100,50.171269,19.834547,388.05,2026-07-02 04:00:00+00:00,2026-07-02 05:00:00+00:00,,,,,,,,
1062,31100,50.171269,19.834547,388.05,2026-07-02 05:00:00+00:00,2026-07-02 06:00:00+00:00,,,,,,,,
1063,31100,50.171269,19.834547,388.05,2026-07-02 06:00:00+00:00,2026-07-02 07:00:00+00:00,,,,,,,,
1064,31100,50.171269,19.834547,388.05,2026-07-02 07:00:00+00:00,2026-07-02 08:00:00+00:00,,,,,,,,
1065,31100,50.171269,19.834547,388.05,2026-07-02 08:00:00+00:00,2026-07-02 09:00:00+00:00,,,,,,,,
1066,31100,50.171269,19.834547,388.05,2026-07-02 09:00:00+00:00,2026-07-02 10:00:00+00:00,,,,,,,,
1067,31100,50.171269,19.834547,388.05,2026-07-02 10:00:00+00:00,2026-07-02 11:00:00+00:00,,,,,,,,
1068,31100,50.171269,19.834547,388.05,2026-07-02 11:00:00+00:00,2026-07-02 12:00:00+00:00,,,,,,,,
1069,31100,50.171269,19.834547,388.05,2026-07-02 12:00:00+00:00,2026-07-02 13:00:00+00:00,,,,,,,,
1070,31100,50.171269,19.834547,388.05,2026-07-02 13:00:00+00:00,2026-07-02 14:00:00+00:00,,,,,,,,
1071,31100,50.171269,19.834547,388.05,2026-07-02 14:00:00+00:00,2026-07-02 15:00:00+00:00,,,,,,,,
1072,31100,50.171269,19.834547,388.05,2026-07-02 15:00:00+00:00,2026-07-02 16:00:00+00:00,,,,,,,,
1073,31100,50.171269,19.834547,388.05,2026-07-02 16:00:00+00:00,2026-07-02 17:00:00+00:00,,,,,,,,
1074,31100,50.171269,19.834547,388.05,2026-07-02 17:00:00+00:00,2026-07-02 18:00:00+00:00,,,,,,,,
1075,31100,50.171269,19.834547,388.05,2026-07-02 18:00:00+00:00,2026-07-02 19:00:00+00:00,,,,,,,,
1076,31100,50.171269,19.834547,388.05,2026-07-02 19:00:00+00:00,2026-07-02 20:00:00+00:00,,,,,,,,
1077,31100,50.171269,19.834547,388.05,2026-07-02 20:00:00+00:00,2026-07-02 21:00:00+00:00,,,,,,,,
1078,31100,50.171269,19.834547,388.05,2026-07-02 21:00:00+00:00,2026-07-02 22:00:00+00:00,,,,,,,,
1079,31100,50.171269,19.834547,388.05,2026-07-02 22:00:00+00:00,2026-07-02 23:00:00+00:00,,,,,,,,
1080,6147,50.133579,19.905573,242.98,2026-07-01 23:00:00+00:00,2026-07-02 00:00:00+00:00,8.84,14.49,16.78,1015.14,80.67,19.33,,
1081,6147,50.133579,19.905573,242.98,2026-07-02 00:00:00+00:00,2026-07-02 01:00:00+00:00,12.83,21.55,28.08,1015.65,81.48,19.17,,
1082,6147,50.133579,19.905573,242.98,2026-07-02 01:00:00+00:00,2026-07-02 02:00:00+00:00,10.72,18.3,22.85,1015.95,82.39,18.65,,
1083,6147,50.133579,19.905573,242.98,2026-07-02 02:00:00+00:00,2026-07-02 03:00:00+00:00,8.62,14.69,17.21,1016.37,83.73,17.92,,
1084,6147,50.133579,19.905573,242.98,2026-07-02 03:00:00+00:00,2026-07-02 04:00:00+00:00,9.41,15.91,18.83,1016.59,84.12,17.18,,
1085,6147,50.133579,19.905573,242.98,2026-07-02 04:00:00+00:00,2026-07-02 05:00:00+00:00,9.86,16.97,20.98,1016.96,83.55,17.1,,
1086,6147,50.133579,19.905573,242.98,2026-07-02 05:00:00+00:00,2026-07-02 06:00:00+00:00,8.6,14.69,17.8,1017.44,82.62,17.03,,
1087,6147,50.133579,19.905573,242.98,2026-07-02 06:00:00+00:00,2026-07-02 07:00:00+00:00,10.85,18.5,23.08,1017.83,80.9,16.97,,
1088,6147,50.133579,19.905573,242.98,2026-07-02 07:00:00+00:00,2026-07-02 08:00:00+00:00,8.93,14.51,17.82,1018.24,76.93,17.33,,
1089,6147,50.133579,19.905573,242.98,2026-07-02 08:00:00+00:00,2026-07-02 09:00:00+00:00,5.36,8.0,9.66,1018.71,72.62,17.68,,
1090,6147,50.133579,19.905573,242.98,2026-07-02 09:00:00+00:00,2026-07-02 10:00:00+00:00,8.46,13.49,16.93,1018.93,67.41,19.17,,
1091,6147,50.133579,19.905573,242.98,2026-07-02 10:00:00+00:00,2026-07-02 11:00:00+00:00,6.52,9.94,12.09,1018.82,62.79,20.65,,
1092,6147,50.133579,19.905573,242.98,2026-07-02 11:00:00+00:00,2026-07-02 12:00:00+00:00,4.9,6.93,8.0,1018.47,57.45,21.67,,
1093,6147,50.133579,19.905573,242.98,2026-07-02 12:00:00+00:00,2026-07-02 13:00:00+00:00,3.72,5.23,6.04,1017.86,52.66,22.57,,
1094,6147,50.133579,19.905573,242.98,2026-07-02 13:00:00+00:00,2026-07-02 14:00:00+00:00,3.94,6.03,7.44,1017.19,48.46,23.61,,
1095,6147,50.133579,19.905573,242.98,2026-07-02 14:00:00+00:00,2026-07-02 15:00:00+00:00,4.66,6.73,8.02,1016.79,46.44,24.47,,
1096,6147,50.133579,19.905573,242.98,2026-07-02 15:00:00+00:00,2026-07-02 16:00:00+00:00,4.5,6.24,6.98,1016.5,46.45,24.72,,
1097,6147,50.133579,19.905573,242.98,2026-07-02 16:00:00+00:00,2026-07-02 17:00:00+00:00,4.24,5.72,6.58,1016.28,47.1,24.39,,
1098,6147,50.133579,19.905573,242.98,2026-07-02 17:00:00+00:00,2026-07-02 18:00:00+00:00,3.87,5.23,6.01,1016.23,49.9,23.59,,
1099,6147,50.133579,19.905573,242.98,2026-07-02 18:00:00+00:00,2026-07-02 19:00:00+00:00,4.32,5.64,6.5,1016.24,54.99,22.06,,
1100,6147,50.133579,19.905573,242.98,2026-07-02 19:00:00+00:00,2026-07-02 20:00:00+00:00,5.09,6.65,7.6,1016.73,59.7,19.93,,
1101,6147,50.133579,19.905573,242.98,2026-07-02 20:00:00+00:00,2026-07-02 21:00:00+00:00,6.47,8.59,9.79,1016.8,62.99,18.36,,
1102,6147,50.133579,19.905573,242.98,2026-07-02 21:00:00+00:00,2026-07-02 22:00:00+00:00,6.78,9.14,10.39,1016.8,65.05,17.07,,
1103,6147,50.133579,19.905573,242.98,2026-07-02 22:00:00+00:00,2026-07-02 23:00:00+00:00,6.84,9.41,10.79,1016.73,67.01,16.07,,
1104,32871,50.134081,19.8415,294.6,2026-07-01 23:00:00+00:00,2026-07-02 00:00:00+00:00,9.41,14.7,17.34,1012.73,78.71,18.91,10.99,282.93
1105,32871,50.134081,19.8415,294.6,2026-07-02 00:00:00+00:00,2026-07-02 01:00:00+00:00,12.47,20.19,25.72,1013.11,86.28,18.7,11.36,289.94
1106,32871,50.134081,19.8415,294.6,2026-07-02 01:00:00+00:00,2026-07-02 02:00:00+00:00,9.41,15.35,18.03,1013.32,90.44,18.1,11.61,294.35
1107,32871,50.134081,19.8415,294.6,2026-07-02 02:00:00+00:00,2026-07-02 03:00:00+00:00,7.28,11.69,13.7,1013.84,85.7,17.25,11.63,291.35
1108,32871,50.134081,19.8415,294.6,2026-07-02 03:00:00+00:00,2026-07-02 04:00:00+00:00,9.42,15.67,18.36,1014.18,78.5,16.4,11.79,290.95
1109,32871,50.134081,19.8415,294.6,2026-07-02 04:00:00+00:00,2026-07-02 05:00:00+00:00,9.73,15.79,18.4,1014.35,86.93,16.47,12.24,295.38
1110,32871,50.134081,19.8415,294.6,2026-07-02 05:00:00+00:00,2026-07-02 06:00:00+00:00,8.65,13.88,15.96,1014.81,75.52,16.4,12.71,296.49
1111,32871,50.134081,19.8415,294.6,2026-07-02 06:00:00+00:00,2026-07-02 07:00:00+00:00,10.66,16.9,19.6,1015.3,74.41,16.51,12.91,297.49
1112,32871,50.134081,19.8415,294.6,2026-07-02 07:00:00+00:00,2026-07-02 08:00:00+00:00,6.5,9.7,11.19,1015.63,79.16,16.82,12.54,299.97
1113,32871,50.134081,19.8415,294.6,2026-07-02 08:00:00+00:00,2026-07-02 09:00:00+00:00,2.99,4.38,5.05,1016.22,75.57,17.2,11.86,301.0
1114,32871,50.134081,19.8415,294.6,2026-07-02 09:00:00+00:00,2026-07-02 10:00:00+00:00,5.12,7.11,8.17,1016.33,76.34,18.95,11.14,299.55
1115,32871,50.134081,19.8415,294.6,2026-07-02 10:00:00+00:00,2026-07-02 11:00:00+00:00,5.13,6.85,7.81,1016.12,64.22,21.25,10.6,294.56
1116,32871,50.134081,19.8415,294.6,2026-07-02 11:00:00+00:00,2026-07-02 12:00:00+00:00,2.81,3.61,4.1,1015.57,71.88,24.13,9.85,291.0
1117,32871,50.134081,19.8415,294.6,2026-07-02 12:00:00+00:00,2026-07-02 13:00:00+00:00,3.23,4.26,4.82,1014.94,68.88,25.67,5.49,278.65
1118,32871,50.134081,19.8415,294.6,2026-07-02 13:00:00+00:00,2026-07-02 14:00:00+00:00,3.02,4.0,4.52,1014.35,64.75,26.27,4.35,292.87
1119,32871,50.134081,19.8415,294.6,2026-07-02 14:00:00+00:00,2026-07-02 15:00:00+00:00,3.69,4.88,5.5,1014.04,61.38,25.22,7.5,316.87
1120,32871,50.134081,19.8415,294.6,2026-07-02 15:00:00+00:00,2026-07-02 16:00:00+00:00,3.94,5.12,5.89,1013.74,60.63,24.91,6.27,328.39
1121,32871,50.134081,19.8415,294.6,2026-07-02 16:00:00+00:00,2026-07-02 17:00:00+00:00,3.3,4.29,4.83,1013.5,62.13,24.56,4.47,328.45
1122,32871,50.134081,19.8415,294.6,2026-07-02 17:00:00+00:00,2026-07-02 18:00:00+00:00,2.86,3.7,4.22,1013.5,65.44,23.62,3.25,305.25
1123,32871,50.134081,19.8415,294.6,2026-07-02 18:00:00+00:00,2026-07-02 19:00:00+00:00,3.61,4.69,5.32,1013.55,69.75,22.11,2.89,268.27
1124,32871,50.134081,19.8415,294.6,2026-07-02 19:00:00+00:00,2026-07-02 20:00:00+00:00,4.43,5.77,6.72,1014.05,72.13,20.21,3.48,254.36
1125,32871,50.134081,19.8415,294.6,2026-07-02 20:00:00+00:00,2026-07-02 21:00:00+00:00,4.66,6.09,6.9,1014.22,74.25,18.48,3.97,251.92
1126,32871,50.134081,19.8415,294.6,2026-07-02 21:00:00+00:00,2026-07-02 22:00:00+00:00,5.01,6.68,7.7,1014.25,76.63,17.1,4.35,241.8
1127,32871,50.134081,19.8415,294.6,2026-07-02 22:00:00+00:00,2026-07-02 23:00:00+00:00,5.33,7.01,8.1,1014.18,63.71,16.08,5.07,235.3
1128,86800,49.99848,19.902375,243.07,2026-07-01 23:00:00+00:00,2026-07-02 00:00:00+00:00,,,,,,,,
1129,86800,49.99848,19.902375,243.07,2026-07-02 00:00:00+00:00,2026-07-02 01:00:00+00:00,,,,,,,,
1130,86800,49.99848,19.902375,243.07,2026-07-02 01:00:00+00:00,2026-07-02 02:00:00+00:00,,,,,,,,
1131,86800,49.99848,19.902375,243.07,2026-07-02 02:00:00+00:00,2026-07-02 03:00:00+00:00,,,,,,,,
1132,86800,49.99848,19.902375,243.07,2026-07-02 03:00:00+00:00,2026-07-02 04:00:00+00:00,,,,,,,,
1133,86800,49.99848,19.902375,243.07,2026-07-02 04:00:00+00:00,2026-07-02 05:00:00+00:00,,,,,,,,
1134,86800,49.99848,19.902375,243.07,2026-07-02 05:00:00+00:00,2026-07-02 06:00:00+00:00,,,,,,,,
1135,86800,49.99848,19.902375,243.07,2026-07-02 06:00:00+00:00,2026-07-02 07:00:00+00:00,,,,,,,,
1136,86800,49.99848,19.902375,243.07,2026-07-02 07:00:00+00:00,2026-07-02 08:00:00+00:00,,,,,,,,
1137,86800,49.99848,19.902375,243.07,2026-07-02 08:00:00+00:00,2026-07-02 09:00:00+00:00,,,,,,,,
1138,86800,49.99848,19.902375,243.07,2026-07-02 09:00:00+00:00,2026-07-02 10:00:00+00:00,,,,,,,,
1139,86800,49.99848,19.902375,243.07,2026-07-02 10:00:00+00:00,2026-07-02 11:00:00+00:00,,,,,,,,
1140,86800,49.99848,19.902375,243.07,2026-07-02 11:00:00+00:00,2026-07-02 12:00:00+00:00,,,,,,,,
1141,86800,49.99848,19.902375,243.07,2026-07-02 12:00:00+00:00,2026-07-02 13:00:00+00:00,,,,,,,,
1142,86800,49.99848,19.902375,243.07,2026-07-02 13:00:00+00:00,2026-07-02 14:00:00+00:00,,,,,,,,
1143,86800,49.99848,19.902375,243.07,2026-07-02 14:00:00+00:00,2026-07-02 15:00:00+00:00,,,,,,,,
1144,86800,49.99848,19.902375,243.07,2026-07-02 15:00:00+00:00,2026-07-02 16:00:00+00:00,,,,,,,,
1145,86800,49.99848,19.902375,243.07,2026-07-02 16:00:00+00:00,2026-07-02 17:00:00+00:00,,,,,,,,
1146,86800,49.99848,19.902375,243.07,2026-07-02 17:00:00+00:00,2026-07-02 18:00:00+00:00,,,,,,,,
1147,86800,49.99848,19.902375,243.07,2026-07-02 18:00:00+00:00,2026-07-02 19:00:00+00:00,,,,,,,,
1148,86800,49.99848,19.902375,243.07,2026-07-02 19:00:00+00:00,2026-07-02 20:00:00+00:00,,,,,,,,
1149,86800,49.99848,19.902375,243.07,2026-07-02 20:00:00+00:00,2026-07-02 21:00:00+00:00,,,,,,,,
1150,86800,49.99848,19.902375,243.07,2026-07-02 21:00:00+00:00,2026-07-02 22:00:00+00:00,,,,,,,,
1151,86800,49.99848,19.902375,243.07,2026-07-02 22:00:00+00:00,2026-07-02 23:00:00+00:00,,,,,,,,
1152,615,50.15202,19.803083,346.38,2026-07-01 23:00:00+00:00,2026-07-02 00:00:00+00:00,12.69,19.33,24.42,1012.27,89.4,20.4,10.85,285.8
1153,615,50.15202,19.803083,346.38,2026-07-02 00:00:00+00:00,2026-07-02 01:00:00+00:00,14.35,22.63,29.69,1012.85,90.13,20.01,10.87,287.17
1154,615,50.15202,19.803083,346.38,2026-07-02 01:00:00+00:00,2026-07-02 02:00:00+00:00,11.75,17.91,21.62,1013.14,90.86,19.27,11.9,296.18
1155,615,50.15202,19.803083,346.38,2026-07-02 02:00:00+00:00,2026-07-02 03:00:00+00:00,9.35,14.17,16.75,1013.64,91.61,18.49,11.85,292.3
1156,615,50.15202,19.803083,346.38,2026-07-02 03:00:00+00:00,2026-07-02 04:00:00+00:00,12.0,18.8,22.63,1013.87,91.75,17.96,11.91,292.24
1157,615,50.15202,19.803083,346.38,2026-07-02 04:00:00+00:00,2026-07-02 05:00:00+00:00,12.06,18.89,22.89,1014.11,91.32,17.77,12.16,293.58
1158,615,50.15202,19.803083,346.38,2026-07-02 05:00:00+00:00,2026-07-02 06:00:00+00:00,11.45,17.3,20.55,1014.51,90.58,17.72,12.66,295.15
1159,615,50.15202,19.803083,346.38,2026-07-02 06:00:00+00:00,2026-07-02 07:00:00+00:00,13.14,19.66,23.69,1014.91,90.25,17.78,12.94,296.0
1160,615,50.15202,19.803083,346.38,2026-07-02 07:00:00+00:00,2026-07-02 08:00:00+00:00,7.1,9.82,11.38,1015.41,87.48,17.81,12.83,300.62
1161,615,50.15202,19.803083,346.38,2026-07-02 08:00:00+00:00,2026-07-02 09:00:00+00:00,4.23,5.61,6.49,1015.77,82.78,18.37,12.17,300.36
1162,615,50.15202,19.803083,346.38,2026-07-02 09:00:00+00:00,2026-07-02 10:00:00+00:00,6.81,8.77,9.98,1015.62,77.7,20.32,11.37,299.39
1163,615,50.15202,19.803083,346.38,2026-07-02 10:00:00+00:00,2026-07-02 11:00:00+00:00,6.46,8.12,9.21,1015.45,73.73,21.65,10.83,298.4
1164,615,50.15202,19.803083,346.38,2026-07-02 11:00:00+00:00,2026-07-02 12:00:00+00:00,4.58,5.66,6.39,1015.26,71.27,22.08,10.06,294.69
1165,615,50.15202,19.803083,346.38,2026-07-02 12:00:00+00:00,2026-07-02 13:00:00+00:00,4.74,5.98,6.8,1014.67,64.52,25.36,2.86,241.78
1166,615,50.15202,19.803083,346.38,2026-07-02 13:00:00+00:00,2026-07-02 14:00:00+00:00,4.73,5.97,6.74,1014.03,59.02,26.41,1.42,250.59
1167,615,50.15202,19.803083,346.38,2026-07-02 14:00:00+00:00,2026-07-02 15:00:00+00:00,5.2,6.45,7.25,1013.65,58.29,25.34,7.51,315.61
1168,615,50.15202,19.803083,346.38,2026-07-02 15:00:00+00:00,2026-07-02 16:00:00+00:00,4.41,5.34,6.03,1013.11,60.42,28.55,6.38,326.99
1169,615,50.15202,19.803083,346.38,2026-07-02 16:00:00+00:00,2026-07-02 17:00:00+00:00,3.17,3.5,3.94,1012.58,61.89,31.6,4.5,328.04
1170,615,50.15202,19.803083,346.38,2026-07-02 17:00:00+00:00,2026-07-02 18:00:00+00:00,3.92,4.57,5.16,1013.01,64.31,27.97,3.2,301.29
1171,615,50.15202,19.803083,346.38,2026-07-02 18:00:00+00:00,2026-07-02 19:00:00+00:00,5.43,6.4,7.27,1013.42,67.32,23.79,2.93,270.37
1172,615,50.15202,19.803083,346.38,2026-07-02 19:00:00+00:00,2026-07-02 20:00:00+00:00,6.01,7.15,8.11,1013.92,69.65,21.59,3.5,255.37
1173,615,50.15202,19.803083,346.38,2026-07-02 20:00:00+00:00,2026-07-02 21:00:00+00:00,5.33,6.43,7.27,1013.99,71.88,20.04,4.01,247.69
1174,615,50.15202,19.803083,346.38,2026-07-02 21:00:00+00:00,2026-07-02 22:00:00+00:00,6.13,7.43,8.44,1013.9,75.48,18.71,4.27,241.11
1175,615,50.15202,19.803083,346.38,2026-07-02 22:00:00+00:00,2026-07-02 23:00:00+00:00,5.74,6.99,7.91,1013.88,78.01,17.71,5.2,233.24
1176,811,50.056786,19.772648,219.47,2026-07-01 23:00:00+00:00,2026-07-02 00:00:00+00:00,,,,,,,,
1177,811,50.056786,19.772648,219.47,2026-07-02 00:00:00+00:00,2026-07-02 01:00:00+00:00,,,,,,,,
1178,811,50.056786,19.772648,219.47,2026-07-02 01:00:00+00:00,2026-07-02 02:00:00+00:00,,,,,,,,
1179,811,50.056786,19.772648,219.47,2026-07-02 02:00:00+00:00,2026-07-02 03:00:00+00:00,,,,,,,,
1180,811,50.056786,19.772648,219.47,2026-07-02 03:00:00+00:00,2026-07-02 04:00:00+00:00,,,,,,,,
1181,811,50.056786,19.772648,219.47,2026-07-02 04:00:00+00:00,2026-07-02 05:00:00+00:00,,,,,,,,
1182,811,50.056786,19.772648,219.47,2026-07-02 05:00:00+00:00,2026-07-02 06:00:00+00:00,,,,,,,,
1183,811,50.056786,19.772648,219.47,2026-07-02 06:00:00+00:00,2026-07-02 07:00:00+00:00,8.49,11.67,13.61,1015.56,89.34,18.44,12.9,297.8
1184,811,50.056786,19.772648,219.47,2026-07-02 07:00:00+00:00,2026-07-02 08:00:00+00:00,6.07,7.89,9.26,1016.08,86.79,18.53,12.52,300.02
1185,811,50.056786,19.772648,219.47,2026-07-02 08:00:00+00:00,2026-07-02 09:00:00+00:00,4.62,5.92,6.98,1016.46,82.68,18.9,11.84,301.0
1186,811,50.056786,19.772648,219.47,2026-07-02 09:00:00+00:00,2026-07-02 10:00:00+00:00,5.24,6.86,8.07,1016.35,78.22,20.42,11.14,299.52
1187,811,50.056786,19.772648,219.47,2026-07-02 10:00:00+00:00,2026-07-02 11:00:00+00:00,6.66,8.6,10.09,1016.02,74.5,21.89,10.6,294.56
1188,811,50.056786,19.772648,219.47,2026-07-02 11:00:00+00:00,2026-07-02 12:00:00+00:00,5.45,6.8,7.99,1015.63,71.89,22.54,9.85,291.0
1189,811,50.056786,19.772648,219.47,2026-07-02 12:00:00+00:00,2026-07-02 13:00:00+00:00,4.45,5.52,6.47,1015.09,66.93,24.37,5.71,279.85
1190,811,50.056786,19.772648,219.47,2026-07-02 13:00:00+00:00,2026-07-02 14:00:00+00:00,3.32,4.13,4.9,1014.38,60.5,25.55,4.22,291.37
1191,811,50.056786,19.772648,219.47,2026-07-02 14:00:00+00:00,2026-07-02 15:00:00+00:00,3.67,4.61,5.32,1014.06,60.04,24.59,7.7,311.0
1192,811,50.056786,19.772648,219.47,2026-07-02 15:00:00+00:00,2026-07-02 16:00:00+00:00,,,,,,,,
1193,811,50.056786,19.772648,219.47,2026-07-02 16:00:00+00:00,2026-07-02 17:00:00+00:00,,,,,,,,
1194,811,50.056786,19.772648,219.47,2026-07-02 17:00:00+00:00,2026-07-02 18:00:00+00:00,,,,,,,,
1195,811,50.056786,19.772648,219.47,2026-07-02 18:00:00+00:00,2026-07-02 19:00:00+00:00,,,,,,,,
1196,811,50.056786,19.772648,219.47,2026-07-02 19:00:00+00:00,2026-07-02 20:00:00+00:00,,,,,,,,
1197,811,50.056786,19.772648,219.47,2026-07-02 20:00:00+00:00,2026-07-02 21:00:00+00:00,,,,,,,,
1198,811,50.056786,19.772648,219.47,2026-07-02 21:00:00+00:00,2026-07-02 22:00:00+00:00,,,,,,,,
1199,811,50.056786,19.772648,219.47,2026-07-02 22:00:00+00:00,2026-07-02 23:00:00+00:00,,,,,,,,
1200,13209,50.17268,19.91511,337.94,2026-07-01 23:00:00+00:00,2026-07-02 00:00:00+00:00,,,,,,,,
1201,13209,50.17268,19.91511,337.94,2026-07-02 00:00:00+00:00,2026-07-02 01:00:00+00:00,,,,,,,,
1202,13209,50.17268,19.91511,337.94,2026-07-02 01:00:00+00:00,2026-07-02 02:00:00+00:00,,,,,,,,
1203,13209,50.17268,19.91511,337.94,2026-07-02 02:00:00+00:00,2026-07-02 03:00:00+00:00,,,,,,,,
1204,13209,50.17268,19.91511,337.94,2026-07-02 03:00:00+00:00,2026-07-02 04:00:00+00:00,,,,,,,,
1205,13209,50.17268,19.91511,337.94,2026-07-02 04:00:00+00:00,2026-07-02 05:00:00+00:00,,,,,,,,
1206,13209,50.17268,19.91511,337.94,2026-07-02 05:00:00+00:00,2026-07-02 06:00:00+00:00,,,,,,,,
1207,13209,50.17268,19.91511,337.94,2026-07-02 06:00:00+00:00,2026-07-02 07:00:00+00:00,,,,,,,,
1208,13209,50.17268,19.91511,337.94,2026-07-02 07:00:00+00:00,2026-07-02 08:00:00+00:00,,,,,,,,
1209,13209,50.17268,19.91511,337.94,2026-07-02 08:00:00+00:00,2026-07-02 09:00:00+00:00,,,,,,,,
1210,13209,50.17268,19.91511,337.94,2026-07-02 09:00:00+00:00,2026-07-02 10:00:00+00:00,,,,,,,,
1211,13209,50.17268,19.91511,337.94,2026-07-02 10:00:00+00:00,2026-07-02 11:00:00+00:00,,,,,,,,
1212,13209,50.17268,19.91511,337.94,2026-07-02 11:00:00+00:00,2026-07-02 12:00:00+00:00,,,,,,,,
1213,13209,50.17268,19.91511,337.94,2026-07-02 12:00:00+00:00,2026-07-02 13:00:00+00:00,,,,,,,,
1214,13209,50.17268,19.91511,337.94,2026-07-02 13:00:00+00:00,2026-07-02 14:00:00+00:00,,,,,,,,
1215,13209,50.17268,19.91511,337.94,2026-07-02 14:00:00+00:00,2026-07-02 15:00:00+00:00,,,,,,,,
1216,13209,50.17268,19.91511,337.94,2026-07-02 15:00:00+00:00,2026-07-02 16:00:00+00:00,,,,,,,,
1217,13209,50.17268,19.91511,337.94,2026-07-02 16:00:00+00:00,2026-07-02 17:00:00+00:00,,,,,,,,
1218,13209,50.17268,19.91511,337.94,2026-07-02 17:00:00+00:00,2026-07-02 18:00:00+00:00,,,,,,,,
1219,13209,50.17268,19.91511,337.94,2026-07-02 18:00:00+00:00,2026-07-02 19:00:00+00:00,,,,,,,,
1220,13209,50.17268,19.91511,337.94,2026-07-02 19:00:00+00:00,2026-07-02 20:00:00+00:00,,,,,,,,
1221,13209,50.17268,19.91511,337.94,2026-07-02 20:00:00+00:00,2026-07-02 21:00:00+00:00,,,,,,,,
1222,13209,50.17268,19.91511,337.94,2026-07-02 21:00:00+00:00,2026-07-02 22:00:00+00:00,,,,,,,,
1223,13209,50.17268,19.91511,337.94,2026-07-02 22:00:00+00:00,2026-07-02 23:00:00+00:00,,,,,,,,
1224,86905,50.108024,19.896124,227.17,2026-07-01 23:00:00+00:00,2026-07-02 00:00:00+00:00,8.26,12.45,14.42,1011.83,76.7,19.38,11.16,285.87
1225,86905,50.108024,19.896124,227.17,2026-07-02 00:00:00+00:00,2026-07-02 01:00:00+00:00,12.02,19.47,24.24,1012.32,75.8,19.06,11.73,288.0
1226,86905,50.108024,19.896124,227.17,2026-07-02 01:00:00+00:00,2026-07-02 02:00:00+00:00,10.92,17.7,21.81,1012.52,72.56,18.54,12.28,298.09
1227,86905,50.108024,19.896124,227.17,2026-07-02 02:00:00+00:00,2026-07-02 03:00:00+00:00,8.12,12.79,14.96,1012.93,73.12,17.84,12.18,295.85
1228,86905,50.108024,19.896124,227.17,2026-07-02 03:00:00+00:00,2026-07-02 04:00:00+00:00,8.51,13.52,15.88,1013.33,84.01,17.04,11.99,293.34
1229,86905,50.108024,19.896124,227.17,2026-07-02 04:00:00+00:00,2026-07-02 05:00:00+00:00,9.88,15.87,18.56,1013.66,83.12,16.76,12.38,297.2
1230,86905,50.108024,19.896124,227.17,2026-07-02 05:00:00+00:00,2026-07-02 06:00:00+00:00,8.4,13.5,15.91,1014.05,77.44,16.91,13.11,297.16
1231,86905,50.108024,19.896124,227.17,2026-07-02 06:00:00+00:00,2026-07-02 07:00:00+00:00,10.51,16.74,19.81,1014.56,75.12,16.75,13.79,300.36
1232,86905,50.108024,19.896124,227.17,2026-07-02 07:00:00+00:00,2026-07-02 08:00:00+00:00,8.17,12.08,13.88,1014.85,72.89,17.21,13.41,301.83
1233,86905,50.108024,19.896124,227.17,2026-07-02 08:00:00+00:00,2026-07-02 09:00:00+00:00,2.55,3.65,4.16,1015.45,61.53,17.49,12.32,303.64
1234,86905,50.108024,19.896124,227.17,2026-07-02 09:00:00+00:00,2026-07-02 10:00:00+00:00,4.4,6.05,6.92,1015.63,54.26,19.07,11.56,300.7
1235,86905,50.108024,19.896124,227.17,2026-07-02 10:00:00+00:00,2026-07-02 11:00:00+00:00,5.79,7.81,8.98,1015.48,48.95,20.48,11.37,299.17
1236,86905,50.108024,19.896124,227.17,2026-07-02 11:00:00+00:00,2026-07-02 12:00:00+00:00,5.11,6.73,7.65,1015.07,45.83,21.3,10.84,297.35
1237,86905,50.108024,19.896124,227.17,2026-07-02 12:00:00+00:00,2026-07-02 13:00:00+00:00,3.4,4.43,5.05,1014.38,42.19,22.26,9.74,298.63
1238,86905,50.108024,19.896124,227.17,2026-07-02 13:00:00+00:00,2026-07-02 14:00:00+00:00,3.26,4.35,4.99,1013.67,39.06,23.2,8.61,304.71
1239,86905,50.108024,19.896124,227.17,2026-07-02 14:00:00+00:00,2026-07-02 15:00:00+00:00,4.06,5.31,6.05,1013.27,36.68,24.0,7.91,315.88
1240,86905,50.108024,19.896124,227.17,2026-07-02 15:00:00+00:00,2026-07-02 16:00:00+00:00,4.34,5.64,6.39,1012.95,36.62,24.18,6.84,321.67
1241,86905,50.108024,19.896124,227.17,2026-07-02 16:00:00+00:00,2026-07-02 17:00:00+00:00,4.14,5.25,5.93,1012.69,37.67,24.09,4.69,323.56
1242,86905,50.108024,19.896124,227.17,2026-07-02 17:00:00+00:00,2026-07-02 18:00:00+00:00,3.97,5.03,5.78,1012.62,40.12,23.59,3.1,294.22
1243,86905,50.108024,19.896124,227.17,2026-07-02 18:00:00+00:00,2026-07-02 19:00:00+00:00,4.11,5.15,5.89,1012.7,43.54,22.01,3.07,247.62
1244,86905,50.108024,19.896124,227.17,2026-07-02 19:00:00+00:00,2026-07-02 20:00:00+00:00,4.67,5.94,6.76,1013.27,46.84,20.03,3.74,233.57
1245,86905,50.108024,19.896124,227.17,2026-07-02 20:00:00+00:00,2026-07-02 21:00:00+00:00,6.52,8.41,9.6,1013.43,49.65,18.54,4.23,238.14
1246,86905,50.108024,19.896124,227.17,2026-07-02 21:00:00+00:00,2026-07-02 22:00:00+00:00,7.04,9.02,10.27,1013.48,51.15,17.36,4.76,235.15
1247,86905,50.108024,19.896124,227.17,2026-07-02 22:00:00+00:00,2026-07-02 23:00:00+00:00,7.39,9.42,10.87,1013.43,52.6,16.54,5.53,232.43
1248,33052,50.116436,19.801319,232.93,2026-07-01 23:00:00+00:00,2026-07-02 00:00:00+00:00,8.63,12.3,13.85,1012.47,89.63,18.93,10.99,282.93
1249,33052,50.116436,19.801319,232.93,2026-07-02 00:00:00+00:00,2026-07-02 01:00:00+00:00,11.67,17.56,20.14,1012.94,90.25,18.51,11.36,289.94
1250,33052,50.116436,19.801319,232.93,2026-07-02 01:00:00+00:00,2026-07-02 02:00:00+00:00,9.08,13.41,15.09,1013.16,90.69,17.88,11.61,294.35
1251,33052,50.116436,19.801319,232.93,2026-07-02 02:00:00+00:00,2026-07-02 03:00:00+00:00,6.48,9.32,10.42,1013.73,91.38,17.07,11.64,292.02
1252,33052,50.116436,19.801319,232.93,2026-07-02 03:00:00+00:00,2026-07-02 04:00:00+00:00,8.42,12.42,13.92,1014.07,91.75,16.43,11.76,290.54
1253,33052,50.116436,19.801319,232.93,2026-07-02 04:00:00+00:00,2026-07-02 05:00:00+00:00,9.29,13.94,15.66,1014.4,91.38,16.21,12.2,295.04
1254,33052,50.116436,19.801319,232.93,2026-07-02 05:00:00+00:00,2026-07-02 06:00:00+00:00,9.28,12.86,14.39,1014.88,90.63,16.11,12.71,296.49
1255,33052,50.116436,19.801319,232.93,2026-07-02 06:00:00+00:00,2026-07-02 07:00:00+00:00,10.97,15.58,17.45,1015.33,89.5,16.23,12.91,297.49
1256,33052,50.116436,19.801319,232.93,2026-07-02 07:00:00+00:00,2026-07-02 08:00:00+00:00,5.34,7.13,7.95,1015.81,85.63,16.25,12.54,299.97
1257,33052,50.116436,19.801319,232.93,2026-07-02 08:00:00+00:00,2026-07-02 09:00:00+00:00,4.32,5.48,6.16,1016.17,81.79,17.01,11.86,301.0
1258,33052,50.116436,19.801319,232.93,2026-07-02 09:00:00+00:00,2026-07-02 10:00:00+00:00,6.13,7.95,8.96,1016.22,76.13,18.37,11.14,299.55
1259,33052,50.116436,19.801319,232.93,2026-07-02 10:00:00+00:00,2026-07-02 11:00:00+00:00,6.07,7.62,8.61,1016.1,68.49,19.55,10.6,294.56
1260,33052,50.116436,19.801319,232.93,2026-07-02 11:00:00+00:00,2026-07-02 12:00:00+00:00,3.82,4.79,5.4,1015.7,61.51,20.65,9.85,291.0
1261,33052,50.116436,19.801319,232.93,2026-07-02 12:00:00+00:00,2026-07-02 13:00:00+00:00,3.44,4.21,4.68,1014.98,54.5,23.49,5.49,278.65
1262,33052,50.116436,19.801319,232.93,2026-07-02 13:00:00+00:00,2026-07-02 14:00:00+00:00,3.25,3.99,4.47,1014.24,49.18,25.25,3.88,286.97
1263,33052,50.116436,19.801319,232.93,2026-07-02 14:00:00+00:00,2026-07-02 15:00:00+00:00,3.48,4.19,4.7,1013.78,46.45,25.84,7.53,315.87
1264,33052,50.116436,19.801319,232.93,2026-07-02 15:00:00+00:00,2026-07-02 16:00:00+00:00,3.11,3.65,4.15,1013.3,45.55,27.28,6.45,327.37
1265,33052,50.116436,19.801319,232.93,2026-07-02 16:00:00+00:00,2026-07-02 17:00:00+00:00,2.33,2.7,3.06,1012.88,46.5,28.4,4.59,329.88
1266,33052,50.116436,19.801319,232.93,2026-07-02 17:00:00+00:00,2026-07-02 18:00:00+00:00,2.55,3.03,3.43,1012.84,49.96,26.79,3.25,305.25
1267,33052,50.116436,19.801319,232.93,2026-07-02 18:00:00+00:00,2026-07-02 19:00:00+00:00,3.12,3.76,4.25,1012.96,54.99,23.48,2.89,268.27
1268,33052,50.116436,19.801319,232.93,2026-07-02 19:00:00+00:00,2026-07-02 20:00:00+00:00,4.19,5.06,5.72,1013.55,58.85,21.06,3.48,254.36
1269,33052,50.116436,19.801319,232.93,2026-07-02 20:00:00+00:00,2026-07-02 21:00:00+00:00,5.47,6.83,7.68,1013.79,63.22,19.15,3.97,251.92
1270,33052,50.116436,19.801319,232.93,2026-07-02 21:00:00+00:00,2026-07-02 22:00:00+00:00,17.12,20.57,25.4,1013.86,67.39,17.59,4.35,241.8
1271,33052,50.116436,19.801319,232.93,2026-07-02 22:00:00+00:00,2026-07-02 23:00:00+00:00,12.11,14.44,16.62,1013.73,69.78,16.75,5.07,235.3
1272,366,50.180222,19.970085,277.77,2026-07-01 23:00:00+00:00,2026-07-02 00:00:00+00:00,10.09,14.56,19.01,1012.65,89.19,18.77,11.31,284.99
1273,366,50.180222,19.970085,277.77,2026-07-02 00:00:00+00:00,2026-07-02 01:00:00+00:00,11.95,17.96,24.62,1012.77,89.97,18.52,11.87,291.53
1274,366,50.180222,19.970085,277.77,2026-07-02 01:00:00+00:00,2026-07-02 02:00:00+00:00,10.98,16.82,23.15,1013.19,90.25,17.91,12.08,299.08
1275,366,50.180222,19.970085,277.77,2026-07-02 02:00:00+00:00,2026-07-02 03:00:00+00:00,8.98,13.59,18.23,1013.83,75.84,17.14,11.99,299.83
1276,366,50.180222,19.970085,277.77,2026-07-02 03:00:00+00:00,2026-07-02 04:00:00+00:00,9.49,14.47,19.38,1014.04,72.66,16.39,11.94,293.44
1277,366,50.180222,19.970085,277.77,2026-07-02 04:00:00+00:00,2026-07-02 05:00:00+00:00,8.13,12.16,16.17,1014.43,90.2,16.14,12.57,297.81
1278,366,50.180222,19.970085,277.77,2026-07-02 05:00:00+00:00,2026-07-02 06:00:00+00:00,7.48,10.97,14.55,1014.88,85.5,15.94,13.61,300.77
1279,366,50.180222,19.970085,277.77,2026-07-02 06:00:00+00:00,2026-07-02 07:00:00+00:00,11.07,17.3,24.05,1014.96,88.71,16.18,14.55,302.77
1280,366,50.180222,19.970085,277.77,2026-07-02 07:00:00+00:00,2026-07-02 08:00:00+00:00,9.68,14.05,17.93,1015.42,87.69,16.3,14.18,302.0
1281,366,50.180222,19.970085,277.77,2026-07-02 08:00:00+00:00,2026-07-02 09:00:00+00:00,4.76,6.32,7.88,1015.95,83.05,16.92,12.88,302.0
1282,366,50.180222,19.970085,277.77,2026-07-02 09:00:00+00:00,2026-07-02 10:00:00+00:00,4.84,6.17,7.69,1016.09,71.42,18.46,11.86,301.36
1283,366,50.180222,19.970085,277.77,2026-07-02 10:00:00+00:00,2026-07-02 11:00:00+00:00,3.75,4.65,5.73,1015.8,55.11,20.11,11.59,298.81
1284,366,50.180222,19.970085,277.77,2026-07-02 11:00:00+00:00,2026-07-02 12:00:00+00:00,4.46,5.5,6.61,1015.42,46.27,20.89,10.95,297.81
1285,366,50.180222,19.970085,277.77,2026-07-02 12:00:00+00:00,2026-07-02 13:00:00+00:00,3.67,4.47,5.41,1014.81,42.56,21.52,10.06,297.89
1286,366,50.180222,19.970085,277.77,2026-07-02 13:00:00+00:00,2026-07-02 14:00:00+00:00,3.21,3.92,4.73,1014.14,39.68,22.42,9.37,304.64
1287,366,50.180222,19.970085,277.77,2026-07-02 14:00:00+00:00,2026-07-02 15:00:00+00:00,3.89,4.82,5.83,1013.78,37.79,23.22,9.43,313.87
1288,366,50.180222,19.970085,277.77,2026-07-02 15:00:00+00:00,2026-07-02 16:00:00+00:00,4.44,5.47,6.66,1013.53,37.78,23.39,8.01,320.1
1289,366,50.180222,19.970085,277.77,2026-07-02 16:00:00+00:00,2026-07-02 17:00:00+00:00,4.72,5.73,6.99,1013.26,37.87,23.46,5.58,323.13
1290,366,50.180222,19.970085,277.77,2026-07-02 17:00:00+00:00,2026-07-02 18:00:00+00:00,3.95,4.7,5.74,1013.25,38.89,22.87,3.4,341.77
1291,366,50.180222,19.970085,277.77,2026-07-02 18:00:00+00:00,2026-07-02 19:00:00+00:00,4.16,4.91,5.99,1013.41,42.63,21.4,3.66,227.17
1292,366,50.180222,19.970085,277.77,2026-07-02 19:00:00+00:00,2026-07-02 20:00:00+00:00,5.97,7.13,8.7,1014.01,50.2,19.38,3.84,229.69
1293,366,50.180222,19.970085,277.77,2026-07-02 20:00:00+00:00,2026-07-02 21:00:00+00:00,5.6,6.72,8.18,1014.21,60.9,17.87,4.59,238.65
1294,366,50.180222,19.970085,277.77,2026-07-02 21:00:00+00:00,2026-07-02 22:00:00+00:00,6.0,7.35,9.06,1014.22,73.6,16.76,5.64,231.96
1295,366,50.180222,19.970085,277.77,2026-07-02 22:00:00+00:00,2026-07-02 23:00:00+00:00,5.03,5.99,7.34,1014.16,74.89,15.8,5.74,230.98
1296,7383,50.013498,20.093184,214.51,2026-07-01 23:00:00+00:00,2026-07-02 00:00:00+00:00,6.72,10.23,11.73,1012.86,64.58,19.22,12.67,292.31
1297,7383,50.013498,20.093184,214.51,2026-07-02 00:00:00+00:00,2026-07-02 01:00:00+00:00,7.47,11.41,13.14,1013.09,65.35,18.97,13.07,295.51
1298,7383,50.013498,20.093184,214.51,2026-07-02 01:00:00+00:00,2026-07-02 02:00:00+00:00,11.07,18.65,22.99,1013.29,65.54,18.22,12.87,301.28
1299,7383,50.013498,20.093184,214.51,2026-07-02 02:00:00+00:00,2026-07-02 03:00:00+00:00,9.54,16.49,19.74,1013.53,66.16,17.55,12.15,300.75
1300,7383,50.013498,20.093184,214.51,2026-07-02 03:00:00+00:00,2026-07-02 04:00:00+00:00,7.48,12.33,14.45,1013.9,66.29,16.85,12.26,299.68
1301,7383,50.013498,20.093184,214.51,2026-07-02 04:00:00+00:00,2026-07-02 05:00:00+00:00,7.46,12.39,14.38,1014.51,66.78,16.39,12.95,298.64
1302,7383,50.013498,20.093184,214.51,2026-07-02 05:00:00+00:00,2026-07-02 06:00:00+00:00,8.14,13.71,16.0,1014.91,80.59,16.82,13.89,301.02
1303,7383,50.013498,20.093184,214.51,2026-07-02 06:00:00+00:00,2026-07-02 07:00:00+00:00,6.46,10.52,12.28,1015.36,78.01,16.85,14.84,303.6
1304,7383,50.013498,20.093184,214.51,2026-07-02 07:00:00+00:00,2026-07-02 08:00:00+00:00,8.83,14.62,17.15,1015.69,71.12,17.2,14.54,306.83
1305,7383,50.013498,20.093184,214.51,2026-07-02 08:00:00+00:00,2026-07-02 09:00:00+00:00,6.55,10.27,11.84,1016.14,71.03,17.31,13.49,307.87
1306,7383,50.013498,20.093184,214.51,2026-07-02 09:00:00+00:00,2026-07-02 10:00:00+00:00,2.95,4.15,4.8,1016.64,60.24,18.11,12.56,305.3
1307,7383,50.013498,20.093184,214.51,2026-07-02 10:00:00+00:00,2026-07-02 11:00:00+00:00,5.23,7.44,8.52,1016.45,58.81,19.66,12.32,303.5
1308,7383,50.013498,20.093184,214.51,2026-07-02 11:00:00+00:00,2026-07-02 12:00:00+00:00,6.89,9.69,11.1,1016.01,65.71,20.92,12.15,303.49
1309,7383,50.013498,20.093184,214.51,2026-07-02 12:00:00+00:00,2026-07-02 13:00:00+00:00,6.45,8.88,10.14,1015.41,50.73,23.22,7.86,290.21
1310,7383,50.013498,20.093184,214.51,2026-07-02 13:00:00+00:00,2026-07-02 14:00:00+00:00,4.1,5.41,6.17,1014.63,61.65,23.97,6.77,293.24
1311,7383,50.013498,20.093184,214.51,2026-07-02 14:00:00+00:00,2026-07-02 15:00:00+00:00,3.21,4.25,4.88,1014.1,46.04,23.4,9.41,313.35
1312,7383,50.013498,20.093184,214.51,2026-07-02 15:00:00+00:00,2026-07-02 16:00:00+00:00,3.55,4.7,5.4,1013.68,38.6,24.35,7.85,317.31
1313,7383,50.013498,20.093184,214.51,2026-07-02 16:00:00+00:00,2026-07-02 17:00:00+00:00,4.03,5.34,6.08,1013.42,38.61,24.5,5.86,322.18
1314,7383,50.013498,20.093184,214.51,2026-07-02 17:00:00+00:00,2026-07-02 18:00:00+00:00,3.62,4.81,5.43,1013.26,40.54,24.86,3.65,304.04
1315,7383,50.013498,20.093184,214.51,2026-07-02 18:00:00+00:00,2026-07-02 19:00:00+00:00,4.59,5.98,6.88,1013.41,50.41,22.53,4.12,250.52
1316,7383,50.013498,20.093184,214.51,2026-07-02 19:00:00+00:00,2026-07-02 20:00:00+00:00,6.69,9.1,10.37,1014.07,54.65,19.98,5.01,230.46
1317,7383,50.013498,20.093184,214.51,2026-07-02 20:00:00+00:00,2026-07-02 21:00:00+00:00,7.23,9.72,11.12,1014.14,74.25,18.52,5.6,231.97
1318,7383,50.013498,20.093184,214.51,2026-07-02 21:00:00+00:00,2026-07-02 22:00:00+00:00,7.78,10.53,12.04,1014.25,62.93,17.36,5.89,230.34
1319,7383,50.013498,20.093184,214.51,2026-07-02 22:00:00+00:00,2026-07-02 23:00:00+00:00,7.84,10.43,11.88,1014.23,58.59,16.34,6.17,231.0
1320,13167,49.992817,20.025088,259.04,2026-07-01 23:00:00+00:00,2026-07-02 00:00:00+00:00,6.71,8.72,11.1,1013.13,,,11.33,289.57
1321,13167,49.992817,20.025088,259.04,2026-07-02 00:00:00+00:00,2026-07-02 01:00:00+00:00,7.69,9.88,12.6,1013.39,,,12.4,293.69
1322,13167,49.992817,20.025088,259.04,2026-07-02 01:00:00+00:00,2026-07-02 02:00:00+00:00,12.05,16.71,22.54,1013.6,,,12.0,301.43
1323,13167,49.992817,20.025088,259.04,2026-07-02 02:00:00+00:00,2026-07-02 03:00:00+00:00,10.26,13.84,18.39,1013.8,,,11.98,296.23
1324,13167,49.992817,20.025088,259.04,2026-07-02 03:00:00+00:00,2026-07-02 04:00:00+00:00,7.78,10.47,13.52,1014.17,,,12.05,294.0
1325,13167,49.992817,20.025088,259.04,2026-07-02 04:00:00+00:00,2026-07-02 05:00:00+00:00,7.93,10.67,14.44,1014.68,,,12.46,297.03
1326,13167,49.992817,20.025088,259.04,2026-07-02 05:00:00+00:00,2026-07-02 06:00:00+00:00,9.64,13.07,17.23,1015.17,,,13.29,298.0
1327,13167,49.992817,20.025088,259.04,2026-07-02 06:00:00+00:00,2026-07-02 07:00:00+00:00,9.03,12.08,16.19,1015.63,,,13.67,299.16
1328,13167,49.992817,20.025088,259.04,2026-07-02 07:00:00+00:00,2026-07-02 08:00:00+00:00,10.53,13.77,18.22,1016.01,,,13.57,304.0
1329,13167,49.992817,20.025088,259.04,2026-07-02 08:00:00+00:00,2026-07-02 09:00:00+00:00,5.12,6.55,8.51,1016.5,,,12.91,306.46
1330,13167,49.992817,20.025088,259.04,2026-07-02 09:00:00+00:00,2026-07-02 10:00:00+00:00,3.92,4.93,6.62,1016.85,,,12.05,302.74
1331,13167,49.992817,20.025088,259.04,2026-07-02 10:00:00+00:00,2026-07-02 11:00:00+00:00,6.87,8.53,11.02,1016.72,,,12.07,300.18
1332,13167,49.992817,20.025088,259.04,2026-07-02 11:00:00+00:00,2026-07-02 12:00:00+00:00,7.31,8.84,11.26,1016.33,,,11.5,299.4
1333,13167,49.992817,20.025088,259.04,2026-07-02 12:00:00+00:00,2026-07-02 13:00:00+00:00,5.31,6.42,7.99,1015.58,,,10.69,301.21
1334,13167,49.992817,20.025088,259.04,2026-07-02 13:00:00+00:00,2026-07-02 14:00:00+00:00,4.07,4.75,5.87,1014.6,,,9.96,306.55
1335,13167,49.992817,20.025088,259.04,2026-07-02 14:00:00+00:00,2026-07-02 15:00:00+00:00,2.63,3.08,3.81,1013.93,,,8.85,314.64
1336,13167,49.992817,20.025088,259.04,2026-07-02 15:00:00+00:00,2026-07-02 16:00:00+00:00,2.95,3.5,4.39,1013.62,,,7.22,320.82
1337,13167,49.992817,20.025088,259.04,2026-07-02 16:00:00+00:00,2026-07-02 17:00:00+00:00,3.52,4.19,5.4,1013.47,,,5.06,325.49
1338,13167,49.992817,20.025088,259.04,2026-07-02 17:00:00+00:00,2026-07-02 18:00:00+00:00,3.06,3.72,4.9,1013.45,,,3.07,301.5
1339,13167,49.992817,20.025088,259.04,2026-07-02 18:00:00+00:00,2026-07-02 19:00:00+00:00,3.98,4.81,6.15,1013.54,,,3.86,238.95
1340,13167,49.992817,20.025088,259.04,2026-07-02 19:00:00+00:00,2026-07-02 20:00:00+00:00,5.2,6.44,8.43,1014.15,,,4.76,228.2
1341,13167,49.992817,20.025088,259.04,2026-07-02 20:00:00+00:00,2026-07-02 21:00:00+00:00,6.22,7.68,9.87,1014.28,,,5.08,232.31
1342,13167,49.992817,20.025088,259.04,2026-07-02 21:00:00+00:00,2026-07-02 22:00:00+00:00,6.8,8.46,10.9,1014.34,,,5.13,231.85
1343,13167,49.992817,20.025088,259.04,2026-07-02 22:00:00+00:00,2026-07-02 23:00:00+00:00,6.94,8.64,10.9,1014.29,,,6.19,229.15
1344,5709,50.118934,19.855883,251.32,2026-07-01 23:00:00+00:00,2026-07-02 00:00:00+00:00,9.65,14.29,17.43,1012.96,89.38,18.83,11.16,285.87
1345,5709,50.118934,19.855883,251.32,2026-07-02 00:00:00+00:00,2026-07-02 01:00:00+00:00,13.27,20.89,28.44,1013.39,90.13,18.52,11.73,288.0
1346,5709,50.118934,19.855883,251.32,2026-07-02 01:00:00+00:00,2026-07-02 02:00:00+00:00,10.69,16.58,20.57,1013.66,90.88,17.89,12.28,298.09
1347,5709,50.118934,19.855883,251.32,2026-07-02 02:00:00+00:00,2026-07-02 03:00:00+00:00,8.06,12.27,14.91,1014.14,91.63,17.15,12.18,295.85
1348,5709,50.118934,19.855883,251.32,2026-07-02 03:00:00+00:00,2026-07-02 04:00:00+00:00,9.43,14.59,17.81,1014.52,91.75,16.47,11.99,293.34
1349,5709,50.118934,19.855883,251.32,2026-07-02 04:00:00+00:00,2026-07-02 05:00:00+00:00,11.05,17.29,21.28,1014.73,91.13,16.29,12.38,297.2
1350,5709,50.118934,19.855883,251.32,2026-07-02 05:00:00+00:00,2026-07-02 06:00:00+00:00,9.33,14.14,17.25,1015.15,90.39,16.29,13.11,297.16
1351,5709,50.118934,19.855883,251.32,2026-07-02 06:00:00+00:00,2026-07-02 07:00:00+00:00,11.55,17.42,21.13,1015.65,89.0,16.38,13.79,300.36
1352,5709,50.118934,19.855883,251.32,2026-07-02 07:00:00+00:00,2026-07-02 08:00:00+00:00,8.19,11.56,13.56,1016.05,86.25,16.62,13.41,301.83
1353,5709,50.118934,19.855883,251.32,2026-07-02 08:00:00+00:00,2026-07-02 09:00:00+00:00,3.6,4.82,5.68,1016.67,82.6,16.91,12.32,303.64
1354,5709,50.118934,19.855883,251.32,2026-07-02 09:00:00+00:00,2026-07-02 10:00:00+00:00,6.34,8.41,9.85,1016.69,77.63,18.82,11.56,300.7
1355,5709,50.118934,19.855883,251.32,2026-07-02 10:00:00+00:00,2026-07-02 11:00:00+00:00,6.77,8.73,10.02,1016.53,73.63,20.43,11.37,299.17
1356,5709,50.118934,19.855883,251.32,2026-07-02 11:00:00+00:00,2026-07-02 12:00:00+00:00,4.79,6.04,6.9,1016.16,70.5,21.17,10.84,297.35
1357,5709,50.118934,19.855883,251.32,2026-07-02 12:00:00+00:00,2026-07-02 13:00:00+00:00,4.03,5.07,5.77,1015.53,66.88,21.92,9.74,298.63
1358,5709,50.118934,19.855883,251.32,2026-07-02 13:00:00+00:00,2026-07-02 14:00:00+00:00,3.72,4.74,5.43,1014.87,63.75,22.76,8.61,304.71
1359,5709,50.118934,19.855883,251.32,2026-07-02 14:00:00+00:00,2026-07-02 15:00:00+00:00,4.56,5.8,6.65,1014.53,61.38,23.52,7.91,315.88
1360,5709,50.118934,19.855883,251.32,2026-07-02 15:00:00+00:00,2026-07-02 16:00:00+00:00,4.89,6.07,7.04,1014.23,61.31,23.66,6.84,321.67
1361,5709,50.118934,19.855883,251.32,2026-07-02 16:00:00+00:00,2026-07-02 17:00:00+00:00,4.12,5.05,5.77,1013.92,62.38,23.74,4.69,323.56
1362,5709,50.118934,19.855883,251.32,2026-07-02 17:00:00+00:00,2026-07-02 18:00:00+00:00,3.59,4.36,4.97,1013.88,64.81,23.34,3.1,294.22
1363,5709,50.118934,19.855883,251.32,2026-07-02 18:00:00+00:00,2026-07-02 19:00:00+00:00,4.3,5.16,5.99,1013.96,68.25,22.09,3.07,247.62
1364,5709,50.118934,19.855883,251.32,2026-07-02 19:00:00+00:00,2026-07-02 20:00:00+00:00,5.36,6.46,7.45,1014.52,71.56,19.88,3.74,233.57
1365,5709,50.118934,19.855883,251.32,2026-07-02 20:00:00+00:00,2026-07-02 21:00:00+00:00,7.14,8.68,9.9,1014.66,74.37,18.16,4.23,238.14
1366,5709,50.118934,19.855883,251.32,2026-07-02 21:00:00+00:00,2026-07-02 22:00:00+00:00,7.87,9.72,11.21,1014.69,75.87,16.89,4.76,235.15
1367,5709,50.118934,19.855883,251.32,2026-07-02 22:00:00+00:00,2026-07-02 23:00:00+00:00,8.6,10.63,12.28,1014.63,77.31,16.0,5.53,232.43
1368,86902,50.083454,20.057153,208.16,2026-07-01 23:00:00+00:00,2026-07-02 00:00:00+00:00,6.95,10.24,11.83,1012.54,89.5,19.35,11.98,289.6
1369,86902,50.083454,20.057153,208.16,2026-07-02 00:00:00+00:00,2026-07-02 01:00:00+00:00,9.11,14.2,16.41,1012.93,90.13,18.95,12.67,295.56
1370,86902,50.083454,20.057153,208.16,2026-07-02 01:00:00+00:00,2026-07-02 02:00:00+00:00,10.29,16.79,19.49,1013.08,91.0,18.41,12.8,300.63
1371,86902,50.083454,20.057153,208.16,2026-07-02 02:00:00+00:00,2026-07-02 03:00:00+00:00,7.92,12.78,14.78,1013.39,91.31,17.81,12.26,300.98
1372,86902,50.083454,20.057153,208.16,2026-07-02 03:00:00+00:00,2026-07-02 04:00:00+00:00,6.9,10.93,12.68,1013.76,91.44,17.09,12.08,298.85
1373,86902,50.083454,20.057153,208.16,2026-07-02 04:00:00+00:00,2026-07-02 05:00:00+00:00,7.87,12.68,14.74,1014.28,91.0,16.79,12.75,300.71
1374,86902,50.083454,20.057153,208.16,2026-07-02 05:00:00+00:00,2026-07-02 06:00:00+00:00,5.63,8.55,9.92,1014.75,90.75,16.54,13.83,302.0
1375,86902,50.083454,20.057153,208.16,2026-07-02 06:00:00+00:00,2026-07-02 07:00:00+00:00,7.35,11.89,14.08,1015.21,89.5,16.44,14.44,302.67
1376,86902,50.083454,20.057153,208.16,2026-07-02 07:00:00+00:00,2026-07-02 08:00:00+00:00,9.42,15.29,17.7,1015.52,87.06,16.62,14.36,304.96
1377,86902,50.083454,20.057153,208.16,2026-07-02 08:00:00+00:00,2026-07-02 09:00:00+00:00,6.2,9.0,10.33,1015.88,82.94,17.33,13.44,307.77
1378,86902,50.083454,20.057153,208.16,2026-07-02 09:00:00+00:00,2026-07-02 10:00:00+00:00,3.21,4.37,5.13,1016.39,77.88,18.3,12.41,306.5
1379,86902,50.083454,20.057153,208.16,2026-07-02 10:00:00+00:00,2026-07-02 11:00:00+00:00,4.79,6.5,7.55,1016.25,73.94,19.76,12.36,304.5
1380,86902,50.083454,20.057153,208.16,2026-07-02 11:00:00+00:00,2026-07-02 12:00:00+00:00,5.13,6.46,7.42,1015.67,71.31,22.55,12.23,303.0
1381,86902,50.083454,20.057153,208.16,2026-07-02 12:00:00+00:00,2026-07-02 13:00:00+00:00,3.02,3.74,4.29,1014.78,68.25,25.59,10.85,300.99
1382,86902,50.083454,20.057153,208.16,2026-07-02 13:00:00+00:00,2026-07-02 14:00:00+00:00,2.5,3.09,3.59,1013.92,66.38,26.35,7.98,291.29
1383,86902,50.083454,20.057153,208.16,2026-07-02 14:00:00+00:00,2026-07-02 15:00:00+00:00,3.05,3.87,4.46,1013.56,63.13,24.11,9.53,314.2
1384,86902,50.083454,20.057153,208.16,2026-07-02 15:00:00+00:00,2026-07-02 16:00:00+00:00,3.46,4.47,5.17,1013.31,62.5,24.25,8.17,321.0
1385,86902,50.083454,20.057153,208.16,2026-07-02 16:00:00+00:00,2026-07-02 17:00:00+00:00,5.4,7.22,8.49,1013.14,62.63,23.8,5.64,323.91
1386,86902,50.083454,20.057153,208.16,2026-07-02 17:00:00+00:00,2026-07-02 18:00:00+00:00,3.85,4.82,5.53,1013.09,64.0,23.11,3.23,334.86
1387,86902,50.083454,20.057153,208.16,2026-07-02 18:00:00+00:00,2026-07-02 19:00:00+00:00,4.42,5.48,6.37,1013.15,68.13,21.65,4.06,235.29
1388,86902,50.083454,20.057153,208.16,2026-07-02 19:00:00+00:00,2026-07-02 20:00:00+00:00,5.1,6.4,7.39,1013.72,72.35,19.49,5.01,229.37
1389,86902,50.083454,20.057153,208.16,2026-07-02 20:00:00+00:00,2026-07-02 21:00:00+00:00,7.65,10.12,11.92,1013.95,73.57,18.02,5.52,233.0
1390,86902,50.083454,20.057153,208.16,2026-07-02 21:00:00+00:00,2026-07-02 22:00:00+00:00,8.01,10.45,12.21,1014.07,75.55,16.86,5.71,232.82
1391,86902,50.083454,20.057153,208.16,2026-07-02 22:00:00+00:00,2026-07-02 23:00:00+00:00,7.66,10.02,11.68,1014.06,76.82,16.01,6.0,231.0
1392,8152,50.143699,19.879804,316.25,2026-07-01 23:00:00+00:00,2026-07-02 00:00:00+00:00,8.99,13.06,15.01,1015.96,69.82,18.9,11.16,285.87
1393,8152,50.143699,19.879804,316.25,2026-07-02 00:00:00+00:00,2026-07-02 01:00:00+00:00,12.52,19.76,24.4,1016.43,71.71,18.65,11.73,288.0
1394,8152,50.143699,19.879804,316.25,2026-07-02 01:00:00+00:00,2026-07-02 02:00:00+00:00,10.49,16.42,19.37,1016.71,72.06,18.1,12.28,298.09
1395,8152,50.143699,19.879804,316.25,2026-07-02 02:00:00+00:00,2026-07-02 03:00:00+00:00,8.56,12.95,14.91,1017.15,72.3,17.39,12.2,296.27
1396,8152,50.143699,19.879804,316.25,2026-07-02 03:00:00+00:00,2026-07-02 04:00:00+00:00,8.86,13.52,15.51,1017.36,79.34,16.69,12.0,293.51
1397,8152,50.143699,19.879804,316.25,2026-07-02 04:00:00+00:00,2026-07-02 05:00:00+00:00,9.33,14.76,17.0,1017.66,73.91,16.35,12.33,296.79
1398,8152,50.143699,19.879804,316.25,2026-07-02 05:00:00+00:00,2026-07-02 06:00:00+00:00,8.51,13.19,15.19,1018.15,74.68,16.22,13.05,297.24
1399,8152,50.143699,19.879804,316.25,2026-07-02 06:00:00+00:00,2026-07-02 07:00:00+00:00,10.7,16.47,19.07,1018.54,77.05,16.37,13.73,300.04
1400,8152,50.143699,19.879804,316.25,2026-07-02 07:00:00+00:00,2026-07-02 08:00:00+00:00,7.76,11.13,12.62,1018.93,63.8,16.66,13.46,301.74
1401,8152,50.143699,19.879804,316.25,2026-07-02 08:00:00+00:00,2026-07-02 09:00:00+00:00,3.32,4.5,5.1,1019.43,66.61,17.0,12.42,303.46
1402,8152,50.143699,19.879804,316.25,2026-07-02 09:00:00+00:00,2026-07-02 10:00:00+00:00,5.26,7.1,8.07,1019.6,53.34,18.6,11.61,301.04
1403,8152,50.143699,19.879804,316.25,2026-07-02 10:00:00+00:00,2026-07-02 11:00:00+00:00,5.79,7.5,8.42,1019.55,57.73,20.27,11.37,299.25
1404,8152,50.143699,19.879804,316.25,2026-07-02 11:00:00+00:00,2026-07-02 12:00:00+00:00,3.6,4.44,5.01,1019.25,46.17,22.53,10.89,297.52
1405,8152,50.143699,19.879804,316.25,2026-07-02 12:00:00+00:00,2026-07-02 13:00:00+00:00,3.13,3.91,4.39,1018.69,42.66,24.35,9.84,298.45
1406,8152,50.143699,19.879804,316.25,2026-07-02 13:00:00+00:00,2026-07-02 14:00:00+00:00,2.62,3.33,3.73,1018.09,39.47,25.53,8.69,304.08
1407,8152,50.143699,19.879804,316.25,2026-07-02 14:00:00+00:00,2026-07-02 15:00:00+00:00,3.58,4.42,4.98,1017.75,36.99,25.8,7.95,314.84
1408,8152,50.143699,19.879804,316.25,2026-07-02 15:00:00+00:00,2026-07-02 16:00:00+00:00,3.8,4.7,5.28,1017.47,36.63,25.31,7.04,320.85
1409,8152,50.143699,19.879804,316.25,2026-07-02 16:00:00+00:00,2026-07-02 17:00:00+00:00,3.58,4.34,4.93,1017.21,37.63,25.46,4.85,324.79
1410,8152,50.143699,19.879804,316.25,2026-07-02 17:00:00+00:00,2026-07-02 18:00:00+00:00,4.93,6.23,7.17,1017.15,39.81,23.85,3.18,298.24
1411,8152,50.143699,19.879804,316.25,2026-07-02 18:00:00+00:00,2026-07-02 19:00:00+00:00,4.56,6.05,7.08,1017.16,43.29,22.14,3.04,250.63
1412,8152,50.143699,19.879804,316.25,2026-07-02 19:00:00+00:00,2026-07-02 20:00:00+00:00,5.09,6.32,7.17,1017.57,46.53,20.23,3.69,232.7
1413,8152,50.143699,19.879804,316.25,2026-07-02 20:00:00+00:00,2026-07-02 21:00:00+00:00,4.77,5.85,6.7,1017.66,49.54,18.85,4.21,238.3
1414,8152,50.143699,19.879804,316.25,2026-07-02 21:00:00+00:00,2026-07-02 22:00:00+00:00,4.22,5.17,5.83,1017.57,51.04,17.68,4.68,235.5
1415,8152,50.143699,19.879804,316.25,2026-07-02 22:00:00+00:00,2026-07-02 23:00:00+00:00,4.1,5.11,5.76,1017.47,56.53,16.72,5.44,232.62
1416,6076,49.985546,20.059961,240.53,2026-07-01 23:00:00+00:00,2026-07-02 00:00:00+00:00,6.28,9.09,10.69,1013.99,64.6,19.53,12.62,291.74
1417,6076,49.985546,20.059961,240.53,2026-07-02 00:00:00+00:00,2026-07-02 01:00:00+00:00,7.26,10.67,12.7,1014.24,74.73,19.2,13.04,295.34
1418,6076,49.985546,20.059961,240.53,2026-07-02 01:00:00+00:00,2026-07-02 02:00:00+00:00,10.39,16.15,19.9,1014.46,89.0,18.53,12.87,301.28
1419,6076,49.985546,20.059961,240.53,2026-07-02 02:00:00+00:00,2026-07-02 03:00:00+00:00,10.51,16.76,20.87,1014.73,67.59,18.06,12.23,301.17
1420,6076,49.985546,20.059961,240.53,2026-07-02 03:00:00+00:00,2026-07-02 04:00:00+00:00,7.43,11.42,13.59,1015.06,66.32,17.38,12.21,299.6
1421,6076,49.985546,20.059961,240.53,2026-07-02 04:00:00+00:00,2026-07-02 05:00:00+00:00,6.72,10.25,12.47,1015.55,73.99,16.83,12.89,298.81
1422,6076,49.985546,20.059961,240.53,2026-07-02 05:00:00+00:00,2026-07-02 06:00:00+00:00,8.7,13.64,16.39,1016.01,67.08,16.77,13.89,301.02
1423,6076,49.985546,20.059961,240.53,2026-07-02 06:00:00+00:00,2026-07-02 07:00:00+00:00,7.77,12.08,14.46,1016.49,81.22,16.66,14.78,303.51
1424,6076,49.985546,20.059961,240.53,2026-07-02 07:00:00+00:00,2026-07-02 08:00:00+00:00,9.74,14.71,17.37,1016.85,62.36,16.87,14.63,306.41
1425,6076,49.985546,20.059961,240.53,2026-07-02 08:00:00+00:00,2026-07-02 09:00:00+00:00,5.64,8.03,9.51,1017.31,60.44,16.97,13.58,308.04
1426,6076,49.985546,20.059961,240.53,2026-07-02 09:00:00+00:00,2026-07-02 10:00:00+00:00,3.28,4.54,5.35,1017.71,55.79,17.86,12.63,305.55
1427,6076,49.985546,20.059961,240.53,2026-07-02 10:00:00+00:00,2026-07-02 11:00:00+00:00,6.45,8.83,10.2,1017.59,50.55,19.57,12.32,303.5
1428,6076,49.985546,20.059961,240.53,2026-07-02 11:00:00+00:00,2026-07-02 12:00:00+00:00,7.02,9.34,10.82,1017.23,46.83,21.09,12.15,303.49
1429,6076,49.985546,20.059961,240.53,2026-07-02 12:00:00+00:00,2026-07-02 13:00:00+00:00,5.45,7.18,8.3,1016.67,44.22,24.18,7.86,290.21
1430,6076,49.985546,20.059961,240.53,2026-07-02 13:00:00+00:00,2026-07-02 14:00:00+00:00,4.09,5.35,6.17,1015.92,41.59,24.93,6.77,293.24
1431,6076,49.985546,20.059961,240.53,2026-07-02 14:00:00+00:00,2026-07-02 15:00:00+00:00,2.96,3.87,4.45,1015.42,39.38,24.36,9.41,313.35
1432,6076,49.985546,20.059961,240.53,2026-07-02 15:00:00+00:00,2026-07-02 16:00:00+00:00,3.19,4.15,4.79,1015.1,38.59,24.31,8.02,317.07
1433,6076,49.985546,20.059961,240.53,2026-07-02 16:00:00+00:00,2026-07-02 17:00:00+00:00,3.32,4.36,5.05,1014.84,38.58,24.04,5.86,322.18
1434,6076,49.985546,20.059961,240.53,2026-07-02 17:00:00+00:00,2026-07-02 18:00:00+00:00,3.31,4.37,5.05,1014.78,40.07,23.58,3.76,309.84
1435,6076,49.985546,20.059961,240.53,2026-07-02 18:00:00+00:00,2026-07-02 19:00:00+00:00,5.8,7.57,8.77,1014.8,44.06,22.11,4.12,250.52
1436,6076,49.985546,20.059961,240.53,2026-07-02 19:00:00+00:00,2026-07-02 20:00:00+00:00,5.88,7.66,8.99,1015.32,47.06,20.35,5.01,230.46
1437,6076,49.985546,20.059961,240.53,2026-07-02 20:00:00+00:00,2026-07-02 21:00:00+00:00,6.35,8.34,9.69,1015.35,49.57,19.01,5.6,231.97
1438,6076,49.985546,20.059961,240.53,2026-07-02 21:00:00+00:00,2026-07-02 22:00:00+00:00,6.42,8.42,9.86,1015.4,51.13,18.01,5.87,230.26
1439,6076,49.985546,20.059961,240.53,2026-07-02 22:00:00+00:00,2026-07-02 23:00:00+00:00,6.58,8.6,10.02,1015.3,53.01,17.21,6.15,231.0
1440,9077,50.128409,19.973662,297.5,2026-07-01 23:00:00+00:00,2026-07-02 00:00:00+00:00,7.3,11.29,13.2,1013.09,66.11,19.28,11.46,285.71
1441,9077,50.128409,19.973662,297.5,2026-07-02 00:00:00+00:00,2026-07-02 01:00:00+00:00,11.13,17.52,20.79,1013.45,65.85,18.91,11.92,291.4
1442,9077,50.128409,19.973662,297.5,2026-07-02 01:00:00+00:00,2026-07-02 02:00:00+00:00,15.13,21.48,26.23,1013.58,87.2,18.59,12.12,296.83
1443,9077,50.128409,19.973662,297.5,2026-07-02 02:00:00+00:00,2026-07-02 03:00:00+00:00,13.2,17.93,21.42,1013.94,91.0,17.96,11.92,295.53
1444,9077,50.128409,19.973662,297.5,2026-07-02 03:00:00+00:00,2026-07-02 04:00:00+00:00,7.67,11.86,13.94,1014.29,75.76,17.22,11.92,293.7
1445,9077,50.128409,19.973662,297.5,2026-07-02 04:00:00+00:00,2026-07-02 05:00:00+00:00,7.02,11.2,13.03,1014.79,73.1,16.63,12.53,297.74
1446,9077,50.128409,19.973662,297.5,2026-07-02 05:00:00+00:00,2026-07-02 06:00:00+00:00,6.3,9.78,11.42,1015.25,79.45,16.5,13.37,299.57
1447,9077,50.128409,19.973662,297.5,2026-07-02 06:00:00+00:00,2026-07-02 07:00:00+00:00,9.37,15.06,18.18,1015.7,70.46,16.51,13.73,300.25
1448,9077,50.128409,19.973662,297.5,2026-07-02 07:00:00+00:00,2026-07-02 08:00:00+00:00,9.1,13.94,16.05,1015.83,78.94,16.81,13.47,301.59
1449,9077,50.128409,19.973662,297.5,2026-07-02 08:00:00+00:00,2026-07-02 09:00:00+00:00,3.8,5.58,6.51,1016.5,73.34,17.18,12.73,301.31
1450,9077,50.128409,19.973662,297.5,2026-07-02 09:00:00+00:00,2026-07-02 10:00:00+00:00,4.23,6.14,7.29,1016.83,77.4,18.07,11.88,301.51
1451,9077,50.128409,19.973662,297.5,2026-07-02 10:00:00+00:00,2026-07-02 11:00:00+00:00,5.15,7.39,8.76,1016.71,73.83,19.36,11.46,299.0
1452,9077,50.128409,19.973662,297.5,2026-07-02 11:00:00+00:00,2026-07-02 12:00:00+00:00,4.69,6.32,7.39,1016.24,56.68,20.8,10.95,299.52
1453,9077,50.128409,19.973662,297.5,2026-07-02 12:00:00+00:00,2026-07-02 13:00:00+00:00,3.49,4.59,5.35,1015.61,67.48,22.57,8.56,294.64
1454,9077,50.128409,19.973662,297.5,2026-07-02 13:00:00+00:00,2026-07-02 14:00:00+00:00,2.69,3.8,4.39,1014.91,65.91,26.49,6.2,178.9
1455,9077,50.128409,19.973662,297.5,2026-07-02 14:00:00+00:00,2026-07-02 15:00:00+00:00,3.18,4.19,4.99,1014.56,61.63,23.58,8.31,315.8
1456,9077,50.128409,19.973662,297.5,2026-07-02 15:00:00+00:00,2026-07-02 16:00:00+00:00,3.33,4.5,5.33,1014.28,61.13,23.79,7.1,326.11
1457,9077,50.128409,19.973662,297.5,2026-07-02 16:00:00+00:00,2026-07-02 17:00:00+00:00,3.0,4.05,4.79,1013.98,62.13,23.78,4.43,325.7
1458,9077,50.128409,19.973662,297.5,2026-07-02 17:00:00+00:00,2026-07-02 18:00:00+00:00,3.51,4.6,5.49,1013.97,64.63,23.13,2.14,297.97
1459,9077,50.128409,19.973662,297.5,2026-07-02 18:00:00+00:00,2026-07-02 19:00:00+00:00,4.99,6.72,8.04,1014.0,68.38,21.91,3.29,235.16
1460,9077,50.128409,19.973662,297.5,2026-07-02 19:00:00+00:00,2026-07-02 20:00:00+00:00,7.78,9.95,11.98,1014.45,72.0,20.28,3.76,229.51
1461,9077,50.128409,19.973662,297.5,2026-07-02 20:00:00+00:00,2026-07-02 21:00:00+00:00,7.6,10.33,12.42,1014.54,74.75,18.91,4.45,238.93
1462,9077,50.128409,19.973662,297.5,2026-07-02 21:00:00+00:00,2026-07-02 22:00:00+00:00,4.15,5.93,7.05,1014.53,75.64,17.73,4.91,233.43
1463,9077,50.128409,19.973662,297.5,2026-07-02 22:00:00+00:00,2026-07-02 23:00:00+00:00,4.28,5.89,6.93,1014.47,56.31,16.85,5.75,231.19
1464,7012,50.006187,19.769005,223.38,2026-07-01 23:00:00+00:00,2026-07-02 00:00:00+00:00,8.17,13.1,15.49,1011.44,89.13,19.47,11.04,283.75
1465,7012,50.006187,19.769005,223.38,2026-07-02 00:00:00+00:00,2026-07-02 01:00:00+00:00,11.04,18.46,22.75,1011.8,90.44,19.22,11.19,288.31
1466,7012,50.006187,19.769005,223.38,2026-07-02 01:00:00+00:00,2026-07-02 02:00:00+00:00,9.5,15.98,19.29,1012.05,91.38,18.52,11.36,293.8
1467,7012,50.006187,19.769005,223.38,2026-07-02 02:00:00+00:00,2026-07-02 03:00:00+00:00,8.28,14.51,17.17,1012.5,92.38,17.6,11.09,290.18
1468,7012,50.006187,19.769005,223.38,2026-07-02 03:00:00+00:00,2026-07-02 04:00:00+00:00,8.08,14.61,17.42,1012.93,91.75,17.03,11.88,291.25
1469,7012,50.006187,19.769005,223.38,2026-07-02 04:00:00+00:00,2026-07-02 05:00:00+00:00,7.56,12.92,15.41,1013.3,91.75,16.74,11.96,294.0
1470,7012,50.006187,19.769005,223.38,2026-07-02 05:00:00+00:00,2026-07-02 06:00:00+00:00,7.67,13.55,16.19,1013.78,91.0,16.8,12.79,296.0
1471,7012,50.006187,19.769005,223.38,2026-07-02 06:00:00+00:00,2026-07-02 07:00:00+00:00,8.66,13.75,16.04,1014.34,90.25,16.65,12.68,300.0
1472,7012,50.006187,19.769005,223.38,2026-07-02 07:00:00+00:00,2026-07-02 08:00:00+00:00,6.5,9.86,11.4,1014.82,87.25,16.88,12.87,301.0
1473,7012,50.006187,19.769005,223.38,2026-07-02 08:00:00+00:00,2026-07-02 09:00:00+00:00,5.04,7.33,8.49,1015.19,82.44,17.63,11.48,306.44
1474,7012,50.006187,19.769005,223.38,2026-07-02 09:00:00+00:00,2026-07-02 10:00:00+00:00,5.23,7.82,8.93,1015.24,78.56,18.79,10.81,301.52
1475,7012,50.006187,19.769005,223.38,2026-07-02 10:00:00+00:00,2026-07-02 11:00:00+00:00,7.57,11.01,12.64,1015.11,74.81,19.94,10.59,299.17
1476,7012,50.006187,19.769005,223.38,2026-07-02 11:00:00+00:00,2026-07-02 12:00:00+00:00,6.96,10.11,11.54,1014.73,72.43,20.86,10.07,296.26
1477,7012,50.006187,19.769005,223.38,2026-07-02 12:00:00+00:00,2026-07-02 13:00:00+00:00,5.5,7.6,8.69,1014.08,62.07,22.18,8.79,296.0
1478,7012,50.006187,19.769005,223.38,2026-07-02 13:00:00+00:00,2026-07-02 14:00:00+00:00,4.81,6.75,7.74,1013.37,56.62,24.43,3.96,293.46
1479,7012,50.006187,19.769005,223.38,2026-07-02 14:00:00+00:00,2026-07-02 15:00:00+00:00,3.41,4.8,5.48,1012.96,52.08,24.35,6.47,319.77
1480,7012,50.006187,19.769005,223.38,2026-07-02 15:00:00+00:00,2026-07-02 16:00:00+00:00,3.27,4.55,5.16,1012.58,51.79,24.35,6.03,334.03
1481,7012,50.006187,19.769005,223.38,2026-07-02 16:00:00+00:00,2026-07-02 17:00:00+00:00,3.14,4.23,4.85,1012.25,52.35,24.61,4.39,326.85
1482,7012,50.006187,19.769005,223.38,2026-07-02 17:00:00+00:00,2026-07-02 18:00:00+00:00,3.15,4.11,4.65,1012.2,57.42,24.39,3.19,310.69
1483,7012,50.006187,19.769005,223.38,2026-07-02 18:00:00+00:00,2026-07-02 19:00:00+00:00,4.62,6.13,6.92,1012.24,63.85,22.74,2.75,274.86
1484,7012,50.006187,19.769005,223.38,2026-07-02 19:00:00+00:00,2026-07-02 20:00:00+00:00,6.13,8.29,9.39,1012.76,69.57,20.49,3.45,256.07
1485,7012,50.006187,19.769005,223.38,2026-07-02 20:00:00+00:00,2026-07-02 21:00:00+00:00,7.92,10.91,12.52,1012.89,74.85,18.53,3.89,249.49
1486,7012,50.006187,19.769005,223.38,2026-07-02 21:00:00+00:00,2026-07-02 22:00:00+00:00,8.29,11.7,13.42,1012.95,77.0,17.22,4.3,240.09
1487,7012,50.006187,19.769005,223.38,2026-07-02 22:00:00+00:00,2026-07-02 23:00:00+00:00,8.37,11.71,13.34,1012.94,78.06,16.3,5.08,235.09
1488,32985,50.143883,19.909424,307.05,2026-07-01 23:00:00+00:00,2026-07-02 00:00:00+00:00,7.0,10.72,12.58,1013.75,89.38,19.34,11.16,285.87
1489,32985,50.143883,19.909424,307.05,2026-07-02 00:00:00+00:00,2026-07-02 01:00:00+00:00,9.94,17.37,20.6,1014.2,90.13,18.96,11.73,288.0
1490,32985,50.143883,19.909424,307.05,2026-07-02 01:00:00+00:00,2026-07-02 02:00:00+00:00,7.66,12.7,15.14,1014.4,90.88,18.48,12.28,298.09
1491,32985,50.143883,19.909424,307.05,2026-07-02 02:00:00+00:00,2026-07-02 03:00:00+00:00,6.38,10.39,12.27,1014.9,91.63,17.56,12.18,295.85
1492,32985,50.143883,19.909424,307.05,2026-07-02 03:00:00+00:00,2026-07-02 04:00:00+00:00,7.11,11.88,13.85,1015.21,91.75,16.96,11.99,293.34
1493,32985,50.143883,19.909424,307.05,2026-07-02 04:00:00+00:00,2026-07-02 05:00:00+00:00,6.59,10.71,12.73,1015.53,91.13,16.67,12.38,297.2
1494,32985,50.143883,19.909424,307.05,2026-07-02 05:00:00+00:00,2026-07-02 06:00:00+00:00,6.27,10.44,12.36,1016.0,90.38,16.59,13.11,297.16
1495,32985,50.143883,19.909424,307.05,2026-07-02 06:00:00+00:00,2026-07-02 07:00:00+00:00,8.49,14.94,17.87,1016.44,89.0,16.55,13.79,300.36
1496,32985,50.143883,19.909424,307.05,2026-07-02 07:00:00+00:00,2026-07-02 08:00:00+00:00,7.63,11.84,13.8,1016.8,86.25,16.72,13.41,301.83
1497,32985,50.143883,19.909424,307.05,2026-07-02 08:00:00+00:00,2026-07-02 09:00:00+00:00,2.68,3.97,4.74,1017.26,82.63,17.16,12.32,303.64
1498,32985,50.143883,19.909424,307.05,2026-07-02 09:00:00+00:00,2026-07-02 10:00:00+00:00,4.64,6.6,7.84,1017.54,77.63,18.29,11.56,300.7
1499,32985,50.143883,19.909424,307.05,2026-07-02 10:00:00+00:00,2026-07-02 11:00:00+00:00,5.56,7.57,8.91,1017.45,73.62,19.31,11.37,299.17
1500,32985,50.143883,19.909424,307.05,2026-07-02 11:00:00+00:00,2026-07-02 12:00:00+00:00,5.25,7.04,8.26,1017.06,70.5,20.81,10.84,297.35
1501,32985,50.143883,19.909424,307.05,2026-07-02 12:00:00+00:00,2026-07-02 13:00:00+00:00,3.37,4.38,5.3,1016.29,66.88,22.54,9.74,298.63
1502,32985,50.143883,19.909424,307.05,2026-07-02 13:00:00+00:00,2026-07-02 14:00:00+00:00,4.26,5.12,6.0,1015.58,62.28,23.65,8.69,304.08
1503,32985,50.143883,19.909424,307.05,2026-07-02 14:00:00+00:00,2026-07-02 15:00:00+00:00,3.68,4.58,5.2,1015.21,58.76,23.99,7.91,315.88
1504,32985,50.143883,19.909424,307.05,2026-07-02 15:00:00+00:00,2026-07-02 16:00:00+00:00,3.84,4.71,5.43,1014.91,58.94,23.98,6.84,321.67
1505,32985,50.143883,19.909424,307.05,2026-07-02 16:00:00+00:00,2026-07-02 17:00:00+00:00,3.64,4.51,5.22,1014.7,59.44,23.83,4.69,323.56
1506,32985,50.143883,19.909424,307.05,2026-07-02 17:00:00+00:00,2026-07-02 18:00:00+00:00,3.28,3.95,4.61,1014.66,62.84,23.25,3.1,294.22
1507,32985,50.143883,19.909424,307.05,2026-07-02 18:00:00+00:00,2026-07-02 19:00:00+00:00,3.27,3.99,4.75,1014.72,67.69,21.92,3.07,247.62
1508,32985,50.143883,19.909424,307.05,2026-07-02 19:00:00+00:00,2026-07-02 20:00:00+00:00,3.71,4.55,5.3,1015.17,71.56,20.25,3.74,233.57
1509,32985,50.143883,19.909424,307.05,2026-07-02 20:00:00+00:00,2026-07-02 21:00:00+00:00,4.41,5.87,6.86,1015.26,74.38,18.83,4.23,238.14
1510,32985,50.143883,19.909424,307.05,2026-07-02 21:00:00+00:00,2026-07-02 22:00:00+00:00,4.14,5.53,6.52,1015.27,75.75,17.7,4.68,235.5
1511,32985,50.143883,19.909424,307.05,2026-07-02 22:00:00+00:00,2026-07-02 23:00:00+00:00,4.75,5.98,6.89,1015.2,77.31,16.71,5.53,232.43
1512,33033,50.102596,19.917511,228.5,2026-07-01 23:00:00+00:00,2026-07-02 00:00:00+00:00,7.08,10.5,12.08,1013.77,89.42,19.57,11.13,284.79
1513,33033,50.102596,19.917511,228.5,2026-07-02 00:00:00+00:00,2026-07-02 01:00:00+00:00,10.71,16.58,19.17,1014.26,90.06,19.29,11.68,288.0
1514,33033,50.102596,19.917511,228.5,2026-07-02 01:00:00+00:00,2026-07-02 02:00:00+00:00,10.75,16.39,19.14,1014.37,90.86,18.84,12.22,297.11
1515,33033,50.102596,19.917511,228.5,2026-07-02 02:00:00+00:00,2026-07-02 03:00:00+00:00,8.08,12.22,13.97,1014.79,91.56,18.17,12.2,296.27
1516,33033,50.102596,19.917511,228.5,2026-07-02 03:00:00+00:00,2026-07-02 04:00:00+00:00,7.58,11.34,13.0,1015.2,91.75,17.31,12.0,293.51
1517,33033,50.102596,19.917511,228.5,2026-07-02 04:00:00+00:00,2026-07-02 05:00:00+00:00,9.59,14.86,17.06,1015.66,91.19,16.88,12.33,296.79
1518,33033,50.102596,19.917511,228.5,2026-07-02 05:00:00+00:00,2026-07-02 06:00:00+00:00,8.3,12.99,14.96,1016.05,90.44,16.89,13.05,297.24
1519,33033,50.102596,19.917511,228.5,2026-07-02 06:00:00+00:00,2026-07-02 07:00:00+00:00,9.41,14.62,16.87,1016.56,89.13,16.79,13.73,300.04
1520,33033,50.102596,19.917511,228.5,2026-07-02 07:00:00+00:00,2026-07-02 08:00:00+00:00,8.88,12.97,14.75,1016.81,86.5,17.11,13.46,301.74
1521,33033,50.102596,19.917511,228.5,2026-07-02 08:00:00+00:00,2026-07-02 09:00:00+00:00,2.4,3.56,4.09,1017.4,83.13,17.43,12.42,303.46
1522,33033,50.102596,19.917511,228.5,2026-07-02 09:00:00+00:00,2026-07-02 10:00:00+00:00,3.95,5.87,6.85,1017.66,77.28,18.65,11.61,301.04
1523,33033,50.102596,19.917511,228.5,2026-07-02 10:00:00+00:00,2026-07-02 11:00:00+00:00,5.32,7.56,8.76,1017.59,73.94,19.62,11.37,299.25
1524,33033,50.102596,19.917511,228.5,2026-07-02 11:00:00+00:00,2026-07-02 12:00:00+00:00,5.02,7.1,8.05,1017.14,70.75,20.61,10.89,297.52
1525,33033,50.102596,19.917511,228.5,2026-07-02 12:00:00+00:00,2026-07-02 13:00:00+00:00,2.81,3.91,4.52,1016.45,66.8,21.63,9.84,298.45
1526,33033,50.102596,19.917511,228.5,2026-07-02 13:00:00+00:00,2026-07-02 14:00:00+00:00,2.69,3.72,4.3,1015.73,62.08,22.69,8.69,304.08
1527,33033,50.102596,19.917511,228.5,2026-07-02 14:00:00+00:00,2026-07-02 15:00:00+00:00,3.32,4.58,5.37,1015.27,59.66,23.48,7.95,314.84
1528,33033,50.102596,19.917511,228.5,2026-07-02 15:00:00+00:00,2026-07-02 16:00:00+00:00,3.45,4.79,5.59,1014.93,60.01,23.79,7.04,320.85
1529,33033,50.102596,19.917511,228.5,2026-07-02 16:00:00+00:00,2026-07-02 17:00:00+00:00,3.3,4.47,5.24,1014.65,59.99,23.82,4.85,324.79
1530,33033,50.102596,19.917511,228.5,2026-07-02 17:00:00+00:00,2026-07-02 18:00:00+00:00,2.99,4.14,4.86,1014.6,62.97,23.28,3.18,298.24
1531,33033,50.102596,19.917511,228.5,2026-07-02 18:00:00+00:00,2026-07-02 19:00:00+00:00,2.92,4.04,4.77,1014.65,67.79,21.96,3.04,250.63
1532,33033,50.102596,19.917511,228.5,2026-07-02 19:00:00+00:00,2026-07-02 20:00:00+00:00,3.95,5.5,6.67,1015.18,71.25,20.23,3.69,232.7
1533,33033,50.102596,19.917511,228.5,2026-07-02 20:00:00+00:00,2026-07-02 21:00:00+00:00,5.37,7.5,8.8,1015.37,74.25,18.8,4.21,238.3
1534,33033,50.102596,19.917511,228.5,2026-07-02 21:00:00+00:00,2026-07-02 22:00:00+00:00,5.38,7.59,8.84,1015.44,75.8,17.56,4.68,235.5
1535,33033,50.102596,19.917511,228.5,2026-07-02 22:00:00+00:00,2026-07-02 23:00:00+00:00,5.42,7.46,8.7,1015.41,77.13,16.69,5.44,232.62
1536,18512,49.992088,20.104929,265.63,2026-07-01 23:00:00+00:00,2026-07-02 00:00:00+00:00,6.06,9.22,10.85,1011.78,66.02,19.19,12.62,291.74
1537,18512,49.992088,20.104929,265.63,2026-07-02 00:00:00+00:00,2026-07-02 01:00:00+00:00,6.79,10.06,11.71,1011.73,82.32,18.7,13.04,295.34
1538,18512,49.992088,20.104929,265.63,2026-07-02 01:00:00+00:00,2026-07-02 02:00:00+00:00,9.47,15.0,17.82,1012.15,83.14,18.12,12.87,301.28
1539,18512,49.992088,20.104929,265.63,2026-07-02 02:00:00+00:00,2026-07-02 03:00:00+00:00,10.57,17.28,21.15,1014.34,76.47,17.61,12.23,301.17
1540,18512,49.992088,20.104929,265.63,2026-07-02 03:00:00+00:00,2026-07-02 04:00:00+00:00,7.25,11.41,13.52,1014.17,72.89,16.96,12.21,299.6
1541,18512,49.992088,20.104929,265.63,2026-07-02 04:00:00+00:00,2026-07-02 05:00:00+00:00,7.01,11.1,13.11,1013.61,91.44,16.49,12.89,298.81
1542,18512,49.992088,20.104929,265.63,2026-07-02 05:00:00+00:00,2026-07-02 06:00:00+00:00,8.9,14.46,17.0,1013.94,85.15,16.34,13.89,301.02
1543,18512,49.992088,20.104929,265.63,2026-07-02 06:00:00+00:00,2026-07-02 07:00:00+00:00,7.4,12.08,14.28,1014.38,76.46,16.23,14.78,303.51
1544,18512,49.992088,20.104929,265.63,2026-07-02 07:00:00+00:00,2026-07-02 08:00:00+00:00,9.4,15.19,17.94,1015.05,82.66,16.52,14.63,306.41
1545,18512,49.992088,20.104929,265.63,2026-07-02 08:00:00+00:00,2026-07-02 09:00:00+00:00,7.19,11.17,12.95,1016.91,68.02,16.74,13.58,308.04
1546,18512,49.992088,20.104929,265.63,2026-07-02 09:00:00+00:00,2026-07-02 10:00:00+00:00,2.39,3.74,4.48,1016.87,55.77,17.41,12.63,305.55
1547,18512,49.992088,20.104929,265.63,2026-07-02 10:00:00+00:00,2026-07-02 11:00:00+00:00,5.29,7.92,9.34,1017.29,51.86,19.14,12.32,303.5
1548,18512,49.992088,20.104929,265.63,2026-07-02 11:00:00+00:00,2026-07-02 12:00:00+00:00,6.43,9.28,10.78,1018.24,71.5,20.85,12.15,303.49
1549,18512,49.992088,20.104929,265.63,2026-07-02 12:00:00+00:00,2026-07-02 13:00:00+00:00,5.56,7.61,8.81,1019.06,68.88,23.66,7.86,290.21
1550,18512,49.992088,20.104929,265.63,2026-07-02 13:00:00+00:00,2026-07-02 14:00:00+00:00,3.92,5.4,6.38,1018.86,66.25,23.98,6.77,293.24
1551,18512,49.992088,20.104929,265.63,2026-07-02 14:00:00+00:00,2026-07-02 15:00:00+00:00,2.63,3.76,4.37,1019.37,64.13,23.23,9.51,312.93
1552,18512,49.992088,20.104929,265.63,2026-07-02 15:00:00+00:00,2026-07-02 16:00:00+00:00,2.83,4.01,4.7,1018.98,63.25,23.68,8.02,317.07
1553,18512,49.992088,20.104929,265.63,2026-07-02 16:00:00+00:00,2026-07-02 17:00:00+00:00,3.3,4.57,5.44,1017.66,63.25,23.39,5.86,322.18
1554,18512,49.992088,20.104929,265.63,2026-07-02 17:00:00+00:00,2026-07-02 18:00:00+00:00,3.25,4.63,5.48,1016.79,64.75,22.78,3.76,309.84
1555,18512,49.992088,20.104929,265.63,2026-07-02 18:00:00+00:00,2026-07-02 19:00:00+00:00,4.58,6.57,7.8,1015.41,68.75,21.24,4.12,250.52
1556,18512,49.992088,20.104929,265.63,2026-07-02 19:00:00+00:00,2026-07-02 20:00:00+00:00,5.49,7.74,9.21,1015.24,71.75,19.59,5.01,230.46
1557,18512,49.992088,20.104929,265.63,2026-07-02 20:00:00+00:00,2026-07-02 21:00:00+00:00,5.73,8.11,9.49,1015.13,74.13,18.43,5.58,232.22
1558,18512,49.992088,20.104929,265.63,2026-07-02 21:00:00+00:00,2026-07-02 22:00:00+00:00,5.89,8.35,9.82,1014.9,75.81,17.4,5.87,230.26
1559,18512,49.992088,20.104929,265.63,2026-07-02 22:00:00+00:00,2026-07-02 23:00:00+00:00,6.16,8.56,9.92,1014.59,77.69,16.65,6.15,231.0
1560,18768,50.109742,19.833999,224.54,2026-07-01 23:00:00+00:00,2026-07-02 00:00:00+00:00,8.54,12.27,14.06,1013.52,89.63,19.13,10.99,282.93
1561,18768,50.109742,19.833999,224.54,2026-07-02 00:00:00+00:00,2026-07-02 01:00:00+00:00,11.43,17.47,21.2,1013.94,90.25,18.8,11.36,289.94
1562,18768,50.109742,19.833999,224.54,2026-07-02 01:00:00+00:00,2026-07-02 02:00:00+00:00,8.7,13.31,15.14,1014.24,90.69,18.29,11.61,294.35
1563,18768,50.109742,19.833999,224.54,2026-07-02 02:00:00+00:00,2026-07-02 03:00:00+00:00,6.74,10.23,11.61,1014.84,91.44,17.29,11.63,291.35
1564,18768,50.109742,19.833999,224.54,2026-07-02 03:00:00+00:00,2026-07-02 04:00:00+00:00,7.64,11.37,12.93,1015.14,91.75,16.62,11.79,290.95
1565,18768,50.109742,19.833999,224.54,2026-07-02 04:00:00+00:00,2026-07-02 05:00:00+00:00,9.1,13.97,15.83,1015.46,91.31,16.4,12.24,295.38
1566,18768,50.109742,19.833999,224.54,2026-07-02 05:00:00+00:00,2026-07-02 06:00:00+00:00,7.88,11.73,13.35,1015.9,90.56,16.34,12.76,296.41
1567,18768,50.109742,19.833999,224.54,2026-07-02 06:00:00+00:00,2026-07-02 07:00:00+00:00,10.63,15.86,18.6,1016.31,89.5,16.48,12.91,297.49
1568,18768,50.109742,19.833999,224.54,2026-07-02 07:00:00+00:00,2026-07-02 08:00:00+00:00,6.03,8.4,9.45,1016.79,86.87,16.67,12.54,299.97
1569,18768,50.109742,19.833999,224.54,2026-07-02 08:00:00+00:00,2026-07-02 09:00:00+00:00,3.23,4.27,4.85,1017.29,82.75,17.15,11.86,301.0
1570,18768,50.109742,19.833999,224.54,2026-07-02 09:00:00+00:00,2026-07-02 10:00:00+00:00,4.9,6.59,7.54,1017.25,78.25,18.62,11.14,299.55
1571,18768,50.109742,19.833999,224.54,2026-07-02 10:00:00+00:00,2026-07-02 11:00:00+00:00,5.75,7.53,8.54,1017.06,74.5,19.89,10.6,294.56
1572,18768,50.109742,19.833999,224.54,2026-07-02 11:00:00+00:00,2026-07-02 12:00:00+00:00,3.76,4.82,5.43,1016.7,71.87,20.9,9.85,291.0
1573,18768,50.109742,19.833999,224.54,2026-07-02 12:00:00+00:00,2026-07-02 13:00:00+00:00,3.24,3.94,4.44,1015.94,65.57,24.02,5.49,278.65
1574,18768,50.109742,19.833999,224.54,2026-07-02 13:00:00+00:00,2026-07-02 14:00:00+00:00,2.7,3.58,4.09,1015.06,61.51,26.64,4.35,292.87
1575,18768,50.109742,19.833999,224.54,2026-07-02 14:00:00+00:00,2026-07-02 15:00:00+00:00,3.19,4.04,4.6,1014.66,59.48,26.48,7.5,316.87
1576,18768,50.109742,19.833999,224.54,2026-07-02 15:00:00+00:00,2026-07-02 16:00:00+00:00,3.44,4.27,4.87,1014.39,57.4,26.06,6.27,328.39
1577,18768,50.109742,19.833999,224.54,2026-07-02 16:00:00+00:00,2026-07-02 17:00:00+00:00,2.73,3.45,3.94,1014.02,59.47,26.65,4.47,328.45
1578,18768,50.109742,19.833999,224.54,2026-07-02 17:00:00+00:00,2026-07-02 18:00:00+00:00,2.62,3.32,3.82,1014.12,62.65,25.04,3.16,302.2
1579,18768,50.109742,19.833999,224.54,2026-07-02 18:00:00+00:00,2026-07-02 19:00:00+00:00,4.32,5.29,6.08,1014.38,68.57,22.46,2.89,268.27
1580,18768,50.109742,19.833999,224.54,2026-07-02 19:00:00+00:00,2026-07-02 20:00:00+00:00,4.08,5.29,6.09,1014.96,72.13,20.35,3.48,254.36
1581,18768,50.109742,19.833999,224.54,2026-07-02 20:00:00+00:00,2026-07-02 21:00:00+00:00,5.13,6.54,7.41,1015.16,74.25,18.63,3.97,251.92
1582,18768,50.109742,19.833999,224.54,2026-07-02 21:00:00+00:00,2026-07-02 22:00:00+00:00,5.42,7.19,8.17,1015.22,76.63,17.19,4.35,241.8
1583,18768,50.109742,19.833999,224.54,2026-07-02 22:00:00+00:00,2026-07-02 23:00:00+00:00,6.16,8.03,9.2,1015.17,78.13,16.12,5.07,235.3
1584,11958,50.162285,19.946915,340.11,2026-07-01 23:00:00+00:00,2026-07-02 00:00:00+00:00,10.04,14.32,16.86,1013.57,89.01,18.61,10.94,285.51
1585,11958,50.162285,19.946915,340.11,2026-07-02 00:00:00+00:00,2026-07-02 01:00:00+00:00,14.68,21.43,26.93,1013.91,89.91,18.26,11.7,290.53
1586,11958,50.162285,19.946915,340.11,2026-07-02 01:00:00+00:00,2026-07-02 02:00:00+00:00,14.29,20.14,24.94,1014.14,90.81,17.8,12.3,298.59
1587,11958,50.162285,19.946915,340.11,2026-07-02 02:00:00+00:00,2026-07-02 03:00:00+00:00,11.77,15.94,19.66,1014.49,91.5,17.01,11.74,292.57
1588,11958,50.162285,19.946915,340.11,2026-07-02 03:00:00+00:00,2026-07-02 04:00:00+00:00,10.01,14.97,17.41,1014.83,91.63,16.43,11.56,289.38
1589,11958,50.162285,19.946915,340.11,2026-07-02 04:00:00+00:00,2026-07-02 05:00:00+00:00,7.85,11.69,13.52,1015.23,90.88,16.02,12.15,296.18
1590,11958,50.162285,19.946915,340.11,2026-07-02 05:00:00+00:00,2026-07-02 06:00:00+00:00,7.91,11.59,13.36,1015.78,90.09,15.85,12.91,297.53
1591,11958,50.162285,19.946915,340.11,2026-07-02 06:00:00+00:00,2026-07-02 07:00:00+00:00,11.03,16.95,20.08,1016.18,89.3,15.9,13.69,300.18
1592,11958,50.162285,19.946915,340.11,2026-07-02 07:00:00+00:00,2026-07-02 08:00:00+00:00,9.24,13.13,15.08,1016.37,86.94,16.18,13.53,301.93
1593,11958,50.162285,19.946915,340.11,2026-07-02 08:00:00+00:00,2026-07-02 09:00:00+00:00,4.6,6.0,6.86,1016.93,82.5,16.72,11.88,301.0
1594,11958,50.162285,19.946915,340.11,2026-07-02 09:00:00+00:00,2026-07-02 10:00:00+00:00,5.38,6.91,7.97,1017.22,77.12,18.14,11.15,301.0
1595,11958,50.162285,19.946915,340.11,2026-07-02 10:00:00+00:00,2026-07-02 11:00:00+00:00,4.95,6.02,6.89,1017.08,70.4,19.55,11.19,298.0
1596,11958,50.162285,19.946915,340.11,2026-07-02 11:00:00+00:00,2026-07-02 12:00:00+00:00,4.24,5.18,6.02,1016.71,65.76,20.5,10.41,295.38
1597,11958,50.162285,19.946915,340.11,2026-07-02 12:00:00+00:00,2026-07-02 13:00:00+00:00,3.28,3.83,4.39,1015.87,60.99,25.5,6.2,281.65
1598,11958,50.162285,19.946915,340.11,2026-07-02 13:00:00+00:00,2026-07-02 14:00:00+00:00,2.43,2.84,3.27,1014.99,56.45,28.67,3.91,286.24
1599,11958,50.162285,19.946915,340.11,2026-07-02 14:00:00+00:00,2026-07-02 15:00:00+00:00,3.52,4.12,4.72,1014.65,52.51,26.3,7.71,313.98
1600,11958,50.162285,19.946915,340.11,2026-07-02 15:00:00+00:00,2026-07-02 16:00:00+00:00,3.59,4.19,4.82,1014.44,51.3,25.57,6.9,322.14
1601,11958,50.162285,19.946915,340.11,2026-07-02 16:00:00+00:00,2026-07-02 17:00:00+00:00,3.27,3.81,4.37,1014.17,52.8,26.43,4.52,329.43
1602,11958,50.162285,19.946915,340.11,2026-07-02 17:00:00+00:00,2026-07-02 18:00:00+00:00,2.92,3.37,3.84,1014.11,56.07,25.49,3.02,297.46
1603,11958,50.162285,19.946915,340.11,2026-07-02 18:00:00+00:00,2026-07-02 19:00:00+00:00,3.49,4.02,4.62,1014.19,59.85,23.43,3.04,248.93
1604,11958,50.162285,19.946915,340.11,2026-07-02 19:00:00+00:00,2026-07-02 20:00:00+00:00,4.17,4.98,5.72,1014.76,63.02,20.53,3.72,235.35
1605,11958,50.162285,19.946915,340.11,2026-07-02 20:00:00+00:00,2026-07-02 21:00:00+00:00,7.72,8.99,10.68,1014.94,66.16,18.72,4.36,238.5
1606,11958,50.162285,19.946915,340.11,2026-07-02 21:00:00+00:00,2026-07-02 22:00:00+00:00,14.24,16.52,20.14,1014.88,68.74,17.39,4.53,236.44
1607,11958,50.162285,19.946915,340.11,2026-07-02 22:00:00+00:00,2026-07-02 23:00:00+00:00,16.99,19.61,24.42,1014.69,70.49,16.62,5.09,235.0
1608,2827,50.182739,19.977823,252.74,2026-07-01 23:00:00+00:00,2026-07-02 00:00:00+00:00,9.71,13.74,16.02,1015.2,89.25,19.3,11.32,285.42
1609,2827,50.182739,19.977823,252.74,2026-07-02 00:00:00+00:00,2026-07-02 01:00:00+00:00,11.95,17.78,21.25,1015.63,89.94,18.98,11.84,291.38
1610,2827,50.182739,19.977823,252.74,2026-07-02 01:00:00+00:00,2026-07-02 02:00:00+00:00,10.92,16.66,19.84,1016.02,90.25,18.6,12.08,298.84
1611,2827,50.182739,19.977823,252.74,2026-07-02 02:00:00+00:00,2026-07-02 03:00:00+00:00,9.2,13.8,16.19,1016.41,90.44,17.98,12.01,300.31
1612,2827,50.182739,19.977823,252.74,2026-07-02 03:00:00+00:00,2026-07-02 04:00:00+00:00,8.62,12.45,14.49,1016.64,91.0,17.03,11.92,293.29
1613,2827,50.182739,19.977823,252.74,2026-07-02 04:00:00+00:00,2026-07-02 05:00:00+00:00,7.49,10.92,12.76,1017.0,90.81,16.65,12.56,297.79
1614,2827,50.182739,19.977823,252.74,2026-07-02 05:00:00+00:00,2026-07-02 06:00:00+00:00,6.49,9.24,10.75,1017.42,90.06,16.56,13.62,300.8
1615,2827,50.182739,19.977823,252.74,2026-07-02 06:00:00+00:00,2026-07-02 07:00:00+00:00,10.84,16.87,20.21,1017.82,89.31,16.63,14.55,302.75
1616,2827,50.182739,19.977823,252.74,2026-07-02 07:00:00+00:00,2026-07-02 08:00:00+00:00,9.94,14.0,16.18,1018.14,87.63,16.95,14.16,302.0
1617,2827,50.182739,19.977823,252.74,2026-07-02 08:00:00+00:00,2026-07-02 09:00:00+00:00,5.01,6.52,7.52,1018.64,83.25,17.5,12.92,302.0
1618,2827,50.182739,19.977823,252.74,2026-07-02 09:00:00+00:00,2026-07-02 10:00:00+00:00,4.94,6.25,7.19,1018.93,77.75,18.66,11.87,301.51
1619,2827,50.182739,19.977823,252.74,2026-07-02 10:00:00+00:00,2026-07-02 11:00:00+00:00,3.8,4.82,5.6,1018.82,74.63,20.19,11.61,298.84
1620,2827,50.182739,19.977823,252.74,2026-07-02 11:00:00+00:00,2026-07-02 12:00:00+00:00,4.78,6.0,6.9,1018.5,52.26,20.91,10.98,297.85
1621,2827,50.182739,19.977823,252.74,2026-07-02 12:00:00+00:00,2026-07-02 13:00:00+00:00,3.78,4.78,5.44,1017.85,42.55,21.67,10.06,297.93
1622,2827,50.182739,19.977823,252.74,2026-07-02 13:00:00+00:00,2026-07-02 14:00:00+00:00,3.19,4.11,4.71,1017.17,39.68,22.8,9.37,304.7
1623,2827,50.182739,19.977823,252.74,2026-07-02 14:00:00+00:00,2026-07-02 15:00:00+00:00,3.91,4.9,5.63,1016.82,37.81,23.62,9.4,314.03
1624,2827,50.182739,19.977823,252.74,2026-07-02 15:00:00+00:00,2026-07-02 16:00:00+00:00,3.91,4.83,5.55,1016.55,37.8,23.89,8.14,320.06
1625,2827,50.182739,19.977823,252.74,2026-07-02 16:00:00+00:00,2026-07-02 17:00:00+00:00,4.04,4.89,5.58,1016.28,37.87,23.97,5.66,322.46
1626,2827,50.182739,19.977823,252.74,2026-07-02 17:00:00+00:00,2026-07-02 18:00:00+00:00,3.42,4.14,4.78,1016.25,38.99,25.29,3.48,342.66
1627,2827,50.182739,19.977823,252.74,2026-07-02 18:00:00+00:00,2026-07-02 19:00:00+00:00,4.08,4.89,5.6,1016.32,42.78,23.7,3.66,227.17
1628,2827,50.182739,19.977823,252.74,2026-07-02 19:00:00+00:00,2026-07-02 20:00:00+00:00,5.65,6.92,7.97,1016.79,58.91,20.31,3.86,229.98
1629,2827,50.182739,19.977823,252.74,2026-07-02 20:00:00+00:00,2026-07-02 21:00:00+00:00,6.11,7.49,8.68,1016.89,74.5,18.52,4.55,239.0
1630,2827,50.182739,19.977823,252.74,2026-07-02 21:00:00+00:00,2026-07-02 22:00:00+00:00,6.43,7.95,9.17,1016.84,76.0,17.24,5.64,232.0
1631,2827,50.182739,19.977823,252.74,2026-07-02 22:00:00+00:00,2026-07-02 23:00:00+00:00,7.1,8.66,9.97,1016.76,77.5,16.13,5.72,231.0
1632,18410,50.071128,19.892226,205.7,2026-07-01 23:00:00+00:00,2026-07-02 00:00:00+00:00,,,,,,,,
1633,18410,50.071128,19.892226,205.7,2026-07-02 00:00:00+00:00,2026-07-02 01:00:00+00:00,,,,,,,,
1634,18410,50.071128,19.892226,205.7,2026-07-02 01:00:00+00:00,2026-07-02 02:00:00+00:00,,,,,,,,
1635,18410,50.071128,19.892226,205.7,2026-07-02 02:00:00+00:00,2026-07-02 03:00:00+00:00,,,,,,,,
1636,18410,50.071128,19.892226,205.7,2026-07-02 03:00:00+00:00,2026-07-02 04:00:00+00:00,,,,,,,,
1637,18410,50.071128,19.892226,205.7,2026-07-02 04:00:00+00:00,2026-07-02 05:00:00+00:00,,,,,,,,
1638,18410,50.071128,19.892226,205.7,2026-07-02 05:00:00+00:00,2026-07-02 06:00:00+00:00,,,,,,,,
1639,18410,50.071128,19.892226,205.7,2026-07-02 06:00:00+00:00,2026-07-02 07:00:00+00:00,,,,,,,,
1640,18410,50.071128,19.892226,205.7,2026-07-02 07:00:00+00:00,2026-07-02 08:00:00+00:00,,,,,,,,
1641,18410,50.071128,19.892226,205.7,2026-07-02 08:00:00+00:00,2026-07-02 09:00:00+00:00,,,,,,,,
1642,18410,50.071128,19.892226,205.7,2026-07-02 09:00:00+00:00,2026-07-02 10:00:00+00:00,,,,,,,,
1643,18410,50.071128,19.892226,205.7,2026-07-02 10:00:00+00:00,2026-07-02 11:00:00+00:00,,,,,,,,
1644,18410,50.071128,19.892226,205.7,2026-07-02 11:00:00+00:00,2026-07-02 12:00:00+00:00,,,,,,,,
1645,18410,50.071128,19.892226,205.7,2026-07-02 12:00:00+00:00,2026-07-02 13:00:00+00:00,,,,,,,,
1646,18410,50.071128,19.892226,205.7,2026-07-02 13:00:00+00:00,2026-07-02 14:00:00+00:00,,,,,,,,
1647,18410,50.071128,19.892226,205.7,2026-07-02 14:00:00+00:00,2026-07-02 15:00:00+00:00,,,,,,,,
1648,18410,50.071128,19.892226,205.7,2026-07-02 15:00:00+00:00,2026-07-02 16:00:00+00:00,,,,,,,,
1649,18410,50.071128,19.892226,205.7,2026-07-02 16:00:00+00:00,2026-07-02 17:00:00+00:00,,,,,,,,
1650,18410,50.071128,19.892226,205.7,2026-07-02 17:00:00+00:00,2026-07-02 18:00:00+00:00,,,,,,,,
1651,18410,50.071128,19.892226,205.7,2026-07-02 18:00:00+00:00,2026-07-02 19:00:00+00:00,,,,,,,,
1652,18410,50.071128,19.892226,205.7,2026-07-02 19:00:00+00:00,2026-07-02 20:00:00+00:00,,,,,,,,
1653,18410,50.071128,19.892226,205.7,2026-07-02 20:00:00+00:00,2026-07-02 21:00:00+00:00,,,,,,,,
1654,18410,50.071128,19.892226,205.7,2026-07-02 21:00:00+00:00,2026-07-02 22:00:00+00:00,,,,,,,,
1655,18410,50.071128,19.892226,205.7,2026-07-02 22:00:00+00:00,2026-07-02 23:00:00+00:00,,,,,,,,
1656,18506,49.98436,20.066578,251.23,2026-07-01 23:00:00+00:00,2026-07-02 00:00:00+00:00,7.61,9.55,10.99,1013.87,89.31,19.66,12.67,292.31
1657,18506,49.98436,20.066578,251.23,2026-07-02 00:00:00+00:00,2026-07-02 01:00:00+00:00,9.04,11.64,13.31,1014.16,90.0,19.2,13.04,295.34
1658,18506,49.98436,20.066578,251.23,2026-07-02 01:00:00+00:00,2026-07-02 02:00:00+00:00,12.15,16.84,19.85,1014.41,90.25,18.62,12.87,301.28
1659,18506,49.98436,20.066578,251.23,2026-07-02 02:00:00+00:00,2026-07-02 03:00:00+00:00,12.37,17.38,20.38,1014.57,90.75,18.23,12.15,300.75
1660,18506,49.98436,20.066578,251.23,2026-07-02 03:00:00+00:00,2026-07-02 04:00:00+00:00,8.99,11.84,13.44,1014.8,91.0,17.71,12.26,299.68
1661,18506,49.98436,20.066578,251.23,2026-07-02 04:00:00+00:00,2026-07-02 05:00:00+00:00,7.65,10.0,11.52,1015.36,91.5,17.26,12.95,298.64
1662,18506,49.98436,20.066578,251.23,2026-07-02 05:00:00+00:00,2026-07-02 06:00:00+00:00,10.13,13.58,15.48,1015.87,91.31,17.12,13.89,301.02
1663,18506,49.98436,20.066578,251.23,2026-07-02 06:00:00+00:00,2026-07-02 07:00:00+00:00,9.08,11.95,13.63,1016.34,89.69,16.98,14.84,303.6
1664,18506,49.98436,20.066578,251.23,2026-07-02 07:00:00+00:00,2026-07-02 08:00:00+00:00,11.17,14.7,16.89,1016.74,86.56,17.22,14.54,306.83
1665,18506,49.98436,20.066578,251.23,2026-07-02 08:00:00+00:00,2026-07-02 09:00:00+00:00,7.09,8.76,10.04,1017.21,84.13,17.39,13.49,307.87
1666,18506,49.98436,20.066578,251.23,2026-07-02 09:00:00+00:00,2026-07-02 10:00:00+00:00,3.98,4.77,5.53,1017.62,80.0,18.28,12.56,305.3
1667,18506,49.98436,20.066578,251.23,2026-07-02 10:00:00+00:00,2026-07-02 11:00:00+00:00,8.24,10.03,11.49,1017.5,75.25,19.56,12.32,303.5
1668,18506,49.98436,20.066578,251.23,2026-07-02 11:00:00+00:00,2026-07-02 12:00:00+00:00,8.34,9.91,11.42,1017.13,71.5,20.92,12.15,303.49
1669,18506,49.98436,20.066578,251.23,2026-07-02 12:00:00+00:00,2026-07-02 13:00:00+00:00,6.78,7.87,8.98,1016.55,68.88,23.64,7.86,290.21
1670,18506,49.98436,20.066578,251.23,2026-07-02 13:00:00+00:00,2026-07-02 14:00:00+00:00,5.19,6.06,6.92,1015.77,65.73,24.24,6.77,293.24
1671,18506,49.98436,20.066578,251.23,2026-07-02 14:00:00+00:00,2026-07-02 15:00:00+00:00,3.88,4.52,5.21,1015.25,62.69,23.36,9.41,313.35
1672,18506,49.98436,20.066578,251.23,2026-07-02 15:00:00+00:00,2026-07-02 16:00:00+00:00,4.1,4.71,5.43,1014.91,61.76,23.61,7.85,317.31
1673,18506,49.98436,20.066578,251.23,2026-07-02 16:00:00+00:00,2026-07-02 17:00:00+00:00,4.56,5.24,6.02,1014.64,62.17,23.46,5.86,322.18
1674,18506,49.98436,20.066578,251.23,2026-07-02 17:00:00+00:00,2026-07-02 18:00:00+00:00,5.22,6.03,6.88,1014.59,64.84,22.96,3.65,304.04
1675,18506,49.98436,20.066578,251.23,2026-07-02 18:00:00+00:00,2026-07-02 19:00:00+00:00,6.72,8.01,9.23,1014.63,68.75,21.72,4.12,250.52
1676,18506,49.98436,20.066578,251.23,2026-07-02 19:00:00+00:00,2026-07-02 20:00:00+00:00,7.42,8.84,10.1,1015.18,71.75,20.02,5.01,230.46
1677,18506,49.98436,20.066578,251.23,2026-07-02 20:00:00+00:00,2026-07-02 21:00:00+00:00,7.84,9.36,10.68,1015.22,74.25,18.71,5.6,231.97
1678,18506,49.98436,20.066578,251.23,2026-07-02 21:00:00+00:00,2026-07-02 22:00:00+00:00,7.91,9.39,10.73,1015.27,76.0,17.72,5.89,230.34
1679,18506,49.98436,20.066578,251.23,2026-07-02 22:00:00+00:00,2026-07-02 23:00:00+00:00,8.17,9.63,10.98,1015.19,77.75,16.98,6.17,231.0
1680,7683,50.139077,19.926778,255.72,2026-07-01 23:00:00+00:00,2026-07-02 00:00:00+00:00,7.98,12.39,14.27,1013.56,89.38,18.93,11.16,285.87
1681,7683,50.139077,19.926778,255.72,2026-07-02 00:00:00+00:00,2026-07-02 01:00:00+00:00,11.41,18.58,22.2,1013.93,90.13,18.61,11.73,288.0
1682,7683,50.139077,19.926778,255.72,2026-07-02 01:00:00+00:00,2026-07-02 02:00:00+00:00,9.15,15.06,17.36,1014.11,90.88,18.04,12.28,298.09
1683,7683,50.139077,19.926778,255.72,2026-07-02 02:00:00+00:00,2026-07-02 03:00:00+00:00,6.98,11.14,12.77,1014.7,91.63,17.26,12.18,295.85
1684,7683,50.139077,19.926778,255.72,2026-07-02 03:00:00+00:00,2026-07-02 04:00:00+00:00,8.01,13.21,15.19,1015.04,91.75,16.54,11.99,293.34
1685,7683,50.139077,19.926778,255.72,2026-07-02 04:00:00+00:00,2026-07-02 05:00:00+00:00,6.87,11.1,12.71,1015.4,91.13,16.28,12.38,297.2
1686,7683,50.139077,19.926778,255.72,2026-07-02 05:00:00+00:00,2026-07-02 06:00:00+00:00,7.4,12.11,14.14,1015.94,90.38,16.09,13.11,297.16
1687,7683,50.139077,19.926778,255.72,2026-07-02 06:00:00+00:00,2026-07-02 07:00:00+00:00,9.7,16.04,18.93,1016.28,89.0,16.18,13.79,300.36
1688,7683,50.139077,19.926778,255.72,2026-07-02 07:00:00+00:00,2026-07-02 08:00:00+00:00,8.16,12.64,14.43,1016.46,86.25,16.57,13.41,301.83
1689,7683,50.139077,19.926778,255.72,2026-07-02 08:00:00+00:00,2026-07-02 09:00:00+00:00,3.28,4.96,5.7,1017.21,82.36,16.82,12.32,303.64
1690,7683,50.139077,19.926778,255.72,2026-07-02 09:00:00+00:00,2026-07-02 10:00:00+00:00,4.26,6.25,7.23,1017.33,77.63,18.43,11.56,300.7
1691,7683,50.139077,19.926778,255.72,2026-07-02 10:00:00+00:00,2026-07-02 11:00:00+00:00,4.88,6.95,8.01,1017.1,73.63,19.96,11.37,299.17
1692,7683,50.139077,19.926778,255.72,2026-07-02 11:00:00+00:00,2026-07-02 12:00:00+00:00,3.71,5.14,5.93,1016.54,70.5,21.86,10.84,297.35
1693,7683,50.139077,19.926778,255.72,2026-07-02 12:00:00+00:00,2026-07-02 13:00:00+00:00,2.74,3.75,4.27,1015.74,66.88,23.88,9.74,298.63
1694,7683,50.139077,19.926778,255.72,2026-07-02 13:00:00+00:00,2026-07-02 14:00:00+00:00,2.39,3.35,3.76,1014.95,63.75,25.65,8.61,304.71
1695,7683,50.139077,19.926778,255.72,2026-07-02 14:00:00+00:00,2026-07-02 15:00:00+00:00,2.99,3.98,4.55,1014.58,61.38,26.26,7.91,315.88
1696,7683,50.139077,19.926778,255.72,2026-07-02 15:00:00+00:00,2026-07-02 16:00:00+00:00,3.07,4.14,4.75,1014.28,61.31,26.05,6.84,321.67
1697,7683,50.139077,19.926778,255.72,2026-07-02 16:00:00+00:00,2026-07-02 17:00:00+00:00,3.06,4.23,4.92,1014.17,62.38,24.96,4.69,323.56
1698,7683,50.139077,19.926778,255.72,2026-07-02 17:00:00+00:00,2026-07-02 18:00:00+00:00,3.04,4.07,4.86,1014.02,64.81,25.31,3.1,294.22
1699,7683,50.139077,19.926778,255.72,2026-07-02 18:00:00+00:00,2026-07-02 19:00:00+00:00,3.08,4.12,4.91,1014.32,68.25,22.12,3.07,247.62
1700,7683,50.139077,19.926778,255.72,2026-07-02 19:00:00+00:00,2026-07-02 20:00:00+00:00,3.76,5.18,6.06,1014.98,71.56,19.7,3.74,233.57
1701,7683,50.139077,19.926778,255.72,2026-07-02 20:00:00+00:00,2026-07-02 21:00:00+00:00,4.81,6.57,7.66,1015.2,74.1,17.97,4.23,238.14
1702,7683,50.139077,19.926778,255.72,2026-07-02 21:00:00+00:00,2026-07-02 22:00:00+00:00,6.37,8.9,10.36,1015.25,75.4,16.72,4.76,235.15
1703,7683,50.139077,19.926778,255.72,2026-07-02 22:00:00+00:00,2026-07-02 23:00:00+00:00,6.32,8.74,10.12,1015.25,76.64,15.79,5.53,232.43
1704,32810,50.155872,20.02762,286.45,2026-07-01 23:00:00+00:00,2026-07-02 00:00:00+00:00,8.66,12.21,15.12,1013.01,64.47,19.3,11.29,284.5
1705,32810,50.155872,20.02762,286.45,2026-07-02 00:00:00+00:00,2026-07-02 01:00:00+00:00,11.44,16.85,21.01,1013.42,65.23,18.96,11.84,291.38
1706,32810,50.155872,20.02762,286.45,2026-07-02 01:00:00+00:00,2026-07-02 02:00:00+00:00,10.22,15.2,18.99,1013.61,65.55,18.57,12.08,298.84
1707,32810,50.155872,20.02762,286.45,2026-07-02 02:00:00+00:00,2026-07-02 03:00:00+00:00,9.74,14.66,18.6,1013.98,65.74,18.01,12.01,300.31
1708,32810,50.155872,20.02762,286.45,2026-07-02 03:00:00+00:00,2026-07-02 04:00:00+00:00,8.21,12.25,15.29,1014.29,66.3,17.05,11.92,293.29
1709,32810,50.155872,20.02762,286.45,2026-07-02 04:00:00+00:00,2026-07-02 05:00:00+00:00,7.71,11.32,14.02,1014.75,66.11,16.7,12.56,297.79
1710,32810,50.155872,20.02762,286.45,2026-07-02 05:00:00+00:00,2026-07-02 06:00:00+00:00,6.58,9.49,11.92,1015.19,65.42,16.51,13.52,300.54
1711,32810,50.155872,20.02762,286.45,2026-07-02 06:00:00+00:00,2026-07-02 07:00:00+00:00,9.05,13.84,17.95,1015.62,64.67,16.55,14.55,302.83
1712,32810,50.155872,20.02762,286.45,2026-07-02 07:00:00+00:00,2026-07-02 08:00:00+00:00,9.41,13.64,16.9,1015.9,63.3,16.68,14.28,302.0
1713,32810,50.155872,20.02762,286.45,2026-07-02 08:00:00+00:00,2026-07-02 09:00:00+00:00,5.52,7.36,9.22,1016.34,58.54,17.24,12.92,302.0
1714,32810,50.155872,20.02762,286.45,2026-07-02 09:00:00+00:00,2026-07-02 10:00:00+00:00,4.57,5.9,7.52,1016.74,53.04,18.56,11.87,301.51
1715,32810,50.155872,20.02762,286.45,2026-07-02 10:00:00+00:00,2026-07-02 11:00:00+00:00,4.06,5.17,6.79,1016.62,49.94,20.02,11.61,298.84
1716,32810,50.155872,20.02762,286.45,2026-07-02 11:00:00+00:00,2026-07-02 12:00:00+00:00,4.14,5.15,6.66,1016.2,52.41,22.08,10.98,297.85
1717,32810,50.155872,20.02762,286.45,2026-07-02 12:00:00+00:00,2026-07-02 13:00:00+00:00,2.9,3.31,4.27,1015.42,67.25,25.63,10.06,297.93
1718,32810,50.155872,20.02762,286.45,2026-07-02 13:00:00+00:00,2026-07-02 14:00:00+00:00,2.2,2.59,3.38,1014.56,64.38,27.55,9.37,304.7
1719,32810,50.155872,20.02762,286.45,2026-07-02 14:00:00+00:00,2026-07-02 15:00:00+00:00,2.69,3.15,4.09,1014.08,62.5,27.41,9.51,313.51
1720,32810,50.155872,20.02762,286.45,2026-07-02 15:00:00+00:00,2026-07-02 16:00:00+00:00,2.94,3.45,4.45,1013.82,62.5,26.5,8.14,320.06
1721,32810,50.155872,20.02762,286.45,2026-07-02 16:00:00+00:00,2026-07-02 17:00:00+00:00,3.04,3.62,4.66,1013.63,62.56,25.88,5.66,322.46
1722,32810,50.155872,20.02762,286.45,2026-07-02 17:00:00+00:00,2026-07-02 18:00:00+00:00,3.23,3.9,5.18,1013.61,63.56,24.39,3.48,342.66
1723,32810,50.155872,20.02762,286.45,2026-07-02 18:00:00+00:00,2026-07-02 19:00:00+00:00,3.77,4.55,5.83,1013.69,67.0,22.59,3.65,227.0
1724,32810,50.155872,20.02762,286.45,2026-07-02 19:00:00+00:00,2026-07-02 20:00:00+00:00,4.2,5.07,6.37,1014.23,71.5,20.54,3.8,229.0
1725,32810,50.155872,20.02762,286.45,2026-07-02 20:00:00+00:00,2026-07-02 21:00:00+00:00,5.55,7.04,8.95,1014.38,74.5,18.97,4.55,239.0
1726,32810,50.155872,20.02762,286.45,2026-07-02 21:00:00+00:00,2026-07-02 22:00:00+00:00,5.73,7.02,8.73,1014.43,76.0,17.9,5.64,232.0
1727,32810,50.155872,20.02762,286.45,2026-07-02 22:00:00+00:00,2026-07-02 23:00:00+00:00,4.73,5.78,7.21,1014.37,76.9,16.87,5.72,231.0
1728,7917,49.9909,20.03226,243.62,2026-07-01 23:00:00+00:00,2026-07-02 00:00:00+00:00,,,,,,,,
1729,7917,49.9909,20.03226,243.62,2026-07-02 00:00:00+00:00,2026-07-02 01:00:00+00:00,,,,,,,,
1730,7917,49.9909,20.03226,243.62,2026-07-02 01:00:00+00:00,2026-07-02 02:00:00+00:00,,,,,,,,
1731,7917,49.9909,20.03226,243.62,2026-07-02 02:00:00+00:00,2026-07-02 03:00:00+00:00,,,,,,,,
1732,7917,49.9909,20.03226,243.62,2026-07-02 03:00:00+00:00,2026-07-02 04:00:00+00:00,,,,,,,,
1733,7917,49.9909,20.03226,243.62,2026-07-02 04:00:00+00:00,2026-07-02 05:00:00+00:00,,,,,,,,
1734,7917,49.9909,20.03226,243.62,2026-07-02 05:00:00+00:00,2026-07-02 06:00:00+00:00,,,,,,,,
1735,7917,49.9909,20.03226,243.62,2026-07-02 06:00:00+00:00,2026-07-02 07:00:00+00:00,,,,,,,,
1736,7917,49.9909,20.03226,243.62,2026-07-02 07:00:00+00:00,2026-07-02 08:00:00+00:00,,,,,,,,
1737,7917,49.9909,20.03226,243.62,2026-07-02 08:00:00+00:00,2026-07-02 09:00:00+00:00,,,,,,,,
1738,7917,49.9909,20.03226,243.62,2026-07-02 09:00:00+00:00,2026-07-02 10:00:00+00:00,,,,,,,,
1739,7917,49.9909,20.03226,243.62,2026-07-02 10:00:00+00:00,2026-07-02 11:00:00+00:00,,,,,,,,
1740,7917,49.9909,20.03226,243.62,2026-07-02 11:00:00+00:00,2026-07-02 12:00:00+00:00,,,,,,,,
1741,7917,49.9909,20.03226,243.62,2026-07-02 12:00:00+00:00,2026-07-02 13:00:00+00:00,,,,,,,,
1742,7917,49.9909,20.03226,243.62,2026-07-02 13:00:00+00:00,2026-07-02 14:00:00+00:00,,,,,,,,
1743,7917,49.9909,20.03226,243.62,2026-07-02 14:00:00+00:00,2026-07-02 15:00:00+00:00,,,,,,,,
1744,7917,49.9909,20.03226,243.62,2026-07-02 15:00:00+00:00,2026-07-02 16:00:00+00:00,,,,,,,,
1745,7917,49.9909,20.03226,243.62,2026-07-02 16:00:00+00:00,2026-07-02 17:00:00+00:00,,,,,,,,
1746,7917,49.9909,20.03226,243.62,2026-07-02 17:00:00+00:00,2026-07-02 18:00:00+00:00,,,,,,,,
1747,7917,49.9909,20.03226,243.62,2026-07-02 18:00:00+00:00,2026-07-02 19:00:00+00:00,,,,,,,,
1748,7917,49.9909,20.03226,243.62,2026-07-02 19:00:00+00:00,2026-07-02 20:00:00+00:00,,,,,,,,
1749,7917,49.9909,20.03226,243.62,2026-07-02 20:00:00+00:00,2026-07-02 21:00:00+00:00,,,,,,,,
1750,7917,49.9909,20.03226,243.62,2026-07-02 21:00:00+00:00,2026-07-02 22:00:00+00:00,,,,,,,,
1751,7917,49.9909,20.03226,243.62,2026-07-02 22:00:00+00:00,2026-07-02 23:00:00+00:00,,,,,,,,
1752,18769,50.108296,19.83855,231.14,2026-07-01 23:00:00+00:00,2026-07-02 00:00:00+00:00,6.97,10.57,12.33,1013.63,78.79,19.36,10.99,282.93
1753,18769,50.108296,19.83855,231.14,2026-07-02 00:00:00+00:00,2026-07-02 01:00:00+00:00,11.12,17.58,20.95,1014.17,81.62,19.0,11.36,289.94
1754,18769,50.108296,19.83855,231.14,2026-07-02 01:00:00+00:00,2026-07-02 02:00:00+00:00,8.18,12.78,14.98,1014.36,85.62,18.6,11.61,294.35
1755,18769,50.108296,19.83855,231.14,2026-07-02 02:00:00+00:00,2026-07-02 03:00:00+00:00,6.36,9.91,11.67,1014.84,82.47,17.63,11.64,292.02
1756,18769,50.108296,19.83855,231.14,2026-07-02 03:00:00+00:00,2026-07-02 04:00:00+00:00,6.8,10.77,12.6,1015.16,84.18,16.93,11.76,290.54
1757,18769,50.108296,19.83855,231.14,2026-07-02 04:00:00+00:00,2026-07-02 05:00:00+00:00,8.42,13.45,15.96,1015.49,86.14,16.85,12.2,295.04
1758,18769,50.108296,19.83855,231.14,2026-07-02 05:00:00+00:00,2026-07-02 06:00:00+00:00,7.21,11.16,13.12,1015.94,79.27,16.9,12.71,296.49
1759,18769,50.108296,19.83855,231.14,2026-07-02 06:00:00+00:00,2026-07-02 07:00:00+00:00,9.34,14.56,17.26,1016.41,75.8,16.95,12.91,297.49
1760,18769,50.108296,19.83855,231.14,2026-07-02 07:00:00+00:00,2026-07-02 08:00:00+00:00,6.15,9.09,10.56,1016.87,79.13,17.09,12.54,299.97
1761,18769,50.108296,19.83855,231.14,2026-07-02 08:00:00+00:00,2026-07-02 09:00:00+00:00,2.71,4.05,4.86,1017.32,73.15,17.51,11.86,301.0
1762,18769,50.108296,19.83855,231.14,2026-07-02 09:00:00+00:00,2026-07-02 10:00:00+00:00,4.91,7.2,8.6,1017.41,61.58,18.55,11.14,299.55
1763,18769,50.108296,19.83855,231.14,2026-07-02 10:00:00+00:00,2026-07-02 11:00:00+00:00,5.75,8.01,9.51,1017.3,68.19,19.84,10.6,294.56
1764,18769,50.108296,19.83855,231.14,2026-07-02 11:00:00+00:00,2026-07-02 12:00:00+00:00,4.07,5.44,6.41,1016.87,64.6,21.54,9.85,291.0
1765,18769,50.108296,19.83855,231.14,2026-07-02 12:00:00+00:00,2026-07-02 13:00:00+00:00,3.2,4.34,5.11,1016.15,47.65,23.93,5.49,278.65
1766,18769,50.108296,19.83855,231.14,2026-07-02 13:00:00+00:00,2026-07-02 14:00:00+00:00,4.49,6.43,7.62,1015.47,40.92,25.04,3.88,286.97
1767,18769,50.108296,19.83855,231.14,2026-07-02 14:00:00+00:00,2026-07-02 15:00:00+00:00,4.54,6.33,7.53,1015.09,36.73,24.25,7.53,315.87
1768,18769,50.108296,19.83855,231.14,2026-07-02 15:00:00+00:00,2026-07-02 16:00:00+00:00,7.42,11.09,13.3,1014.75,35.87,24.45,6.45,327.37
1769,18769,50.108296,19.83855,231.14,2026-07-02 16:00:00+00:00,2026-07-02 17:00:00+00:00,5.8,8.53,10.07,1014.47,37.24,24.26,4.59,329.88
1770,18769,50.108296,19.83855,231.14,2026-07-02 17:00:00+00:00,2026-07-02 18:00:00+00:00,8.1,9.84,11.67,1014.43,40.74,23.49,3.25,305.25
1771,18769,50.108296,19.83855,231.14,2026-07-02 18:00:00+00:00,2026-07-02 19:00:00+00:00,6.37,8.23,9.78,1014.48,47.32,22.07,2.89,268.27
1772,18769,50.108296,19.83855,231.14,2026-07-02 19:00:00+00:00,2026-07-02 20:00:00+00:00,4.66,6.31,7.52,1015.03,69.85,20.11,3.48,254.36
1773,18769,50.108296,19.83855,231.14,2026-07-02 20:00:00+00:00,2026-07-02 21:00:00+00:00,5.51,7.51,9.09,1015.26,63.73,18.43,3.97,251.92
1774,18769,50.108296,19.83855,231.14,2026-07-02 21:00:00+00:00,2026-07-02 22:00:00+00:00,5.89,7.94,9.45,1015.31,64.35,17.0,4.35,241.8
1775,18769,50.108296,19.83855,231.14,2026-07-02 22:00:00+00:00,2026-07-02 23:00:00+00:00,6.44,8.72,10.4,1015.29,72.24,15.92,5.07,235.3
1776,521,50.120655,19.78093,232.68,2026-07-01 23:00:00+00:00,2026-07-02 00:00:00+00:00,7.69,10.3,12.35,1011.15,89.64,20.54,11.0,283.01
1777,521,50.120655,19.78093,232.68,2026-07-02 00:00:00+00:00,2026-07-02 01:00:00+00:00,10.18,14.26,17.25,1011.62,90.25,20.33,11.36,289.91
1778,521,50.120655,19.78093,232.68,2026-07-02 01:00:00+00:00,2026-07-02 02:00:00+00:00,7.45,10.39,12.63,1012.01,90.67,19.41,11.61,294.26
1779,521,50.120655,19.78093,232.68,2026-07-02 02:00:00+00:00,2026-07-02 03:00:00+00:00,4.91,6.46,7.77,1012.46,91.42,18.62,11.63,291.53
1780,521,50.120655,19.78093,232.68,2026-07-02 03:00:00+00:00,2026-07-02 04:00:00+00:00,7.07,9.61,11.53,1012.68,91.75,18.43,11.78,290.8
1781,521,50.120655,19.78093,232.68,2026-07-02 04:00:00+00:00,2026-07-02 05:00:00+00:00,7.45,10.27,12.35,1013.05,91.34,17.81,12.22,295.22
1782,521,50.120655,19.78093,232.68,2026-07-02 05:00:00+00:00,2026-07-02 06:00:00+00:00,6.85,8.91,10.46,1013.49,90.6,17.7,12.73,296.45
1783,521,50.120655,19.78093,232.68,2026-07-02 06:00:00+00:00,2026-07-02 07:00:00+00:00,8.93,12.07,14.31,1013.92,89.45,17.9,12.9,297.59
1784,521,50.120655,19.78093,232.68,2026-07-02 07:00:00+00:00,2026-07-02 08:00:00+00:00,4.66,5.94,7.11,1014.53,86.76,17.95,12.52,300.04
1785,521,50.120655,19.78093,232.68,2026-07-02 08:00:00+00:00,2026-07-02 09:00:00+00:00,3.59,4.5,5.39,1014.79,82.68,18.62,11.84,301.0
1786,521,50.120655,19.78093,232.68,2026-07-02 09:00:00+00:00,2026-07-02 10:00:00+00:00,5.69,7.01,8.26,1014.74,78.22,20.16,11.14,299.52
1787,521,50.120655,19.78093,232.68,2026-07-02 10:00:00+00:00,2026-07-02 11:00:00+00:00,5.33,6.44,7.56,1014.5,72.99,21.6,10.6,294.56
1788,521,50.120655,19.78093,232.68,2026-07-02 11:00:00+00:00,2026-07-02 12:00:00+00:00,3.76,4.44,5.14,1014.12,66.15,22.58,9.86,291.0
1789,521,50.120655,19.78093,232.68,2026-07-02 12:00:00+00:00,2026-07-02 13:00:00+00:00,3.61,4.35,5.07,1013.42,60.65,25.23,5.6,279.26
1790,521,50.120655,19.78093,232.68,2026-07-02 13:00:00+00:00,2026-07-02 14:00:00+00:00,3.46,4.17,4.85,1012.78,54.41,26.23,4.22,291.37
1791,521,50.120655,19.78093,232.68,2026-07-02 14:00:00+00:00,2026-07-02 15:00:00+00:00,4.16,4.9,5.77,1012.5,51.34,25.14,7.51,316.51
1792,521,50.120655,19.78093,232.68,2026-07-02 15:00:00+00:00,2026-07-02 16:00:00+00:00,3.9,4.54,5.34,1012.07,50.55,25.61,6.34,328.01
1793,521,50.120655,19.78093,232.68,2026-07-02 16:00:00+00:00,2026-07-02 17:00:00+00:00,3.25,3.79,4.51,1011.88,51.94,25.39,4.51,328.98
1794,521,50.120655,19.78093,232.68,2026-07-02 17:00:00+00:00,2026-07-02 18:00:00+00:00,3.67,4.23,5.01,1011.9,57.42,24.59,3.22,304.19
1795,521,50.120655,19.78093,232.68,2026-07-02 18:00:00+00:00,2026-07-02 19:00:00+00:00,4.13,4.79,5.64,1012.02,63.57,23.07,2.89,267.59
1796,521,50.120655,19.78093,232.68,2026-07-02 19:00:00+00:00,2026-07-02 20:00:00+00:00,5.22,6.1,7.14,1012.53,68.81,21.6,3.48,254.4
1797,521,50.120655,19.78093,232.68,2026-07-02 20:00:00+00:00,2026-07-02 21:00:00+00:00,6.69,7.97,9.37,1012.77,72.96,19.5,3.97,251.82
1798,521,50.120655,19.78093,232.68,2026-07-02 21:00:00+00:00,2026-07-02 22:00:00+00:00,6.55,7.78,9.18,1012.82,76.64,18.03,4.36,241.75
1799,521,50.120655,19.78093,232.68,2026-07-02 22:00:00+00:00,2026-07-02 23:00:00+00:00,7.44,8.81,10.3,1012.77,78.11,17.07,5.06,235.34
1800,8979,50.126026,19.905455,254.39,2026-07-01 23:00:00+00:00,2026-07-02 00:00:00+00:00,7.9,13.32,15.51,1013.52,83.09,19.02,,
1801,8979,50.126026,19.905455,254.39,2026-07-02 00:00:00+00:00,2026-07-02 01:00:00+00:00,11.66,19.92,25.1,1013.94,83.95,18.72,,
1802,8979,50.126026,19.905455,254.39,2026-07-02 01:00:00+00:00,2026-07-02 02:00:00+00:00,9.72,17.22,20.87,1014.17,84.89,18.19,,
1803,8979,50.126026,19.905455,254.39,2026-07-02 02:00:00+00:00,2026-07-02 03:00:00+00:00,7.81,13.57,16.02,1014.62,86.23,17.51,,
1804,8979,50.126026,19.905455,254.39,2026-07-02 03:00:00+00:00,2026-07-02 04:00:00+00:00,7.83,13.74,16.0,1015.0,86.87,16.79,,
1805,8979,50.126026,19.905455,254.39,2026-07-02 04:00:00+00:00,2026-07-02 05:00:00+00:00,8.79,15.68,18.47,1015.24,86.38,16.58,,
1806,8979,50.126026,19.905455,254.39,2026-07-02 05:00:00+00:00,2026-07-02 06:00:00+00:00,7.48,12.99,15.22,1015.74,85.2,16.56,,
1807,8979,50.126026,19.905455,254.39,2026-07-02 06:00:00+00:00,2026-07-02 07:00:00+00:00,9.54,16.62,19.7,1016.2,83.42,16.44,,
1808,8979,50.126026,19.905455,254.39,2026-07-02 07:00:00+00:00,2026-07-02 08:00:00+00:00,7.55,12.31,14.35,1016.46,79.2,16.74,,
1809,8979,50.126026,19.905455,254.39,2026-07-02 08:00:00+00:00,2026-07-02 09:00:00+00:00,2.76,4.67,5.47,1017.09,74.47,17.14,,
1810,8979,50.126026,19.905455,254.39,2026-07-02 09:00:00+00:00,2026-07-02 10:00:00+00:00,4.18,6.54,7.65,1017.21,69.57,18.84,,
1811,8979,50.126026,19.905455,254.39,2026-07-02 10:00:00+00:00,2026-07-02 11:00:00+00:00,5.47,8.26,9.55,1017.07,64.91,20.22,,
1812,8979,50.126026,19.905455,254.39,2026-07-02 11:00:00+00:00,2026-07-02 12:00:00+00:00,4.48,6.58,7.69,1016.68,59.72,20.99,,
1813,8979,50.126026,19.905455,254.39,2026-07-02 12:00:00+00:00,2026-07-02 13:00:00+00:00,3.11,4.74,5.42,1016.01,53.64,21.98,,
1814,8979,50.126026,19.905455,254.39,2026-07-02 13:00:00+00:00,2026-07-02 14:00:00+00:00,2.87,4.4,5.1,1015.34,49.57,23.13,,
1815,8979,50.126026,19.905455,254.39,2026-07-02 14:00:00+00:00,2026-07-02 15:00:00+00:00,3.49,5.14,5.95,1014.9,47.42,24.24,,
1816,8979,50.126026,19.905455,254.39,2026-07-02 15:00:00+00:00,2026-07-02 16:00:00+00:00,3.69,5.42,6.33,1014.57,47.76,24.44,,
1817,8979,50.126026,19.905455,254.39,2026-07-02 16:00:00+00:00,2026-07-02 17:00:00+00:00,3.5,5.0,5.88,1014.33,48.49,24.73,,
1818,8979,50.126026,19.905455,254.39,2026-07-02 17:00:00+00:00,2026-07-02 18:00:00+00:00,3.05,4.42,5.14,1014.25,51.41,24.31,,
1819,8979,50.126026,19.905455,254.39,2026-07-02 18:00:00+00:00,2026-07-02 19:00:00+00:00,3.27,4.72,5.48,1014.33,56.84,22.29,,
1820,8979,50.126026,19.905455,254.39,2026-07-02 19:00:00+00:00,2026-07-02 20:00:00+00:00,4.52,6.43,7.64,1014.9,60.84,20.09,,
1821,8979,50.126026,19.905455,254.39,2026-07-02 20:00:00+00:00,2026-07-02 21:00:00+00:00,5.2,7.57,8.79,1015.06,64.67,18.44,,
1822,8979,50.126026,19.905455,254.39,2026-07-02 21:00:00+00:00,2026-07-02 22:00:00+00:00,5.32,7.64,8.85,1015.09,66.79,17.22,,
1823,8979,50.126026,19.905455,254.39,2026-07-02 22:00:00+00:00,2026-07-02 23:00:00+00:00,5.24,7.59,8.84,1015.03,68.73,16.33,,
1824,86904,50.073094,19.88675,205.58,2026-07-01 23:00:00+00:00,2026-07-02 00:00:00+00:00,7.41,10.15,12.92,1014.24,64.66,19.56,11.15,285.7
1825,86904,50.073094,19.88675,205.58,2026-07-02 00:00:00+00:00,2026-07-02 01:00:00+00:00,11.15,16.23,21.62,1014.73,65.44,19.43,11.73,288.0
1826,86904,50.073094,19.88675,205.58,2026-07-02 01:00:00+00:00,2026-07-02 02:00:00+00:00,10.26,14.94,19.72,1015.04,66.19,18.92,12.27,297.93
1827,86904,50.073094,19.88675,205.58,2026-07-02 02:00:00+00:00,2026-07-02 03:00:00+00:00,7.6,11.04,14.01,1015.4,66.93,18.01,12.18,295.93
1828,86904,50.073094,19.88675,205.58,2026-07-02 03:00:00+00:00,2026-07-02 04:00:00+00:00,6.8,9.78,12.83,1015.68,67.07,17.4,11.99,293.4
1829,86904,50.073094,19.88675,205.58,2026-07-02 04:00:00+00:00,2026-07-02 05:00:00+00:00,8.88,13.21,17.18,1016.02,66.45,17.01,12.37,297.13
1830,86904,50.073094,19.88675,205.58,2026-07-02 05:00:00+00:00,2026-07-02 06:00:00+00:00,7.78,11.47,14.95,1016.45,65.7,17.02,13.1,297.17
1831,86904,50.073094,19.88675,205.58,2026-07-02 06:00:00+00:00,2026-07-02 07:00:00+00:00,9.87,14.42,18.41,1016.91,64.37,17.03,13.76,300.23
1832,86904,50.073094,19.88675,205.58,2026-07-02 07:00:00+00:00,2026-07-02 08:00:00+00:00,7.73,10.95,13.78,1017.34,61.62,17.14,13.42,301.81
1833,86904,50.073094,19.88675,205.58,2026-07-02 08:00:00+00:00,2026-07-02 09:00:00+00:00,1.77,2.72,3.62,1017.86,58.04,17.54,12.36,303.57
1834,86904,50.073094,19.88675,205.58,2026-07-02 09:00:00+00:00,2026-07-02 10:00:00+00:00,3.96,5.78,7.28,1017.97,53.1,18.55,11.58,300.85
1835,86904,50.073094,19.88675,205.58,2026-07-02 10:00:00+00:00,2026-07-02 11:00:00+00:00,7.36,9.92,12.29,1017.9,49.03,19.69,11.37,299.2
1836,86904,50.073094,19.88675,205.58,2026-07-02 11:00:00+00:00,2026-07-02 12:00:00+00:00,6.19,7.97,9.87,1017.52,45.91,20.97,10.86,297.42
1837,86904,50.073094,19.88675,205.58,2026-07-02 12:00:00+00:00,2026-07-02 13:00:00+00:00,3.86,5.08,6.14,1016.91,42.33,22.12,9.78,298.55
1838,86904,50.073094,19.88675,205.58,2026-07-02 13:00:00+00:00,2026-07-02 14:00:00+00:00,3.93,5.25,6.5,1016.24,39.16,23.11,8.64,304.46
1839,86904,50.073094,19.88675,205.58,2026-07-02 14:00:00+00:00,2026-07-02 15:00:00+00:00,4.49,5.99,7.34,1015.87,36.76,23.91,7.93,315.42
1840,86904,50.073094,19.88675,205.58,2026-07-02 15:00:00+00:00,2026-07-02 16:00:00+00:00,5.09,6.73,8.15,1015.59,36.58,23.99,6.93,321.31
1841,86904,50.073094,19.88675,205.58,2026-07-02 16:00:00+00:00,2026-07-02 17:00:00+00:00,4.8,6.15,7.44,1015.28,37.63,24.03,4.75,324.0
1842,86904,50.073094,19.88675,205.58,2026-07-02 17:00:00+00:00,2026-07-02 18:00:00+00:00,3.8,4.92,5.96,1015.19,39.96,23.35,3.13,296.01
1843,86904,50.073094,19.88675,205.58,2026-07-02 18:00:00+00:00,2026-07-02 19:00:00+00:00,4.19,5.55,6.59,1015.23,43.42,21.75,3.06,248.94
1844,86904,50.073094,19.88675,205.58,2026-07-02 19:00:00+00:00,2026-07-02 20:00:00+00:00,5.11,6.49,7.79,1015.72,46.73,19.91,3.73,233.27
1845,86904,50.073094,19.88675,205.58,2026-07-02 20:00:00+00:00,2026-07-02 21:00:00+00:00,6.14,7.7,9.48,1015.78,49.6,18.56,4.22,238.21
1846,86904,50.073094,19.88675,205.58,2026-07-02 21:00:00+00:00,2026-07-02 22:00:00+00:00,7.73,9.56,11.88,1015.79,51.08,17.38,4.71,235.36
1847,86904,50.073094,19.88675,205.58,2026-07-02 22:00:00+00:00,2026-07-02 23:00:00+00:00,8.35,10.56,12.88,1015.73,52.57,16.49,5.52,232.45
1848,31130,50.086516,19.791139,242.01,2026-07-01 23:00:00+00:00,2026-07-02 00:00:00+00:00,9.91,14.46,16.24,1013.33,89.63,19.07,10.99,282.93
1849,31130,50.086516,19.791139,242.01,2026-07-02 00:00:00+00:00,2026-07-02 01:00:00+00:00,12.36,18.56,21.61,1013.75,85.52,18.79,11.36,289.94
1850,31130,50.086516,19.791139,242.01,2026-07-02 01:00:00+00:00,2026-07-02 02:00:00+00:00,10.04,14.99,16.79,1013.96,90.69,18.27,11.61,294.35
1851,31130,50.086516,19.791139,242.01,2026-07-02 02:00:00+00:00,2026-07-02 03:00:00+00:00,7.35,10.99,12.34,1014.49,83.83,17.41,11.63,291.35
1852,31130,50.086516,19.791139,242.01,2026-07-02 03:00:00+00:00,2026-07-02 04:00:00+00:00,8.01,11.88,13.24,1014.88,91.75,16.64,11.79,290.95
1853,31130,50.086516,19.791139,242.01,2026-07-02 04:00:00+00:00,2026-07-02 05:00:00+00:00,10.04,14.73,16.28,1015.23,91.38,16.4,12.2,295.04
1854,31130,50.086516,19.791139,242.01,2026-07-02 05:00:00+00:00,2026-07-02 06:00:00+00:00,9.35,13.27,14.74,1015.67,87.89,16.32,12.71,296.49
1855,31130,50.086516,19.791139,242.01,2026-07-02 06:00:00+00:00,2026-07-02 07:00:00+00:00,11.59,16.99,19.08,1016.11,74.83,16.52,12.91,297.49
1856,31130,50.086516,19.791139,242.01,2026-07-02 07:00:00+00:00,2026-07-02 08:00:00+00:00,6.49,8.6,9.5,1016.55,80.14,16.83,12.54,299.97
1857,31130,50.086516,19.791139,242.01,2026-07-02 08:00:00+00:00,2026-07-02 09:00:00+00:00,4.54,6.09,6.75,1017.0,82.75,17.15,11.86,301.0
1858,31130,50.086516,19.791139,242.01,2026-07-02 09:00:00+00:00,2026-07-02 10:00:00+00:00,6.62,8.99,10.04,1017.09,78.25,18.31,11.14,299.55
1859,31130,50.086516,19.791139,242.01,2026-07-02 10:00:00+00:00,2026-07-02 11:00:00+00:00,7.6,9.98,11.1,1016.93,68.32,19.95,10.6,294.56
1860,31130,50.086516,19.791139,242.01,2026-07-02 11:00:00+00:00,2026-07-02 12:00:00+00:00,4.63,6.03,6.77,1016.42,62.04,22.08,9.85,291.0
1861,31130,50.086516,19.791139,242.01,2026-07-02 12:00:00+00:00,2026-07-02 13:00:00+00:00,3.87,4.89,5.49,1015.69,68.88,25.58,5.49,278.65
1862,31130,50.086516,19.791139,242.01,2026-07-02 13:00:00+00:00,2026-07-02 14:00:00+00:00,3.44,4.45,4.97,1015.0,64.75,25.87,4.35,292.87
1863,31130,50.086516,19.791139,242.01,2026-07-02 14:00:00+00:00,2026-07-02 15:00:00+00:00,4.22,5.47,6.17,1014.69,61.19,23.77,7.5,316.87
1864,31130,50.086516,19.791139,242.01,2026-07-02 15:00:00+00:00,2026-07-02 16:00:00+00:00,4.09,5.17,5.77,1014.36,60.19,24.05,6.45,327.37
1865,31130,50.086516,19.791139,242.01,2026-07-02 16:00:00+00:00,2026-07-02 17:00:00+00:00,3.4,4.37,4.96,1014.17,59.54,23.75,4.59,329.88
1866,31130,50.086516,19.791139,242.01,2026-07-02 17:00:00+00:00,2026-07-02 18:00:00+00:00,3.34,4.13,4.69,1014.16,63.09,22.94,3.25,305.25
1867,31130,50.086516,19.791139,242.01,2026-07-02 18:00:00+00:00,2026-07-02 19:00:00+00:00,5.2,6.6,7.58,1014.26,56.38,21.27,2.89,268.27
1868,31130,50.086516,19.791139,242.01,2026-07-02 19:00:00+00:00,2026-07-02 20:00:00+00:00,5.0,6.54,7.37,1014.79,48.66,19.46,3.48,254.36
1869,31130,50.086516,19.791139,242.01,2026-07-02 20:00:00+00:00,2026-07-02 21:00:00+00:00,5.34,6.91,7.9,1014.96,66.54,17.9,3.97,251.92
1870,31130,50.086516,19.791139,242.01,2026-07-02 21:00:00+00:00,2026-07-02 22:00:00+00:00,5.64,7.45,8.41,1014.97,76.61,16.61,4.35,241.8
1871,31130,50.086516,19.791139,242.01,2026-07-02 22:00:00+00:00,2026-07-02 23:00:00+00:00,6.01,8.25,9.35,1014.96,78.13,15.62,5.07,235.3
1872,238,50.110831,20.015155,249.81,2026-07-01 23:00:00+00:00,2026-07-02 00:00:00+00:00,7.91,10.28,12.36,1015.68,89.26,19.48,11.42,285.4
1873,238,50.110831,20.015155,249.81,2026-07-02 00:00:00+00:00,2026-07-02 01:00:00+00:00,10.67,14.54,17.73,1016.06,90.5,19.13,11.89,290.78
1874,238,50.110831,20.015155,249.81,2026-07-02 01:00:00+00:00,2026-07-02 02:00:00+00:00,11.01,15.13,18.49,1016.36,91.0,18.55,12.13,296.68
1875,238,50.110831,20.015155,249.81,2026-07-02 02:00:00+00:00,2026-07-02 03:00:00+00:00,8.49,11.51,14.08,1016.76,91.0,17.67,11.94,295.95
1876,238,50.110831,20.015155,249.81,2026-07-02 03:00:00+00:00,2026-07-02 04:00:00+00:00,8.01,10.71,12.99,1016.93,91.0,17.11,11.89,293.39
1877,238,50.110831,20.015155,249.81,2026-07-02 04:00:00+00:00,2026-07-02 05:00:00+00:00,8.51,11.45,13.99,1017.32,90.75,16.83,12.45,297.43
1878,238,50.110831,20.015155,249.81,2026-07-02 05:00:00+00:00,2026-07-02 06:00:00+00:00,6.33,8.4,10.06,1017.76,90.25,16.68,13.32,299.65
1879,238,50.110831,20.015155,249.81,2026-07-02 06:00:00+00:00,2026-07-02 07:00:00+00:00,9.11,12.38,15.34,1018.19,89.23,16.7,13.74,300.02
1880,238,50.110831,20.015155,249.81,2026-07-02 07:00:00+00:00,2026-07-02 08:00:00+00:00,10.21,13.6,16.59,1018.49,86.27,17.0,13.52,301.68
1881,238,50.110831,20.015155,249.81,2026-07-02 08:00:00+00:00,2026-07-02 09:00:00+00:00,5.65,7.26,8.54,1018.95,82.47,17.6,12.72,301.32
1882,238,50.110831,20.015155,249.81,2026-07-02 09:00:00+00:00,2026-07-02 10:00:00+00:00,4.04,5.06,6.03,1019.34,78.46,18.46,11.9,301.65
1883,238,50.110831,20.015155,249.81,2026-07-02 10:00:00+00:00,2026-07-02 11:00:00+00:00,5.4,6.76,7.98,1019.24,74.05,19.97,11.5,299.0
1884,238,50.110831,20.015155,249.81,2026-07-02 11:00:00+00:00,2026-07-02 12:00:00+00:00,6.1,7.55,8.8,1018.86,70.39,21.25,10.93,299.37
1885,238,50.110831,20.015155,249.81,2026-07-02 12:00:00+00:00,2026-07-02 13:00:00+00:00,3.09,3.77,4.38,1018.26,67.75,22.77,9.32,297.14
1886,238,50.110831,20.015155,249.81,2026-07-02 13:00:00+00:00,2026-07-02 14:00:00+00:00,2.71,3.37,3.92,1017.6,67.14,27.07,7.16,175.18
1887,238,50.110831,20.015155,249.81,2026-07-02 14:00:00+00:00,2026-07-02 15:00:00+00:00,3.27,3.96,4.63,1017.22,61.67,23.79,8.38,315.07
1888,238,50.110831,20.015155,249.81,2026-07-02 15:00:00+00:00,2026-07-02 16:00:00+00:00,3.64,4.39,5.11,1017.0,61.08,24.0,7.28,326.07
1889,238,50.110831,20.015155,249.81,2026-07-02 16:00:00+00:00,2026-07-02 17:00:00+00:00,3.54,4.31,4.99,1016.74,61.98,23.77,4.61,326.25
1890,238,50.110831,20.015155,249.81,2026-07-02 17:00:00+00:00,2026-07-02 18:00:00+00:00,3.78,4.54,5.26,1016.67,64.45,23.05,2.18,302.13
1891,238,50.110831,20.015155,249.81,2026-07-02 18:00:00+00:00,2026-07-02 19:00:00+00:00,4.98,5.83,6.67,1016.67,68.13,21.82,3.27,235.87
1892,238,50.110831,20.015155,249.81,2026-07-02 19:00:00+00:00,2026-07-02 20:00:00+00:00,4.94,5.76,6.64,1017.11,71.8,20.13,3.71,228.52
1893,238,50.110831,20.015155,249.81,2026-07-02 20:00:00+00:00,2026-07-02 21:00:00+00:00,5.64,6.63,7.66,1017.18,74.65,18.75,4.43,239.35
1894,238,50.110831,20.015155,249.81,2026-07-02 21:00:00+00:00,2026-07-02 22:00:00+00:00,6.3,7.45,8.62,1017.19,76.15,17.58,4.86,233.66
1895,238,50.110831,20.015155,249.81,2026-07-02 22:00:00+00:00,2026-07-02 23:00:00+00:00,6.43,7.69,8.84,1017.11,77.58,16.63,5.68,231.12
1896,86998,50.133024,19.973249,279.92,2026-07-01 23:00:00+00:00,2026-07-02 00:00:00+00:00,7.13,11.57,13.35,1014.05,89.31,18.78,11.46,285.71
1897,86998,50.133024,19.973249,279.92,2026-07-02 00:00:00+00:00,2026-07-02 01:00:00+00:00,10.36,17.7,21.25,1014.43,90.56,18.35,11.92,291.4
1898,86998,50.133024,19.973249,279.92,2026-07-02 01:00:00+00:00,2026-07-02 02:00:00+00:00,8.89,15.48,18.19,1014.61,91.0,17.81,12.12,296.83
1899,86998,50.133024,19.973249,279.92,2026-07-02 02:00:00+00:00,2026-07-02 03:00:00+00:00,7.0,11.79,13.8,1015.08,91.0,17.01,11.92,295.53
1900,86998,50.133024,19.973249,279.92,2026-07-02 03:00:00+00:00,2026-07-02 04:00:00+00:00,7.63,13.0,15.17,1015.41,91.0,16.39,11.92,293.7
1901,86998,50.133024,19.973249,279.92,2026-07-02 04:00:00+00:00,2026-07-02 05:00:00+00:00,6.8,11.63,13.38,1015.78,90.69,16.1,12.53,297.74
1902,86998,50.133024,19.973249,279.92,2026-07-02 05:00:00+00:00,2026-07-02 06:00:00+00:00,6.08,10.36,12.06,1016.29,90.25,15.91,13.37,299.57
1903,86998,50.133024,19.973249,279.92,2026-07-02 06:00:00+00:00,2026-07-02 07:00:00+00:00,8.62,15.11,17.55,1016.7,89.0,16.03,13.73,300.25
1904,86998,50.133024,19.973249,279.92,2026-07-02 07:00:00+00:00,2026-07-02 08:00:00+00:00,8.09,13.74,15.86,1016.88,85.67,16.43,13.47,301.59
1905,86998,50.133024,19.973249,279.92,2026-07-02 08:00:00+00:00,2026-07-02 09:00:00+00:00,3.85,6.18,7.05,1017.47,79.86,16.83,12.63,301.39
1906,86998,50.133024,19.973249,279.92,2026-07-02 09:00:00+00:00,2026-07-02 10:00:00+00:00,3.89,6.0,6.84,1017.76,73.68,17.94,11.88,301.51
1907,86998,50.133024,19.973249,279.92,2026-07-02 10:00:00+00:00,2026-07-02 11:00:00+00:00,4.96,7.4,8.38,1017.6,65.3,19.46,11.46,299.0
1908,86998,50.133024,19.973249,279.92,2026-07-02 11:00:00+00:00,2026-07-02 12:00:00+00:00,4.52,6.49,7.38,1017.1,54.78,21.04,10.95,299.52
1909,86998,50.133024,19.973249,279.92,2026-07-02 12:00:00+00:00,2026-07-02 13:00:00+00:00,3.01,4.28,4.84,1016.4,49.2,22.9,8.56,294.64
1910,86998,50.133024,19.973249,279.92,2026-07-02 13:00:00+00:00,2026-07-02 14:00:00+00:00,2.49,3.65,4.13,1015.71,46.17,26.66,6.2,178.9
1911,86998,50.133024,19.973249,279.92,2026-07-02 14:00:00+00:00,2026-07-02 15:00:00+00:00,3.09,4.63,5.25,1015.35,42.57,23.34,8.31,315.8
1912,86998,50.133024,19.973249,279.92,2026-07-02 15:00:00+00:00,2026-07-02 16:00:00+00:00,3.59,5.03,5.74,1015.08,43.52,23.46,7.1,326.11
1913,86998,50.133024,19.973249,279.92,2026-07-02 16:00:00+00:00,2026-07-02 17:00:00+00:00,3.38,4.75,5.35,1014.8,43.83,23.48,4.43,325.7
1914,86998,50.133024,19.973249,279.92,2026-07-02 17:00:00+00:00,2026-07-02 18:00:00+00:00,3.49,4.72,5.39,1014.8,47.45,22.62,2.14,297.97
1915,86998,50.133024,19.973249,279.92,2026-07-02 18:00:00+00:00,2026-07-02 19:00:00+00:00,3.85,5.32,6.07,1014.89,56.52,21.13,3.29,235.16
1916,86998,50.133024,19.973249,279.92,2026-07-02 19:00:00+00:00,2026-07-02 20:00:00+00:00,5.1,6.9,7.82,1015.44,65.1,19.17,3.76,229.51
1917,86998,50.133024,19.973249,279.92,2026-07-02 20:00:00+00:00,2026-07-02 21:00:00+00:00,8.47,12.26,14.14,1015.53,69.13,17.79,4.45,238.93
1918,86998,50.133024,19.973249,279.92,2026-07-02 21:00:00+00:00,2026-07-02 22:00:00+00:00,6.65,9.49,10.83,1015.5,70.84,16.74,4.91,233.43
1919,86998,50.133024,19.973249,279.92,2026-07-02 22:00:00+00:00,2026-07-02 23:00:00+00:00,5.36,7.43,8.45,1015.49,73.53,15.79,5.75,231.19
1920,37252,50.151409,20.044298,275.6,2026-07-01 23:00:00+00:00,2026-07-02 00:00:00+00:00,,,,,,,,
1921,37252,50.151409,20.044298,275.6,2026-07-02 00:00:00+00:00,2026-07-02 01:00:00+00:00,,,,,,,,
1922,37252,50.151409,20.044298,275.6,2026-07-02 01:00:00+00:00,2026-07-02 02:00:00+00:00,,,,,,,,
1923,37252,50.151409,20.044298,275.6,2026-07-02 02:00:00+00:00,2026-07-02 03:00:00+00:00,,,,,,,,
1924,37252,50.151409,20.044298,275.6,2026-07-02 03:00:00+00:00,2026-07-02 04:00:00+00:00,,,,,,,,
1925,37252,50.151409,20.044298,275.6,2026-07-02 04:00:00+00:00,2026-07-02 05:00:00+00:00,,,,,,,,
1926,37252,50.151409,20.044298,275.6,2026-07-02 05:00:00+00:00,2026-07-02 06:00:00+00:00,,,,,,,,
1927,37252,50.151409,20.044298,275.6,2026-07-02 06:00:00+00:00,2026-07-02 07:00:00+00:00,,,,,,,,
1928,37252,50.151409,20.044298,275.6,2026-07-02 07:00:00+00:00,2026-07-02 08:00:00+00:00,,,,,,,,
1929,37252,50.151409,20.044298,275.6,2026-07-02 08:00:00+00:00,2026-07-02 09:00:00+00:00,,,,,,,,
1930,37252,50.151409,20.044298,275.6,2026-07-02 09:00:00+00:00,2026-07-02 10:00:00+00:00,,,,,,,,
1931,37252,50.151409,20.044298,275.6,2026-07-02 10:00:00+00:00,2026-07-02 11:00:00+00:00,,,,,,,,
1932,37252,50.151409,20.044298,275.6,2026-07-02 11:00:00+00:00,2026-07-02 12:00:00+00:00,,,,,,,,
1933,37252,50.151409,20.044298,275.6,2026-07-02 12:00:00+00:00,2026-07-02 13:00:00+00:00,,,,,,,,
1934,37252,50.151409,20.044298,275.6,2026-07-02 13:00:00+00:00,2026-07-02 14:00:00+00:00,,,,,,,,
1935,37252,50.151409,20.044298,275.6,2026-07-02 14:00:00+00:00,2026-07-02 15:00:00+00:00,,,,,,,,
1936,37252,50.151409,20.044298,275.6,2026-07-02 15:00:00+00:00,2026-07-02 16:00:00+00:00,,,,,,,,
1937,37252,50.151409,20.044298,275.6,2026-07-02 16:00:00+00:00,2026-07-02 17:00:00+00:00,,,,,,,,
1938,37252,50.151409,20.044298,275.6,2026-07-02 17:00:00+00:00,2026-07-02 18:00:00+00:00,,,,,,,,
1939,37252,50.151409,20.044298,275.6,2026-07-02 18:00:00+00:00,2026-07-02 19:00:00+00:00,,,,,,,,
1940,37252,50.151409,20.044298,275.6,2026-07-02 19:00:00+00:00,2026-07-02 20:00:00+00:00,,,,,,,,
1941,37252,50.151409,20.044298,275.6,2026-07-02 20:00:00+00:00,2026-07-02 21:00:00+00:00,,,,,,,,
1942,37252,50.151409,20.044298,275.6,2026-07-02 21:00:00+00:00,2026-07-02 22:00:00+00:00,,,,,,,,
1943,37252,50.151409,20.044298,275.6,2026-07-02 22:00:00+00:00,2026-07-02 23:00:00+00:00,,,,,,,,
1944,90144,50.180527,19.848985,384.75,2026-07-01 23:00:00+00:00,2026-07-02 00:00:00+00:00,9.16,13.87,16.96,1015.84,64.65,19.11,10.84,285.35
1945,90144,50.180527,19.848985,384.75,2026-07-02 00:00:00+00:00,2026-07-02 01:00:00+00:00,11.53,18.2,23.24,1016.34,65.41,18.77,10.87,287.17
1946,90144,50.180527,19.848985,384.75,2026-07-02 01:00:00+00:00,2026-07-02 02:00:00+00:00,8.36,13.14,15.74,1016.64,66.11,18.42,11.8,295.48
1947,90144,50.180527,19.848985,384.75,2026-07-02 02:00:00+00:00,2026-07-02 03:00:00+00:00,7.65,11.66,14.18,1017.05,66.85,17.44,11.87,292.79
1948,90144,50.180527,19.848985,384.75,2026-07-02 03:00:00+00:00,2026-07-02 04:00:00+00:00,8.42,12.88,15.35,1017.2,67.04,16.85,11.9,292.17
1949,90144,50.180527,19.848985,384.75,2026-07-02 04:00:00+00:00,2026-07-02 05:00:00+00:00,7.3,11.27,13.54,1017.49,66.6,16.63,12.17,293.59
1950,90144,50.180527,19.848985,384.75,2026-07-02 05:00:00+00:00,2026-07-02 06:00:00+00:00,8.24,12.85,15.79,1017.89,65.9,16.41,12.62,295.03
1951,90144,50.180527,19.848985,384.75,2026-07-02 06:00:00+00:00,2026-07-02 07:00:00+00:00,10.35,15.74,19.06,1018.32,65.53,16.44,12.94,296.0
1952,90144,50.180527,19.848985,384.75,2026-07-02 07:00:00+00:00,2026-07-02 08:00:00+00:00,6.88,9.69,11.3,1018.74,62.79,16.81,12.84,300.58
1953,90144,50.180527,19.848985,384.75,2026-07-02 08:00:00+00:00,2026-07-02 09:00:00+00:00,3.45,4.71,5.44,1019.15,58.02,17.24,12.17,300.35
1954,90144,50.180527,19.848985,384.75,2026-07-02 09:00:00+00:00,2026-07-02 10:00:00+00:00,4.25,5.6,6.48,1019.38,53.15,18.69,11.4,299.43
1955,90144,50.180527,19.848985,384.75,2026-07-02 10:00:00+00:00,2026-07-02 11:00:00+00:00,4.24,5.59,6.43,1019.37,49.11,20.19,10.83,298.43
1956,90144,50.180527,19.848985,384.75,2026-07-02 11:00:00+00:00,2026-07-02 12:00:00+00:00,3.14,4.04,4.64,1019.15,46.83,21.41,10.14,295.15
1957,90144,50.180527,19.848985,384.75,2026-07-02 12:00:00+00:00,2026-07-02 13:00:00+00:00,3.38,4.37,4.96,1018.61,44.17,24.7,3.14,251.48
1958,90144,50.180527,19.848985,384.75,2026-07-02 13:00:00+00:00,2026-07-02 14:00:00+00:00,3.15,4.13,4.82,1018.09,40.09,26.03,1.4,211.58
1959,90144,50.180527,19.848985,384.75,2026-07-02 14:00:00+00:00,2026-07-02 15:00:00+00:00,3.89,4.95,5.67,1017.79,36.44,24.07,7.52,315.23
1960,90144,50.180527,19.848985,384.75,2026-07-02 15:00:00+00:00,2026-07-02 16:00:00+00:00,3.86,4.91,5.64,1017.5,35.86,24.25,6.37,327.01
1961,90144,50.180527,19.848985,384.75,2026-07-02 16:00:00+00:00,2026-07-02 17:00:00+00:00,3.76,4.63,5.26,1017.22,37.04,24.02,4.59,329.24
1962,90144,50.180527,19.848985,384.75,2026-07-02 17:00:00+00:00,2026-07-02 18:00:00+00:00,3.01,3.69,4.22,1017.16,40.29,23.32,3.26,303.32
1963,90144,50.180527,19.848985,384.75,2026-07-02 18:00:00+00:00,2026-07-02 19:00:00+00:00,3.14,3.84,4.35,1017.18,44.78,21.77,2.93,270.37
1964,90144,50.180527,19.848985,384.75,2026-07-02 19:00:00+00:00,2026-07-02 20:00:00+00:00,3.63,4.4,5.05,1017.59,47.15,20.05,3.45,256.11
1965,90144,50.180527,19.848985,384.75,2026-07-02 20:00:00+00:00,2026-07-02 21:00:00+00:00,3.74,4.55,5.24,1017.64,48.83,18.49,4.01,247.74
1966,90144,50.180527,19.848985,384.75,2026-07-02 21:00:00+00:00,2026-07-02 22:00:00+00:00,3.8,4.68,5.32,1017.55,50.9,17.12,4.19,242.01
1967,90144,50.180527,19.848985,384.75,2026-07-02 22:00:00+00:00,2026-07-02 23:00:00+00:00,3.93,4.9,5.64,1017.45,53.16,16.33,5.15,233.44
1968,37250,50.183804,20.022509,275.57,2026-07-01 23:00:00+00:00,2026-07-02 00:00:00+00:00,9.74,15.74,18.81,1013.49,64.61,18.78,11.32,285.42
1969,37250,50.183804,20.022509,275.57,2026-07-02 00:00:00+00:00,2026-07-02 01:00:00+00:00,11.73,18.7,22.86,1013.73,81.86,18.46,11.9,291.71
1970,37250,50.183804,20.022509,275.57,2026-07-02 01:00:00+00:00,2026-07-02 02:00:00+00:00,10.79,17.36,21.06,1014.01,90.25,18.01,12.08,299.67
1971,37250,50.183804,20.022509,275.57,2026-07-02 02:00:00+00:00,2026-07-02 03:00:00+00:00,9.4,15.45,18.73,1014.4,88.49,17.33,11.97,299.41
1972,37250,50.183804,20.022509,275.57,2026-07-02 03:00:00+00:00,2026-07-02 04:00:00+00:00,8.55,13.89,16.54,1014.71,77.11,16.51,11.92,293.29
1973,37250,50.183804,20.022509,275.57,2026-07-02 04:00:00+00:00,2026-07-02 05:00:00+00:00,7.97,13.06,15.67,1015.2,66.08,16.13,12.56,297.79
1974,37250,50.183804,20.022509,275.57,2026-07-02 05:00:00+00:00,2026-07-02 06:00:00+00:00,7.88,12.83,15.2,1015.65,65.32,15.91,13.62,300.8
1975,37250,50.183804,20.022509,275.57,2026-07-02 06:00:00+00:00,2026-07-02 07:00:00+00:00,10.79,18.45,23.03,1016.01,68.72,15.99,14.55,302.82
1976,37250,50.183804,20.022509,275.57,2026-07-02 07:00:00+00:00,2026-07-02 08:00:00+00:00,9.72,15.24,18.11,1016.17,87.63,16.28,14.16,302.0
1977,37250,50.183804,20.022509,275.57,2026-07-02 08:00:00+00:00,2026-07-02 09:00:00+00:00,4.71,7.51,8.99,1016.68,82.71,16.85,12.82,302.0
1978,37250,50.183804,20.022509,275.57,2026-07-02 09:00:00+00:00,2026-07-02 10:00:00+00:00,4.28,6.48,7.69,1017.08,77.75,18.15,11.87,301.51
1979,37250,50.183804,20.022509,275.57,2026-07-02 10:00:00+00:00,2026-07-02 11:00:00+00:00,3.41,5.11,6.14,1016.95,74.63,19.74,11.61,298.84
1980,37250,50.183804,20.022509,275.57,2026-07-02 11:00:00+00:00,2026-07-02 12:00:00+00:00,3.65,5.62,6.63,1016.41,70.88,22.26,10.98,297.85
1981,37250,50.183804,20.022509,275.57,2026-07-02 12:00:00+00:00,2026-07-02 13:00:00+00:00,2.87,4.75,5.61,1015.65,67.25,23.63,10.06,297.93
1982,37250,50.183804,20.022509,275.57,2026-07-02 13:00:00+00:00,2026-07-02 14:00:00+00:00,2.81,4.43,5.27,1014.93,64.38,24.36,9.37,304.7
1983,37250,50.183804,20.022509,275.57,2026-07-02 14:00:00+00:00,2026-07-02 15:00:00+00:00,3.14,4.82,5.79,1014.57,62.5,24.3,9.4,314.03
1984,37250,50.183804,20.022509,275.57,2026-07-02 15:00:00+00:00,2026-07-02 16:00:00+00:00,3.36,5.29,6.52,1014.37,62.5,23.87,8.14,320.06
1985,37250,50.183804,20.022509,275.57,2026-07-02 16:00:00+00:00,2026-07-02 17:00:00+00:00,3.14,4.75,5.79,1014.13,62.63,23.72,5.47,324.02
1986,37250,50.183804,20.022509,275.57,2026-07-02 17:00:00+00:00,2026-07-02 18:00:00+00:00,3.14,4.61,5.56,1014.17,50.57,23.1,3.48,342.66
1987,37250,50.183804,20.022509,275.57,2026-07-02 18:00:00+00:00,2026-07-02 19:00:00+00:00,3.6,5.34,6.45,1014.32,44.67,21.21,3.66,227.17
1988,37250,50.183804,20.022509,275.57,2026-07-02 19:00:00+00:00,2026-07-02 20:00:00+00:00,4.46,6.66,7.96,1014.87,70.31,19.23,3.86,229.98
1989,37250,50.183804,20.022509,275.57,2026-07-02 20:00:00+00:00,2026-07-02 21:00:00+00:00,5.09,7.5,9.02,1015.03,73.15,17.7,4.64,238.29
1990,37250,50.183804,20.022509,275.57,2026-07-02 21:00:00+00:00,2026-07-02 22:00:00+00:00,5.48,7.66,9.06,1015.05,74.08,16.63,5.64,232.0
1991,37250,50.183804,20.022509,275.57,2026-07-02 22:00:00+00:00,2026-07-02 23:00:00+00:00,5.3,7.66,9.22,1014.96,75.72,15.56,5.72,231.0
1992,2935,50.072968,19.914829,211.32,2026-07-01 23:00:00+00:00,2026-07-02 00:00:00+00:00,3.74,5.49,6.62,1016.27,75.27,19.42,11.16,285.87
1993,2935,50.072968,19.914829,211.32,2026-07-02 00:00:00+00:00,2026-07-02 01:00:00+00:00,6.8,10.19,12.38,1016.73,75.52,19.06,11.73,288.0
1994,2935,50.072968,19.914829,211.32,2026-07-02 01:00:00+00:00,2026-07-02 02:00:00+00:00,7.12,10.62,13.01,1017.01,82.87,18.24,12.28,298.09
1995,2935,50.072968,19.914829,211.32,2026-07-02 02:00:00+00:00,2026-07-02 03:00:00+00:00,4.84,7.13,8.73,1017.41,81.11,17.57,12.18,295.85
1996,2935,50.072968,19.914829,211.32,2026-07-02 03:00:00+00:00,2026-07-02 04:00:00+00:00,4.3,6.37,7.75,1017.75,90.72,16.93,11.99,293.34
1997,2935,50.072968,19.914829,211.32,2026-07-02 04:00:00+00:00,2026-07-02 05:00:00+00:00,5.76,8.68,10.68,1018.13,86.42,16.59,12.38,297.2
1998,2935,50.072968,19.914829,211.32,2026-07-02 05:00:00+00:00,2026-07-02 06:00:00+00:00,5.18,7.82,9.61,1018.56,85.95,16.57,13.11,297.16
1999,2935,50.072968,19.914829,211.32,2026-07-02 06:00:00+00:00,2026-07-02 07:00:00+00:00,5.95,8.92,10.83,1019.02,75.71,16.62,13.79,300.36
2000,2935,50.072968,19.914829,211.32,2026-07-02 07:00:00+00:00,2026-07-02 08:00:00+00:00,5.24,7.8,9.38,1019.42,69.66,16.72,13.41,301.83
2001,2935,50.072968,19.914829,211.32,2026-07-02 08:00:00+00:00,2026-07-02 09:00:00+00:00,1.35,2.08,2.55,1019.97,64.08,17.11,12.32,303.64
2002,2935,50.072968,19.914829,211.32,2026-07-02 09:00:00+00:00,2026-07-02 10:00:00+00:00,2.35,3.4,4.16,1020.12,59.26,18.46,11.56,300.7
2003,2935,50.072968,19.914829,211.32,2026-07-02 10:00:00+00:00,2026-07-02 11:00:00+00:00,3.79,5.34,6.34,1020.03,55.33,19.6,11.37,299.15
2004,2935,50.072968,19.914829,211.32,2026-07-02 11:00:00+00:00,2026-07-02 12:00:00+00:00,3.83,5.48,6.59,1019.61,52.02,20.51,10.84,297.35
2005,2935,50.072968,19.914829,211.32,2026-07-02 12:00:00+00:00,2026-07-02 13:00:00+00:00,2.02,2.87,3.46,1018.97,48.42,21.74,9.74,298.63
2006,2935,50.072968,19.914829,211.32,2026-07-02 13:00:00+00:00,2026-07-02 14:00:00+00:00,2.04,2.85,3.34,1018.23,45.56,22.76,8.69,304.08
2007,2935,50.072968,19.914829,211.32,2026-07-02 14:00:00+00:00,2026-07-02 15:00:00+00:00,2.53,3.54,4.22,1017.82,42.9,23.45,7.95,314.84
2008,2935,50.072968,19.914829,211.32,2026-07-02 15:00:00+00:00,2026-07-02 16:00:00+00:00,3.16,4.43,5.33,1017.53,42.85,23.67,6.84,321.67
2009,2935,50.072968,19.914829,211.32,2026-07-02 16:00:00+00:00,2026-07-02 17:00:00+00:00,2.49,3.39,4.04,1017.25,44.27,23.81,4.69,323.56
2010,2935,50.072968,19.914829,211.32,2026-07-02 17:00:00+00:00,2026-07-02 18:00:00+00:00,2.11,2.81,3.36,1017.19,46.79,23.38,3.1,294.22
2011,2935,50.072968,19.914829,211.32,2026-07-02 18:00:00+00:00,2026-07-02 19:00:00+00:00,2.74,3.75,4.48,1017.2,50.09,22.24,3.07,247.62
2012,2935,50.072968,19.914829,211.32,2026-07-02 19:00:00+00:00,2026-07-02 20:00:00+00:00,2.77,3.73,4.49,1017.73,51.18,20.62,3.74,233.57
2013,2935,50.072968,19.914829,211.32,2026-07-02 20:00:00+00:00,2026-07-02 21:00:00+00:00,3.04,4.11,4.91,1017.84,52.74,19.33,4.21,238.3
2014,2935,50.072968,19.914829,211.32,2026-07-02 21:00:00+00:00,2026-07-02 22:00:00+00:00,3.61,4.86,5.74,1017.86,54.14,18.16,4.68,235.5
2015,2935,50.072968,19.914829,211.32,2026-07-02 22:00:00+00:00,2026-07-02 23:00:00+00:00,4.03,5.35,6.37,1017.82,55.58,17.2,5.53,232.43
2016,90388,50.016578,19.909836,224.67,2026-07-01 23:00:00+00:00,2026-07-02 00:00:00+00:00,6.07,9.51,11.75,1013.88,86.41,19.41,11.26,284.52
2017,90388,50.016578,19.909836,224.67,2026-07-02 00:00:00+00:00,2026-07-02 01:00:00+00:00,8.97,14.89,17.99,1014.27,88.06,18.97,11.26,287.0
2018,90388,50.016578,19.909836,224.67,2026-07-02 01:00:00+00:00,2026-07-02 02:00:00+00:00,10.05,16.59,20.5,1014.44,89.29,18.33,11.64,295.17
2019,90388,50.016578,19.909836,224.67,2026-07-02 02:00:00+00:00,2026-07-02 03:00:00+00:00,6.91,11.6,14.78,1014.87,89.61,17.62,11.99,295.66
2020,90388,50.016578,19.909836,224.67,2026-07-02 03:00:00+00:00,2026-07-02 04:00:00+00:00,5.33,9.07,11.45,1015.26,91.16,16.93,11.9,293.34
2021,90388,50.016578,19.909836,224.67,2026-07-02 04:00:00+00:00,2026-07-02 05:00:00+00:00,7.04,11.83,14.55,1015.7,90.48,16.67,12.33,295.72
2022,90388,50.016578,19.909836,224.67,2026-07-02 05:00:00+00:00,2026-07-02 06:00:00+00:00,6.51,11.08,13.8,1016.17,89.63,16.73,13.18,297.0
2023,90388,50.016578,19.909836,224.67,2026-07-02 06:00:00+00:00,2026-07-02 07:00:00+00:00,7.75,12.92,16.21,1016.65,88.11,16.62,13.65,299.68
2024,90388,50.016578,19.909836,224.67,2026-07-02 07:00:00+00:00,2026-07-02 08:00:00+00:00,7.79,12.26,14.93,1017.05,84.32,17.06,12.7,300.36
2025,90388,50.016578,19.909836,224.67,2026-07-02 08:00:00+00:00,2026-07-02 09:00:00+00:00,1.24,2.48,3.15,1017.58,76.31,17.28,12.03,301.33
2026,90388,50.016578,19.909836,224.67,2026-07-02 09:00:00+00:00,2026-07-02 10:00:00+00:00,3.18,5.01,6.32,1017.72,71.98,18.56,11.7,300.85
2027,90388,50.016578,19.909836,224.67,2026-07-02 10:00:00+00:00,2026-07-02 11:00:00+00:00,6.57,10.02,12.04,1017.6,67.06,19.9,11.35,299.42
2028,90388,50.016578,19.909836,224.67,2026-07-02 11:00:00+00:00,2026-07-02 12:00:00+00:00,6.26,9.0,10.55,1017.25,62.98,20.89,10.33,295.17
2029,90388,50.016578,19.909836,224.67,2026-07-02 12:00:00+00:00,2026-07-02 13:00:00+00:00,5.63,7.87,9.47,1016.58,58.19,21.69,9.42,298.3
2030,90388,50.016578,19.909836,224.67,2026-07-02 13:00:00+00:00,2026-07-02 14:00:00+00:00,3.21,4.49,5.34,1015.79,50.16,22.76,8.43,306.25
2031,90388,50.016578,19.909836,224.67,2026-07-02 14:00:00+00:00,2026-07-02 15:00:00+00:00,2.66,3.98,4.71,1015.34,46.8,23.74,7.92,316.08
2032,90388,50.016578,19.909836,224.67,2026-07-02 15:00:00+00:00,2026-07-02 16:00:00+00:00,3.08,4.53,5.32,1015.0,46.31,24.22,6.7,328.04
2033,90388,50.016578,19.909836,224.67,2026-07-02 16:00:00+00:00,2026-07-02 17:00:00+00:00,3.12,4.63,5.46,1014.7,47.77,24.12,4.7,312.58
2034,90388,50.016578,19.909836,224.67,2026-07-02 17:00:00+00:00,2026-07-02 18:00:00+00:00,2.54,3.82,4.62,1014.6,50.71,23.64,3.51,291.54
2035,90388,50.016578,19.909836,224.67,2026-07-02 18:00:00+00:00,2026-07-02 19:00:00+00:00,2.68,4.02,4.95,1014.65,55.71,22.38,2.78,251.45
2036,90388,50.016578,19.909836,224.67,2026-07-02 19:00:00+00:00,2026-07-02 20:00:00+00:00,4.56,6.37,7.9,1015.14,61.3,20.56,3.75,238.02
2037,90388,50.016578,19.909836,224.67,2026-07-02 20:00:00+00:00,2026-07-02 21:00:00+00:00,6.81,9.57,11.73,1015.28,66.28,19.25,4.3,236.23
2038,90388,50.016578,19.909836,224.67,2026-07-02 21:00:00+00:00,2026-07-02 22:00:00+00:00,8.55,11.84,14.42,1015.33,69.63,18.18,4.94,232.62
2039,90388,50.016578,19.909836,224.67,2026-07-02 22:00:00+00:00,2026-07-02 23:00:00+00:00,7.53,10.66,12.95,1015.28,72.22,17.24,5.51,230.58
2040,2865,49.980911,19.881126,253.67,2026-07-01 23:00:00+00:00,2026-07-02 00:00:00+00:00,5.16,7.9,9.6,1016.32,89.25,19.7,11.25,283.69
2041,2865,49.980911,19.881126,253.67,2026-07-02 00:00:00+00:00,2026-07-02 01:00:00+00:00,7.82,12.23,14.9,1016.66,90.0,19.22,11.26,287.0
2042,2865,49.980911,19.881126,253.67,2026-07-02 01:00:00+00:00,2026-07-02 02:00:00+00:00,8.39,13.38,16.49,1016.87,90.75,18.68,11.64,295.17
2043,2865,49.980911,19.881126,253.67,2026-07-02 02:00:00+00:00,2026-07-02 03:00:00+00:00,6.49,10.48,12.86,1017.27,91.0,17.93,11.99,295.66
2044,2865,49.980911,19.881126,253.67,2026-07-02 03:00:00+00:00,2026-07-02 04:00:00+00:00,5.94,9.74,12.01,1017.61,91.44,17.33,11.92,293.42
2045,2865,49.980911,19.881126,253.67,2026-07-02 04:00:00+00:00,2026-07-02 05:00:00+00:00,6.49,10.36,12.73,1018.02,91.31,16.97,12.26,295.39
2046,2865,49.980911,19.881126,253.67,2026-07-02 05:00:00+00:00,2026-07-02 06:00:00+00:00,5.77,9.45,11.5,1018.49,90.56,16.8,13.11,297.0
2047,2865,49.980911,19.881126,253.67,2026-07-02 06:00:00+00:00,2026-07-02 07:00:00+00:00,6.57,10.1,12.16,1018.98,89.38,16.71,13.62,299.35
2048,2865,49.980911,19.881126,253.67,2026-07-02 07:00:00+00:00,2026-07-02 08:00:00+00:00,7.09,10.72,12.74,1019.39,87.0,16.79,12.83,300.45
2049,2865,49.980911,19.881126,253.67,2026-07-02 08:00:00+00:00,2026-07-02 09:00:00+00:00,2.55,3.71,4.35,1019.9,83.13,17.18,12.05,301.16
2050,2865,49.980911,19.881126,253.67,2026-07-02 09:00:00+00:00,2026-07-02 10:00:00+00:00,3.57,5.21,6.14,1020.04,78.19,18.36,11.7,300.85
2051,2865,49.980911,19.881126,253.67,2026-07-02 10:00:00+00:00,2026-07-02 11:00:00+00:00,6.19,8.91,10.46,1019.99,73.81,19.33,11.35,299.42
2052,2865,49.980911,19.881126,253.67,2026-07-02 11:00:00+00:00,2026-07-02 12:00:00+00:00,6.11,8.73,10.25,1019.68,70.5,20.36,10.33,295.17
2053,2865,49.980911,19.881126,253.67,2026-07-02 12:00:00+00:00,2026-07-02 13:00:00+00:00,6.12,8.58,10.01,1019.09,58.54,21.22,9.42,298.3
2054,2865,49.980911,19.881126,253.67,2026-07-02 13:00:00+00:00,2026-07-02 14:00:00+00:00,3.54,4.88,5.72,1018.37,40.14,22.58,8.43,306.25
2055,2865,49.980911,19.881126,253.67,2026-07-02 14:00:00+00:00,2026-07-02 15:00:00+00:00,2.79,3.91,4.52,1017.91,37.36,23.72,7.92,316.08
2056,2865,49.980911,19.881126,253.67,2026-07-02 15:00:00+00:00,2026-07-02 16:00:00+00:00,2.96,4.01,4.65,1017.61,36.61,24.18,6.7,328.04
2057,2865,49.980911,19.881126,253.67,2026-07-02 16:00:00+00:00,2026-07-02 17:00:00+00:00,2.74,3.75,4.35,1017.29,37.62,24.13,4.7,312.58
2058,2865,49.980911,19.881126,253.67,2026-07-02 17:00:00+00:00,2026-07-02 18:00:00+00:00,2.47,3.27,3.81,1017.25,40.31,23.54,3.51,291.54
2059,2865,49.980911,19.881126,253.67,2026-07-02 18:00:00+00:00,2026-07-02 19:00:00+00:00,2.59,3.44,3.96,1017.3,43.73,22.06,2.78,251.45
2060,2865,49.980911,19.881126,253.67,2026-07-02 19:00:00+00:00,2026-07-02 20:00:00+00:00,3.86,5.18,6.04,1017.76,46.81,20.66,3.71,236.96
2061,2865,49.980911,19.881126,253.67,2026-07-02 20:00:00+00:00,2026-07-02 21:00:00+00:00,4.88,6.46,7.49,1017.82,49.45,19.41,4.26,237.13
2062,2865,49.980911,19.881126,253.67,2026-07-02 21:00:00+00:00,2026-07-02 22:00:00+00:00,4.85,6.52,7.62,1017.85,51.33,18.5,4.89,232.53
2063,2865,49.980911,19.881126,253.67,2026-07-02 22:00:00+00:00,2026-07-02 23:00:00+00:00,5.1,6.84,7.91,1017.74,55.0,17.37,5.47,230.91
2064,87002,50.165009,20.039921,316.26,2026-07-01 23:00:00+00:00,2026-07-02 00:00:00+00:00,8.62,13.61,15.8,1013.96,89.19,18.85,11.29,284.5
2065,87002,50.165009,20.039921,316.26,2026-07-02 00:00:00+00:00,2026-07-02 01:00:00+00:00,10.75,18.03,21.23,1014.31,89.94,18.5,11.84,291.38
2066,87002,50.165009,20.039921,316.26,2026-07-02 01:00:00+00:00,2026-07-02 02:00:00+00:00,9.57,16.12,18.73,1014.54,90.25,18.21,12.08,298.84
2067,87002,50.165009,20.039921,316.26,2026-07-02 02:00:00+00:00,2026-07-02 03:00:00+00:00,8.75,15.36,18.0,1014.85,90.44,17.48,12.01,300.31
2068,87002,50.165009,20.039921,316.26,2026-07-02 03:00:00+00:00,2026-07-02 04:00:00+00:00,7.45,12.54,14.55,1015.13,91.0,16.59,11.92,293.29
2069,87002,50.165009,20.039921,316.26,2026-07-02 04:00:00+00:00,2026-07-02 05:00:00+00:00,7.36,12.26,14.32,1015.64,90.81,16.24,12.56,297.79
2070,87002,50.165009,20.039921,316.26,2026-07-02 05:00:00+00:00,2026-07-02 06:00:00+00:00,6.52,11.12,13.03,1016.06,90.13,16.05,13.52,300.54
2071,87002,50.165009,20.039921,316.26,2026-07-02 06:00:00+00:00,2026-07-02 07:00:00+00:00,9.18,16.17,19.17,1016.48,89.38,15.99,14.55,302.83
2072,87002,50.165009,20.039921,316.26,2026-07-02 07:00:00+00:00,2026-07-02 08:00:00+00:00,8.63,14.53,16.89,1016.66,88.0,16.27,14.28,302.0
2073,87002,50.165009,20.039921,316.26,2026-07-02 08:00:00+00:00,2026-07-02 09:00:00+00:00,4.96,7.11,8.2,1017.11,83.25,16.93,12.92,302.0
2074,87002,50.165009,20.039921,316.26,2026-07-02 09:00:00+00:00,2026-07-02 10:00:00+00:00,4.21,5.9,6.75,1017.56,77.75,18.16,11.87,301.51
2075,87002,50.165009,20.039921,316.26,2026-07-02 10:00:00+00:00,2026-07-02 11:00:00+00:00,3.73,4.98,5.73,1017.49,74.63,19.68,11.61,298.84
2076,87002,50.165009,20.039921,316.26,2026-07-02 11:00:00+00:00,2026-07-02 12:00:00+00:00,3.85,5.07,5.78,1017.14,70.88,20.7,10.98,297.85
2077,87002,50.165009,20.039921,316.26,2026-07-02 12:00:00+00:00,2026-07-02 13:00:00+00:00,3.35,4.33,4.94,1016.5,67.25,23.22,10.06,297.93
2078,87002,50.165009,20.039921,316.26,2026-07-02 13:00:00+00:00,2026-07-02 14:00:00+00:00,2.23,2.86,3.28,1015.77,64.56,26.26,9.35,303.85
2079,87002,50.165009,20.039921,316.26,2026-07-02 14:00:00+00:00,2026-07-02 15:00:00+00:00,2.6,3.26,3.67,1015.32,62.5,27.81,9.51,313.51
2080,87002,50.165009,20.039921,316.26,2026-07-02 15:00:00+00:00,2026-07-02 16:00:00+00:00,2.75,3.43,3.89,1015.01,62.5,27.03,8.14,320.06
2081,87002,50.165009,20.039921,316.26,2026-07-02 16:00:00+00:00,2026-07-02 17:00:00+00:00,2.38,2.95,3.37,1014.79,62.56,28.06,5.66,322.46
2082,87002,50.165009,20.039921,316.26,2026-07-02 17:00:00+00:00,2026-07-02 18:00:00+00:00,2.63,3.16,3.61,1014.72,63.56,27.78,3.48,342.66
2083,87002,50.165009,20.039921,316.26,2026-07-02 18:00:00+00:00,2026-07-02 19:00:00+00:00,3.08,3.82,4.36,1014.73,67.0,23.28,3.65,227.0
2084,87002,50.165009,20.039921,316.26,2026-07-02 19:00:00+00:00,2026-07-02 20:00:00+00:00,4.19,5.15,5.9,1015.2,71.5,20.64,3.8,229.0
2085,87002,50.165009,20.039921,316.26,2026-07-02 20:00:00+00:00,2026-07-02 21:00:00+00:00,4.38,5.56,6.36,1015.31,74.5,19.0,4.55,239.0
2086,87002,50.165009,20.039921,316.26,2026-07-02 21:00:00+00:00,2026-07-02 22:00:00+00:00,4.26,5.36,6.11,1015.33,76.0,17.76,5.64,232.0
2087,87002,50.165009,20.039921,316.26,2026-07-02 22:00:00+00:00,2026-07-02 23:00:00+00:00,3.68,4.62,5.31,1015.26,77.5,16.73,5.72,231.0
2088,32907,50.097127,19.992093,239.07,2026-07-01 23:00:00+00:00,2026-07-02 00:00:00+00:00,9.0,12.46,14.49,1013.57,89.25,19.29,11.42,285.37
2089,32907,50.097127,19.992093,239.07,2026-07-02 00:00:00+00:00,2026-07-02 01:00:00+00:00,11.37,17.03,20.46,1013.98,90.5,18.84,11.89,290.72
2090,32907,50.097127,19.992093,239.07,2026-07-02 01:00:00+00:00,2026-07-02 02:00:00+00:00,10.7,16.69,19.97,1014.13,91.0,18.4,12.14,296.66
2091,32907,50.097127,19.992093,239.07,2026-07-02 02:00:00+00:00,2026-07-02 03:00:00+00:00,9.66,14.09,16.78,1014.54,82.19,17.63,11.95,296.03
2092,32907,50.097127,19.992093,239.07,2026-07-02 03:00:00+00:00,2026-07-02 04:00:00+00:00,7.45,11.69,13.89,1014.92,70.16,16.85,11.89,293.36
2093,32907,50.097127,19.992093,239.07,2026-07-02 04:00:00+00:00,2026-07-02 05:00:00+00:00,8.76,13.45,15.86,1015.37,72.94,16.58,12.45,297.4
2094,32907,50.097127,19.992093,239.07,2026-07-02 05:00:00+00:00,2026-07-02 06:00:00+00:00,7.25,10.81,12.95,1015.86,65.53,16.38,13.32,299.66
2095,32907,50.097127,19.992093,239.07,2026-07-02 06:00:00+00:00,2026-07-02 07:00:00+00:00,8.5,13.11,15.9,1016.33,75.41,16.34,13.74,300.0
2096,32907,50.097127,19.992093,239.07,2026-07-02 07:00:00+00:00,2026-07-02 08:00:00+00:00,9.9,14.86,17.39,1016.6,83.75,16.59,13.52,301.68
2097,32907,50.097127,19.992093,239.07,2026-07-02 08:00:00+00:00,2026-07-02 09:00:00+00:00,4.11,5.82,6.88,1017.07,74.4,17.06,12.73,301.31
2098,32907,50.097127,19.992093,239.07,2026-07-02 09:00:00+00:00,2026-07-02 10:00:00+00:00,3.93,5.53,6.63,1017.44,59.46,18.01,11.88,301.51
2099,32907,50.097127,19.992093,239.07,2026-07-02 10:00:00+00:00,2026-07-02 11:00:00+00:00,5.59,7.62,9.07,1017.33,53.51,19.43,11.46,299.0
2100,32907,50.097127,19.992093,239.07,2026-07-02 11:00:00+00:00,2026-07-02 12:00:00+00:00,6.26,8.12,9.52,1016.86,51.39,20.95,10.95,299.52
2101,32907,50.097127,19.992093,239.07,2026-07-02 12:00:00+00:00,2026-07-02 13:00:00+00:00,2.94,3.76,4.39,1016.05,43.11,23.67,8.56,294.64
2102,32907,50.097127,19.992093,239.07,2026-07-02 13:00:00+00:00,2026-07-02 14:00:00+00:00,2.79,3.49,4.23,1015.16,62.64,28.76,6.2,178.9
2103,32907,50.097127,19.992093,239.07,2026-07-02 14:00:00+00:00,2026-07-02 15:00:00+00:00,2.92,3.65,4.29,1014.66,58.66,25.76,8.31,315.8
2104,32907,50.097127,19.992093,239.07,2026-07-02 15:00:00+00:00,2026-07-02 16:00:00+00:00,3.5,4.58,5.48,1014.47,36.44,24.29,7.1,326.11
2105,32907,50.097127,19.992093,239.07,2026-07-02 16:00:00+00:00,2026-07-02 17:00:00+00:00,3.35,4.4,5.2,1014.23,37.54,23.98,4.43,325.7
2106,32907,50.097127,19.992093,239.07,2026-07-02 17:00:00+00:00,2026-07-02 18:00:00+00:00,3.78,4.82,5.87,1014.22,39.92,23.18,2.14,297.97
2107,32907,50.097127,19.992093,239.07,2026-07-02 18:00:00+00:00,2026-07-02 19:00:00+00:00,3.92,5.23,6.37,1014.3,43.67,21.9,3.29,235.16
2108,32907,50.097127,19.992093,239.07,2026-07-02 19:00:00+00:00,2026-07-02 20:00:00+00:00,3.97,5.15,6.36,1014.83,47.33,20.14,3.76,229.51
2109,32907,50.097127,19.992093,239.07,2026-07-02 20:00:00+00:00,2026-07-02 21:00:00+00:00,5.13,6.63,7.9,1014.98,50.2,18.77,4.45,238.93
2110,32907,50.097127,19.992093,239.07,2026-07-02 21:00:00+00:00,2026-07-02 22:00:00+00:00,5.98,7.78,9.41,1015.06,51.69,17.62,4.91,233.43
2111,32907,50.097127,19.992093,239.07,2026-07-02 22:00:00+00:00,2026-07-02 23:00:00+00:00,5.61,7.35,8.93,1015.01,52.93,16.83,5.66,231.1
2112,7592,50.140354,19.911984,277.26,2026-07-01 23:00:00+00:00,2026-07-02 00:00:00+00:00,0.03,0.15,0.17,1013.35,81.46,19.34,11.16,285.87
2113,7592,50.140354,19.911984,277.26,2026-07-02 00:00:00+00:00,2026-07-02 01:00:00+00:00,0.05,0.17,0.19,1013.88,89.01,18.94,11.73,288.0
2114,7592,50.140354,19.911984,277.26,2026-07-02 01:00:00+00:00,2026-07-02 02:00:00+00:00,0.06,0.17,0.19,1014.2,75.86,18.21,12.28,298.09
2115,7592,50.140354,19.911984,277.26,2026-07-02 02:00:00+00:00,2026-07-02 03:00:00+00:00,0.0,0.06,0.07,1014.62,73.5,17.53,12.18,295.85
2116,7592,50.140354,19.911984,277.26,2026-07-02 03:00:00+00:00,2026-07-02 04:00:00+00:00,0.03,0.1,0.11,1014.87,82.74,16.95,11.99,293.34
2117,7592,50.140354,19.911984,277.26,2026-07-02 04:00:00+00:00,2026-07-02 05:00:00+00:00,0.05,0.14,0.15,1015.21,80.3,16.71,12.47,298.0
2118,7592,50.140354,19.911984,277.26,2026-07-02 05:00:00+00:00,2026-07-02 06:00:00+00:00,0.09,0.28,0.31,1015.68,78.31,16.65,13.11,297.16
2119,7592,50.140354,19.911984,277.26,2026-07-02 06:00:00+00:00,2026-07-02 07:00:00+00:00,0.04,0.15,0.17,1016.09,78.08,16.63,13.79,300.36
2120,7592,50.140354,19.911984,277.26,2026-07-02 07:00:00+00:00,2026-07-02 08:00:00+00:00,0.13,0.34,0.37,1016.46,69.78,16.79,13.41,301.83
2121,7592,50.140354,19.911984,277.26,2026-07-02 08:00:00+00:00,2026-07-02 09:00:00+00:00,0.11,0.31,0.34,1016.96,72.29,17.39,12.26,303.33
2122,7592,50.140354,19.911984,277.26,2026-07-02 09:00:00+00:00,2026-07-02 10:00:00+00:00,0.28,0.77,0.84,1017.03,72.9,19.13,11.45,300.0
2123,7592,50.140354,19.911984,277.26,2026-07-02 10:00:00+00:00,2026-07-02 11:00:00+00:00,0.03,0.15,0.17,1016.84,48.61,20.46,11.36,299.08
2124,7592,50.140354,19.911984,277.26,2026-07-02 11:00:00+00:00,2026-07-02 12:00:00+00:00,0.18,0.55,0.6,1016.4,45.82,21.72,10.83,297.32
2125,7592,50.140354,19.911984,277.26,2026-07-02 12:00:00+00:00,2026-07-02 13:00:00+00:00,0.2,0.54,0.59,1015.59,42.29,23.7,9.74,298.63
2126,7592,50.140354,19.911984,277.26,2026-07-02 13:00:00+00:00,2026-07-02 14:00:00+00:00,0.06,0.21,0.23,1014.73,45.4,26.72,8.61,304.71
2127,7592,50.140354,19.911984,277.26,2026-07-02 14:00:00+00:00,2026-07-02 15:00:00+00:00,0.06,0.44,0.48,1014.2,61.38,28.99,7.91,315.88
2128,7592,50.140354,19.911984,277.26,2026-07-02 15:00:00+00:00,2026-07-02 16:00:00+00:00,0.16,0.66,0.73,1013.88,61.31,28.97,6.84,321.67
2129,7592,50.140354,19.911984,277.26,2026-07-02 16:00:00+00:00,2026-07-02 17:00:00+00:00,0.03,0.14,0.15,1013.64,62.38,29.44,4.69,323.56
2130,7592,50.140354,19.911984,277.26,2026-07-02 17:00:00+00:00,2026-07-02 18:00:00+00:00,0.06,0.26,0.28,1013.57,64.81,28.91,3.1,294.22
2131,7592,50.140354,19.911984,277.26,2026-07-02 18:00:00+00:00,2026-07-02 19:00:00+00:00,0.08,0.21,0.24,1013.93,68.25,24.37,3.07,247.62
2132,7592,50.140354,19.911984,277.26,2026-07-02 19:00:00+00:00,2026-07-02 20:00:00+00:00,0.04,0.13,0.14,1014.66,55.6,20.78,3.74,233.57
2133,7592,50.140354,19.911984,277.26,2026-07-02 20:00:00+00:00,2026-07-02 21:00:00+00:00,0.04,0.16,0.18,1014.84,49.69,19.12,4.23,238.14
2134,7592,50.140354,19.911984,277.26,2026-07-02 21:00:00+00:00,2026-07-02 22:00:00+00:00,0.0,0.07,0.07,1014.92,51.17,17.72,4.76,235.15
2135,7592,50.140354,19.911984,277.26,2026-07-02 22:00:00+00:00,2026-07-02 23:00:00+00:00,0.07,0.22,0.24,1014.88,52.61,16.87,5.53,232.43
2136,5651,50.1167,19.91429,245.2,2026-07-01 23:00:00+00:00,2026-07-02 00:00:00+00:00,,,,,,,,
2137,5651,50.1167,19.91429,245.2,2026-07-02 00:00:00+00:00,2026-07-02 01:00:00+00:00,,,,,,,,
2138,5651,50.1167,19.91429,245.2,2026-07-02 01:00:00+00:00,2026-07-02 02:00:00+00:00,,,,,,,,
2139,5651,50.1167,19.91429,245.2,2026-07-02 02:00:00+00:00,2026-07-02 03:00:00+00:00,,,,,,,,
2140,5651,50.1167,19.91429,245.2,2026-07-02 03:00:00+00:00,2026-07-02 04:00:00+00:00,,,,,,,,
2141,5651,50.1167,19.91429,245.2,2026-07-02 04:00:00+00:00,2026-07-02 05:00:00+00:00,,,,,,,,
2142,5651,50.1167,19.91429,245.2,2026-07-02 05:00:00+00:00,2026-07-02 06:00:00+00:00,,,,,,,,
2143,5651,50.1167,19.91429,245.2,2026-07-02 06:00:00+00:00,2026-07-02 07:00:00+00:00,,,,,,,,
2144,5651,50.1167,19.91429,245.2,2026-07-02 07:00:00+00:00,2026-07-02 08:00:00+00:00,,,,,,,,
2145,5651,50.1167,19.91429,245.2,2026-07-02 08:00:00+00:00,2026-07-02 09:00:00+00:00,,,,,,,,
2146,5651,50.1167,19.91429,245.2,2026-07-02 09:00:00+00:00,2026-07-02 10:00:00+00:00,,,,,,,,
2147,5651,50.1167,19.91429,245.2,2026-07-02 10:00:00+00:00,2026-07-02 11:00:00+00:00,,,,,,,,
2148,5651,50.1167,19.91429,245.2,2026-07-02 11:00:00+00:00,2026-07-02 12:00:00+00:00,,,,,,,,
2149,5651,50.1167,19.91429,245.2,2026-07-02 12:00:00+00:00,2026-07-02 13:00:00+00:00,,,,,,,,
2150,5651,50.1167,19.91429,245.2,2026-07-02 13:00:00+00:00,2026-07-02 14:00:00+00:00,,,,,,,,
2151,5651,50.1167,19.91429,245.2,2026-07-02 14:00:00+00:00,2026-07-02 15:00:00+00:00,,,,,,,,
2152,5651,50.1167,19.91429,245.2,2026-07-02 15:00:00+00:00,2026-07-02 16:00:00+00:00,,,,,,,,
2153,5651,50.1167,19.91429,245.2,2026-07-02 16:00:00+00:00,2026-07-02 17:00:00+00:00,,,,,,,,
2154,5651,50.1167,19.91429,245.2,2026-07-02 17:00:00+00:00,2026-07-02 18:00:00+00:00,,,,,,,,
2155,5651,50.1167,19.91429,245.2,2026-07-02 18:00:00+00:00,2026-07-02 19:00:00+00:00,,,,,,,,
2156,5651,50.1167,19.91429,245.2,2026-07-02 19:00:00+00:00,2026-07-02 20:00:00+00:00,,,,,,,,
2157,5651,50.1167,19.91429,245.2,2026-07-02 20:00:00+00:00,2026-07-02 21:00:00+00:00,,,,,,,,
2158,5651,50.1167,19.91429,245.2,2026-07-02 21:00:00+00:00,2026-07-02 22:00:00+00:00,,,,,,,,
2159,5651,50.1167,19.91429,245.2,2026-07-02 22:00:00+00:00,2026-07-02 23:00:00+00:00,,,,,,,,
2160,354,50.145447,20.027565,264.02,2026-07-01 23:00:00+00:00,2026-07-02 00:00:00+00:00,,,,,,,,
2161,354,50.145447,20.027565,264.02,2026-07-02 00:00:00+00:00,2026-07-02 01:00:00+00:00,,,,,,,,
2162,354,50.145447,20.027565,264.02,2026-07-02 01:00:00+00:00,2026-07-02 02:00:00+00:00,,,,,,,,
2163,354,50.145447,20.027565,264.02,2026-07-02 02:00:00+00:00,2026-07-02 03:00:00+00:00,,,,,,,,
2164,354,50.145447,20.027565,264.02,2026-07-02 03:00:00+00:00,2026-07-02 04:00:00+00:00,,,,,,,,
2165,354,50.145447,20.027565,264.02,2026-07-02 04:00:00+00:00,2026-07-02 05:00:00+00:00,,,,,,,,
2166,354,50.145447,20.027565,264.02,2026-07-02 05:00:00+00:00,2026-07-02 06:00:00+00:00,,,,,,,,
2167,354,50.145447,20.027565,264.02,2026-07-02 06:00:00+00:00,2026-07-02 07:00:00+00:00,,,,,,,,
2168,354,50.145447,20.027565,264.02,2026-07-02 07:00:00+00:00,2026-07-02 08:00:00+00:00,,,,,,,,
2169,354,50.145447,20.027565,264.02,2026-07-02 08:00:00+00:00,2026-07-02 09:00:00+00:00,,,,,,,,
2170,354,50.145447,20.027565,264.02,2026-07-02 09:00:00+00:00,2026-07-02 10:00:00+00:00,,,,,,,,
2171,354,50.145447,20.027565,264.02,2026-07-02 10:00:00+00:00,2026-07-02 11:00:00+00:00,,,,,,,,
2172,354,50.145447,20.027565,264.02,2026-07-02 11:00:00+00:00,2026-07-02 12:00:00+00:00,,,,,,,,
2173,354,50.145447,20.027565,264.02,2026-07-02 12:00:00+00:00,2026-07-02 13:00:00+00:00,,,,,,,,
2174,354,50.145447,20.027565,264.02,2026-07-02 13:00:00+00:00,2026-07-02 14:00:00+00:00,,,,,,,,
2175,354,50.145447,20.027565,264.02,2026-07-02 14:00:00+00:00,2026-07-02 15:00:00+00:00,,,,,,,,
2176,354,50.145447,20.027565,264.02,2026-07-02 15:00:00+00:00,2026-07-02 16:00:00+00:00,,,,,,,,
2177,354,50.145447,20.027565,264.02,2026-07-02 16:00:00+00:00,2026-07-02 17:00:00+00:00,,,,,,,,
2178,354,50.145447,20.027565,264.02,2026-07-02 17:00:00+00:00,2026-07-02 18:00:00+00:00,,,,,,,,
2179,354,50.145447,20.027565,264.02,2026-07-02 18:00:00+00:00,2026-07-02 19:00:00+00:00,,,,,,,,
2180,354,50.145447,20.027565,264.02,2026-07-02 19:00:00+00:00,2026-07-02 20:00:00+00:00,,,,,,,,
2181,354,50.145447,20.027565,264.02,2026-07-02 20:00:00+00:00,2026-07-02 21:00:00+00:00,,,,,,,,
2182,354,50.145447,20.027565,264.02,2026-07-02 21:00:00+00:00,2026-07-02 22:00:00+00:00,,,,,,,,
2183,354,50.145447,20.027565,264.02,2026-07-02 22:00:00+00:00,2026-07-02 23:00:00+00:00,,,,,,,,
2184,37818,50.066747,19.962083,208.91,2026-07-01 23:00:00+00:00,2026-07-02 00:00:00+00:00,,,,,,,,
2185,37818,50.066747,19.962083,208.91,2026-07-02 00:00:00+00:00,2026-07-02 01:00:00+00:00,,,,,,,,
2186,37818,50.066747,19.962083,208.91,2026-07-02 01:00:00+00:00,2026-07-02 02:00:00+00:00,,,,,,,,
2187,37818,50.066747,19.962083,208.91,2026-07-02 02:00:00+00:00,2026-07-02 03:00:00+00:00,,,,,,,,
2188,37818,50.066747,19.962083,208.91,2026-07-02 03:00:00+00:00,2026-07-02 04:00:00+00:00,,,,,,,,
2189,37818,50.066747,19.962083,208.91,2026-07-02 04:00:00+00:00,2026-07-02 05:00:00+00:00,,,,,,,,
2190,37818,50.066747,19.962083,208.91,2026-07-02 05:00:00+00:00,2026-07-02 06:00:00+00:00,,,,,,,,
2191,37818,50.066747,19.962083,208.91,2026-07-02 06:00:00+00:00,2026-07-02 07:00:00+00:00,,,,,,,,
2192,37818,50.066747,19.962083,208.91,2026-07-02 07:00:00+00:00,2026-07-02 08:00:00+00:00,,,,,,,,
2193,37818,50.066747,19.962083,208.91,2026-07-02 08:00:00+00:00,2026-07-02 09:00:00+00:00,,,,,,,,
2194,37818,50.066747,19.962083,208.91,2026-07-02 09:00:00+00:00,2026-07-02 10:00:00+00:00,,,,,,,,
2195,37818,50.066747,19.962083,208.91,2026-07-02 10:00:00+00:00,2026-07-02 11:00:00+00:00,,,,,,,,
2196,37818,50.066747,19.962083,208.91,2026-07-02 11:00:00+00:00,2026-07-02 12:00:00+00:00,,,,,,,,
2197,37818,50.066747,19.962083,208.91,2026-07-02 12:00:00+00:00,2026-07-02 13:00:00+00:00,,,,,,,,
2198,37818,50.066747,19.962083,208.91,2026-07-02 13:00:00+00:00,2026-07-02 14:00:00+00:00,,,,,,,,
2199,37818,50.066747,19.962083,208.91,2026-07-02 14:00:00+00:00,2026-07-02 15:00:00+00:00,,,,,,,,
2200,37818,50.066747,19.962083,208.91,2026-07-02 15:00:00+00:00,2026-07-02 16:00:00+00:00,,,,,,,,
2201,37818,50.066747,19.962083,208.91,2026-07-02 16:00:00+00:00,2026-07-02 17:00:00+00:00,,,,,,,,
2202,37818,50.066747,19.962083,208.91,2026-07-02 17:00:00+00:00,2026-07-02 18:00:00+00:00,,,,,,,,
2203,37818,50.066747,19.962083,208.91,2026-07-02 18:00:00+00:00,2026-07-02 19:00:00+00:00,,,,,,,,
2204,37818,50.066747,19.962083,208.91,2026-07-02 19:00:00+00:00,2026-07-02 20:00:00+00:00,,,,,,,,
2205,37818,50.066747,19.962083,208.91,2026-07-02 20:00:00+00:00,2026-07-02 21:00:00+00:00,,,,,,,,
2206,37818,50.066747,19.962083,208.91,2026-07-02 21:00:00+00:00,2026-07-02 22:00:00+00:00,,,,,,,,
2207,37818,50.066747,19.962083,208.91,2026-07-02 22:00:00+00:00,2026-07-02 23:00:00+00:00,,,,,,,,
2208,86963,50.107288,20.045784,222.25,2026-07-01 23:00:00+00:00,2026-07-02 00:00:00+00:00,7.03,11.31,13.68,1013.53,89.25,19.35,11.42,285.37
2209,86963,50.107288,20.045784,222.25,2026-07-02 00:00:00+00:00,2026-07-02 01:00:00+00:00,9.03,15.01,18.21,1013.92,90.5,18.96,11.89,290.72
2210,86963,50.107288,20.045784,222.25,2026-07-02 01:00:00+00:00,2026-07-02 02:00:00+00:00,9.39,16.67,20.23,1014.16,91.0,18.34,12.14,296.66
2211,86963,50.107288,20.045784,222.25,2026-07-02 02:00:00+00:00,2026-07-02 03:00:00+00:00,7.72,13.4,16.47,1014.45,91.0,17.87,11.95,296.03
2212,86963,50.107288,20.045784,222.25,2026-07-02 03:00:00+00:00,2026-07-02 04:00:00+00:00,6.98,12.17,14.96,1014.78,91.0,16.87,11.89,293.36
2213,86963,50.107288,20.045784,222.25,2026-07-02 04:00:00+00:00,2026-07-02 05:00:00+00:00,7.93,13.81,16.81,1015.29,90.75,16.42,12.45,297.4
2214,86963,50.107288,20.045784,222.25,2026-07-02 05:00:00+00:00,2026-07-02 06:00:00+00:00,5.48,9.28,11.24,1015.78,90.25,16.38,13.32,299.66
2215,86963,50.107288,20.045784,222.25,2026-07-02 06:00:00+00:00,2026-07-02 07:00:00+00:00,7.3,12.47,15.13,1016.25,89.25,16.42,13.74,300.0
2216,86963,50.107288,20.045784,222.25,2026-07-02 07:00:00+00:00,2026-07-02 08:00:00+00:00,8.69,14.88,18.08,1016.56,86.25,16.58,13.52,301.68
2217,86963,50.107288,20.045784,222.25,2026-07-02 08:00:00+00:00,2026-07-02 09:00:00+00:00,5.26,8.27,10.01,1016.9,82.43,17.25,12.73,301.31
2218,86963,50.107288,20.045784,222.25,2026-07-02 09:00:00+00:00,2026-07-02 10:00:00+00:00,3.88,5.54,6.79,1017.42,78.46,18.09,11.91,301.76
2219,86963,50.107288,20.045784,222.25,2026-07-02 10:00:00+00:00,2026-07-02 11:00:00+00:00,4.7,6.53,7.72,1017.28,74.19,19.83,11.52,299.0
2220,86963,50.107288,20.045784,222.25,2026-07-02 11:00:00+00:00,2026-07-02 12:00:00+00:00,5.34,7.35,8.76,1016.83,70.5,21.02,10.92,299.26
2221,86963,50.107288,20.045784,222.25,2026-07-02 12:00:00+00:00,2026-07-02 13:00:00+00:00,3.17,4.4,5.23,1016.14,67.29,22.75,9.92,298.83
2222,86963,50.107288,20.045784,222.25,2026-07-02 13:00:00+00:00,2026-07-02 14:00:00+00:00,2.6,3.62,4.25,1015.24,65.64,29.89,7.44,174.28
2223,86963,50.107288,20.045784,222.25,2026-07-02 14:00:00+00:00,2026-07-02 15:00:00+00:00,2.59,3.59,4.27,1014.66,61.41,26.01,8.4,314.89
2224,86963,50.107288,20.045784,222.25,2026-07-02 15:00:00+00:00,2026-07-02 16:00:00+00:00,3.07,4.25,4.95,1014.29,61.06,27.48,7.33,326.06
2225,86963,50.107288,20.045784,222.25,2026-07-02 16:00:00+00:00,2026-07-02 17:00:00+00:00,3.11,4.19,5.04,1014.04,61.66,25.93,4.65,326.38
2226,86963,50.107288,20.045784,222.25,2026-07-02 17:00:00+00:00,2026-07-02 18:00:00+00:00,4.13,5.54,6.61,1014.02,61.4,23.86,2.22,305.28
2227,86963,50.107288,20.045784,222.25,2026-07-02 18:00:00+00:00,2026-07-02 19:00:00+00:00,3.69,4.94,5.94,1014.1,67.69,22.34,3.26,236.07
2228,86963,50.107288,20.045784,222.25,2026-07-02 19:00:00+00:00,2026-07-02 20:00:00+00:00,4.35,5.8,6.89,1014.68,71.74,20.27,3.7,228.27
2229,86963,50.107288,20.045784,222.25,2026-07-02 20:00:00+00:00,2026-07-02 21:00:00+00:00,6.02,8.32,10.16,1014.88,74.63,18.72,4.42,239.46
2230,86963,50.107288,20.045784,222.25,2026-07-02 21:00:00+00:00,2026-07-02 22:00:00+00:00,7.29,10.31,12.56,1014.99,76.13,17.52,4.85,233.71
2231,86963,50.107288,20.045784,222.25,2026-07-02 22:00:00+00:00,2026-07-02 23:00:00+00:00,16.12,25.88,34.42,1014.92,77.56,16.7,5.66,231.1
2232,90148,50.149958,19.933871,306.29,2026-07-01 23:00:00+00:00,2026-07-02 00:00:00+00:00,8.91,14.5,16.64,1013.86,89.38,19.41,11.16,285.87
2233,90148,50.149958,19.933871,306.29,2026-07-02 00:00:00+00:00,2026-07-02 01:00:00+00:00,12.4,20.46,25.37,1014.31,90.13,19.06,11.73,288.0
2234,90148,50.149958,19.933871,306.29,2026-07-02 01:00:00+00:00,2026-07-02 02:00:00+00:00,10.82,18.13,21.42,1014.56,90.88,18.47,12.28,298.09
2235,90148,50.149958,19.933871,306.29,2026-07-02 02:00:00+00:00,2026-07-02 03:00:00+00:00,8.05,13.36,15.21,1014.98,91.63,17.77,12.18,295.85
2236,90148,50.149958,19.933871,306.29,2026-07-02 03:00:00+00:00,2026-07-02 04:00:00+00:00,9.44,15.93,18.38,1015.3,91.75,17.0,11.99,293.34
2237,90148,50.149958,19.933871,306.29,2026-07-02 04:00:00+00:00,2026-07-02 05:00:00+00:00,7.51,12.41,14.04,1015.58,91.13,16.79,12.38,297.2
2238,90148,50.149958,19.933871,306.29,2026-07-02 05:00:00+00:00,2026-07-02 06:00:00+00:00,8.23,13.63,15.69,1016.11,90.38,16.53,13.11,297.16
2239,90148,50.149958,19.933871,306.29,2026-07-02 06:00:00+00:00,2026-07-02 07:00:00+00:00,11.08,18.57,21.88,1016.48,89.0,16.69,13.79,300.36
2240,90148,50.149958,19.933871,306.29,2026-07-02 07:00:00+00:00,2026-07-02 08:00:00+00:00,9.44,15.24,17.47,1016.75,86.25,17.09,13.41,301.83
2241,90148,50.149958,19.933871,306.29,2026-07-02 08:00:00+00:00,2026-07-02 09:00:00+00:00,4.12,6.23,7.11,1017.31,82.63,17.54,12.32,303.64
2242,90148,50.149958,19.933871,306.29,2026-07-02 09:00:00+00:00,2026-07-02 10:00:00+00:00,4.91,7.38,8.3,1017.63,77.63,18.86,11.56,300.7
2243,90148,50.149958,19.933871,306.29,2026-07-02 10:00:00+00:00,2026-07-02 11:00:00+00:00,5.49,8.25,9.23,1017.5,73.63,20.42,11.37,299.17
2244,90148,50.149958,19.933871,306.29,2026-07-02 11:00:00+00:00,2026-07-02 12:00:00+00:00,4.38,6.27,7.07,1017.1,70.5,22.33,10.84,297.35
2245,90148,50.149958,19.933871,306.29,2026-07-02 12:00:00+00:00,2026-07-02 13:00:00+00:00,3.61,5.07,5.7,1016.47,66.88,22.92,9.74,298.63
2246,90148,50.149958,19.933871,306.29,2026-07-02 13:00:00+00:00,2026-07-02 14:00:00+00:00,3.38,4.88,5.46,1015.82,63.75,23.78,8.61,304.71
2247,90148,50.149958,19.933871,306.29,2026-07-02 14:00:00+00:00,2026-07-02 15:00:00+00:00,3.73,5.42,6.09,1015.46,61.38,24.29,7.91,315.88
2248,90148,50.149958,19.933871,306.29,2026-07-02 15:00:00+00:00,2026-07-02 16:00:00+00:00,4.05,5.66,6.39,1015.16,61.31,24.36,6.84,321.67
2249,90148,50.149958,19.933871,306.29,2026-07-02 16:00:00+00:00,2026-07-02 17:00:00+00:00,4.08,5.64,6.33,1014.94,62.38,24.19,4.69,323.56
2250,90148,50.149958,19.933871,306.29,2026-07-02 17:00:00+00:00,2026-07-02 18:00:00+00:00,3.74,5.2,5.84,1014.88,64.81,23.49,3.1,294.22
2251,90148,50.149958,19.933871,306.29,2026-07-02 18:00:00+00:00,2026-07-02 19:00:00+00:00,4.76,6.59,7.42,1014.96,68.25,21.73,3.07,247.62
2252,90148,50.149958,19.933871,306.29,2026-07-02 19:00:00+00:00,2026-07-02 20:00:00+00:00,16.05,25.4,30.88,1015.45,71.56,19.79,3.74,233.57
2253,90148,50.149958,19.933871,306.29,2026-07-02 20:00:00+00:00,2026-07-02 21:00:00+00:00,9.83,14.48,17.14,1015.43,74.38,18.78,4.23,238.14
2254,90148,50.149958,19.933871,306.29,2026-07-02 21:00:00+00:00,2026-07-02 22:00:00+00:00,4.6,6.35,7.14,1015.45,75.88,17.65,4.76,235.15
2255,90148,50.149958,19.933871,306.29,2026-07-02 22:00:00+00:00,2026-07-02 23:00:00+00:00,4.51,6.13,6.84,1015.39,77.31,16.57,5.53,232.43
2256,86910,49.991052,19.913596,234.64,2026-07-01 23:00:00+00:00,2026-07-02 00:00:00+00:00,5.62,8.21,9.57,1014.49,64.62,19.43,11.26,284.52
2257,86910,49.991052,19.913596,234.64,2026-07-02 00:00:00+00:00,2026-07-02 01:00:00+00:00,8.22,12.74,14.99,1014.84,66.48,18.92,11.25,287.0
2258,86910,49.991052,19.913596,234.64,2026-07-02 01:00:00+00:00,2026-07-02 02:00:00+00:00,10.38,16.15,19.26,1015.0,66.13,18.5,11.64,295.17
2259,86910,49.991052,19.913596,234.64,2026-07-02 02:00:00+00:00,2026-07-02 03:00:00+00:00,7.22,11.31,13.35,1015.41,66.32,17.99,11.99,295.66
2260,86910,49.991052,19.913596,234.64,2026-07-02 03:00:00+00:00,2026-07-02 04:00:00+00:00,6.96,11.08,13.17,1015.77,66.8,17.13,11.9,293.34
2261,86910,49.991052,19.913596,234.64,2026-07-02 04:00:00+00:00,2026-07-02 05:00:00+00:00,7.88,12.36,14.62,1016.18,66.6,16.79,12.33,295.72
2262,86910,49.991052,19.913596,234.64,2026-07-02 05:00:00+00:00,2026-07-02 06:00:00+00:00,7.03,10.99,13.17,1016.67,66.05,16.73,13.18,297.0
2263,86910,49.991052,19.913596,234.64,2026-07-02 06:00:00+00:00,2026-07-02 07:00:00+00:00,7.64,11.52,13.52,1017.13,66.21,16.67,13.65,299.68
2264,86910,49.991052,19.913596,234.64,2026-07-02 07:00:00+00:00,2026-07-02 08:00:00+00:00,7.92,11.59,13.61,1017.54,62.05,16.94,12.7,300.36
2265,86910,49.991052,19.913596,234.64,2026-07-02 08:00:00+00:00,2026-07-02 09:00:00+00:00,2.04,2.96,3.41,1018.04,58.03,17.49,12.03,301.33
2266,86910,49.991052,19.913596,234.64,2026-07-02 09:00:00+00:00,2026-07-02 10:00:00+00:00,3.69,5.16,5.98,1018.18,53.04,18.85,11.66,300.68
2267,86910,49.991052,19.913596,234.64,2026-07-02 10:00:00+00:00,2026-07-02 11:00:00+00:00,6.41,8.85,10.25,1018.1,48.81,20.11,11.33,299.34
2268,86910,49.991052,19.913596,234.64,2026-07-02 11:00:00+00:00,2026-07-02 12:00:00+00:00,5.79,7.89,9.15,1017.74,46.61,21.81,10.2,294.57
2269,86910,49.991052,19.913596,234.64,2026-07-02 12:00:00+00:00,2026-07-02 13:00:00+00:00,5.25,6.99,8.06,1017.12,49.11,23.41,9.39,299.23
2270,86910,49.991052,19.913596,234.64,2026-07-02 13:00:00+00:00,2026-07-02 14:00:00+00:00,3.06,4.12,4.75,1016.36,64.0,24.3,8.31,306.77
2271,86910,49.991052,19.913596,234.64,2026-07-02 14:00:00+00:00,2026-07-02 15:00:00+00:00,2.84,3.72,4.32,1015.91,62.06,24.81,7.92,316.08
2272,86910,49.991052,19.913596,234.64,2026-07-02 15:00:00+00:00,2026-07-02 16:00:00+00:00,3.36,4.42,5.18,1015.64,61.31,24.72,6.7,328.04
2273,86910,49.991052,19.913596,234.64,2026-07-02 16:00:00+00:00,2026-07-02 17:00:00+00:00,3.45,4.45,5.14,1015.35,62.31,24.34,4.7,312.58
2274,86910,49.991052,19.913596,234.64,2026-07-02 17:00:00+00:00,2026-07-02 18:00:00+00:00,2.95,3.77,4.43,1015.29,65.0,23.57,3.51,291.54
2275,86910,49.991052,19.913596,234.64,2026-07-02 18:00:00+00:00,2026-07-02 19:00:00+00:00,3.04,3.88,4.57,1015.33,68.44,22.12,2.78,251.45
2276,86910,49.991052,19.913596,234.64,2026-07-02 19:00:00+00:00,2026-07-02 20:00:00+00:00,5.07,6.66,7.75,1015.87,55.28,20.13,3.75,238.02
2277,86910,49.991052,19.913596,234.64,2026-07-02 20:00:00+00:00,2026-07-02 21:00:00+00:00,6.42,8.63,10.03,1015.98,49.59,18.67,4.3,236.23
2278,86910,49.991052,19.913596,234.64,2026-07-02 21:00:00+00:00,2026-07-02 22:00:00+00:00,6.85,9.09,10.56,1016.04,51.4,17.45,4.94,232.62
2279,86910,49.991052,19.913596,234.64,2026-07-02 22:00:00+00:00,2026-07-02 23:00:00+00:00,7.13,9.39,10.96,1015.97,52.9,16.46,5.51,230.58
2280,82333,50.140929,19.988972,246.45,2026-07-01 23:00:00+00:00,2026-07-02 00:00:00+00:00,8.77,13.91,16.25,1014.66,64.5,18.8,11.42,285.37
2281,82333,50.140929,19.988972,246.45,2026-07-02 00:00:00+00:00,2026-07-02 01:00:00+00:00,11.55,18.94,23.16,1015.06,65.76,18.43,11.89,290.72
2282,82333,50.140929,19.988972,246.45,2026-07-02 01:00:00+00:00,2026-07-02 02:00:00+00:00,10.11,17.26,20.63,1015.3,66.27,17.89,12.14,296.66
2283,82333,50.140929,19.988972,246.45,2026-07-02 02:00:00+00:00,2026-07-02 03:00:00+00:00,7.68,12.81,15.06,1015.71,66.27,17.16,11.95,296.03
2284,82333,50.140929,19.988972,246.45,2026-07-02 03:00:00+00:00,2026-07-02 04:00:00+00:00,8.19,14.13,16.61,1016.04,66.26,16.41,11.89,293.36
2285,82333,50.140929,19.988972,246.45,2026-07-02 04:00:00+00:00,2026-07-02 05:00:00+00:00,7.64,12.76,15.02,1016.4,66.02,16.26,12.45,297.4
2286,82333,50.140929,19.988972,246.45,2026-07-02 05:00:00+00:00,2026-07-02 06:00:00+00:00,6.38,10.64,12.63,1016.9,65.51,16.0,13.32,299.66
2287,82333,50.140929,19.988972,246.45,2026-07-02 06:00:00+00:00,2026-07-02 07:00:00+00:00,9.69,16.52,20.19,1017.33,64.69,15.97,13.74,299.82
2288,82333,50.140929,19.988972,246.45,2026-07-02 07:00:00+00:00,2026-07-02 08:00:00+00:00,9.14,14.73,17.18,1017.56,61.52,16.36,13.52,301.68
2289,82333,50.140929,19.988972,246.45,2026-07-02 08:00:00+00:00,2026-07-02 09:00:00+00:00,4.51,7.07,8.23,1018.09,57.76,16.82,12.73,301.31
2290,82333,50.140929,19.988972,246.45,2026-07-02 09:00:00+00:00,2026-07-02 10:00:00+00:00,4.49,6.61,7.84,1018.41,53.89,17.9,11.91,301.76
2291,82333,50.140929,19.988972,246.45,2026-07-02 10:00:00+00:00,2026-07-02 11:00:00+00:00,5.16,7.47,8.72,1018.29,60.86,19.47,11.52,299.0
2292,82333,50.140929,19.988972,246.45,2026-07-02 11:00:00+00:00,2026-07-02 12:00:00+00:00,5.03,7.24,8.43,1017.89,70.5,20.74,10.92,299.26
2293,82333,50.140929,19.988972,246.45,2026-07-02 12:00:00+00:00,2026-07-02 13:00:00+00:00,3.04,4.28,5.02,1017.23,67.71,22.36,9.92,298.83
2294,82333,50.140929,19.988972,246.45,2026-07-02 13:00:00+00:00,2026-07-02 14:00:00+00:00,2.47,3.7,4.39,1016.5,67.24,27.06,7.44,174.28
2295,82333,50.140929,19.988972,246.45,2026-07-02 14:00:00+00:00,2026-07-02 15:00:00+00:00,2.96,4.39,5.16,1016.09,61.69,24.21,8.4,314.89
2296,82333,50.140929,19.988972,246.45,2026-07-02 15:00:00+00:00,2026-07-02 16:00:00+00:00,3.34,4.91,5.9,1015.81,61.06,23.93,7.33,326.06
2297,82333,50.140929,19.988972,246.45,2026-07-02 16:00:00+00:00,2026-07-02 17:00:00+00:00,3.4,4.9,6.08,1015.55,61.94,23.74,4.65,326.38
2298,82333,50.140929,19.988972,246.45,2026-07-02 17:00:00+00:00,2026-07-02 18:00:00+00:00,3.66,5.25,6.41,1015.52,64.16,22.56,2.22,305.28
2299,82333,50.140929,19.988972,246.45,2026-07-02 18:00:00+00:00,2026-07-02 19:00:00+00:00,3.85,5.41,6.72,1015.6,62.57,20.84,3.26,236.07
2300,82333,50.140929,19.988972,246.45,2026-07-02 19:00:00+00:00,2026-07-02 20:00:00+00:00,4.64,6.56,8.05,1016.14,46.98,19.0,3.7,228.27
2301,82333,50.140929,19.988972,246.45,2026-07-02 20:00:00+00:00,2026-07-02 21:00:00+00:00,6.62,9.56,11.44,1016.26,49.85,17.55,4.42,239.46
2302,82333,50.140929,19.988972,246.45,2026-07-02 21:00:00+00:00,2026-07-02 22:00:00+00:00,5.64,7.87,9.27,1016.31,51.36,16.44,4.85,233.71
2303,82333,50.140929,19.988972,246.45,2026-07-02 22:00:00+00:00,2026-07-02 23:00:00+00:00,4.73,6.6,7.73,1016.24,52.79,15.56,5.66,231.1
2304,5759,49.961026,19.942816,306.25,2026-07-01 23:00:00+00:00,2026-07-02 00:00:00+00:00,8.39,12.0,13.99,1013.88,89.25,19.31,,
2305,5759,49.961026,19.942816,306.25,2026-07-02 00:00:00+00:00,2026-07-02 01:00:00+00:00,11.6,17.48,20.84,1014.16,90.0,18.88,,
2306,5759,49.961026,19.942816,306.25,2026-07-02 01:00:00+00:00,2026-07-02 02:00:00+00:00,12.49,19.02,23.19,1014.29,90.75,18.66,,
2307,5759,49.961026,19.942816,306.25,2026-07-02 02:00:00+00:00,2026-07-02 03:00:00+00:00,10.17,15.4,18.2,1014.66,91.0,17.96,,
2308,5759,49.961026,19.942816,306.25,2026-07-02 03:00:00+00:00,2026-07-02 04:00:00+00:00,8.71,13.78,16.13,1014.98,91.44,17.28,,
2309,5759,49.961026,19.942816,306.25,2026-07-02 04:00:00+00:00,2026-07-02 05:00:00+00:00,9.98,15.68,18.51,1015.4,91.31,16.82,,
2310,5759,49.961026,19.942816,306.25,2026-07-02 05:00:00+00:00,2026-07-02 06:00:00+00:00,8.24,12.25,14.42,1015.83,90.56,17.37,,
2311,5759,49.961026,19.942816,306.25,2026-07-02 06:00:00+00:00,2026-07-02 07:00:00+00:00,8.08,11.65,13.48,1016.31,89.38,17.23,,
2312,5759,49.961026,19.942816,306.25,2026-07-02 07:00:00+00:00,2026-07-02 08:00:00+00:00,10.13,14.19,16.15,1016.69,87.0,17.53,,
2313,5759,49.961026,19.942816,306.25,2026-07-02 08:00:00+00:00,2026-07-02 09:00:00+00:00,6.4,8.57,9.74,1016.91,85.75,17.4,,
2314,5759,49.961026,19.942816,306.25,2026-07-02 09:00:00+00:00,2026-07-02 10:00:00+00:00,,,,,,,,
2315,5759,49.961026,19.942816,306.25,2026-07-02 10:00:00+00:00,2026-07-02 11:00:00+00:00,,,,,,,,
2316,5759,49.961026,19.942816,306.25,2026-07-02 11:00:00+00:00,2026-07-02 12:00:00+00:00,,,,,,,,
2317,5759,49.961026,19.942816,306.25,2026-07-02 12:00:00+00:00,2026-07-02 13:00:00+00:00,,,,,,,,
2318,5759,49.961026,19.942816,306.25,2026-07-02 13:00:00+00:00,2026-07-02 14:00:00+00:00,,,,,,,,
2319,5759,49.961026,19.942816,306.25,2026-07-02 14:00:00+00:00,2026-07-02 15:00:00+00:00,,,,,,,,
2320,5759,49.961026,19.942816,306.25,2026-07-02 15:00:00+00:00,2026-07-02 16:00:00+00:00,,,,,,,,
2321,5759,49.961026,19.942816,306.25,2026-07-02 16:00:00+00:00,2026-07-02 17:00:00+00:00,,,,,,,,
2322,5759,49.961026,19.942816,306.25,2026-07-02 17:00:00+00:00,2026-07-02 18:00:00+00:00,,,,,,,,
2323,5759,49.961026,19.942816,306.25,2026-07-02 18:00:00+00:00,2026-07-02 19:00:00+00:00,,,,,,,,
2324,5759,49.961026,19.942816,306.25,2026-07-02 19:00:00+00:00,2026-07-02 20:00:00+00:00,,,,,,,,
2325,5759,49.961026,19.942816,306.25,2026-07-02 20:00:00+00:00,2026-07-02 21:00:00+00:00,,,,,,,,
2326,5759,49.961026,19.942816,306.25,2026-07-02 21:00:00+00:00,2026-07-02 22:00:00+00:00,,,,,,,,
2327,5759,49.961026,19.942816,306.25,2026-07-02 22:00:00+00:00,2026-07-02 23:00:00+00:00,,,,,,,,
2328,6116,50.113705,19.747568,258.19,2026-07-01 23:00:00+00:00,2026-07-02 00:00:00+00:00,,,,,,,,
2329,6116,50.113705,19.747568,258.19,2026-07-02 00:00:00+00:00,2026-07-02 01:00:00+00:00,,,,,,,,
2330,6116,50.113705,19.747568,258.19,2026-07-02 01:00:00+00:00,2026-07-02 02:00:00+00:00,,,,,,,,
2331,6116,50.113705,19.747568,258.19,2026-07-02 02:00:00+00:00,2026-07-02 03:00:00+00:00,,,,,,,,
2332,6116,50.113705,19.747568,258.19,2026-07-02 03:00:00+00:00,2026-07-02 04:00:00+00:00,,,,,,,,
2333,6116,50.113705,19.747568,258.19,2026-07-02 04:00:00+00:00,2026-07-02 05:00:00+00:00,,,,,,,,
2334,6116,50.113705,19.747568,258.19,2026-07-02 05:00:00+00:00,2026-07-02 06:00:00+00:00,,,,,,,,
2335,6116,50.113705,19.747568,258.19,2026-07-02 06:00:00+00:00,2026-07-02 07:00:00+00:00,,,,,,,,
2336,6116,50.113705,19.747568,258.19,2026-07-02 07:00:00+00:00,2026-07-02 08:00:00+00:00,,,,,,,,
2337,6116,50.113705,19.747568,258.19,2026-07-02 08:00:00+00:00,2026-07-02 09:00:00+00:00,,,,,,,,
2338,6116,50.113705,19.747568,258.19,2026-07-02 09:00:00+00:00,2026-07-02 10:00:00+00:00,,,,,,,,
2339,6116,50.113705,19.747568,258.19,2026-07-02 10:00:00+00:00,2026-07-02 11:00:00+00:00,,,,,,,,
2340,6116,50.113705,19.747568,258.19,2026-07-02 11:00:00+00:00,2026-07-02 12:00:00+00:00,,,,,,,,
2341,6116,50.113705,19.747568,258.19,2026-07-02 12:00:00+00:00,2026-07-02 13:00:00+00:00,,,,,,,,
2342,6116,50.113705,19.747568,258.19,2026-07-02 13:00:00+00:00,2026-07-02 14:00:00+00:00,,,,,,,,
2343,6116,50.113705,19.747568,258.19,2026-07-02 14:00:00+00:00,2026-07-02 15:00:00+00:00,,,,,,,,
2344,6116,50.113705,19.747568,258.19,2026-07-02 15:00:00+00:00,2026-07-02 16:00:00+00:00,,,,,,,,
2345,6116,50.113705,19.747568,258.19,2026-07-02 16:00:00+00:00,2026-07-02 17:00:00+00:00,,,,,,,,
2346,6116,50.113705,19.747568,258.19,2026-07-02 17:00:00+00:00,2026-07-02 18:00:00+00:00,,,,,,,,
2347,6116,50.113705,19.747568,258.19,2026-07-02 18:00:00+00:00,2026-07-02 19:00:00+00:00,,,,,,,,
2348,6116,50.113705,19.747568,258.19,2026-07-02 19:00:00+00:00,2026-07-02 20:00:00+00:00,,,,,,,,
2349,6116,50.113705,19.747568,258.19,2026-07-02 20:00:00+00:00,2026-07-02 21:00:00+00:00,,,,,,,,
2350,6116,50.113705,19.747568,258.19,2026-07-02 21:00:00+00:00,2026-07-02 22:00:00+00:00,,,,,,,,
2351,6116,50.113705,19.747568,258.19,2026-07-02 22:00:00+00:00,2026-07-02 23:00:00+00:00,,,,,,,,
2352,86920,49.993368,19.946925,253.36,2026-07-01 23:00:00+00:00,2026-07-02 00:00:00+00:00,,,,,,,,
2353,86920,49.993368,19.946925,253.36,2026-07-02 00:00:00+00:00,2026-07-02 01:00:00+00:00,,,,,,,,
2354,86920,49.993368,19.946925,253.36,2026-07-02 01:00:00+00:00,2026-07-02 02:00:00+00:00,,,,,,,,
2355,86920,49.993368,19.946925,253.36,2026-07-02 02:00:00+00:00,2026-07-02 03:00:00+00:00,,,,,,,,
2356,86920,49.993368,19.946925,253.36,2026-07-02 03:00:00+00:00,2026-07-02 04:00:00+00:00,,,,,,,,
2357,86920,49.993368,19.946925,253.36,2026-07-02 04:00:00+00:00,2026-07-02 05:00:00+00:00,,,,,,,,
2358,86920,49.993368,19.946925,253.36,2026-07-02 05:00:00+00:00,2026-07-02 06:00:00+00:00,,,,,,,,
2359,86920,49.993368,19.946925,253.36,2026-07-02 06:00:00+00:00,2026-07-02 07:00:00+00:00,,,,,,,,
2360,86920,49.993368,19.946925,253.36,2026-07-02 07:00:00+00:00,2026-07-02 08:00:00+00:00,,,,,,,,
2361,86920,49.993368,19.946925,253.36,2026-07-02 08:00:00+00:00,2026-07-02 09:00:00+00:00,,,,,,,,
2362,86920,49.993368,19.946925,253.36,2026-07-02 09:00:00+00:00,2026-07-02 10:00:00+00:00,,,,,,,,
2363,86920,49.993368,19.946925,253.36,2026-07-02 10:00:00+00:00,2026-07-02 11:00:00+00:00,,,,,,,,
2364,86920,49.993368,19.946925,253.36,2026-07-02 11:00:00+00:00,2026-07-02 12:00:00+00:00,,,,,,,,
2365,86920,49.993368,19.946925,253.36,2026-07-02 12:00:00+00:00,2026-07-02 13:00:00+00:00,,,,,,,,
2366,86920,49.993368,19.946925,253.36,2026-07-02 13:00:00+00:00,2026-07-02 14:00:00+00:00,,,,,,,,
2367,86920,49.993368,19.946925,253.36,2026-07-02 14:00:00+00:00,2026-07-02 15:00:00+00:00,,,,,,,,
2368,86920,49.993368,19.946925,253.36,2026-07-02 15:00:00+00:00,2026-07-02 16:00:00+00:00,,,,,,,,
2369,86920,49.993368,19.946925,253.36,2026-07-02 16:00:00+00:00,2026-07-02 17:00:00+00:00,,,,,,,,
2370,86920,49.993368,19.946925,253.36,2026-07-02 17:00:00+00:00,2026-07-02 18:00:00+00:00,,,,,,,,
2371,86920,49.993368,19.946925,253.36,2026-07-02 18:00:00+00:00,2026-07-02 19:00:00+00:00,,,,,,,,
2372,86920,49.993368,19.946925,253.36,2026-07-02 19:00:00+00:00,2026-07-02 20:00:00+00:00,,,,,,,,
2373,86920,49.993368,19.946925,253.36,2026-07-02 20:00:00+00:00,2026-07-02 21:00:00+00:00,,,,,,,,
2374,86920,49.993368,19.946925,253.36,2026-07-02 21:00:00+00:00,2026-07-02 22:00:00+00:00,,,,,,,,
2375,86920,49.993368,19.946925,253.36,2026-07-02 22:00:00+00:00,2026-07-02 23:00:00+00:00,,,,,,,,
2376,12001,50.127182,19.864904,277.23,2026-07-01 23:00:00+00:00,2026-07-02 00:00:00+00:00,8.81,12.21,13.94,1013.58,89.38,19.01,11.16,285.87
2377,12001,50.127182,19.864904,277.23,2026-07-02 00:00:00+00:00,2026-07-02 01:00:00+00:00,12.36,18.44,21.75,1014.1,90.13,18.81,11.73,288.0
2378,12001,50.127182,19.864904,277.23,2026-07-02 01:00:00+00:00,2026-07-02 02:00:00+00:00,10.38,15.27,17.63,1014.26,90.88,18.28,12.28,298.09
2379,12001,50.127182,19.864904,277.23,2026-07-02 02:00:00+00:00,2026-07-02 03:00:00+00:00,8.19,11.72,13.4,1014.67,87.17,17.5,12.18,295.85
2380,12001,50.127182,19.864904,277.23,2026-07-02 03:00:00+00:00,2026-07-02 04:00:00+00:00,9.21,13.46,15.46,1015.06,90.34,16.65,11.99,293.34
2381,12001,50.127182,19.864904,277.23,2026-07-02 04:00:00+00:00,2026-07-02 05:00:00+00:00,10.33,15.11,17.23,1015.43,91.13,16.36,12.38,297.2
2382,12001,50.127182,19.864904,277.23,2026-07-02 05:00:00+00:00,2026-07-02 06:00:00+00:00,8.58,12.29,13.98,1015.82,90.38,16.48,13.11,297.16
2383,12001,50.127182,19.864904,277.23,2026-07-02 06:00:00+00:00,2026-07-02 07:00:00+00:00,11.28,16.05,18.38,1016.3,89.0,16.4,13.79,300.36
2384,12001,50.127182,19.864904,277.23,2026-07-02 07:00:00+00:00,2026-07-02 08:00:00+00:00,7.19,9.77,11.11,1016.66,84.22,16.76,13.41,301.83
2385,12001,50.127182,19.864904,277.23,2026-07-02 08:00:00+00:00,2026-07-02 09:00:00+00:00,2.92,3.94,4.53,1017.16,73.71,17.11,12.32,303.64
2386,12001,50.127182,19.864904,277.23,2026-07-02 09:00:00+00:00,2026-07-02 10:00:00+00:00,5.21,6.79,7.83,1017.3,71.34,18.76,11.57,300.76
2387,12001,50.127182,19.864904,277.23,2026-07-02 10:00:00+00:00,2026-07-02 11:00:00+00:00,5.99,7.62,8.61,1017.2,65.28,20.37,11.37,299.25
2388,12001,50.127182,19.864904,277.23,2026-07-02 11:00:00+00:00,2026-07-02 12:00:00+00:00,3.93,4.86,5.66,1016.79,57.97,21.75,10.89,297.52
2389,12001,50.127182,19.864904,277.23,2026-07-02 12:00:00+00:00,2026-07-02 13:00:00+00:00,3.46,4.34,4.9,1016.13,52.68,22.01,9.84,298.45
2390,12001,50.127182,19.864904,277.23,2026-07-02 13:00:00+00:00,2026-07-02 14:00:00+00:00,3.36,4.27,4.87,1015.48,48.48,22.73,8.69,304.08
2391,12001,50.127182,19.864904,277.23,2026-07-02 14:00:00+00:00,2026-07-02 15:00:00+00:00,4.02,5.01,5.73,1015.1,46.16,23.53,7.95,314.84
2392,12001,50.127182,19.864904,277.23,2026-07-02 15:00:00+00:00,2026-07-02 16:00:00+00:00,4.08,5.05,5.79,1014.8,46.36,23.76,6.84,321.67
2393,12001,50.127182,19.864904,277.23,2026-07-02 16:00:00+00:00,2026-07-02 17:00:00+00:00,3.64,4.54,5.18,1014.52,47.22,23.9,4.69,323.56
2394,12001,50.127182,19.864904,277.23,2026-07-02 17:00:00+00:00,2026-07-02 18:00:00+00:00,3.06,3.79,4.43,1014.45,49.71,23.28,3.1,294.22
2395,12001,50.127182,19.864904,277.23,2026-07-02 18:00:00+00:00,2026-07-02 19:00:00+00:00,3.64,4.46,5.19,1014.48,54.99,21.88,3.07,247.62
2396,12001,50.127182,19.864904,277.23,2026-07-02 19:00:00+00:00,2026-07-02 20:00:00+00:00,4.64,5.86,6.87,1014.99,59.29,19.98,3.74,233.57
2397,12001,50.127182,19.864904,277.23,2026-07-02 20:00:00+00:00,2026-07-02 21:00:00+00:00,5.31,6.58,7.56,1015.13,63.53,18.49,4.23,238.14
2398,12001,50.127182,19.864904,277.23,2026-07-02 21:00:00+00:00,2026-07-02 22:00:00+00:00,5.69,7.07,8.19,1015.17,65.02,17.26,4.76,235.15
2399,12001,50.127182,19.864904,277.23,2026-07-02 22:00:00+00:00,2026-07-02 23:00:00+00:00,6.57,8.13,9.23,1015.12,73.5,16.29,5.53,232.43
2400,43068,50.026179,19.939701,223.59,2026-07-01 23:00:00+00:00,2026-07-02 00:00:00+00:00,,,,,,,,
2401,43068,50.026179,19.939701,223.59,2026-07-02 00:00:00+00:00,2026-07-02 01:00:00+00:00,,,,,,,,
2402,43068,50.026179,19.939701,223.59,2026-07-02 01:00:00+00:00,2026-07-02 02:00:00+00:00,,,,,,,,
2403,43068,50.026179,19.939701,223.59,2026-07-02 02:00:00+00:00,2026-07-02 03:00:00+00:00,,,,,,,,
2404,43068,50.026179,19.939701,223.59,2026-07-02 03:00:00+00:00,2026-07-02 04:00:00+00:00,,,,,,,,
2405,43068,50.026179,19.939701,223.59,2026-07-02 04:00:00+00:00,2026-07-02 05:00:00+00:00,,,,,,,,
2406,43068,50.026179,19.939701,223.59,2026-07-02 05:00:00+00:00,2026-07-02 06:00:00+00:00,,,,,,,,
2407,43068,50.026179,19.939701,223.59,2026-07-02 06:00:00+00:00,2026-07-02 07:00:00+00:00,,,,,,,,
2408,43068,50.026179,19.939701,223.59,2026-07-02 07:00:00+00:00,2026-07-02 08:00:00+00:00,,,,,,,,
2409,43068,50.026179,19.939701,223.59,2026-07-02 08:00:00+00:00,2026-07-02 09:00:00+00:00,,,,,,,,
2410,43068,50.026179,19.939701,223.59,2026-07-02 09:00:00+00:00,2026-07-02 10:00:00+00:00,,,,,,,,
2411,43068,50.026179,19.939701,223.59,2026-07-02 10:00:00+00:00,2026-07-02 11:00:00+00:00,,,,,,,,
2412,43068,50.026179,19.939701,223.59,2026-07-02 11:00:00+00:00,2026-07-02 12:00:00+00:00,,,,,,,,
2413,43068,50.026179,19.939701,223.59,2026-07-02 12:00:00+00:00,2026-07-02 13:00:00+00:00,,,,,,,,
2414,43068,50.026179,19.939701,223.59,2026-07-02 13:00:00+00:00,2026-07-02 14:00:00+00:00,,,,,,,,
2415,43068,50.026179,19.939701,223.59,2026-07-02 14:00:00+00:00,2026-07-02 15:00:00+00:00,,,,,,,,
2416,43068,50.026179,19.939701,223.59,2026-07-02 15:00:00+00:00,2026-07-02 16:00:00+00:00,,,,,,,,
2417,43068,50.026179,19.939701,223.59,2026-07-02 16:00:00+00:00,2026-07-02 17:00:00+00:00,,,,,,,,
2418,43068,50.026179,19.939701,223.59,2026-07-02 17:00:00+00:00,2026-07-02 18:00:00+00:00,,,,,,,,
2419,43068,50.026179,19.939701,223.59,2026-07-02 18:00:00+00:00,2026-07-02 19:00:00+00:00,,,,,,,,
2420,43068,50.026179,19.939701,223.59,2026-07-02 19:00:00+00:00,2026-07-02 20:00:00+00:00,,,,,,,,
2421,43068,50.026179,19.939701,223.59,2026-07-02 20:00:00+00:00,2026-07-02 21:00:00+00:00,,,,,,,,
2422,43068,50.026179,19.939701,223.59,2026-07-02 21:00:00+00:00,2026-07-02 22:00:00+00:00,,,,,,,,
2423,43068,50.026179,19.939701,223.59,2026-07-02 22:00:00+00:00,2026-07-02 23:00:00+00:00,,,,,,,,
2424,37595,49.950474,19.973186,381.18,2026-07-01 23:00:00+00:00,2026-07-02 00:00:00+00:00,6.84,10.72,12.6,1013.44,88.87,18.94,11.33,289.57
2425,37595,49.950474,19.973186,381.18,2026-07-02 00:00:00+00:00,2026-07-02 01:00:00+00:00,9.88,15.85,18.93,1013.65,89.32,18.86,12.4,293.69
2426,37595,49.950474,19.973186,381.18,2026-07-02 01:00:00+00:00,2026-07-02 02:00:00+00:00,10.75,17.47,20.73,1013.63,87.93,18.23,12.0,301.43
2427,37595,49.950474,19.973186,381.18,2026-07-02 02:00:00+00:00,2026-07-02 03:00:00+00:00,9.09,14.71,17.21,1013.91,85.65,17.89,12.0,295.48
2428,37595,49.950474,19.973186,381.18,2026-07-02 03:00:00+00:00,2026-07-02 04:00:00+00:00,7.61,12.87,15.22,1014.34,88.67,17.03,12.05,294.0
2429,37595,49.950474,19.973186,381.18,2026-07-02 04:00:00+00:00,2026-07-02 05:00:00+00:00,8.71,14.79,17.57,1014.79,90.89,16.47,12.46,297.03
2430,37595,49.950474,19.973186,381.18,2026-07-02 05:00:00+00:00,2026-07-02 06:00:00+00:00,8.25,14.0,16.63,1015.26,89.66,16.36,13.29,298.0
2431,37595,49.950474,19.973186,381.18,2026-07-02 06:00:00+00:00,2026-07-02 07:00:00+00:00,7.96,12.95,15.21,1015.77,89.29,16.23,13.67,299.16
2432,37595,49.950474,19.973186,381.18,2026-07-02 07:00:00+00:00,2026-07-02 08:00:00+00:00,10.18,16.12,18.8,1016.1,84.47,16.47,13.57,304.67
2433,37595,49.950474,19.973186,381.18,2026-07-02 08:00:00+00:00,2026-07-02 09:00:00+00:00,3.68,5.48,6.37,1016.53,69.38,17.17,12.78,306.13
2434,37595,49.950474,19.973186,381.18,2026-07-02 09:00:00+00:00,2026-07-02 10:00:00+00:00,4.66,6.84,7.98,1016.84,60.71,18.33,12.07,302.49
2435,37595,49.950474,19.973186,381.18,2026-07-02 10:00:00+00:00,2026-07-02 11:00:00+00:00,7.05,10.09,11.86,1016.79,53.97,19.19,12.04,300.01
2436,37595,49.950474,19.973186,381.18,2026-07-02 11:00:00+00:00,2026-07-02 12:00:00+00:00,6.53,9.13,10.67,1016.44,49.15,20.32,11.5,299.4
2437,37595,49.950474,19.973186,381.18,2026-07-02 12:00:00+00:00,2026-07-02 13:00:00+00:00,6.36,8.73,10.12,1015.88,43.93,22.3,10.69,301.21
2438,37595,49.950474,19.973186,381.18,2026-07-02 13:00:00+00:00,2026-07-02 14:00:00+00:00,4.35,6.03,7.03,1015.19,40.55,23.28,9.96,306.55
2439,37595,49.950474,19.973186,381.18,2026-07-02 14:00:00+00:00,2026-07-02 15:00:00+00:00,2.89,3.95,4.67,1014.73,38.85,23.88,8.85,314.64
2440,37595,49.950474,19.973186,381.18,2026-07-02 15:00:00+00:00,2026-07-02 16:00:00+00:00,3.17,4.34,5.12,1014.43,37.07,24.38,7.02,321.34
2441,37595,49.950474,19.973186,381.18,2026-07-02 16:00:00+00:00,2026-07-02 17:00:00+00:00,3.5,4.76,5.65,1014.2,37.56,24.08,5.06,325.49
2442,37595,49.950474,19.973186,381.18,2026-07-02 17:00:00+00:00,2026-07-02 18:00:00+00:00,4.1,5.69,6.66,1014.2,39.79,23.01,3.07,301.5
2443,37595,49.950474,19.973186,381.18,2026-07-02 18:00:00+00:00,2026-07-02 19:00:00+00:00,4.88,6.84,7.98,1014.23,43.54,21.5,3.86,238.95
2444,37595,49.950474,19.973186,381.18,2026-07-02 19:00:00+00:00,2026-07-02 20:00:00+00:00,5.09,7.0,8.19,1014.75,47.03,20.04,4.76,228.2
2445,37595,49.950474,19.973186,381.18,2026-07-02 20:00:00+00:00,2026-07-02 21:00:00+00:00,5.53,7.68,8.88,1014.8,49.54,18.76,5.08,232.31
2446,37595,49.950474,19.973186,381.18,2026-07-02 21:00:00+00:00,2026-07-02 22:00:00+00:00,5.38,7.42,8.71,1014.84,51.04,17.74,5.13,231.85
2447,37595,49.950474,19.973186,381.18,2026-07-02 22:00:00+00:00,2026-07-02 23:00:00+00:00,5.46,7.51,8.68,1014.75,52.87,16.87,6.28,228.89
2448,2545,50.116828,20.11815,234.05,2026-07-01 23:00:00+00:00,2026-07-02 00:00:00+00:00,6.81,9.85,12.03,1015.22,64.78,19.57,11.98,289.6
2449,2545,50.116828,20.11815,234.05,2026-07-02 00:00:00+00:00,2026-07-02 01:00:00+00:00,7.85,11.64,14.35,1015.61,65.42,19.19,12.67,295.56
2450,2545,50.116828,20.11815,234.05,2026-07-02 01:00:00+00:00,2026-07-02 02:00:00+00:00,8.38,12.68,15.61,1015.88,66.3,18.46,12.8,300.63
2451,2545,50.116828,20.11815,234.05,2026-07-02 02:00:00+00:00,2026-07-02 03:00:00+00:00,7.53,11.57,14.36,1016.25,66.61,17.73,12.26,300.98
2452,2545,50.116828,20.11815,234.05,2026-07-02 03:00:00+00:00,2026-07-02 04:00:00+00:00,5.88,8.87,10.92,1016.4,66.74,17.31,12.08,298.85
2453,2545,50.116828,20.11815,234.05,2026-07-02 04:00:00+00:00,2026-07-02 05:00:00+00:00,6.29,9.36,11.46,1016.89,66.3,17.01,12.75,300.71
2454,2545,50.116828,20.11815,234.05,2026-07-02 05:00:00+00:00,2026-07-02 06:00:00+00:00,5.75,8.59,10.6,1017.31,66.06,16.91,13.83,302.0
2455,2545,50.116828,20.11815,234.05,2026-07-02 06:00:00+00:00,2026-07-02 07:00:00+00:00,6.5,9.91,12.33,1017.74,75.3,16.83,14.44,302.67
2456,2545,50.116828,20.11815,234.05,2026-07-02 07:00:00+00:00,2026-07-02 08:00:00+00:00,8.26,12.85,16.19,1018.0,73.39,16.94,14.14,305.3
2457,2545,50.116828,20.11815,234.05,2026-07-02 08:00:00+00:00,2026-07-02 09:00:00+00:00,5.42,8.18,9.73,1018.51,63.46,18.05,12.44,307.0
2458,2545,50.116828,20.11815,234.05,2026-07-02 09:00:00+00:00,2026-07-02 10:00:00+00:00,4.52,6.92,8.81,1018.93,62.69,18.95,12.35,305.5
2459,2545,50.116828,20.11815,234.05,2026-07-02 10:00:00+00:00,2026-07-02 11:00:00+00:00,6.2,9.63,12.16,1018.93,61.52,20.03,12.43,303.5
2460,2545,50.116828,20.11815,234.05,2026-07-02 11:00:00+00:00,2026-07-02 12:00:00+00:00,,,,,,,,
2461,2545,50.116828,20.11815,234.05,2026-07-02 12:00:00+00:00,2026-07-02 13:00:00+00:00,,,,,,,,
2462,2545,50.116828,20.11815,234.05,2026-07-02 13:00:00+00:00,2026-07-02 14:00:00+00:00,,,,,,,9.73,313.0
2463,2545,50.116828,20.11815,234.05,2026-07-02 14:00:00+00:00,2026-07-02 15:00:00+00:00,,,,,,,,
2464,2545,50.116828,20.11815,234.05,2026-07-02 15:00:00+00:00,2026-07-02 16:00:00+00:00,2.63,3.72,4.31,1016.49,37.8,23.92,6.02,321.0
2465,2545,50.116828,20.11815,234.05,2026-07-02 16:00:00+00:00,2026-07-02 17:00:00+00:00,2.63,3.65,4.2,1016.3,38.17,23.58,4.93,331.05
2466,2545,50.116828,20.11815,234.05,2026-07-02 17:00:00+00:00,2026-07-02 18:00:00+00:00,3.11,4.28,4.93,1016.18,43.05,22.2,3.98,236.0
2467,2545,50.116828,20.11815,234.05,2026-07-02 18:00:00+00:00,2026-07-02 19:00:00+00:00,4.14,5.11,5.74,1016.37,47.54,20.09,4.09,235.06
2468,2545,50.116828,20.11815,234.05,2026-07-02 19:00:00+00:00,2026-07-02 20:00:00+00:00,4.63,5.66,6.75,1016.65,58.23,19.61,5.06,229.72
2469,2545,50.116828,20.11815,234.05,2026-07-02 20:00:00+00:00,2026-07-02 21:00:00+00:00,5.14,6.44,7.53,1016.68,60.3,18.16,5.55,233.0
2470,2545,50.116828,20.11815,234.05,2026-07-02 21:00:00+00:00,2026-07-02 22:00:00+00:00,5.91,7.3,8.5,1016.72,63.45,16.83,5.92,231.48
2471,2545,50.116828,20.11815,234.05,2026-07-02 22:00:00+00:00,2026-07-02 23:00:00+00:00,5.64,6.98,8.18,1016.69,56.46,16.75,6.0,231.0
2472,40916,50.174264,19.849742,301.54,2026-07-01 23:00:00+00:00,2026-07-02 00:00:00+00:00,9.57,14.42,16.85,1015.3,89.38,18.84,10.84,285.35
2473,40916,50.174264,19.849742,301.54,2026-07-02 00:00:00+00:00,2026-07-02 01:00:00+00:00,12.37,19.73,24.15,1015.79,90.13,18.52,10.87,287.17
2474,40916,50.174264,19.849742,301.54,2026-07-02 01:00:00+00:00,2026-07-02 02:00:00+00:00,10.03,15.39,17.7,1016.05,90.88,18.01,11.92,296.34
2475,40916,50.174264,19.849742,301.54,2026-07-02 02:00:00+00:00,2026-07-02 03:00:00+00:00,8.61,12.87,14.53,1016.57,88.42,17.12,11.87,292.79
2476,40916,50.174264,19.849742,301.54,2026-07-02 03:00:00+00:00,2026-07-02 04:00:00+00:00,9.72,14.98,17.05,1016.83,70.36,16.42,11.9,292.17
2477,40916,50.174264,19.849742,301.54,2026-07-02 04:00:00+00:00,2026-07-02 05:00:00+00:00,8.8,13.73,15.62,1017.11,83.42,16.31,12.14,293.51
2478,40916,50.174264,19.849742,301.54,2026-07-02 05:00:00+00:00,2026-07-02 06:00:00+00:00,8.78,13.73,15.62,1017.61,76.35,16.15,12.62,295.03
2479,40916,50.174264,19.849742,301.54,2026-07-02 06:00:00+00:00,2026-07-02 07:00:00+00:00,10.88,16.88,19.22,1018.01,89.18,16.27,12.94,296.0
2480,40916,50.174264,19.849742,301.54,2026-07-02 07:00:00+00:00,2026-07-02 08:00:00+00:00,7.89,11.39,12.85,1018.34,72.27,16.63,12.84,300.58
2481,40916,50.174264,19.849742,301.54,2026-07-02 08:00:00+00:00,2026-07-02 09:00:00+00:00,3.71,5.24,5.95,1018.86,82.43,16.82,12.25,300.44
2482,40916,50.174264,19.849742,301.54,2026-07-02 09:00:00+00:00,2026-07-02 10:00:00+00:00,4.43,6.07,6.86,1019.06,70.51,18.33,11.4,299.43
2483,40916,50.174264,19.849742,301.54,2026-07-02 10:00:00+00:00,2026-07-02 11:00:00+00:00,4.47,5.99,6.76,1018.95,65.0,19.99,10.83,298.43
2484,40916,50.174264,19.849742,301.54,2026-07-02 11:00:00+00:00,2026-07-02 12:00:00+00:00,3.47,4.6,5.21,1018.58,68.87,21.66,10.05,294.65
2485,40916,50.174264,19.849742,301.54,2026-07-02 12:00:00+00:00,2026-07-02 13:00:00+00:00,3.62,4.81,5.41,1017.92,63.12,24.67,3.14,251.48
2486,40916,50.174264,19.849742,301.54,2026-07-02 13:00:00+00:00,2026-07-02 14:00:00+00:00,3.22,4.28,4.84,1017.27,61.5,25.58,1.51,258.06
2487,40916,50.174264,19.849742,301.54,2026-07-02 14:00:00+00:00,2026-07-02 15:00:00+00:00,4.12,5.51,6.23,1016.97,59.68,23.78,7.52,315.23
2488,40916,50.174264,19.849742,301.54,2026-07-02 15:00:00+00:00,2026-07-02 16:00:00+00:00,4.07,5.33,6.01,1016.68,54.56,23.81,6.37,327.01
2489,40916,50.174264,19.849742,301.54,2026-07-02 16:00:00+00:00,2026-07-02 17:00:00+00:00,3.89,5.11,5.81,1016.43,56.06,23.67,4.46,327.58
2490,40916,50.174264,19.849742,301.54,2026-07-02 17:00:00+00:00,2026-07-02 18:00:00+00:00,3.8,5.0,5.67,1016.41,55.75,22.77,3.26,303.32
2491,40916,50.174264,19.849742,301.54,2026-07-02 18:00:00+00:00,2026-07-02 19:00:00+00:00,3.94,5.13,5.88,1016.57,67.87,21.23,2.93,270.37
2492,40916,50.174264,19.849742,301.54,2026-07-02 19:00:00+00:00,2026-07-02 20:00:00+00:00,4.13,5.49,6.2,1017.07,53.15,19.61,3.51,255.21
2493,40916,50.174264,19.849742,301.54,2026-07-02 20:00:00+00:00,2026-07-02 21:00:00+00:00,4.83,6.32,7.17,1017.24,61.94,17.9,4.01,247.74
2494,40916,50.174264,19.849742,301.54,2026-07-02 21:00:00+00:00,2026-07-02 22:00:00+00:00,5.25,6.73,7.55,1017.21,75.12,16.39,4.27,241.07
2495,40916,50.174264,19.849742,301.54,2026-07-02 22:00:00+00:00,2026-07-02 23:00:00+00:00,5.54,7.06,7.96,1017.16,77.15,15.55,5.15,233.44
2496,38444,50.07174,19.962317,209.45,2026-07-01 23:00:00+00:00,2026-07-02 00:00:00+00:00,7.01,10.83,12.79,1013.86,89.38,19.24,11.46,285.71
2497,38444,50.07174,19.962317,209.45,2026-07-02 00:00:00+00:00,2026-07-02 01:00:00+00:00,10.12,16.49,19.93,1014.3,90.5,18.89,11.89,290.72
2498,38444,50.07174,19.962317,209.45,2026-07-02 01:00:00+00:00,2026-07-02 02:00:00+00:00,11.04,18.97,23.37,1014.45,91.0,18.39,12.14,296.66
2499,38444,50.07174,19.962317,209.45,2026-07-02 02:00:00+00:00,2026-07-02 03:00:00+00:00,8.39,14.55,17.41,1014.78,91.0,17.73,11.95,296.03
2500,38444,50.07174,19.962317,209.45,2026-07-02 03:00:00+00:00,2026-07-02 04:00:00+00:00,7.42,12.05,14.14,1015.16,91.0,16.98,11.89,293.36
2501,38444,50.07174,19.962317,209.45,2026-07-02 04:00:00+00:00,2026-07-02 05:00:00+00:00,9.54,16.06,19.2,1015.68,90.75,16.51,12.45,297.4
2502,38444,50.07174,19.962317,209.45,2026-07-02 05:00:00+00:00,2026-07-02 06:00:00+00:00,8.38,14.54,17.29,1015.97,90.25,16.56,13.32,299.66
2503,38444,50.07174,19.962317,209.45,2026-07-02 06:00:00+00:00,2026-07-02 07:00:00+00:00,9.12,15.58,19.4,1016.52,89.25,16.47,13.74,300.0
2504,38444,50.07174,19.962317,209.45,2026-07-02 07:00:00+00:00,2026-07-02 08:00:00+00:00,10.24,17.08,22.55,1016.78,82.96,16.82,13.52,301.68
2505,38444,50.07174,19.962317,209.45,2026-07-02 08:00:00+00:00,2026-07-02 09:00:00+00:00,3.63,5.69,7.05,1017.32,64.79,17.18,12.73,301.31
2506,38444,50.07174,19.962317,209.45,2026-07-02 09:00:00+00:00,2026-07-02 10:00:00+00:00,21.3,84.62,251.12,1017.7,64.94,18.0,11.88,301.51
2507,38444,50.07174,19.962317,209.45,2026-07-02 10:00:00+00:00,2026-07-02 11:00:00+00:00,15.85,60.62,190.03,1017.53,59.12,19.38,11.46,299.0
2508,38444,50.07174,19.962317,209.45,2026-07-02 11:00:00+00:00,2026-07-02 12:00:00+00:00,15.23,48.6,137.0,1017.05,46.75,20.61,10.95,299.52
2509,38444,50.07174,19.962317,209.45,2026-07-02 12:00:00+00:00,2026-07-02 13:00:00+00:00,3.62,4.81,5.66,1016.34,43.04,22.48,8.56,294.64
2510,38444,50.07174,19.962317,209.45,2026-07-02 13:00:00+00:00,2026-07-02 14:00:00+00:00,3.48,4.73,5.55,1015.6,41.99,26.17,6.2,178.9
2511,38444,50.07174,19.962317,209.45,2026-07-02 14:00:00+00:00,2026-07-02 15:00:00+00:00,3.54,4.89,5.74,1015.14,36.91,23.46,8.31,315.8
2512,38444,50.07174,19.962317,209.45,2026-07-02 15:00:00+00:00,2026-07-02 16:00:00+00:00,4.18,5.59,6.65,1014.81,36.41,23.85,7.1,326.11
2513,38444,50.07174,19.962317,209.45,2026-07-02 16:00:00+00:00,2026-07-02 17:00:00+00:00,3.93,5.39,6.41,1014.55,37.41,23.67,4.43,325.7
2514,38444,50.07174,19.962317,209.45,2026-07-02 17:00:00+00:00,2026-07-02 18:00:00+00:00,3.95,5.42,6.42,1014.52,39.91,22.99,2.14,297.97
2515,38444,50.07174,19.962317,209.45,2026-07-02 18:00:00+00:00,2026-07-02 19:00:00+00:00,4.31,5.91,7.15,1014.55,43.67,21.86,3.29,235.16
2516,38444,50.07174,19.962317,209.45,2026-07-02 19:00:00+00:00,2026-07-02 20:00:00+00:00,6.03,8.78,10.59,1015.07,47.29,20.19,3.76,229.51
2517,38444,50.07174,19.962317,209.45,2026-07-02 20:00:00+00:00,2026-07-02 21:00:00+00:00,5.46,7.41,8.88,1015.22,50.05,18.83,4.45,238.93
2518,38444,50.07174,19.962317,209.45,2026-07-02 21:00:00+00:00,2026-07-02 22:00:00+00:00,6.4,8.89,10.61,1015.35,51.54,17.59,4.91,233.43
2519,38444,50.07174,19.962317,209.45,2026-07-02 22:00:00+00:00,2026-07-02 23:00:00+00:00,7.57,10.46,12.53,1015.36,52.91,16.59,5.75,231.19
2520,86909,50.084134,19.968416,210.94,2026-07-01 23:00:00+00:00,2026-07-02 00:00:00+00:00,,,,,,,,
2521,86909,50.084134,19.968416,210.94,2026-07-02 00:00:00+00:00,2026-07-02 01:00:00+00:00,,,,,,,,
2522,86909,50.084134,19.968416,210.94,2026-07-02 01:00:00+00:00,2026-07-02 02:00:00+00:00,,,,,,,,
2523,86909,50.084134,19.968416,210.94,2026-07-02 02:00:00+00:00,2026-07-02 03:00:00+00:00,,,,,,,,
2524,86909,50.084134,19.968416,210.94,2026-07-02 03:00:00+00:00,2026-07-02 04:00:00+00:00,,,,,,,,
2525,86909,50.084134,19.968416,210.94,2026-07-02 04:00:00+00:00,2026-07-02 05:00:00+00:00,,,,,,,,
2526,86909,50.084134,19.968416,210.94,2026-07-02 05:00:00+00:00,2026-07-02 06:00:00+00:00,,,,,,,,
2527,86909,50.084134,19.968416,210.94,2026-07-02 06:00:00+00:00,2026-07-02 07:00:00+00:00,,,,,,,,
2528,86909,50.084134,19.968416,210.94,2026-07-02 07:00:00+00:00,2026-07-02 08:00:00+00:00,,,,,,,,
2529,86909,50.084134,19.968416,210.94,2026-07-02 08:00:00+00:00,2026-07-02 09:00:00+00:00,,,,,,,,
2530,86909,50.084134,19.968416,210.94,2026-07-02 09:00:00+00:00,2026-07-02 10:00:00+00:00,,,,,,,,
2531,86909,50.084134,19.968416,210.94,2026-07-02 10:00:00+00:00,2026-07-02 11:00:00+00:00,,,,,,,,
2532,86909,50.084134,19.968416,210.94,2026-07-02 11:00:00+00:00,2026-07-02 12:00:00+00:00,,,,,,,,
2533,86909,50.084134,19.968416,210.94,2026-07-02 12:00:00+00:00,2026-07-02 13:00:00+00:00,,,,,,,,
2534,86909,50.084134,19.968416,210.94,2026-07-02 13:00:00+00:00,2026-07-02 14:00:00+00:00,,,,,,,,
2535,86909,50.084134,19.968416,210.94,2026-07-02 14:00:00+00:00,2026-07-02 15:00:00+00:00,2.11,3.15,3.74,1017.1,36.95,23.44,8.37,315.19
2536,86909,50.084134,19.968416,210.94,2026-07-02 15:00:00+00:00,2026-07-02 16:00:00+00:00,2.43,3.47,4.14,1016.8,36.37,24.15,7.33,326.06
2537,86909,50.084134,19.968416,210.94,2026-07-02 16:00:00+00:00,2026-07-02 17:00:00+00:00,2.3,3.23,3.84,1016.54,37.24,24.08,4.65,326.38
2538,86909,50.084134,19.968416,210.94,2026-07-02 17:00:00+00:00,2026-07-02 18:00:00+00:00,2.26,3.12,3.7,1016.51,39.62,23.42,2.22,305.28
2539,86909,50.084134,19.968416,210.94,2026-07-02 18:00:00+00:00,2026-07-02 19:00:00+00:00,2.32,3.19,3.78,1016.52,43.38,22.41,3.26,236.07
2540,86909,50.084134,19.968416,210.94,2026-07-02 19:00:00+00:00,2026-07-02 20:00:00+00:00,3.38,4.57,5.44,1017.02,47.07,20.77,3.7,228.27
2541,86909,50.084134,19.968416,210.94,2026-07-02 20:00:00+00:00,2026-07-02 21:00:00+00:00,3.66,4.88,5.81,1017.13,49.95,19.33,4.42,239.46
2542,86909,50.084134,19.968416,210.94,2026-07-02 21:00:00+00:00,2026-07-02 22:00:00+00:00,3.96,5.35,6.33,1017.19,71.88,18.02,4.85,233.71
2543,86909,50.084134,19.968416,210.94,2026-07-02 22:00:00+00:00,2026-07-02 23:00:00+00:00,4.32,5.8,6.74,1017.14,74.28,17.0,5.66,231.1
2544,36475,50.127424,19.898802,275.66,2026-07-01 23:00:00+00:00,2026-07-02 00:00:00+00:00,5.14,7.46,9.14,1013.59,89.38,19.74,11.16,285.87
2545,36475,50.127424,19.898802,275.66,2026-07-02 00:00:00+00:00,2026-07-02 01:00:00+00:00,8.49,12.85,15.63,1014.09,90.13,19.39,11.73,288.0
2546,36475,50.127424,19.898802,275.66,2026-07-02 01:00:00+00:00,2026-07-02 02:00:00+00:00,7.08,10.99,13.63,1014.37,90.88,18.71,12.28,298.09
2547,36475,50.127424,19.898802,275.66,2026-07-02 02:00:00+00:00,2026-07-02 03:00:00+00:00,5.62,8.44,10.35,1014.78,91.63,18.06,12.18,295.85
2548,36475,50.127424,19.898802,275.66,2026-07-02 03:00:00+00:00,2026-07-02 04:00:00+00:00,5.55,8.23,10.06,1015.05,91.75,17.45,11.99,293.34
2549,36475,50.127424,19.898802,275.66,2026-07-02 04:00:00+00:00,2026-07-02 05:00:00+00:00,6.64,9.81,11.83,1015.4,91.13,17.09,12.38,297.2
2550,36475,50.127424,19.898802,275.66,2026-07-02 05:00:00+00:00,2026-07-02 06:00:00+00:00,5.59,8.41,10.27,1015.89,90.38,17.04,13.11,297.16
2551,36475,50.127424,19.898802,275.66,2026-07-02 06:00:00+00:00,2026-07-02 07:00:00+00:00,6.62,10.12,12.22,1016.33,89.13,17.01,13.73,300.04
2552,36475,50.127424,19.898802,275.66,2026-07-02 07:00:00+00:00,2026-07-02 08:00:00+00:00,5.87,8.3,9.97,1016.69,86.5,17.1,13.46,301.74
2553,36475,50.127424,19.898802,275.66,2026-07-02 08:00:00+00:00,2026-07-02 09:00:00+00:00,1.87,2.71,3.34,1017.15,82.94,17.59,12.42,303.46
2554,36475,50.127424,19.898802,275.66,2026-07-02 09:00:00+00:00,2026-07-02 10:00:00+00:00,3.22,4.44,5.37,1017.37,78.06,18.64,11.61,301.04
2555,36475,50.127424,19.898802,275.66,2026-07-02 10:00:00+00:00,2026-07-02 11:00:00+00:00,4.02,5.46,6.58,1017.3,73.94,19.76,11.37,299.25
2556,36475,50.127424,19.898802,275.66,2026-07-02 11:00:00+00:00,2026-07-02 12:00:00+00:00,3.42,4.48,5.41,1016.9,70.75,20.93,10.89,297.52
2557,36475,50.127424,19.898802,275.66,2026-07-02 12:00:00+00:00,2026-07-02 13:00:00+00:00,2.12,2.86,3.42,1016.22,67.19,22.28,9.84,298.45
2558,36475,50.127424,19.898802,275.66,2026-07-02 13:00:00+00:00,2026-07-02 14:00:00+00:00,1.98,2.73,3.3,1015.53,64.0,23.48,8.69,304.08
2559,36475,50.127424,19.898802,275.66,2026-07-02 14:00:00+00:00,2026-07-02 15:00:00+00:00,2.48,3.32,3.91,1015.12,61.56,24.24,7.95,314.84
2560,36475,50.127424,19.898802,275.66,2026-07-02 15:00:00+00:00,2026-07-02 16:00:00+00:00,2.47,3.31,3.91,1014.81,61.25,24.41,7.04,320.85
2561,36475,50.127424,19.898802,275.66,2026-07-02 16:00:00+00:00,2026-07-02 17:00:00+00:00,2.54,3.34,4.05,1014.56,62.25,24.39,4.85,324.79
2562,36475,50.127424,19.898802,275.66,2026-07-02 17:00:00+00:00,2026-07-02 18:00:00+00:00,2.34,3.11,3.8,1014.47,64.5,23.77,3.18,298.24
2563,36475,50.127424,19.898802,275.66,2026-07-02 18:00:00+00:00,2026-07-02 19:00:00+00:00,2.33,3.07,3.72,1014.49,68.0,22.46,3.04,250.63
2564,36475,50.127424,19.898802,275.66,2026-07-02 19:00:00+00:00,2026-07-02 20:00:00+00:00,4.09,5.77,7.11,1014.98,71.25,20.73,3.69,232.7
2565,36475,50.127424,19.898802,275.66,2026-07-02 20:00:00+00:00,2026-07-02 21:00:00+00:00,4.25,5.63,6.8,1015.1,74.25,19.24,4.21,238.3
2566,36475,50.127424,19.898802,275.66,2026-07-02 21:00:00+00:00,2026-07-02 22:00:00+00:00,3.87,5.07,6.1,1015.1,75.75,18.01,4.68,235.5
2567,36475,50.127424,19.898802,275.66,2026-07-02 22:00:00+00:00,2026-07-02 23:00:00+00:00,3.82,5.09,6.2,1015.08,77.31,17.03,5.53,232.43
2568,7554,50.145735,19.923545,261.82,2026-07-01 23:00:00+00:00,2026-07-02 00:00:00+00:00,7.75,13.71,16.23,1013.34,76.34,19.48,11.16,286.03
2569,7554,50.145735,19.923545,261.82,2026-07-02 00:00:00+00:00,2026-07-02 01:00:00+00:00,10.26,19.15,23.56,1013.67,74.22,19.19,11.74,288.0
2570,7554,50.145735,19.923545,261.82,2026-07-02 01:00:00+00:00,2026-07-02 02:00:00+00:00,7.74,14.87,17.63,1013.9,70.43,18.68,12.29,298.24
2571,7554,50.145735,19.923545,261.82,2026-07-02 02:00:00+00:00,2026-07-02 03:00:00+00:00,6.07,10.73,12.58,1014.5,77.57,17.78,12.18,295.78
2572,7554,50.145735,19.923545,261.82,2026-07-02 03:00:00+00:00,2026-07-02 04:00:00+00:00,6.7,11.74,13.75,1014.84,81.47,17.12,11.99,293.31
2573,7554,50.145735,19.923545,261.82,2026-07-02 04:00:00+00:00,2026-07-02 05:00:00+00:00,6.43,11.02,12.94,1015.17,80.18,16.78,12.39,297.26
2574,7554,50.145735,19.923545,261.82,2026-07-02 05:00:00+00:00,2026-07-02 06:00:00+00:00,6.51,11.69,13.73,1015.68,82.18,16.64,13.12,297.15
2575,7554,50.145735,19.923545,261.82,2026-07-02 06:00:00+00:00,2026-07-02 07:00:00+00:00,7.73,14.15,16.88,1016.04,73.77,17.04,13.79,300.41
2576,7554,50.145735,19.923545,261.82,2026-07-02 07:00:00+00:00,2026-07-02 08:00:00+00:00,6.96,11.6,13.61,1016.32,61.57,17.8,13.4,301.84
2577,7554,50.145735,19.923545,261.82,2026-07-02 08:00:00+00:00,2026-07-02 09:00:00+00:00,2.73,4.49,5.33,1016.78,57.93,18.55,12.3,303.67
2578,7554,50.145735,19.923545,261.82,2026-07-02 09:00:00+00:00,2026-07-02 10:00:00+00:00,3.21,5.33,6.31,1016.97,52.89,19.65,11.55,300.65
2579,7554,50.145735,19.923545,261.82,2026-07-02 10:00:00+00:00,2026-07-02 11:00:00+00:00,4.31,6.63,7.8,1016.82,48.91,20.57,11.37,299.15
2580,7554,50.145735,19.923545,261.82,2026-07-02 11:00:00+00:00,2026-07-02 12:00:00+00:00,3.67,5.37,6.2,1016.41,55.82,21.61,10.83,297.32
2581,7554,50.145735,19.923545,261.82,2026-07-02 12:00:00+00:00,2026-07-02 13:00:00+00:00,3.01,4.62,5.39,1015.73,43.52,22.51,9.72,298.66
2582,7554,50.145735,19.923545,261.82,2026-07-02 13:00:00+00:00,2026-07-02 14:00:00+00:00,2.65,4.01,4.65,1015.07,58.11,23.46,8.59,304.81
2583,7554,50.145735,19.923545,261.82,2026-07-02 14:00:00+00:00,2026-07-02 15:00:00+00:00,3.18,4.87,5.6,1014.75,55.26,24.0,7.92,315.69
2584,7554,50.145735,19.923545,261.82,2026-07-02 15:00:00+00:00,2026-07-02 16:00:00+00:00,3.23,4.8,5.6,1014.41,60.37,24.31,6.81,321.79
2585,7554,50.145735,19.923545,261.82,2026-07-02 16:00:00+00:00,2026-07-02 17:00:00+00:00,3.4,5.12,6.03,1014.19,61.06,24.38,4.6,322.86
2586,7554,50.145735,19.923545,261.82,2026-07-02 17:00:00+00:00,2026-07-02 18:00:00+00:00,3.01,4.39,5.22,1014.14,64.98,23.72,3.06,291.98
2587,7554,50.145735,19.923545,261.82,2026-07-02 18:00:00+00:00,2026-07-02 19:00:00+00:00,2.96,4.42,5.25,1014.32,50.58,21.89,3.09,246.03
2588,7554,50.145735,19.923545,261.82,2026-07-02 19:00:00+00:00,2026-07-02 20:00:00+00:00,3.94,5.79,6.95,1014.92,47.0,19.83,3.77,234.02
2589,7554,50.145735,19.923545,261.82,2026-07-02 20:00:00+00:00,2026-07-02 21:00:00+00:00,4.54,6.5,7.49,1015.04,52.96,18.27,4.24,238.05
2590,7554,50.145735,19.923545,261.82,2026-07-02 21:00:00+00:00,2026-07-02 22:00:00+00:00,5.25,7.38,8.61,1015.1,59.26,16.99,4.8,234.97
2591,7554,50.145735,19.923545,261.82,2026-07-02 22:00:00+00:00,2026-07-02 23:00:00+00:00,5.61,7.96,9.19,1015.04,61.9,16.06,5.58,232.31
2592,8165,50.072763,19.911081,211.04,2026-07-01 23:00:00+00:00,2026-07-02 00:00:00+00:00,5.38,7.71,9.15,1013.47,89.31,19.76,11.13,284.79
2593,8165,50.072763,19.911081,211.04,2026-07-02 00:00:00+00:00,2026-07-02 01:00:00+00:00,9.08,13.66,16.36,1013.91,90.06,19.44,11.68,288.0
2594,8165,50.072763,19.911081,211.04,2026-07-02 01:00:00+00:00,2026-07-02 02:00:00+00:00,9.47,14.54,17.53,1014.16,90.81,18.76,12.22,297.11
2595,8165,50.072763,19.911081,211.04,2026-07-02 02:00:00+00:00,2026-07-02 03:00:00+00:00,6.55,9.65,11.52,1014.59,91.56,18.08,12.2,296.27
2596,8165,50.072763,19.911081,211.04,2026-07-02 03:00:00+00:00,2026-07-02 04:00:00+00:00,5.78,8.63,10.35,1014.9,91.75,17.47,12.0,293.51
2597,8165,50.072763,19.911081,211.04,2026-07-02 04:00:00+00:00,2026-07-02 05:00:00+00:00,7.87,12.05,14.5,1015.28,91.19,17.06,12.33,296.79
2598,8165,50.072763,19.911081,211.04,2026-07-02 05:00:00+00:00,2026-07-02 06:00:00+00:00,7.58,11.44,13.72,1015.77,90.44,16.89,13.05,297.24
2599,8165,50.072763,19.911081,211.04,2026-07-02 06:00:00+00:00,2026-07-02 07:00:00+00:00,8.02,11.88,14.33,1016.19,89.13,17.02,13.73,300.04
2600,8165,50.072763,19.911081,211.04,2026-07-02 07:00:00+00:00,2026-07-02 08:00:00+00:00,6.96,10.11,11.97,1016.55,86.5,17.45,13.46,301.74
2601,8165,50.072763,19.911081,211.04,2026-07-02 08:00:00+00:00,2026-07-02 09:00:00+00:00,1.94,2.75,3.26,1017.11,82.94,17.83,12.42,303.46
2602,8165,50.072763,19.911081,211.04,2026-07-02 09:00:00+00:00,2026-07-02 10:00:00+00:00,2.68,3.83,4.59,1017.29,78.06,19.09,11.61,301.04
2603,8165,50.072763,19.911081,211.04,2026-07-02 10:00:00+00:00,2026-07-02 11:00:00+00:00,4.8,6.56,7.64,1017.18,73.94,20.24,11.37,299.25
2604,8165,50.072763,19.911081,211.04,2026-07-02 11:00:00+00:00,2026-07-02 12:00:00+00:00,5.24,7.01,8.16,1016.79,70.75,20.89,10.89,297.52
2605,8165,50.072763,19.911081,211.04,2026-07-02 12:00:00+00:00,2026-07-02 13:00:00+00:00,3.16,4.21,4.88,1016.14,67.19,21.82,9.84,298.45
2606,8165,50.072763,19.911081,211.04,2026-07-02 13:00:00+00:00,2026-07-02 14:00:00+00:00,3.04,4.16,4.88,1015.37,64.0,22.9,8.69,304.08
2607,8165,50.072763,19.911081,211.04,2026-07-02 14:00:00+00:00,2026-07-02 15:00:00+00:00,3.62,4.85,5.64,1014.98,61.56,23.58,7.95,314.84
2608,8165,50.072763,19.911081,211.04,2026-07-02 15:00:00+00:00,2026-07-02 16:00:00+00:00,4.68,6.08,7.08,1014.68,61.25,23.9,7.04,320.85
2609,8165,50.072763,19.911081,211.04,2026-07-02 16:00:00+00:00,2026-07-02 17:00:00+00:00,3.63,4.67,5.48,1014.4,62.25,23.96,4.85,324.79
2610,8165,50.072763,19.911081,211.04,2026-07-02 17:00:00+00:00,2026-07-02 18:00:00+00:00,3.13,3.99,4.58,1014.32,64.5,23.62,3.18,298.24
2611,8165,50.072763,19.911081,211.04,2026-07-02 18:00:00+00:00,2026-07-02 19:00:00+00:00,3.14,4.04,4.69,1014.35,68.0,22.43,3.04,250.63
2612,8165,50.072763,19.911081,211.04,2026-07-02 19:00:00+00:00,2026-07-02 20:00:00+00:00,3.67,4.64,5.38,1014.89,71.25,20.72,3.69,232.7
2613,8165,50.072763,19.911081,211.04,2026-07-02 20:00:00+00:00,2026-07-02 21:00:00+00:00,4.68,6.0,7.0,1015.0,74.25,19.35,4.21,238.3
2614,8165,50.072763,19.911081,211.04,2026-07-02 21:00:00+00:00,2026-07-02 22:00:00+00:00,5.66,7.19,8.39,1015.04,75.75,18.14,4.68,235.5
2615,8165,50.072763,19.911081,211.04,2026-07-02 22:00:00+00:00,2026-07-02 23:00:00+00:00,6.89,8.9,10.36,1015.01,77.13,17.18,5.44,232.62
2616,86901,50.044067,19.998804,197.37,2026-07-01 23:00:00+00:00,2026-07-02 00:00:00+00:00,,,,,,,,
2617,86901,50.044067,19.998804,197.37,2026-07-02 00:00:00+00:00,2026-07-02 01:00:00+00:00,,,,,,,,
2618,86901,50.044067,19.998804,197.37,2026-07-02 01:00:00+00:00,2026-07-02 02:00:00+00:00,,,,,,,,
2619,86901,50.044067,19.998804,197.37,2026-07-02 02:00:00+00:00,2026-07-02 03:00:00+00:00,,,,,,,,
2620,86901,50.044067,19.998804,197.37,2026-07-02 03:00:00+00:00,2026-07-02 04:00:00+00:00,,,,,,,,
2621,86901,50.044067,19.998804,197.37,2026-07-02 04:00:00+00:00,2026-07-02 05:00:00+00:00,,,,,,,,
2622,86901,50.044067,19.998804,197.37,2026-07-02 05:00:00+00:00,2026-07-02 06:00:00+00:00,,,,,,,,
2623,86901,50.044067,19.998804,197.37,2026-07-02 06:00:00+00:00,2026-07-02 07:00:00+00:00,,,,,,,,
2624,86901,50.044067,19.998804,197.37,2026-07-02 07:00:00+00:00,2026-07-02 08:00:00+00:00,,,,,,,,
2625,86901,50.044067,19.998804,197.37,2026-07-02 08:00:00+00:00,2026-07-02 09:00:00+00:00,4.36,6.03,7.59,1018.49,73.77,17.86,12.86,306.34
2626,86901,50.044067,19.998804,197.37,2026-07-02 09:00:00+00:00,2026-07-02 10:00:00+00:00,4.55,6.01,7.53,1018.83,68.29,18.78,12.06,302.58
2627,86901,50.044067,19.998804,197.37,2026-07-02 10:00:00+00:00,2026-07-02 11:00:00+00:00,7.83,10.35,12.72,1018.72,65.95,19.15,12.06,300.13
2628,86901,50.044067,19.998804,197.37,2026-07-02 11:00:00+00:00,2026-07-02 12:00:00+00:00,8.46,11.34,14.08,1018.31,63.34,19.55,11.49,299.41
2629,86901,50.044067,19.998804,197.37,2026-07-02 12:00:00+00:00,2026-07-02 13:00:00+00:00,6.46,7.97,9.37,1017.76,57.85,20.53,10.75,300.89
2630,86901,50.044067,19.998804,197.37,2026-07-02 13:00:00+00:00,2026-07-02 14:00:00+00:00,,,,,,,,
2631,86901,50.044067,19.998804,197.37,2026-07-02 14:00:00+00:00,2026-07-02 15:00:00+00:00,,,,,,,,
2632,86901,50.044067,19.998804,197.37,2026-07-02 15:00:00+00:00,2026-07-02 16:00:00+00:00,5.21,6.36,7.58,1016.13,48.71,22.63,6.64,322.46
2633,86901,50.044067,19.998804,197.37,2026-07-02 16:00:00+00:00,2026-07-02 17:00:00+00:00,4.95,6.01,7.24,1015.91,49.33,22.62,5.04,325.48
2634,86901,50.044067,19.998804,197.37,2026-07-02 17:00:00+00:00,2026-07-02 18:00:00+00:00,5.46,6.55,7.74,1015.88,52.03,22.04,3.06,300.95
2635,86901,50.044067,19.998804,197.37,2026-07-02 18:00:00+00:00,2026-07-02 19:00:00+00:00,6.01,7.22,8.46,1015.88,56.55,21.04,3.86,238.95
2636,86901,50.044067,19.998804,197.37,2026-07-02 19:00:00+00:00,2026-07-02 20:00:00+00:00,6.76,8.29,9.72,1016.41,60.89,20.01,4.75,228.12
2637,86901,50.044067,19.998804,197.37,2026-07-02 20:00:00+00:00,2026-07-02 21:00:00+00:00,8.48,10.93,13.06,1016.47,63.6,19.25,5.1,232.27
2638,86901,50.044067,19.998804,197.37,2026-07-02 21:00:00+00:00,2026-07-02 22:00:00+00:00,9.77,12.87,16.32,1016.53,,,5.06,232.05
2639,86901,50.044067,19.998804,197.37,2026-07-02 22:00:00+00:00,2026-07-02 23:00:00+00:00,,,,,,,,
2640,318,50.194065,19.900494,375.5,2026-07-01 23:00:00+00:00,2026-07-02 00:00:00+00:00,,,,,,,,
2641,318,50.194065,19.900494,375.5,2026-07-02 00:00:00+00:00,2026-07-02 01:00:00+00:00,,,,,,,,
2642,318,50.194065,19.900494,375.5,2026-07-02 01:00:00+00:00,2026-07-02 02:00:00+00:00,,,,,,,,
2643,318,50.194065,19.900494,375.5,2026-07-02 02:00:00+00:00,2026-07-02 03:00:00+00:00,,,,,,,,
2644,318,50.194065,19.900494,375.5,2026-07-02 03:00:00+00:00,2026-07-02 04:00:00+00:00,,,,,,,,
2645,318,50.194065,19.900494,375.5,2026-07-02 04:00:00+00:00,2026-07-02 05:00:00+00:00,,,,,,,,
2646,318,50.194065,19.900494,375.5,2026-07-02 05:00:00+00:00,2026-07-02 06:00:00+00:00,,,,,,,,
2647,318,50.194065,19.900494,375.5,2026-07-02 06:00:00+00:00,2026-07-02 07:00:00+00:00,,,,,,,,
2648,318,50.194065,19.900494,375.5,2026-07-02 07:00:00+00:00,2026-07-02 08:00:00+00:00,,,,,,,,
2649,318,50.194065,19.900494,375.5,2026-07-02 08:00:00+00:00,2026-07-02 09:00:00+00:00,,,,,,,,
2650,318,50.194065,19.900494,375.5,2026-07-02 09:00:00+00:00,2026-07-02 10:00:00+00:00,,,,,,,,
2651,318,50.194065,19.900494,375.5,2026-07-02 10:00:00+00:00,2026-07-02 11:00:00+00:00,,,,,,,,
2652,318,50.194065,19.900494,375.5,2026-07-02 11:00:00+00:00,2026-07-02 12:00:00+00:00,,,,,,,,
2653,318,50.194065,19.900494,375.5,2026-07-02 12:00:00+00:00,2026-07-02 13:00:00+00:00,,,,,,,,
2654,318,50.194065,19.900494,375.5,2026-07-02 13:00:00+00:00,2026-07-02 14:00:00+00:00,,,,,,,,
2655,318,50.194065,19.900494,375.5,2026-07-02 14:00:00+00:00,2026-07-02 15:00:00+00:00,,,,,,,,
2656,318,50.194065,19.900494,375.5,2026-07-02 15:00:00+00:00,2026-07-02 16:00:00+00:00,,,,,,,,
2657,318,50.194065,19.900494,375.5,2026-07-02 16:00:00+00:00,2026-07-02 17:00:00+00:00,,,,,,,,
2658,318,50.194065,19.900494,375.5,2026-07-02 17:00:00+00:00,2026-07-02 18:00:00+00:00,,,,,,,,
2659,318,50.194065,19.900494,375.5,2026-07-02 18:00:00+00:00,2026-07-02 19:00:00+00:00,,,,,,,,
2660,318,50.194065,19.900494,375.5,2026-07-02 19:00:00+00:00,2026-07-02 20:00:00+00:00,,,,,,,,
2661,318,50.194065,19.900494,375.5,2026-07-02 20:00:00+00:00,2026-07-02 21:00:00+00:00,,,,,,,,
2662,318,50.194065,19.900494,375.5,2026-07-02 21:00:00+00:00,2026-07-02 22:00:00+00:00,,,,,,,,
2663,318,50.194065,19.900494,375.5,2026-07-02 22:00:00+00:00,2026-07-02 23:00:00+00:00,,,,,,,,
2664,7656,49.960396,19.899989,284.71,2026-07-01 23:00:00+00:00,2026-07-02 00:00:00+00:00,7.53,10.05,11.77,1013.84,89.31,19.64,11.26,284.52
2665,7656,49.960396,19.899989,284.71,2026-07-02 00:00:00+00:00,2026-07-02 01:00:00+00:00,10.71,14.77,17.09,1014.16,90.06,19.09,11.25,287.0
2666,7656,49.960396,19.899989,284.71,2026-07-02 01:00:00+00:00,2026-07-02 02:00:00+00:00,11.19,15.42,17.68,1014.24,90.75,18.79,11.64,295.17
2667,7656,49.960396,19.899989,284.71,2026-07-02 02:00:00+00:00,2026-07-02 03:00:00+00:00,8.83,12.08,13.91,1014.65,91.0,18.27,11.99,295.66
2668,7656,49.960396,19.899989,284.71,2026-07-02 03:00:00+00:00,2026-07-02 04:00:00+00:00,8.11,11.52,13.49,1015.04,91.5,17.42,11.9,293.34
2669,7656,49.960396,19.899989,284.71,2026-07-02 04:00:00+00:00,2026-07-02 05:00:00+00:00,8.5,11.83,13.81,1015.43,91.25,17.07,12.33,295.72
2670,7656,49.960396,19.899989,284.71,2026-07-02 05:00:00+00:00,2026-07-02 06:00:00+00:00,7.75,10.76,12.49,1015.93,90.5,16.96,13.18,297.0
2671,7656,49.960396,19.899989,284.71,2026-07-02 06:00:00+00:00,2026-07-02 07:00:00+00:00,8.44,11.02,12.74,1016.4,89.25,16.89,13.65,299.68
2672,7656,49.960396,19.899989,284.71,2026-07-02 07:00:00+00:00,2026-07-02 08:00:00+00:00,9.01,11.45,13.3,1016.78,86.75,17.24,12.7,300.36
2673,7656,49.960396,19.899989,284.71,2026-07-02 08:00:00+00:00,2026-07-02 09:00:00+00:00,3.61,4.34,5.07,1017.3,82.75,17.73,12.03,301.33
2674,7656,49.960396,19.899989,284.71,2026-07-02 09:00:00+00:00,2026-07-02 10:00:00+00:00,4.41,5.35,6.14,1017.44,77.75,18.95,11.66,300.68
2675,7656,49.960396,19.899989,284.71,2026-07-02 10:00:00+00:00,2026-07-02 11:00:00+00:00,7.38,8.78,10.13,1017.36,73.5,19.96,11.33,299.34
2676,7656,49.960396,19.899989,284.71,2026-07-02 11:00:00+00:00,2026-07-02 12:00:00+00:00,6.45,7.62,8.74,1017.04,71.25,21.38,10.2,294.57
2677,7656,49.960396,19.899989,284.71,2026-07-02 12:00:00+00:00,2026-07-02 13:00:00+00:00,6.53,7.64,8.76,1016.45,68.15,22.88,9.39,299.23
2678,7656,49.960396,19.899989,284.71,2026-07-02 13:00:00+00:00,2026-07-02 14:00:00+00:00,4.1,4.77,5.53,1015.73,60.15,24.2,8.43,306.25
2679,7656,49.960396,19.899989,284.71,2026-07-02 14:00:00+00:00,2026-07-02 15:00:00+00:00,3.99,4.58,5.27,1015.31,55.34,24.89,7.92,316.08
2680,7656,49.960396,19.899989,284.71,2026-07-02 15:00:00+00:00,2026-07-02 16:00:00+00:00,3.09,3.62,4.19,1014.99,53.6,24.86,6.7,328.04
2681,7656,49.960396,19.899989,284.71,2026-07-02 16:00:00+00:00,2026-07-02 17:00:00+00:00,3.08,3.58,4.14,1014.72,55.14,24.42,4.7,312.58
2682,7656,49.960396,19.899989,284.71,2026-07-02 17:00:00+00:00,2026-07-02 18:00:00+00:00,3.05,3.59,4.13,1014.7,58.69,23.56,3.51,291.54
2683,7656,49.960396,19.899989,284.71,2026-07-02 18:00:00+00:00,2026-07-02 19:00:00+00:00,3.47,4.1,4.74,1014.73,66.14,22.1,2.78,251.45
2684,7656,49.960396,19.899989,284.71,2026-07-02 19:00:00+00:00,2026-07-02 20:00:00+00:00,4.99,5.84,6.72,1015.21,71.55,20.39,3.75,238.02
2685,7656,49.960396,19.899989,284.71,2026-07-02 20:00:00+00:00,2026-07-02 21:00:00+00:00,5.82,6.92,7.97,1015.26,74.31,19.28,4.3,236.23
2686,7656,49.960396,19.899989,284.71,2026-07-02 21:00:00+00:00,2026-07-02 22:00:00+00:00,5.78,6.86,7.92,1015.27,76.13,18.18,4.94,232.62
2687,7656,49.960396,19.899989,284.71,2026-07-02 22:00:00+00:00,2026-07-02 23:00:00+00:00,5.74,6.78,7.78,1015.21,77.63,17.11,5.51,230.58
2688,11248,50.047161,19.861521,233.49,2026-07-01 23:00:00+00:00,2026-07-02 00:00:00+00:00,2.09,3.93,5.07,1013.06,64.57,18.81,,
2689,11248,50.047161,19.861521,233.49,2026-07-02 00:00:00+00:00,2026-07-02 01:00:00+00:00,2.78,5.49,7.46,1013.49,65.27,18.36,,
2690,11248,50.047161,19.861521,233.49,2026-07-02 01:00:00+00:00,2026-07-02 02:00:00+00:00,2.88,5.77,7.72,1013.76,66.01,17.71,,
2691,11248,50.047161,19.861521,233.49,2026-07-02 02:00:00+00:00,2026-07-02 03:00:00+00:00,1.8,3.7,4.99,1014.18,66.68,17.07,,
2692,11248,50.047161,19.861521,233.49,2026-07-02 03:00:00+00:00,2026-07-02 04:00:00+00:00,1.71,3.45,4.63,1014.54,66.76,16.34,,
2693,11248,50.047161,19.861521,233.49,2026-07-02 04:00:00+00:00,2026-07-02 05:00:00+00:00,2.12,4.3,5.62,1014.87,66.52,16.2,,
2694,11248,50.047161,19.861521,233.49,2026-07-02 05:00:00+00:00,2026-07-02 06:00:00+00:00,2.05,4.2,5.58,1015.36,65.76,16.03,,
2695,11248,50.047161,19.861521,233.49,2026-07-02 06:00:00+00:00,2026-07-02 07:00:00+00:00,2.53,5.09,6.82,1015.86,64.62,16.01,,
2696,11248,50.047161,19.861521,233.49,2026-07-02 07:00:00+00:00,2026-07-02 08:00:00+00:00,1.92,3.67,4.74,1016.27,76.79,16.28,,
2697,11248,50.047161,19.861521,233.49,2026-07-02 08:00:00+00:00,2026-07-02 09:00:00+00:00,0.54,1.26,1.63,1016.82,64.05,16.38,,
2698,11248,50.047161,19.861521,233.49,2026-07-02 09:00:00+00:00,2026-07-02 10:00:00+00:00,1.03,2.17,2.82,1016.88,72.94,17.87,,
2699,11248,50.047161,19.861521,233.49,2026-07-02 10:00:00+00:00,2026-07-02 11:00:00+00:00,1.96,3.48,4.51,1016.72,67.52,19.24,,
2700,11248,50.047161,19.861521,233.49,2026-07-02 11:00:00+00:00,2026-07-02 12:00:00+00:00,2.05,3.87,5.0,1016.31,54.53,20.18,,
2701,11248,50.047161,19.861521,233.49,2026-07-02 12:00:00+00:00,2026-07-02 13:00:00+00:00,1.25,2.21,2.98,1015.62,58.29,21.07,,
2702,11248,50.047161,19.861521,233.49,2026-07-02 13:00:00+00:00,2026-07-02 14:00:00+00:00,0.82,1.63,2.16,1014.79,53.82,23.13,,
2703,11248,50.047161,19.861521,233.49,2026-07-02 14:00:00+00:00,2026-07-02 15:00:00+00:00,0.81,1.5,1.81,1014.36,43.08,24.84,,
2704,11248,50.047161,19.861521,233.49,2026-07-02 15:00:00+00:00,2026-07-02 16:00:00+00:00,0.85,1.62,2.08,1014.07,48.24,24.6,,
2705,11248,50.047161,19.861521,233.49,2026-07-02 16:00:00+00:00,2026-07-02 17:00:00+00:00,0.9,1.52,1.87,1013.74,37.83,25.19,,
2706,11248,50.047161,19.861521,233.49,2026-07-02 17:00:00+00:00,2026-07-02 18:00:00+00:00,0.92,1.59,1.97,1013.84,52.38,22.92,,
2707,11248,50.047161,19.861521,233.49,2026-07-02 18:00:00+00:00,2026-07-02 19:00:00+00:00,0.88,1.53,2.01,1013.91,50.63,21.17,,
2708,11248,50.047161,19.861521,233.49,2026-07-02 19:00:00+00:00,2026-07-02 20:00:00+00:00,1.27,2.09,2.72,1014.35,57.36,19.63,,
2709,11248,50.047161,19.861521,233.49,2026-07-02 20:00:00+00:00,2026-07-02 21:00:00+00:00,1.53,2.66,3.41,1014.45,67.35,18.48,,
2710,11248,50.047161,19.861521,233.49,2026-07-02 21:00:00+00:00,2026-07-02 22:00:00+00:00,2.17,3.64,4.58,1014.48,74.46,17.34,,
2711,11248,50.047161,19.861521,233.49,2026-07-02 22:00:00+00:00,2026-07-02 23:00:00+00:00,2.54,4.09,5.15,1014.48,75.23,16.3,,
2712,86688,50.132341,20.115834,289.27,2026-07-01 23:00:00+00:00,2026-07-02 00:00:00+00:00,10.09,14.87,17.62,1020.41,72.32,19.05,11.98,289.6
2713,86688,50.132341,20.115834,289.27,2026-07-02 00:00:00+00:00,2026-07-02 01:00:00+00:00,12.16,18.25,22.19,1020.76,67.61,18.75,12.67,295.56
2714,86688,50.132341,20.115834,289.27,2026-07-02 01:00:00+00:00,2026-07-02 02:00:00+00:00,11.34,17.38,20.92,1021.02,66.28,18.19,12.8,300.63
2715,86688,50.132341,20.115834,289.27,2026-07-02 02:00:00+00:00,2026-07-02 03:00:00+00:00,10.23,15.95,19.12,1021.35,68.55,17.41,12.26,300.98
2716,86688,50.132341,20.115834,289.27,2026-07-02 03:00:00+00:00,2026-07-02 04:00:00+00:00,8.42,13.1,15.7,1021.55,70.78,16.83,12.08,298.85
2717,86688,50.132341,20.115834,289.27,2026-07-02 04:00:00+00:00,2026-07-02 05:00:00+00:00,8.5,13.4,15.88,1022.13,72.99,16.42,12.75,300.71
2718,86688,50.132341,20.115834,289.27,2026-07-02 05:00:00+00:00,2026-07-02 06:00:00+00:00,9.45,15.37,18.84,1022.57,72.99,16.2,13.83,302.0
2719,86688,50.132341,20.115834,289.27,2026-07-02 06:00:00+00:00,2026-07-02 07:00:00+00:00,9.42,15.13,18.56,1022.89,67.55,16.24,14.44,302.67
2720,86688,50.132341,20.115834,289.27,2026-07-02 07:00:00+00:00,2026-07-02 08:00:00+00:00,10.34,15.96,19.22,1023.16,62.17,16.39,14.29,305.28
2721,86688,50.132341,20.115834,289.27,2026-07-02 08:00:00+00:00,2026-07-02 09:00:00+00:00,7.72,11.07,12.85,1023.6,58.21,16.97,13.44,307.77
2722,86688,50.132341,20.115834,289.27,2026-07-02 09:00:00+00:00,2026-07-02 10:00:00+00:00,4.26,5.9,7.02,1024.14,53.13,17.97,12.41,306.5
2723,86688,50.132341,20.115834,289.27,2026-07-02 10:00:00+00:00,2026-07-02 11:00:00+00:00,4.12,5.6,6.78,1024.08,67.48,19.39,12.36,304.5
2724,86688,50.132341,20.115834,289.27,2026-07-02 11:00:00+00:00,2026-07-02 12:00:00+00:00,3.93,5.46,6.68,1023.63,69.42,21.19,12.23,303.0
2725,86688,50.132341,20.115834,289.27,2026-07-02 12:00:00+00:00,2026-07-02 13:00:00+00:00,2.58,3.51,4.27,1022.98,68.13,24.08,10.52,299.89
2726,86688,50.132341,20.115834,289.27,2026-07-02 13:00:00+00:00,2026-07-02 14:00:00+00:00,1.94,2.7,3.21,1022.21,66.38,26.44,7.98,291.29
2727,86688,50.132341,20.115834,289.27,2026-07-02 14:00:00+00:00,2026-07-02 15:00:00+00:00,2.26,3.04,3.88,1021.77,63.13,26.31,9.53,314.2
2728,86688,50.132341,20.115834,289.27,2026-07-02 15:00:00+00:00,2026-07-02 16:00:00+00:00,2.41,3.36,4.04,1021.44,62.25,25.77,8.17,321.0
2729,86688,50.132341,20.115834,289.27,2026-07-02 16:00:00+00:00,2026-07-02 17:00:00+00:00,2.09,3.0,3.69,1021.19,62.63,25.07,5.64,323.91
2730,86688,50.132341,20.115834,289.27,2026-07-02 17:00:00+00:00,2026-07-02 18:00:00+00:00,2.77,3.83,4.64,1021.16,64.0,23.87,3.23,334.86
2731,86688,50.132341,20.115834,289.27,2026-07-02 18:00:00+00:00,2026-07-02 19:00:00+00:00,3.74,5.15,6.52,1021.25,63.84,21.14,4.14,234.6
2732,86688,50.132341,20.115834,289.27,2026-07-02 19:00:00+00:00,2026-07-02 20:00:00+00:00,5.57,7.52,9.12,1021.75,51.41,19.0,5.01,229.37
2733,86688,50.132341,20.115834,289.27,2026-07-02 20:00:00+00:00,2026-07-02 21:00:00+00:00,6.01,8.15,9.78,1021.85,49.18,17.71,5.52,233.0
2734,86688,50.132341,20.115834,289.27,2026-07-02 21:00:00+00:00,2026-07-02 22:00:00+00:00,6.51,8.71,10.51,1021.89,52.83,16.62,5.71,232.82
2735,86688,50.132341,20.115834,289.27,2026-07-02 22:00:00+00:00,2026-07-02 23:00:00+00:00,6.37,8.53,10.34,1021.84,55.55,15.82,6.0,231.0
2736,87191,50.012269,20.120682,228.04,2026-07-01 23:00:00+00:00,2026-07-02 00:00:00+00:00,6.02,9.08,10.51,1013.25,89.25,19.11,12.62,291.74
2737,87191,50.012269,20.120682,228.04,2026-07-02 00:00:00+00:00,2026-07-02 01:00:00+00:00,6.1,9.44,10.91,1013.51,90.0,18.71,13.04,295.34
2738,87191,50.012269,20.120682,228.04,2026-07-02 01:00:00+00:00,2026-07-02 02:00:00+00:00,9.36,15.39,17.88,1013.73,90.25,17.95,12.87,301.28
2739,87191,50.012269,20.120682,228.04,2026-07-02 02:00:00+00:00,2026-07-02 03:00:00+00:00,8.91,15.15,17.7,1013.98,90.69,17.48,12.23,301.17
2740,87191,50.012269,20.120682,228.04,2026-07-02 03:00:00+00:00,2026-07-02 04:00:00+00:00,6.68,10.81,12.51,1014.31,91.0,16.79,12.21,299.6
2741,87191,50.012269,20.120682,228.04,2026-07-02 04:00:00+00:00,2026-07-02 05:00:00+00:00,7.31,11.99,14.05,1014.84,91.44,16.28,12.89,298.81
2742,87191,50.012269,20.120682,228.04,2026-07-02 05:00:00+00:00,2026-07-02 06:00:00+00:00,8.22,13.78,15.95,1015.32,91.31,16.2,13.89,301.02
2743,87191,50.012269,20.120682,228.04,2026-07-02 06:00:00+00:00,2026-07-02 07:00:00+00:00,6.63,10.99,12.8,1015.83,89.88,16.05,14.78,303.51
2744,87191,50.012269,20.120682,228.04,2026-07-02 07:00:00+00:00,2026-07-02 08:00:00+00:00,8.95,14.98,17.47,1016.19,86.88,16.3,14.63,306.41
2745,87191,50.012269,20.120682,228.04,2026-07-02 08:00:00+00:00,2026-07-02 09:00:00+00:00,7.3,11.72,13.48,1016.53,84.25,16.53,13.58,308.04
2746,87191,50.012269,20.120682,228.04,2026-07-02 09:00:00+00:00,2026-07-02 10:00:00+00:00,2.55,3.67,4.27,1017.1,80.18,17.12,12.63,305.55
2747,87191,50.012269,20.120682,228.04,2026-07-02 10:00:00+00:00,2026-07-02 11:00:00+00:00,4.34,6.14,7.1,1017.01,75.25,18.8,12.32,303.5
2748,87191,50.012269,20.120682,228.04,2026-07-02 11:00:00+00:00,2026-07-02 12:00:00+00:00,5.97,8.45,9.69,1016.55,71.5,20.34,12.15,303.49
2749,87191,50.012269,20.120682,228.04,2026-07-02 12:00:00+00:00,2026-07-02 13:00:00+00:00,4.75,6.32,7.22,1015.89,68.88,24.78,7.86,290.21
2750,87191,50.012269,20.120682,228.04,2026-07-02 13:00:00+00:00,2026-07-02 14:00:00+00:00,2.66,3.45,3.99,1015.04,66.5,26.92,6.33,288.63
2751,87191,50.012269,20.120682,228.04,2026-07-02 14:00:00+00:00,2026-07-02 15:00:00+00:00,1.74,2.25,2.59,1014.47,64.13,26.91,9.51,312.93
2752,87191,50.012269,20.120682,228.04,2026-07-02 15:00:00+00:00,2026-07-02 16:00:00+00:00,2.23,2.97,3.41,1014.08,63.25,26.52,8.02,317.07
2753,87191,50.012269,20.120682,228.04,2026-07-02 16:00:00+00:00,2026-07-02 17:00:00+00:00,2.62,3.39,3.89,1013.84,63.25,25.57,5.86,322.18
2754,87191,50.012269,20.120682,228.04,2026-07-02 17:00:00+00:00,2026-07-02 18:00:00+00:00,2.62,3.46,4.01,1013.75,64.75,24.31,3.76,309.84
2755,87191,50.012269,20.120682,228.04,2026-07-02 18:00:00+00:00,2026-07-02 19:00:00+00:00,3.45,4.62,5.34,1013.81,68.75,21.72,4.12,250.52
2756,87191,50.012269,20.120682,228.04,2026-07-02 19:00:00+00:00,2026-07-02 20:00:00+00:00,5.16,6.97,8.07,1014.35,71.75,19.77,5.01,230.46
2757,87191,50.012269,20.120682,228.04,2026-07-02 20:00:00+00:00,2026-07-02 21:00:00+00:00,5.76,7.81,9.0,1014.43,74.13,18.48,5.58,232.22
2758,87191,50.012269,20.120682,228.04,2026-07-02 21:00:00+00:00,2026-07-02 22:00:00+00:00,5.81,7.91,9.11,1014.53,75.81,17.36,5.87,230.26
2759,87191,50.012269,20.120682,228.04,2026-07-02 22:00:00+00:00,2026-07-02 23:00:00+00:00,5.95,8.21,9.44,1014.49,77.69,16.52,6.15,231.0
2760,86610,50.170006,19.936647,353.61,2026-07-01 23:00:00+00:00,2026-07-02 00:00:00+00:00,,,,,,,,
2761,86610,50.170006,19.936647,353.61,2026-07-02 00:00:00+00:00,2026-07-02 01:00:00+00:00,,,,,,,,
2762,86610,50.170006,19.936647,353.61,2026-07-02 01:00:00+00:00,2026-07-02 02:00:00+00:00,,,,,,,,
2763,86610,50.170006,19.936647,353.61,2026-07-02 02:00:00+00:00,2026-07-02 03:00:00+00:00,,,,,,,,
2764,86610,50.170006,19.936647,353.61,2026-07-02 03:00:00+00:00,2026-07-02 04:00:00+00:00,,,,,,,,
2765,86610,50.170006,19.936647,353.61,2026-07-02 04:00:00+00:00,2026-07-02 05:00:00+00:00,,,,,,,,
2766,86610,50.170006,19.936647,353.61,2026-07-02 05:00:00+00:00,2026-07-02 06:00:00+00:00,,,,,,,,
2767,86610,50.170006,19.936647,353.61,2026-07-02 06:00:00+00:00,2026-07-02 07:00:00+00:00,,,,,,,,
2768,86610,50.170006,19.936647,353.61,2026-07-02 07:00:00+00:00,2026-07-02 08:00:00+00:00,,,,,,,,
2769,86610,50.170006,19.936647,353.61,2026-07-02 08:00:00+00:00,2026-07-02 09:00:00+00:00,,,,,,,,
2770,86610,50.170006,19.936647,353.61,2026-07-02 09:00:00+00:00,2026-07-02 10:00:00+00:00,,,,,,,,
2771,86610,50.170006,19.936647,353.61,2026-07-02 10:00:00+00:00,2026-07-02 11:00:00+00:00,,,,,,,,
2772,86610,50.170006,19.936647,353.61,2026-07-02 11:00:00+00:00,2026-07-02 12:00:00+00:00,,,,,,,,
2773,86610,50.170006,19.936647,353.61,2026-07-02 12:00:00+00:00,2026-07-02 13:00:00+00:00,,,,,,,,
2774,86610,50.170006,19.936647,353.61,2026-07-02 13:00:00+00:00,2026-07-02 14:00:00+00:00,,,,,,,,
2775,86610,50.170006,19.936647,353.61,2026-07-02 14:00:00+00:00,2026-07-02 15:00:00+00:00,,,,,,,,
2776,86610,50.170006,19.936647,353.61,2026-07-02 15:00:00+00:00,2026-07-02 16:00:00+00:00,,,,,,,,
2777,86610,50.170006,19.936647,353.61,2026-07-02 16:00:00+00:00,2026-07-02 17:00:00+00:00,,,,,,,,
2778,86610,50.170006,19.936647,353.61,2026-07-02 17:00:00+00:00,2026-07-02 18:00:00+00:00,,,,,,,,
2779,86610,50.170006,19.936647,353.61,2026-07-02 18:00:00+00:00,2026-07-02 19:00:00+00:00,,,,,,,,
2780,86610,50.170006,19.936647,353.61,2026-07-02 19:00:00+00:00,2026-07-02 20:00:00+00:00,,,,,,,,
2781,86610,50.170006,19.936647,353.61,2026-07-02 20:00:00+00:00,2026-07-02 21:00:00+00:00,,,,,,,,
2782,86610,50.170006,19.936647,353.61,2026-07-02 21:00:00+00:00,2026-07-02 22:00:00+00:00,,,,,,,,
2783,86610,50.170006,19.936647,353.61,2026-07-02 22:00:00+00:00,2026-07-02 23:00:00+00:00,,,,,,,,
2784,11359,49.98842,20.05878,258.4,2026-07-01 23:00:00+00:00,2026-07-02 00:00:00+00:00,,,,,,,,
2785,11359,49.98842,20.05878,258.4,2026-07-02 00:00:00+00:00,2026-07-02 01:00:00+00:00,,,,,,,,
2786,11359,49.98842,20.05878,258.4,2026-07-02 01:00:00+00:00,2026-07-02 02:00:00+00:00,,,,,,,,
2787,11359,49.98842,20.05878,258.4,2026-07-02 02:00:00+00:00,2026-07-02 03:00:00+00:00,,,,,,,,
2788,11359,49.98842,20.05878,258.4,2026-07-02 03:00:00+00:00,2026-07-02 04:00:00+00:00,,,,,,,,
2789,11359,49.98842,20.05878,258.4,2026-07-02 04:00:00+00:00,2026-07-02 05:00:00+00:00,,,,,,,,
2790,11359,49.98842,20.05878,258.4,2026-07-02 05:00:00+00:00,2026-07-02 06:00:00+00:00,,,,,,,,
2791,11359,49.98842,20.05878,258.4,2026-07-02 06:00:00+00:00,2026-07-02 07:00:00+00:00,,,,,,,,
2792,11359,49.98842,20.05878,258.4,2026-07-02 07:00:00+00:00,2026-07-02 08:00:00+00:00,,,,,,,,
2793,11359,49.98842,20.05878,258.4,2026-07-02 08:00:00+00:00,2026-07-02 09:00:00+00:00,,,,,,,,
2794,11359,49.98842,20.05878,258.4,2026-07-02 09:00:00+00:00,2026-07-02 10:00:00+00:00,,,,,,,,
2795,11359,49.98842,20.05878,258.4,2026-07-02 10:00:00+00:00,2026-07-02 11:00:00+00:00,,,,,,,,
2796,11359,49.98842,20.05878,258.4,2026-07-02 11:00:00+00:00,2026-07-02 12:00:00+00:00,,,,,,,,
2797,11359,49.98842,20.05878,258.4,2026-07-02 12:00:00+00:00,2026-07-02 13:00:00+00:00,,,,,,,,
2798,11359,49.98842,20.05878,258.4,2026-07-02 13:00:00+00:00,2026-07-02 14:00:00+00:00,,,,,,,,
2799,11359,49.98842,20.05878,258.4,2026-07-02 14:00:00+00:00,2026-07-02 15:00:00+00:00,,,,,,,,
2800,11359,49.98842,20.05878,258.4,2026-07-02 15:00:00+00:00,2026-07-02 16:00:00+00:00,,,,,,,,
2801,11359,49.98842,20.05878,258.4,2026-07-02 16:00:00+00:00,2026-07-02 17:00:00+00:00,,,,,,,,
2802,11359,49.98842,20.05878,258.4,2026-07-02 17:00:00+00:00,2026-07-02 18:00:00+00:00,,,,,,,,
2803,11359,49.98842,20.05878,258.4,2026-07-02 18:00:00+00:00,2026-07-02 19:00:00+00:00,,,,,,,,
2804,11359,49.98842,20.05878,258.4,2026-07-02 19:00:00+00:00,2026-07-02 20:00:00+00:00,,,,,,,,
2805,11359,49.98842,20.05878,258.4,2026-07-02 20:00:00+00:00,2026-07-02 21:00:00+00:00,,,,,,,,
2806,11359,49.98842,20.05878,258.4,2026-07-02 21:00:00+00:00,2026-07-02 22:00:00+00:00,,,,,,,,
2807,11359,49.98842,20.05878,258.4,2026-07-02 22:00:00+00:00,2026-07-02 23:00:00+00:00,,,,,,,,
2808,7634,50.108332,19.924004,229.1,2026-07-01 23:00:00+00:00,2026-07-02 00:00:00+00:00,2.36,3.78,4.43,1015.55,89.38,21.12,11.16,285.87
2809,7634,50.108332,19.924004,229.1,2026-07-02 00:00:00+00:00,2026-07-02 01:00:00+00:00,2.46,3.89,4.57,1016.03,90.13,20.72,11.73,288.0
2810,7634,50.108332,19.924004,229.1,2026-07-02 01:00:00+00:00,2026-07-02 02:00:00+00:00,2.93,4.81,5.62,1016.32,90.88,20.1,12.28,298.09
2811,7634,50.108332,19.924004,229.1,2026-07-02 02:00:00+00:00,2026-07-02 03:00:00+00:00,2.15,3.63,4.36,1016.73,91.63,19.52,12.18,295.85
2812,7634,50.108332,19.924004,229.1,2026-07-02 03:00:00+00:00,2026-07-02 04:00:00+00:00,2.03,3.22,3.84,1016.97,91.75,19.01,11.99,293.34
2813,7634,50.108332,19.924004,229.1,2026-07-02 04:00:00+00:00,2026-07-02 05:00:00+00:00,1.38,2.33,2.8,1017.33,91.13,18.73,12.38,297.2
2814,7634,50.108332,19.924004,229.1,2026-07-02 05:00:00+00:00,2026-07-02 06:00:00+00:00,3.12,6.02,8.34,1017.78,90.38,18.75,13.11,297.16
2815,7634,50.108332,19.924004,229.1,2026-07-02 06:00:00+00:00,2026-07-02 07:00:00+00:00,1.64,2.99,3.69,1018.22,89.0,18.7,13.79,300.36
2816,7634,50.108332,19.924004,229.1,2026-07-02 07:00:00+00:00,2026-07-02 08:00:00+00:00,1.56,2.65,3.29,1018.59,86.25,18.87,13.41,301.83
2817,7634,50.108332,19.924004,229.1,2026-07-02 08:00:00+00:00,2026-07-02 09:00:00+00:00,0.8,1.52,1.81,1019.13,82.63,19.42,12.32,303.64
2818,7634,50.108332,19.924004,229.1,2026-07-02 09:00:00+00:00,2026-07-02 10:00:00+00:00,0.4,0.95,1.16,1019.34,77.63,20.4,11.56,300.7
2819,7634,50.108332,19.924004,229.1,2026-07-02 10:00:00+00:00,2026-07-02 11:00:00+00:00,0.31,0.72,0.92,1019.24,73.63,21.15,11.37,299.17
2820,7634,50.108332,19.924004,229.1,2026-07-02 11:00:00+00:00,2026-07-02 12:00:00+00:00,0.48,0.94,1.22,1018.82,70.5,21.73,10.84,297.35
2821,7634,50.108332,19.924004,229.1,2026-07-02 12:00:00+00:00,2026-07-02 13:00:00+00:00,0.61,1.16,1.36,1018.21,66.88,22.62,9.74,298.63
2822,7634,50.108332,19.924004,229.1,2026-07-02 13:00:00+00:00,2026-07-02 14:00:00+00:00,0.54,1.08,1.32,1017.57,63.75,23.54,8.61,304.71
2823,7634,50.108332,19.924004,229.1,2026-07-02 14:00:00+00:00,2026-07-02 15:00:00+00:00,0.6,1.09,1.31,1017.17,61.38,24.24,7.91,315.88
2824,7634,50.108332,19.924004,229.1,2026-07-02 15:00:00+00:00,2026-07-02 16:00:00+00:00,0.79,1.4,1.7,1016.86,61.31,24.54,6.84,321.67
2825,7634,50.108332,19.924004,229.1,2026-07-02 16:00:00+00:00,2026-07-02 17:00:00+00:00,0.85,1.43,1.78,1016.62,62.38,24.61,4.69,323.56
2826,7634,50.108332,19.924004,229.1,2026-07-02 17:00:00+00:00,2026-07-02 18:00:00+00:00,1.16,1.88,2.25,1016.55,64.81,24.2,3.1,294.22
2827,7634,50.108332,19.924004,229.1,2026-07-02 18:00:00+00:00,2026-07-02 19:00:00+00:00,1.01,2.03,2.62,1016.58,68.25,23.13,3.07,247.62
2828,7634,50.108332,19.924004,229.1,2026-07-02 19:00:00+00:00,2026-07-02 20:00:00+00:00,0.57,1.11,1.54,1017.06,71.56,21.81,3.74,233.57
2829,7634,50.108332,19.924004,229.1,2026-07-02 20:00:00+00:00,2026-07-02 21:00:00+00:00,0.75,1.33,1.64,1017.18,74.38,20.69,4.23,238.14
2830,7634,50.108332,19.924004,229.1,2026-07-02 21:00:00+00:00,2026-07-02 22:00:00+00:00,0.82,1.36,1.63,1017.21,75.88,19.7,4.76,235.15
2831,7634,50.108332,19.924004,229.1,2026-07-02 22:00:00+00:00,2026-07-02 23:00:00+00:00,0.7,1.18,1.4,1017.15,77.31,18.94,5.53,232.43
2832,7055,50.15751,19.845108,384.43,2026-07-01 23:00:00+00:00,2026-07-02 00:00:00+00:00,,,,,,,,
2833,7055,50.15751,19.845108,384.43,2026-07-02 00:00:00+00:00,2026-07-02 01:00:00+00:00,,,,,,,,
2834,7055,50.15751,19.845108,384.43,2026-07-02 01:00:00+00:00,2026-07-02 02:00:00+00:00,,,,,,,,
2835,7055,50.15751,19.845108,384.43,2026-07-02 02:00:00+00:00,2026-07-02 03:00:00+00:00,,,,,,,,
2836,7055,50.15751,19.845108,384.43,2026-07-02 03:00:00+00:00,2026-07-02 04:00:00+00:00,,,,,,,,
2837,7055,50.15751,19.845108,384.43,2026-07-02 04:00:00+00:00,2026-07-02 05:00:00+00:00,,,,,,,,
2838,7055,50.15751,19.845108,384.43,2026-07-02 05:00:00+00:00,2026-07-02 06:00:00+00:00,,,,,,,,
2839,7055,50.15751,19.845108,384.43,2026-07-02 06:00:00+00:00,2026-07-02 07:00:00+00:00,,,,,,,,
2840,7055,50.15751,19.845108,384.43,2026-07-02 07:00:00+00:00,2026-07-02 08:00:00+00:00,,,,,,,,
2841,7055,50.15751,19.845108,384.43,2026-07-02 08:00:00+00:00,2026-07-02 09:00:00+00:00,,,,,,,,
2842,7055,50.15751,19.845108,384.43,2026-07-02 09:00:00+00:00,2026-07-02 10:00:00+00:00,,,,,,,,
2843,7055,50.15751,19.845108,384.43,2026-07-02 10:00:00+00:00,2026-07-02 11:00:00+00:00,,,,,,,,
2844,7055,50.15751,19.845108,384.43,2026-07-02 11:00:00+00:00,2026-07-02 12:00:00+00:00,,,,,,,,
2845,7055,50.15751,19.845108,384.43,2026-07-02 12:00:00+00:00,2026-07-02 13:00:00+00:00,,,,,,,,
2846,7055,50.15751,19.845108,384.43,2026-07-02 13:00:00+00:00,2026-07-02 14:00:00+00:00,,,,,,,,
2847,7055,50.15751,19.845108,384.43,2026-07-02 14:00:00+00:00,2026-07-02 15:00:00+00:00,,,,,,,,
2848,7055,50.15751,19.845108,384.43,2026-07-02 15:00:00+00:00,2026-07-02 16:00:00+00:00,,,,,,,,
2849,7055,50.15751,19.845108,384.43,2026-07-02 16:00:00+00:00,2026-07-02 17:00:00+00:00,,,,,,,,
2850,7055,50.15751,19.845108,384.43,2026-07-02 17:00:00+00:00,2026-07-02 18:00:00+00:00,,,,,,,,
2851,7055,50.15751,19.845108,384.43,2026-07-02 18:00:00+00:00,2026-07-02 19:00:00+00:00,,,,,,,,
2852,7055,50.15751,19.845108,384.43,2026-07-02 19:00:00+00:00,2026-07-02 20:00:00+00:00,,,,,,,,
2853,7055,50.15751,19.845108,384.43,2026-07-02 20:00:00+00:00,2026-07-02 21:00:00+00:00,,,,,,,,
2854,7055,50.15751,19.845108,384.43,2026-07-02 21:00:00+00:00,2026-07-02 22:00:00+00:00,,,,,,,,
2855,7055,50.15751,19.845108,384.43,2026-07-02 22:00:00+00:00,2026-07-02 23:00:00+00:00,,,,,,,,
2856,2869,50.136154,20.113141,288.97,2026-07-01 23:00:00+00:00,2026-07-02 00:00:00+00:00,9.73,14.61,17.15,1008.39,89.14,21.37,,
2857,2869,50.136154,20.113141,288.97,2026-07-02 00:00:00+00:00,2026-07-02 01:00:00+00:00,12.01,18.45,22.68,1008.72,90.03,21.09,,
2858,2869,50.136154,20.113141,288.97,2026-07-02 01:00:00+00:00,2026-07-02 02:00:00+00:00,11.22,17.34,21.09,1008.97,91.0,20.61,,
2859,2869,50.136154,20.113141,288.97,2026-07-02 02:00:00+00:00,2026-07-02 03:00:00+00:00,10.14,16.09,19.29,1009.33,91.31,19.83,,
2860,2869,50.136154,20.113141,288.97,2026-07-02 03:00:00+00:00,2026-07-02 04:00:00+00:00,8.05,12.74,15.24,1009.47,91.44,19.31,,
2861,2869,50.136154,20.113141,288.97,2026-07-02 04:00:00+00:00,2026-07-02 05:00:00+00:00,8.48,13.37,15.96,1009.97,91.0,18.82,,
2862,2869,50.136154,20.113141,288.97,2026-07-02 05:00:00+00:00,2026-07-02 06:00:00+00:00,8.75,14.18,17.04,1010.36,90.75,18.6,,
2863,2869,50.136154,20.113141,288.97,2026-07-02 06:00:00+00:00,2026-07-02 07:00:00+00:00,9.75,16.06,19.74,1010.75,89.5,18.52,,
2864,2869,50.136154,20.113141,288.97,2026-07-02 07:00:00+00:00,2026-07-02 08:00:00+00:00,10.16,15.85,18.78,1010.97,87.06,18.88,,
2865,2869,50.136154,20.113141,288.97,2026-07-02 08:00:00+00:00,2026-07-02 09:00:00+00:00,7.72,10.9,12.65,1011.41,82.16,19.43,,
2866,2869,50.136154,20.113141,288.97,2026-07-02 09:00:00+00:00,2026-07-02 10:00:00+00:00,4.83,6.58,7.79,1011.9,75.47,20.56,,
2867,2869,50.136154,20.113141,288.97,2026-07-02 10:00:00+00:00,2026-07-02 11:00:00+00:00,4.56,6.0,7.02,1011.86,70.35,21.92,,
2868,2869,50.136154,20.113141,288.97,2026-07-02 11:00:00+00:00,2026-07-02 12:00:00+00:00,5.04,6.67,7.88,1011.51,67.83,22.79,,
2869,2869,50.136154,20.113141,288.97,2026-07-02 12:00:00+00:00,2026-07-02 13:00:00+00:00,4.34,5.64,6.54,1010.97,60.89,23.77,,
2870,2869,50.136154,20.113141,288.97,2026-07-02 13:00:00+00:00,2026-07-02 14:00:00+00:00,3.39,4.52,5.35,1010.32,56.82,25.28,,
2871,2869,50.136154,20.113141,288.97,2026-07-02 14:00:00+00:00,2026-07-02 15:00:00+00:00,3.96,5.23,6.09,1009.95,53.82,25.0,,
2872,2869,50.136154,20.113141,288.97,2026-07-02 15:00:00+00:00,2026-07-02 16:00:00+00:00,4.12,5.41,6.35,1009.66,53.49,25.38,,
2873,2869,50.136154,20.113141,288.97,2026-07-02 16:00:00+00:00,2026-07-02 17:00:00+00:00,3.74,4.85,5.78,1009.4,54.13,25.42,,
2874,2869,50.136154,20.113141,288.97,2026-07-02 17:00:00+00:00,2026-07-02 18:00:00+00:00,4.2,5.4,6.43,1009.34,56.02,25.02,,
2875,2869,50.136154,20.113141,288.97,2026-07-02 18:00:00+00:00,2026-07-02 19:00:00+00:00,5.13,6.51,7.71,1009.36,61.45,23.84,,
2876,2869,50.136154,20.113141,288.97,2026-07-02 19:00:00+00:00,2026-07-02 20:00:00+00:00,6.57,8.31,9.8,1009.76,66.93,22.05,,
2877,2869,50.136154,20.113141,288.97,2026-07-02 20:00:00+00:00,2026-07-02 21:00:00+00:00,7.8,9.89,11.62,1009.82,69.71,20.74,,
2878,2869,50.136154,20.113141,288.97,2026-07-02 21:00:00+00:00,2026-07-02 22:00:00+00:00,8.4,10.78,12.74,1009.8,72.62,19.62,,
2879,2869,50.136154,20.113141,288.97,2026-07-02 22:00:00+00:00,2026-07-02 23:00:00+00:00,7.05,8.94,10.54,1009.72,74.43,18.8,,
2880,11990,50.16917,19.82711,399.85,2026-07-01 23:00:00+00:00,2026-07-02 00:00:00+00:00,,,,,,,,
2881,11990,50.16917,19.82711,399.85,2026-07-02 00:00:00+00:00,2026-07-02 01:00:00+00:00,,,,,,,,
2882,11990,50.16917,19.82711,399.85,2026-07-02 01:00:00+00:00,2026-07-02 02:00:00+00:00,,,,,,,,
2883,11990,50.16917,19.82711,399.85,2026-07-02 02:00:00+00:00,2026-07-02 03:00:00+00:00,,,,,,,,
2884,11990,50.16917,19.82711,399.85,2026-07-02 03:00:00+00:00,2026-07-02 04:00:00+00:00,,,,,,,,
2885,11990,50.16917,19.82711,399.85,2026-07-02 04:00:00+00:00,2026-07-02 05:00:00+00:00,,,,,,,,
2886,11990,50.16917,19.82711,399.85,2026-07-02 05:00:00+00:00,2026-07-02 06:00:00+00:00,,,,,,,,
2887,11990,50.16917,19.82711,399.85,2026-07-02 06:00:00+00:00,2026-07-02 07:00:00+00:00,,,,,,,,
2888,11990,50.16917,19.82711,399.85,2026-07-02 07:00:00+00:00,2026-07-02 08:00:00+00:00,,,,,,,,
2889,11990,50.16917,19.82711,399.85,2026-07-02 08:00:00+00:00,2026-07-02 09:00:00+00:00,,,,,,,,
2890,11990,50.16917,19.82711,399.85,2026-07-02 09:00:00+00:00,2026-07-02 10:00:00+00:00,,,,,,,,
2891,11990,50.16917,19.82711,399.85,2026-07-02 10:00:00+00:00,2026-07-02 11:00:00+00:00,,,,,,,,
2892,11990,50.16917,19.82711,399.85,2026-07-02 11:00:00+00:00,2026-07-02 12:00:00+00:00,,,,,,,,
2893,11990,50.16917,19.82711,399.85,2026-07-02 12:00:00+00:00,2026-07-02 13:00:00+00:00,,,,,,,,
2894,11990,50.16917,19.82711,399.85,2026-07-02 13:00:00+00:00,2026-07-02 14:00:00+00:00,,,,,,,,
2895,11990,50.16917,19.82711,399.85,2026-07-02 14:00:00+00:00,2026-07-02 15:00:00+00:00,,,,,,,,
2896,11990,50.16917,19.82711,399.85,2026-07-02 15:00:00+00:00,2026-07-02 16:00:00+00:00,,,,,,,,
2897,11990,50.16917,19.82711,399.85,2026-07-02 16:00:00+00:00,2026-07-02 17:00:00+00:00,,,,,,,,
2898,11990,50.16917,19.82711,399.85,2026-07-02 17:00:00+00:00,2026-07-02 18:00:00+00:00,,,,,,,,
2899,11990,50.16917,19.82711,399.85,2026-07-02 18:00:00+00:00,2026-07-02 19:00:00+00:00,,,,,,,,
2900,11990,50.16917,19.82711,399.85,2026-07-02 19:00:00+00:00,2026-07-02 20:00:00+00:00,,,,,,,,
2901,11990,50.16917,19.82711,399.85,2026-07-02 20:00:00+00:00,2026-07-02 21:00:00+00:00,,,,,,,,
2902,11990,50.16917,19.82711,399.85,2026-07-02 21:00:00+00:00,2026-07-02 22:00:00+00:00,,,,,,,,
2903,11990,50.16917,19.82711,399.85,2026-07-02 22:00:00+00:00,2026-07-02 23:00:00+00:00,,,,,,,,
2904,2513,50.117763,19.92077,230.53,2026-07-01 23:00:00+00:00,2026-07-02 00:00:00+00:00,7.22,8.08,7.63,1012.82,89.44,20.49,,
2905,2513,50.117763,19.92077,230.53,2026-07-02 00:00:00+00:00,2026-07-02 01:00:00+00:00,11.04,13.01,14.88,1013.34,90.19,20.09,,
2906,2513,50.117763,19.92077,230.53,2026-07-02 01:00:00+00:00,2026-07-02 02:00:00+00:00,10.39,12.37,13.78,1013.73,90.94,19.25,,
2907,2513,50.117763,19.92077,230.53,2026-07-02 02:00:00+00:00,2026-07-02 03:00:00+00:00,8.41,9.93,10.09,1014.14,91.69,18.53,,
2908,2513,50.117763,19.92077,230.53,2026-07-02 03:00:00+00:00,2026-07-02 04:00:00+00:00,8.21,9.62,9.6,1014.4,91.75,17.99,,
2909,2513,50.117763,19.92077,230.53,2026-07-02 04:00:00+00:00,2026-07-02 05:00:00+00:00,9.59,11.23,11.79,1014.72,91.06,17.83,,
2910,2513,50.117763,19.92077,230.53,2026-07-02 05:00:00+00:00,2026-07-02 06:00:00+00:00,7.97,9.37,9.33,1015.22,90.31,17.81,,
2911,2513,50.117763,19.92077,230.53,2026-07-02 06:00:00+00:00,2026-07-02 07:00:00+00:00,9.69,11.44,12.23,1015.65,88.88,17.88,,
2912,2513,50.117763,19.92077,230.53,2026-07-02 07:00:00+00:00,2026-07-02 08:00:00+00:00,8.65,9.62,9.62,1016.0,86.0,18.23,,
2913,2513,50.117763,19.92077,230.53,2026-07-02 08:00:00+00:00,2026-07-02 09:00:00+00:00,3.4,3.5,1.91,1016.54,82.31,18.69,,
2914,2513,50.117763,19.92077,230.53,2026-07-02 09:00:00+00:00,2026-07-02 10:00:00+00:00,4.99,5.13,3.95,1016.68,77.19,20.24,,
2915,2513,50.117763,19.92077,230.53,2026-07-02 10:00:00+00:00,2026-07-02 11:00:00+00:00,5.66,5.7,4.78,1016.49,73.38,21.67,,
2916,2513,50.117763,19.92077,230.53,2026-07-02 11:00:00+00:00,2026-07-02 12:00:00+00:00,5.04,5.03,3.83,1016.12,70.5,22.71,,
2917,2513,50.117763,19.92077,230.53,2026-07-02 12:00:00+00:00,2026-07-02 13:00:00+00:00,3.59,3.56,1.96,1015.57,66.87,23.32,,
2918,2513,50.117763,19.92077,230.53,2026-07-02 13:00:00+00:00,2026-07-02 14:00:00+00:00,3.62,3.68,2.16,1014.89,62.66,24.11,,
2919,2513,50.117763,19.92077,230.53,2026-07-02 14:00:00+00:00,2026-07-02 15:00:00+00:00,4.01,3.97,2.49,1014.43,60.34,24.94,,
2920,2513,50.117763,19.92077,230.53,2026-07-02 15:00:00+00:00,2026-07-02 16:00:00+00:00,4.11,4.13,2.74,1014.12,60.95,25.23,,
2921,2513,50.117763,19.92077,230.53,2026-07-02 16:00:00+00:00,2026-07-02 17:00:00+00:00,3.95,4.0,2.56,1013.9,61.21,25.05,,
2922,2513,50.117763,19.92077,230.53,2026-07-02 17:00:00+00:00,2026-07-02 18:00:00+00:00,3.85,3.76,2.26,1013.84,63.83,24.5,,
2923,2513,50.117763,19.92077,230.53,2026-07-02 18:00:00+00:00,2026-07-02 19:00:00+00:00,4.57,4.57,3.35,1013.88,68.0,23.18,,
2924,2513,50.117763,19.92077,230.53,2026-07-02 19:00:00+00:00,2026-07-02 20:00:00+00:00,4.67,4.58,3.33,1014.32,71.25,21.34,,
2925,2513,50.117763,19.92077,230.53,2026-07-02 20:00:00+00:00,2026-07-02 21:00:00+00:00,4.94,4.72,3.39,1014.47,74.15,19.73,,
2926,2513,50.117763,19.92077,230.53,2026-07-02 21:00:00+00:00,2026-07-02 22:00:00+00:00,5.55,5.45,4.48,1014.58,75.54,18.44,,
2927,2513,50.117763,19.92077,230.53,2026-07-02 22:00:00+00:00,2026-07-02 23:00:00+00:00,5.88,5.8,4.77,1014.58,76.86,17.27,,
2928,33053,50.099709,19.837011,251.92,2026-07-01 23:00:00+00:00,2026-07-02 00:00:00+00:00,,,,,,,,
2929,33053,50.099709,19.837011,251.92,2026-07-02 00:00:00+00:00,2026-07-02 01:00:00+00:00,,,,,,,,
2930,33053,50.099709,19.837011,251.92,2026-07-02 01:00:00+00:00,2026-07-02 02:00:00+00:00,,,,,,,,
2931,33053,50.099709,19.837011,251.92,2026-07-02 02:00:00+00:00,2026-07-02 03:00:00+00:00,,,,,,,,
2932,33053,50.099709,19.837011,251.92,2026-07-02 03:00:00+00:00,2026-07-02 04:00:00+00:00,,,,,,,,
2933,33053,50.099709,19.837011,251.92,2026-07-02 04:00:00+00:00,2026-07-02 05:00:00+00:00,,,,,,,,
2934,33053,50.099709,19.837011,251.92,2026-07-02 05:00:00+00:00,2026-07-02 06:00:00+00:00,,,,,,,,
2935,33053,50.099709,19.837011,251.92,2026-07-02 06:00:00+00:00,2026-07-02 07:00:00+00:00,,,,,,,,
2936,33053,50.099709,19.837011,251.92,2026-07-02 07:00:00+00:00,2026-07-02 08:00:00+00:00,,,,,,,,
2937,33053,50.099709,19.837011,251.92,2026-07-02 08:00:00+00:00,2026-07-02 09:00:00+00:00,,,,,,,,
2938,33053,50.099709,19.837011,251.92,2026-07-02 09:00:00+00:00,2026-07-02 10:00:00+00:00,,,,,,,,
2939,33053,50.099709,19.837011,251.92,2026-07-02 10:00:00+00:00,2026-07-02 11:00:00+00:00,,,,,,,,
2940,33053,50.099709,19.837011,251.92,2026-07-02 11:00:00+00:00,2026-07-02 12:00:00+00:00,,,,,,,,
2941,33053,50.099709,19.837011,251.92,2026-07-02 12:00:00+00:00,2026-07-02 13:00:00+00:00,,,,,,,,
2942,33053,50.099709,19.837011,251.92,2026-07-02 13:00:00+00:00,2026-07-02 14:00:00+00:00,,,,,,,,
2943,33053,50.099709,19.837011,251.92,2026-07-02 14:00:00+00:00,2026-07-02 15:00:00+00:00,,,,,,,,
2944,33053,50.099709,19.837011,251.92,2026-07-02 15:00:00+00:00,2026-07-02 16:00:00+00:00,,,,,,,,
2945,33053,50.099709,19.837011,251.92,2026-07-02 16:00:00+00:00,2026-07-02 17:00:00+00:00,,,,,,,,
2946,33053,50.099709,19.837011,251.92,2026-07-02 17:00:00+00:00,2026-07-02 18:00:00+00:00,,,,,,,,
2947,33053,50.099709,19.837011,251.92,2026-07-02 18:00:00+00:00,2026-07-02 19:00:00+00:00,,,,,,,,
2948,33053,50.099709,19.837011,251.92,2026-07-02 19:00:00+00:00,2026-07-02 20:00:00+00:00,,,,,,,,
2949,33053,50.099709,19.837011,251.92,2026-07-02 20:00:00+00:00,2026-07-02 21:00:00+00:00,,,,,,,,
2950,33053,50.099709,19.837011,251.92,2026-07-02 21:00:00+00:00,2026-07-02 22:00:00+00:00,,,,,,,,
2951,33053,50.099709,19.837011,251.92,2026-07-02 22:00:00+00:00,2026-07-02 23:00:00+00:00,,,,,,,,
2952,7850,50.015339,20.111307,202.43,2026-07-01 23:00:00+00:00,2026-07-02 00:00:00+00:00,,,,,,,,
2953,7850,50.015339,20.111307,202.43,2026-07-02 00:00:00+00:00,2026-07-02 01:00:00+00:00,,,,,,,,
2954,7850,50.015339,20.111307,202.43,2026-07-02 01:00:00+00:00,2026-07-02 02:00:00+00:00,,,,,,,,
2955,7850,50.015339,20.111307,202.43,2026-07-02 02:00:00+00:00,2026-07-02 03:00:00+00:00,,,,,,,,
2956,7850,50.015339,20.111307,202.43,2026-07-02 03:00:00+00:00,2026-07-02 04:00:00+00:00,,,,,,,,
2957,7850,50.015339,20.111307,202.43,2026-07-02 04:00:00+00:00,2026-07-02 05:00:00+00:00,,,,,,,,
2958,7850,50.015339,20.111307,202.43,2026-07-02 05:00:00+00:00,2026-07-02 06:00:00+00:00,,,,,,,,
2959,7850,50.015339,20.111307,202.43,2026-07-02 06:00:00+00:00,2026-07-02 07:00:00+00:00,,,,,,,,
2960,7850,50.015339,20.111307,202.43,2026-07-02 07:00:00+00:00,2026-07-02 08:00:00+00:00,,,,,,,,
2961,7850,50.015339,20.111307,202.43,2026-07-02 08:00:00+00:00,2026-07-02 09:00:00+00:00,,,,,,,,
2962,7850,50.015339,20.111307,202.43,2026-07-02 09:00:00+00:00,2026-07-02 10:00:00+00:00,,,,,,,,
2963,7850,50.015339,20.111307,202.43,2026-07-02 10:00:00+00:00,2026-07-02 11:00:00+00:00,,,,,,,,
2964,7850,50.015339,20.111307,202.43,2026-07-02 11:00:00+00:00,2026-07-02 12:00:00+00:00,,,,,,,,
2965,7850,50.015339,20.111307,202.43,2026-07-02 12:00:00+00:00,2026-07-02 13:00:00+00:00,,,,,,,,
2966,7850,50.015339,20.111307,202.43,2026-07-02 13:00:00+00:00,2026-07-02 14:00:00+00:00,,,,,,,,
2967,7850,50.015339,20.111307,202.43,2026-07-02 14:00:00+00:00,2026-07-02 15:00:00+00:00,,,,,,,,
2968,7850,50.015339,20.111307,202.43,2026-07-02 15:00:00+00:00,2026-07-02 16:00:00+00:00,,,,,,,,
2969,7850,50.015339,20.111307,202.43,2026-07-02 16:00:00+00:00,2026-07-02 17:00:00+00:00,,,,,,,,
2970,7850,50.015339,20.111307,202.43,2026-07-02 17:00:00+00:00,2026-07-02 18:00:00+00:00,,,,,,,,
2971,7850,50.015339,20.111307,202.43,2026-07-02 18:00:00+00:00,2026-07-02 19:00:00+00:00,,,,,,,,
2972,7850,50.015339,20.111307,202.43,2026-07-02 19:00:00+00:00,2026-07-02 20:00:00+00:00,,,,,,,,
2973,7850,50.015339,20.111307,202.43,2026-07-02 20:00:00+00:00,2026-07-02 21:00:00+00:00,,,,,,,,
2974,7850,50.015339,20.111307,202.43,2026-07-02 21:00:00+00:00,2026-07-02 22:00:00+00:00,,,,,,,,
2975,7850,50.015339,20.111307,202.43,2026-07-02 22:00:00+00:00,2026-07-02 23:00:00+00:00,,,,,,,,
2976,90552,50.018006,19.983935,238.73,2026-07-01 23:00:00+00:00,2026-07-02 00:00:00+00:00,7.95,11.73,13.97,1016.25,89.38,19.29,11.33,289.57
2977,90552,50.018006,19.983935,238.73,2026-07-02 00:00:00+00:00,2026-07-02 01:00:00+00:00,10.06,15.39,18.42,1016.59,89.5,19.18,12.31,293.54
2978,90552,50.018006,19.983935,238.73,2026-07-02 01:00:00+00:00,2026-07-02 02:00:00+00:00,13.06,20.84,27.84,1016.82,90.06,18.39,12.05,300.66
2979,90552,50.018006,19.983935,238.73,2026-07-02 02:00:00+00:00,2026-07-02 03:00:00+00:00,9.83,15.4,18.66,1017.22,90.81,17.84,11.98,296.23
2980,90552,50.018006,19.983935,238.73,2026-07-02 03:00:00+00:00,2026-07-02 04:00:00+00:00,7.9,11.95,14.36,1017.52,91.0,17.14,12.05,294.0
2981,90552,50.018006,19.983935,238.73,2026-07-02 04:00:00+00:00,2026-07-02 05:00:00+00:00,9.5,14.88,18.03,1017.94,91.0,16.62,12.46,297.03
2982,90552,50.018006,19.983935,238.73,2026-07-02 05:00:00+00:00,2026-07-02 06:00:00+00:00,9.76,15.32,18.74,1018.38,90.56,16.67,13.29,298.0
2983,90552,50.018006,19.983935,238.73,2026-07-02 06:00:00+00:00,2026-07-02 07:00:00+00:00,9.92,15.28,18.65,1018.85,89.38,16.72,13.67,299.16
2984,90552,50.018006,19.983935,238.73,2026-07-02 07:00:00+00:00,2026-07-02 08:00:00+00:00,11.03,16.68,20.12,1019.22,86.88,16.92,13.57,304.0
2985,90552,50.018006,19.983935,238.73,2026-07-02 08:00:00+00:00,2026-07-02 09:00:00+00:00,4.25,5.99,7.11,1019.76,82.81,17.29,12.91,306.46
2986,90552,50.018006,19.983935,238.73,2026-07-02 09:00:00+00:00,2026-07-02 10:00:00+00:00,4.79,6.79,7.96,1020.04,78.19,18.37,12.05,302.74
2987,90552,50.018006,19.983935,238.73,2026-07-02 10:00:00+00:00,2026-07-02 11:00:00+00:00,8.73,12.39,14.75,1019.98,76.0,19.26,12.07,300.18
2988,90552,50.018006,19.983935,238.73,2026-07-02 11:00:00+00:00,2026-07-02 12:00:00+00:00,8.92,12.27,14.39,1019.61,73.81,20.25,11.5,299.4
2989,90552,50.018006,19.983935,238.73,2026-07-02 12:00:00+00:00,2026-07-02 13:00:00+00:00,6.1,8.12,9.39,1019.04,68.52,22.14,10.69,301.21
2990,90552,50.018006,19.983935,238.73,2026-07-02 13:00:00+00:00,2026-07-02 14:00:00+00:00,4.21,5.53,6.4,1018.29,64.84,24.07,9.96,306.55
2991,90552,50.018006,19.983935,238.73,2026-07-02 14:00:00+00:00,2026-07-02 15:00:00+00:00,3.35,4.48,5.19,1017.8,62.08,25.67,8.85,314.64
2992,90552,50.018006,19.983935,238.73,2026-07-02 15:00:00+00:00,2026-07-02 16:00:00+00:00,4.49,5.86,6.79,1017.53,56.99,25.04,7.22,320.82
2993,90552,50.018006,19.983935,238.73,2026-07-02 16:00:00+00:00,2026-07-02 17:00:00+00:00,4.85,6.37,7.41,1017.25,56.89,24.26,5.06,325.49
2994,90552,50.018006,19.983935,238.73,2026-07-02 17:00:00+00:00,2026-07-02 18:00:00+00:00,4.34,5.55,6.48,1017.18,60.99,23.93,3.07,301.5
2995,90552,50.018006,19.983935,238.73,2026-07-02 18:00:00+00:00,2026-07-02 19:00:00+00:00,5.73,7.43,8.73,1017.19,66.22,22.29,3.86,238.95
2996,90552,50.018006,19.983935,238.73,2026-07-02 19:00:00+00:00,2026-07-02 20:00:00+00:00,6.14,8.02,9.36,1017.68,70.94,20.62,4.76,228.2
2997,90552,50.018006,19.983935,238.73,2026-07-02 20:00:00+00:00,2026-07-02 21:00:00+00:00,8.15,10.67,12.43,1017.72,74.25,19.32,5.08,232.31
2998,90552,50.018006,19.983935,238.73,2026-07-02 21:00:00+00:00,2026-07-02 22:00:00+00:00,8.81,11.66,13.62,1017.72,75.63,18.3,5.04,232.12
2999,90552,50.018006,19.983935,238.73,2026-07-02 22:00:00+00:00,2026-07-02 23:00:00+00:00,8.29,10.83,12.62,1017.64,76.94,17.47,6.19,229.15
3000,86980,50.043741,19.966589,201.63,2026-07-01 23:00:00+00:00,2026-07-02 00:00:00+00:00,7.61,10.77,12.82,1013.45,89.38,19.59,11.33,289.57
3001,86980,50.043741,19.966589,201.63,2026-07-02 00:00:00+00:00,2026-07-02 01:00:00+00:00,10.34,15.24,18.64,1013.83,89.5,19.4,12.4,293.69
3002,86980,50.043741,19.966589,201.63,2026-07-02 01:00:00+00:00,2026-07-02 02:00:00+00:00,12.47,19.48,25.45,1014.05,90.13,18.54,12.0,301.43
3003,86980,50.043741,19.966589,201.63,2026-07-02 02:00:00+00:00,2026-07-02 03:00:00+00:00,9.82,15.0,18.31,1014.44,90.81,18.16,11.98,296.23
3004,86980,50.043741,19.966589,201.63,2026-07-02 03:00:00+00:00,2026-07-02 04:00:00+00:00,7.77,11.49,13.86,1014.8,91.0,17.53,12.05,294.0
3005,86980,50.043741,19.966589,201.63,2026-07-02 04:00:00+00:00,2026-07-02 05:00:00+00:00,9.87,15.11,18.54,1015.26,91.0,17.02,12.46,297.03
3006,86980,50.043741,19.966589,201.63,2026-07-02 05:00:00+00:00,2026-07-02 06:00:00+00:00,9.64,14.86,18.21,1015.62,90.56,17.04,13.29,298.0
3007,86980,50.043741,19.966589,201.63,2026-07-02 06:00:00+00:00,2026-07-02 07:00:00+00:00,10.62,16.22,19.79,1016.14,89.38,16.95,13.67,299.16
3008,86980,50.043741,19.966589,201.63,2026-07-02 07:00:00+00:00,2026-07-02 08:00:00+00:00,10.39,15.17,18.24,1016.43,86.56,17.34,13.57,304.67
3009,86980,50.043741,19.966589,201.63,2026-07-02 08:00:00+00:00,2026-07-02 09:00:00+00:00,4.09,5.57,6.69,1017.05,82.38,17.72,12.78,306.13
3010,86980,50.043741,19.966589,201.63,2026-07-02 09:00:00+00:00,2026-07-02 10:00:00+00:00,4.81,6.58,7.83,1017.37,78.19,18.39,12.05,302.74
3011,86980,50.043741,19.966589,201.63,2026-07-02 10:00:00+00:00,2026-07-02 11:00:00+00:00,8.65,11.68,13.78,1017.26,76.0,19.05,12.07,300.18
3012,86980,50.043741,19.966589,201.63,2026-07-02 11:00:00+00:00,2026-07-02 12:00:00+00:00,8.47,11.16,13.1,1016.84,73.81,20.0,11.5,299.4
3013,86980,50.043741,19.966589,201.63,2026-07-02 12:00:00+00:00,2026-07-02 13:00:00+00:00,5.08,6.47,7.5,1016.1,68.56,22.46,10.69,301.21
3014,86980,50.043741,19.966589,201.63,2026-07-02 13:00:00+00:00,2026-07-02 14:00:00+00:00,4.32,5.46,6.37,1015.35,65.19,23.98,9.96,306.55
3015,86980,50.043741,19.966589,201.63,2026-07-02 14:00:00+00:00,2026-07-02 15:00:00+00:00,4.15,5.31,6.11,1014.94,63.5,24.81,8.85,314.64
3016,86980,50.043741,19.966589,201.63,2026-07-02 15:00:00+00:00,2026-07-02 16:00:00+00:00,5.26,6.6,7.6,1014.61,61.75,25.18,7.02,321.34
3017,86980,50.043741,19.966589,201.63,2026-07-02 16:00:00+00:00,2026-07-02 17:00:00+00:00,5.17,6.47,7.53,1014.36,62.25,24.61,5.06,325.49
3018,86980,50.043741,19.966589,201.63,2026-07-02 17:00:00+00:00,2026-07-02 18:00:00+00:00,5.06,6.36,7.36,1014.27,64.5,23.76,3.07,301.5
3019,86980,50.043741,19.966589,201.63,2026-07-02 18:00:00+00:00,2026-07-02 19:00:00+00:00,4.63,5.75,6.67,1014.32,68.25,22.37,3.86,238.95
3020,86980,50.043741,19.966589,201.63,2026-07-02 19:00:00+00:00,2026-07-02 20:00:00+00:00,5.23,6.5,7.6,1014.85,71.75,20.79,4.76,228.2
3021,86980,50.043741,19.966589,201.63,2026-07-02 20:00:00+00:00,2026-07-02 21:00:00+00:00,7.76,9.78,11.45,1014.94,74.25,19.39,5.08,232.31
3022,86980,50.043741,19.966589,201.63,2026-07-02 21:00:00+00:00,2026-07-02 22:00:00+00:00,9.19,11.72,13.67,1015.0,75.75,18.3,5.13,231.85
3023,86980,50.043741,19.966589,201.63,2026-07-02 22:00:00+00:00,2026-07-02 23:00:00+00:00,10.63,13.69,16.09,1014.93,76.94,17.41,6.19,229.15
3024,36742,50.141017,19.863014,316.2,2026-07-01 23:00:00+00:00,2026-07-02 00:00:00+00:00,,,,,,,,
3025,36742,50.141017,19.863014,316.2,2026-07-02 00:00:00+00:00,2026-07-02 01:00:00+00:00,,,,,,,,
3026,36742,50.141017,19.863014,316.2,2026-07-02 01:00:00+00:00,2026-07-02 02:00:00+00:00,,,,,,,,
3027,36742,50.141017,19.863014,316.2,2026-07-02 02:00:00+00:00,2026-07-02 03:00:00+00:00,,,,,,,,
3028,36742,50.141017,19.863014,316.2,2026-07-02 03:00:00+00:00,2026-07-02 04:00:00+00:00,,,,,,,,
3029,36742,50.141017,19.863014,316.2,2026-07-02 04:00:00+00:00,2026-07-02 05:00:00+00:00,,,,,,,,
3030,36742,50.141017,19.863014,316.2,2026-07-02 05:00:00+00:00,2026-07-02 06:00:00+00:00,,,,,,,,
3031,36742,50.141017,19.863014,316.2,2026-07-02 06:00:00+00:00,2026-07-02 07:00:00+00:00,,,,,,,,
3032,36742,50.141017,19.863014,316.2,2026-07-02 07:00:00+00:00,2026-07-02 08:00:00+00:00,,,,,,,,
3033,36742,50.141017,19.863014,316.2,2026-07-02 08:00:00+00:00,2026-07-02 09:00:00+00:00,,,,,,,,
3034,36742,50.141017,19.863014,316.2,2026-07-02 09:00:00+00:00,2026-07-02 10:00:00+00:00,,,,,,,,
3035,36742,50.141017,19.863014,316.2,2026-07-02 10:00:00+00:00,2026-07-02 11:00:00+00:00,,,,,,,,
3036,36742,50.141017,19.863014,316.2,2026-07-02 11:00:00+00:00,2026-07-02 12:00:00+00:00,,,,,,,,
3037,36742,50.141017,19.863014,316.2,2026-07-02 12:00:00+00:00,2026-07-02 13:00:00+00:00,,,,,,,,
3038,36742,50.141017,19.863014,316.2,2026-07-02 13:00:00+00:00,2026-07-02 14:00:00+00:00,,,,,,,,
3039,36742,50.141017,19.863014,316.2,2026-07-02 14:00:00+00:00,2026-07-02 15:00:00+00:00,,,,,,,,
3040,36742,50.141017,19.863014,316.2,2026-07-02 15:00:00+00:00,2026-07-02 16:00:00+00:00,,,,,,,,
3041,36742,50.141017,19.863014,316.2,2026-07-02 16:00:00+00:00,2026-07-02 17:00:00+00:00,,,,,,,,
3042,36742,50.141017,19.863014,316.2,2026-07-02 17:00:00+00:00,2026-07-02 18:00:00+00:00,,,,,,,,
3043,36742,50.141017,19.863014,316.2,2026-07-02 18:00:00+00:00,2026-07-02 19:00:00+00:00,,,,,,,,
3044,36742,50.141017,19.863014,316.2,2026-07-02 19:00:00+00:00,2026-07-02 20:00:00+00:00,,,,,,,,
3045,36742,50.141017,19.863014,316.2,2026-07-02 20:00:00+00:00,2026-07-02 21:00:00+00:00,,,,,,,,
3046,36742,50.141017,19.863014,316.2,2026-07-02 21:00:00+00:00,2026-07-02 22:00:00+00:00,,,,,,,,
3047,36742,50.141017,19.863014,316.2,2026-07-02 22:00:00+00:00,2026-07-02 23:00:00+00:00,,,,,,,,
3048,86934,50.062418,19.928368,209.42,2026-07-01 23:00:00+00:00,2026-07-02 00:00:00+00:00,6.31,8.55,10.89,1013.03,79.92,19.4,11.15,285.7
3049,86934,50.062418,19.928368,209.42,2026-07-02 00:00:00+00:00,2026-07-02 01:00:00+00:00,9.9,14.13,18.02,1013.41,81.01,19.05,11.72,288.0
3050,86934,50.062418,19.928368,209.42,2026-07-02 01:00:00+00:00,2026-07-02 02:00:00+00:00,10.99,16.16,20.72,1013.65,82.33,18.48,12.27,297.93
3051,86934,50.062418,19.928368,209.42,2026-07-02 02:00:00+00:00,2026-07-02 03:00:00+00:00,7.68,11.53,14.64,1014.17,83.68,17.93,12.18,295.83
3052,86934,50.062418,19.928368,209.42,2026-07-02 03:00:00+00:00,2026-07-02 04:00:00+00:00,6.55,9.57,12.14,1014.44,84.3,17.47,11.99,293.4
3053,86934,50.062418,19.928368,209.42,2026-07-02 04:00:00+00:00,2026-07-02 05:00:00+00:00,8.94,13.01,16.71,1014.86,84.0,17.2,12.36,297.05
3054,86934,50.062418,19.928368,209.42,2026-07-02 05:00:00+00:00,2026-07-02 06:00:00+00:00,8.08,11.47,14.69,1015.3,83.24,17.2,13.1,297.17
3055,86934,50.062418,19.928368,209.42,2026-07-02 06:00:00+00:00,2026-07-02 07:00:00+00:00,9.36,13.19,16.81,1015.73,81.93,17.18,13.76,300.23
3056,86934,50.062418,19.928368,209.42,2026-07-02 07:00:00+00:00,2026-07-02 08:00:00+00:00,8.12,11.67,14.6,1016.14,79.09,17.29,13.43,301.8
3057,86934,50.062418,19.928368,209.42,2026-07-02 08:00:00+00:00,2026-07-02 09:00:00+00:00,2.15,2.98,3.9,1016.68,74.82,17.91,12.36,303.57
3058,86934,50.062418,19.928368,209.42,2026-07-02 09:00:00+00:00,2026-07-02 10:00:00+00:00,3.63,5.22,6.61,1016.87,68.81,18.92,11.58,300.82
3059,86934,50.062418,19.928368,209.42,2026-07-02 10:00:00+00:00,2026-07-02 11:00:00+00:00,6.0,8.25,10.21,1016.72,64.03,19.68,11.37,299.2
3060,86934,50.062418,19.928368,209.42,2026-07-02 11:00:00+00:00,2026-07-02 12:00:00+00:00,5.49,7.45,9.21,1016.21,60.41,20.24,10.87,297.45
3061,86934,50.062418,19.928368,209.42,2026-07-02 12:00:00+00:00,2026-07-02 13:00:00+00:00,2.92,4.27,5.35,1015.51,56.03,21.07,9.78,298.56
3062,86934,50.062418,19.928368,209.42,2026-07-02 13:00:00+00:00,2026-07-02 14:00:00+00:00,3.18,4.65,5.85,1014.8,52.24,21.89,8.66,304.34
3063,86934,50.062418,19.928368,209.42,2026-07-02 14:00:00+00:00,2026-07-02 15:00:00+00:00,3.38,4.92,6.09,1014.36,49.28,22.53,7.93,315.47
3064,86934,50.062418,19.928368,209.42,2026-07-02 15:00:00+00:00,2026-07-02 16:00:00+00:00,3.63,5.32,6.58,1014.1,48.98,22.72,6.9,321.43
3065,86934,50.062418,19.928368,209.42,2026-07-02 16:00:00+00:00,2026-07-02 17:00:00+00:00,3.47,5.05,6.22,1013.82,49.98,22.75,4.76,324.11
3066,86934,50.062418,19.928368,209.42,2026-07-02 17:00:00+00:00,2026-07-02 18:00:00+00:00,3.09,4.48,5.58,1013.74,52.73,22.31,3.12,295.42
3067,86934,50.062418,19.928368,209.42,2026-07-02 18:00:00+00:00,2026-07-02 19:00:00+00:00,2.75,3.88,4.96,1013.79,57.0,21.28,3.06,248.94
3068,86934,50.062418,19.928368,209.42,2026-07-02 19:00:00+00:00,2026-07-02 20:00:00+00:00,3.61,4.99,6.19,1014.34,61.39,20.0,3.72,233.11
3069,86934,50.062418,19.928368,209.42,2026-07-02 20:00:00+00:00,2026-07-02 21:00:00+00:00,5.03,6.77,8.2,1014.49,65.38,18.89,4.22,238.21
3070,86934,50.062418,19.928368,209.42,2026-07-02 21:00:00+00:00,2026-07-02 22:00:00+00:00,6.14,7.77,9.6,1014.53,67.83,17.97,4.73,235.3
3071,86934,50.062418,19.928368,209.42,2026-07-02 22:00:00+00:00,2026-07-02 23:00:00+00:00,6.49,8.46,10.39,1014.51,70.05,17.28,5.51,232.46
3072,7456,50.11677,19.965575,276.62,2026-07-01 23:00:00+00:00,2026-07-02 00:00:00+00:00,7.04,10.92,12.67,1011.19,89.38,19.72,11.46,285.71
3073,7456,50.11677,19.965575,276.62,2026-07-02 00:00:00+00:00,2026-07-02 01:00:00+00:00,10.71,17.59,20.89,1011.61,90.56,19.32,11.92,291.4
3074,7456,50.11677,19.965575,276.62,2026-07-02 01:00:00+00:00,2026-07-02 02:00:00+00:00,9.64,16.28,19.21,1011.76,91.0,18.83,12.12,296.83
3075,7456,50.11677,19.965575,276.62,2026-07-02 02:00:00+00:00,2026-07-02 03:00:00+00:00,6.79,11.13,12.81,1012.2,91.0,18.14,11.92,295.53
3076,7456,50.11677,19.965575,276.62,2026-07-02 03:00:00+00:00,2026-07-02 04:00:00+00:00,7.56,12.28,14.23,1012.54,91.0,17.28,11.92,293.7
3077,7456,50.11677,19.965575,276.62,2026-07-02 04:00:00+00:00,2026-07-02 05:00:00+00:00,7.0,11.27,13.05,1012.86,90.69,17.37,12.53,297.74
3078,7456,50.11677,19.965575,276.62,2026-07-02 05:00:00+00:00,2026-07-02 06:00:00+00:00,6.16,9.78,11.33,1013.35,90.25,17.08,13.37,299.57
3079,7456,50.11677,19.965575,276.62,2026-07-02 06:00:00+00:00,2026-07-02 07:00:00+00:00,8.68,14.59,17.2,1013.79,89.0,16.96,13.73,300.25
3080,7456,50.11677,19.965575,276.62,2026-07-02 07:00:00+00:00,2026-07-02 08:00:00+00:00,8.84,13.82,15.8,1014.03,86.0,17.2,13.47,301.59
3081,7456,50.11677,19.965575,276.62,2026-07-02 08:00:00+00:00,2026-07-02 09:00:00+00:00,4.04,5.84,6.74,1014.62,82.06,17.76,12.63,301.39
3082,7456,50.11677,19.965575,276.62,2026-07-02 09:00:00+00:00,2026-07-02 10:00:00+00:00,3.92,5.63,6.43,1014.87,78.25,18.89,11.88,301.51
3083,7456,50.11677,19.965575,276.62,2026-07-02 10:00:00+00:00,2026-07-02 11:00:00+00:00,4.82,6.79,7.8,1014.75,73.88,20.36,11.46,299.0
3084,7456,50.11677,19.965575,276.62,2026-07-02 11:00:00+00:00,2026-07-02 12:00:00+00:00,5.17,7.18,8.21,1014.35,70.25,21.18,10.95,299.52
3085,7456,50.11677,19.965575,276.62,2026-07-02 12:00:00+00:00,2026-07-02 13:00:00+00:00,3.14,4.38,5.03,1013.71,67.03,22.77,8.56,294.64
3086,7456,50.11677,19.965575,276.62,2026-07-02 13:00:00+00:00,2026-07-02 14:00:00+00:00,2.65,3.74,4.2,1013.02,61.9,26.6,6.2,178.9
3087,7456,50.11677,19.965575,276.62,2026-07-02 14:00:00+00:00,2026-07-02 15:00:00+00:00,2.96,4.11,4.68,1012.65,61.1,23.84,8.31,315.8
3088,7456,50.11677,19.965575,276.62,2026-07-02 15:00:00+00:00,2026-07-02 16:00:00+00:00,3.16,4.36,5.05,1012.35,60.91,24.24,7.1,326.11
3089,7456,50.11677,19.965575,276.62,2026-07-02 16:00:00+00:00,2026-07-02 17:00:00+00:00,3.15,4.2,4.78,1012.09,61.83,24.08,4.43,325.7
3090,7456,50.11677,19.965575,276.62,2026-07-02 17:00:00+00:00,2026-07-02 18:00:00+00:00,3.04,4.08,4.56,1012.04,64.63,23.63,2.14,297.97
3091,7456,50.11677,19.965575,276.62,2026-07-02 18:00:00+00:00,2026-07-02 19:00:00+00:00,3.85,5.27,6.15,1012.03,68.38,22.71,3.29,235.16
3092,7456,50.11677,19.965575,276.62,2026-07-02 19:00:00+00:00,2026-07-02 20:00:00+00:00,4.32,5.76,6.62,1012.53,72.0,20.87,3.76,229.51
3093,7456,50.11677,19.965575,276.62,2026-07-02 20:00:00+00:00,2026-07-02 21:00:00+00:00,4.45,5.93,6.7,1012.64,74.75,19.37,4.45,238.93
3094,7456,50.11677,19.965575,276.62,2026-07-02 21:00:00+00:00,2026-07-02 22:00:00+00:00,5.16,6.81,7.8,1012.62,76.25,18.15,4.91,233.43
3095,7456,50.11677,19.965575,276.62,2026-07-02 22:00:00+00:00,2026-07-02 23:00:00+00:00,5.43,7.2,8.24,1012.56,77.63,17.27,5.75,231.19
3096,36605,50.118583,19.926746,235.49,2026-07-01 23:00:00+00:00,2026-07-02 00:00:00+00:00,6.51,9.91,11.46,1013.28,89.38,19.44,11.16,285.87
3097,36605,50.118583,19.926746,235.49,2026-07-02 00:00:00+00:00,2026-07-02 01:00:00+00:00,10.52,17.34,20.41,1013.79,90.13,19.02,11.73,288.0
3098,36605,50.118583,19.926746,235.49,2026-07-02 01:00:00+00:00,2026-07-02 02:00:00+00:00,9.43,15.61,18.19,1013.96,90.88,18.55,12.28,298.09
3099,36605,50.118583,19.926746,235.49,2026-07-02 02:00:00+00:00,2026-07-02 03:00:00+00:00,7.13,11.36,13.1,1014.39,91.63,17.74,12.18,295.85
3100,36605,50.118583,19.926746,235.49,2026-07-02 03:00:00+00:00,2026-07-02 04:00:00+00:00,7.24,11.65,13.35,1014.72,91.75,17.02,11.99,293.34
3101,36605,50.118583,19.926746,235.49,2026-07-02 04:00:00+00:00,2026-07-02 05:00:00+00:00,8.37,13.78,15.71,1015.11,91.13,16.71,12.38,297.2
3102,36605,50.118583,19.926746,235.49,2026-07-02 05:00:00+00:00,2026-07-02 06:00:00+00:00,7.46,12.39,14.25,1015.62,90.38,16.57,13.11,297.16
3103,36605,50.118583,19.926746,235.49,2026-07-02 06:00:00+00:00,2026-07-02 07:00:00+00:00,8.97,14.79,17.14,1016.05,89.0,16.55,13.79,300.36
3104,36605,50.118583,19.926746,235.49,2026-07-02 07:00:00+00:00,2026-07-02 08:00:00+00:00,7.58,11.65,13.26,1016.35,86.25,16.87,13.41,301.83
3105,36605,50.118583,19.926746,235.49,2026-07-02 08:00:00+00:00,2026-07-02 09:00:00+00:00,2.65,3.83,4.4,1016.9,82.63,17.34,12.32,303.64
3106,36605,50.118583,19.926746,235.49,2026-07-02 09:00:00+00:00,2026-07-02 10:00:00+00:00,4.27,6.14,7.05,1017.12,77.63,18.54,11.56,300.7
3107,36605,50.118583,19.926746,235.49,2026-07-02 10:00:00+00:00,2026-07-02 11:00:00+00:00,5.3,7.49,8.72,1016.98,73.63,19.93,11.37,299.17
3108,36605,50.118583,19.926746,235.49,2026-07-02 11:00:00+00:00,2026-07-02 12:00:00+00:00,5.57,7.18,8.17,1016.5,70.5,21.49,10.84,297.35
3109,36605,50.118583,19.926746,235.49,2026-07-02 12:00:00+00:00,2026-07-02 13:00:00+00:00,2.95,3.91,4.46,1015.81,65.93,22.66,9.74,298.63
3110,36605,50.118583,19.926746,235.49,2026-07-02 13:00:00+00:00,2026-07-02 14:00:00+00:00,2.68,3.63,4.21,1015.09,60.54,23.69,8.61,304.71
3111,36605,50.118583,19.926746,235.49,2026-07-02 14:00:00+00:00,2026-07-02 15:00:00+00:00,3.3,4.43,5.11,1014.65,57.91,24.42,7.91,315.88
3112,36605,50.118583,19.926746,235.49,2026-07-02 15:00:00+00:00,2026-07-02 16:00:00+00:00,3.47,4.45,5.15,1014.35,58.3,24.66,6.84,321.67
3113,36605,50.118583,19.926746,235.49,2026-07-02 16:00:00+00:00,2026-07-02 17:00:00+00:00,3.2,4.16,4.83,1014.11,58.67,24.46,4.69,323.56
3114,36605,50.118583,19.926746,235.49,2026-07-02 17:00:00+00:00,2026-07-02 18:00:00+00:00,3.05,4.03,4.66,1014.09,61.46,23.73,3.1,294.22
3115,36605,50.118583,19.926746,235.49,2026-07-02 18:00:00+00:00,2026-07-02 19:00:00+00:00,4.48,5.86,6.8,1014.15,67.56,22.1,3.07,247.62
3116,36605,50.118583,19.926746,235.49,2026-07-02 19:00:00+00:00,2026-07-02 20:00:00+00:00,3.89,4.97,5.77,1014.7,71.56,20.03,3.74,233.57
3117,36605,50.118583,19.926746,235.49,2026-07-02 20:00:00+00:00,2026-07-02 21:00:00+00:00,4.75,6.16,7.17,1014.87,74.38,18.38,4.23,238.14
3118,36605,50.118583,19.926746,235.49,2026-07-02 21:00:00+00:00,2026-07-02 22:00:00+00:00,5.01,6.66,7.6,1014.93,75.88,17.06,4.76,235.15
3119,36605,50.118583,19.926746,235.49,2026-07-02 22:00:00+00:00,2026-07-02 23:00:00+00:00,5.42,7.2,8.33,1014.87,77.31,16.08,5.53,232.43
3120,36480,49.981311,19.877832,255.63,2026-07-01 23:00:00+00:00,2026-07-02 00:00:00+00:00,,,,,,,,
3121,36480,49.981311,19.877832,255.63,2026-07-02 00:00:00+00:00,2026-07-02 01:00:00+00:00,,,,,,,,
3122,36480,49.981311,19.877832,255.63,2026-07-02 01:00:00+00:00,2026-07-02 02:00:00+00:00,,,,,,,,
3123,36480,49.981311,19.877832,255.63,2026-07-02 02:00:00+00:00,2026-07-02 03:00:00+00:00,,,,,,,,
3124,36480,49.981311,19.877832,255.63,2026-07-02 03:00:00+00:00,2026-07-02 04:00:00+00:00,,,,,,,,
3125,36480,49.981311,19.877832,255.63,2026-07-02 04:00:00+00:00,2026-07-02 05:00:00+00:00,,,,,,,,
3126,36480,49.981311,19.877832,255.63,2026-07-02 05:00:00+00:00,2026-07-02 06:00:00+00:00,,,,,,,,
3127,36480,49.981311,19.877832,255.63,2026-07-02 06:00:00+00:00,2026-07-02 07:00:00+00:00,,,,,,,,
3128,36480,49.981311,19.877832,255.63,2026-07-02 07:00:00+00:00,2026-07-02 08:00:00+00:00,,,,,,,,
3129,36480,49.981311,19.877832,255.63,2026-07-02 08:00:00+00:00,2026-07-02 09:00:00+00:00,,,,,,,,
3130,36480,49.981311,19.877832,255.63,2026-07-02 09:00:00+00:00,2026-07-02 10:00:00+00:00,,,,,,,,
3131,36480,49.981311,19.877832,255.63,2026-07-02 10:00:00+00:00,2026-07-02 11:00:00+00:00,,,,,,,,
3132,36480,49.981311,19.877832,255.63,2026-07-02 11:00:00+00:00,2026-07-02 12:00:00+00:00,,,,,,,,
3133,36480,49.981311,19.877832,255.63,2026-07-02 12:00:00+00:00,2026-07-02 13:00:00+00:00,,,,,,,,
3134,36480,49.981311,19.877832,255.63,2026-07-02 13:00:00+00:00,2026-07-02 14:00:00+00:00,,,,,,,,
3135,36480,49.981311,19.877832,255.63,2026-07-02 14:00:00+00:00,2026-07-02 15:00:00+00:00,,,,,,,,
3136,36480,49.981311,19.877832,255.63,2026-07-02 15:00:00+00:00,2026-07-02 16:00:00+00:00,,,,,,,,
3137,36480,49.981311,19.877832,255.63,2026-07-02 16:00:00+00:00,2026-07-02 17:00:00+00:00,,,,,,,,
3138,36480,49.981311,19.877832,255.63,2026-07-02 17:00:00+00:00,2026-07-02 18:00:00+00:00,,,,,,,,
3139,36480,49.981311,19.877832,255.63,2026-07-02 18:00:00+00:00,2026-07-02 19:00:00+00:00,,,,,,,,
3140,36480,49.981311,19.877832,255.63,2026-07-02 19:00:00+00:00,2026-07-02 20:00:00+00:00,,,,,,,,
3141,36480,49.981311,19.877832,255.63,2026-07-02 20:00:00+00:00,2026-07-02 21:00:00+00:00,,,,,,,,
3142,36480,49.981311,19.877832,255.63,2026-07-02 21:00:00+00:00,2026-07-02 22:00:00+00:00,,,,,,,,
3143,36480,49.981311,19.877832,255.63,2026-07-02 22:00:00+00:00,2026-07-02 23:00:00+00:00,,,,,,,,
3144,6070,50.118809,20.009399,270.61,2026-07-01 23:00:00+00:00,2026-07-02 00:00:00+00:00,8.6,12.79,14.85,1015.53,89.25,19.4,11.42,285.37
3145,6070,50.118809,20.009399,270.61,2026-07-02 00:00:00+00:00,2026-07-02 01:00:00+00:00,11.53,18.19,22.33,1015.94,90.5,19.15,11.89,290.72
3146,6070,50.118809,20.009399,270.61,2026-07-02 01:00:00+00:00,2026-07-02 02:00:00+00:00,11.09,17.52,21.23,1016.27,91.0,18.74,12.14,296.66
3147,6070,50.118809,20.009399,270.61,2026-07-02 02:00:00+00:00,2026-07-02 03:00:00+00:00,8.42,13.13,15.54,1016.63,91.0,18.01,11.95,296.03
3148,6070,50.118809,20.009399,270.61,2026-07-02 03:00:00+00:00,2026-07-02 04:00:00+00:00,8.62,13.39,15.95,1016.85,91.0,16.98,11.89,293.36
3149,6070,50.118809,20.009399,270.61,2026-07-02 04:00:00+00:00,2026-07-02 05:00:00+00:00,8.6,13.58,16.46,1017.23,90.75,16.65,12.45,297.4
3150,6070,50.118809,20.009399,270.61,2026-07-02 05:00:00+00:00,2026-07-02 06:00:00+00:00,6.54,9.92,11.78,1017.67,90.25,16.63,13.32,299.66
3151,6070,50.118809,20.009399,270.61,2026-07-02 06:00:00+00:00,2026-07-02 07:00:00+00:00,9.52,15.0,18.27,1018.09,89.25,16.56,13.74,300.0
3152,6070,50.118809,20.009399,270.61,2026-07-02 07:00:00+00:00,2026-07-02 08:00:00+00:00,10.29,15.64,18.33,1018.44,86.25,16.81,13.52,301.68
3153,6070,50.118809,20.009399,270.61,2026-07-02 08:00:00+00:00,2026-07-02 09:00:00+00:00,5.47,7.82,9.0,1018.9,82.42,17.27,12.73,301.31
3154,6070,50.118809,20.009399,270.61,2026-07-02 09:00:00+00:00,2026-07-02 10:00:00+00:00,4.73,6.56,7.49,1019.27,78.22,18.19,11.88,301.51
3155,6070,50.118809,20.009399,270.61,2026-07-02 10:00:00+00:00,2026-07-02 11:00:00+00:00,6.2,8.51,9.71,1019.2,73.73,19.64,11.46,299.0
3156,6070,50.118809,20.009399,270.61,2026-07-02 11:00:00+00:00,2026-07-02 12:00:00+00:00,6.94,9.34,10.65,1018.87,68.94,21.0,10.95,299.52
3157,6070,50.118809,20.009399,270.61,2026-07-02 12:00:00+00:00,2026-07-02 13:00:00+00:00,3.81,4.9,5.57,1018.26,62.25,22.63,9.92,298.83
3158,6070,50.118809,20.009399,270.61,2026-07-02 13:00:00+00:00,2026-07-02 14:00:00+00:00,3.16,4.11,4.68,1017.59,56.46,27.43,7.44,174.28
3159,6070,50.118809,20.009399,270.61,2026-07-02 14:00:00+00:00,2026-07-02 15:00:00+00:00,3.74,4.81,5.43,1017.21,54.25,24.46,8.4,314.89
3160,6070,50.118809,20.009399,270.61,2026-07-02 15:00:00+00:00,2026-07-02 16:00:00+00:00,4.25,5.48,6.16,1016.9,53.62,24.32,7.33,326.06
3161,6070,50.118809,20.009399,270.61,2026-07-02 16:00:00+00:00,2026-07-02 17:00:00+00:00,4.2,5.3,5.97,1016.68,55.18,24.46,4.65,326.38
3162,6070,50.118809,20.009399,270.61,2026-07-02 17:00:00+00:00,2026-07-02 18:00:00+00:00,4.19,5.2,5.85,1016.6,57.59,23.79,2.22,305.28
3163,6070,50.118809,20.009399,270.61,2026-07-02 18:00:00+00:00,2026-07-02 19:00:00+00:00,4.15,5.1,5.76,1016.58,61.41,22.5,3.26,236.07
3164,6070,50.118809,20.009399,270.61,2026-07-02 19:00:00+00:00,2026-07-02 20:00:00+00:00,4.82,5.83,6.63,1017.04,65.7,20.67,3.7,228.27
3165,6070,50.118809,20.009399,270.61,2026-07-02 20:00:00+00:00,2026-07-02 21:00:00+00:00,7.07,8.98,10.26,1017.05,69.68,19.17,4.42,239.46
3166,6070,50.118809,20.009399,270.61,2026-07-02 21:00:00+00:00,2026-07-02 22:00:00+00:00,7.39,9.38,10.69,1017.05,72.37,17.91,4.85,233.71
3167,6070,50.118809,20.009399,270.61,2026-07-02 22:00:00+00:00,2026-07-02 23:00:00+00:00,6.88,8.73,10.03,1016.98,74.74,17.02,5.66,231.1
3168,90353,50.094727,19.770384,289.81,2026-07-01 23:00:00+00:00,2026-07-02 00:00:00+00:00,8.2,13.02,15.17,1014.11,89.63,19.35,10.99,282.93
3169,90353,50.094727,19.770384,289.81,2026-07-02 00:00:00+00:00,2026-07-02 01:00:00+00:00,9.53,15.28,17.86,1014.66,90.25,19.07,11.36,289.94
3170,90353,50.094727,19.770384,289.81,2026-07-02 01:00:00+00:00,2026-07-02 02:00:00+00:00,7.32,11.8,13.81,1014.94,90.69,18.5,11.61,294.35
3171,90353,50.094727,19.770384,289.81,2026-07-02 02:00:00+00:00,2026-07-02 03:00:00+00:00,6.22,9.98,11.73,1015.43,91.38,17.66,11.64,292.02
3172,90353,50.094727,19.770384,289.81,2026-07-02 03:00:00+00:00,2026-07-02 04:00:00+00:00,6.38,10.02,11.72,1015.74,91.75,17.0,11.76,290.54
3173,90353,50.094727,19.770384,289.81,2026-07-02 04:00:00+00:00,2026-07-02 05:00:00+00:00,7.06,11.06,12.84,1016.05,91.38,16.75,12.2,295.04
3174,90353,50.094727,19.770384,289.81,2026-07-02 05:00:00+00:00,2026-07-02 06:00:00+00:00,6.83,10.8,12.47,1016.46,90.63,16.64,12.71,296.49
3175,90353,50.094727,19.770384,289.81,2026-07-02 06:00:00+00:00,2026-07-02 07:00:00+00:00,8.39,13.26,15.38,1017.01,89.5,16.76,12.91,297.49
3176,90353,50.094727,19.770384,289.81,2026-07-02 07:00:00+00:00,2026-07-02 08:00:00+00:00,4.99,7.36,8.4,1017.51,86.88,16.89,12.54,299.97
3177,90353,50.094727,19.770384,289.81,2026-07-02 08:00:00+00:00,2026-07-02 09:00:00+00:00,3.66,5.18,6.01,1017.84,82.75,17.52,11.86,301.0
3178,90353,50.094727,19.770384,289.81,2026-07-02 09:00:00+00:00,2026-07-02 10:00:00+00:00,5.88,8.47,9.71,1017.94,78.25,18.62,11.14,299.55
3179,90353,50.094727,19.770384,289.81,2026-07-02 10:00:00+00:00,2026-07-02 11:00:00+00:00,5.26,7.29,8.31,1017.83,74.5,19.98,10.6,294.56
3180,90353,50.094727,19.770384,289.81,2026-07-02 11:00:00+00:00,2026-07-02 12:00:00+00:00,3.9,5.32,6.12,1017.44,71.88,21.65,9.85,291.0
3181,90353,50.094727,19.770384,289.81,2026-07-02 12:00:00+00:00,2026-07-02 13:00:00+00:00,3.19,4.4,5.01,1016.82,69.19,24.66,6.09,281.75
3182,90353,50.094727,19.770384,289.81,2026-07-02 13:00:00+00:00,2026-07-02 14:00:00+00:00,2.63,3.56,4.02,1016.07,65.13,27.65,3.88,286.97
3183,90353,50.094727,19.770384,289.81,2026-07-02 14:00:00+00:00,2026-07-02 15:00:00+00:00,3.12,4.11,4.66,1015.64,61.56,26.3,7.53,315.87
3184,90353,50.094727,19.770384,289.81,2026-07-02 15:00:00+00:00,2026-07-02 16:00:00+00:00,2.95,3.85,4.39,1015.28,60.56,25.99,6.45,327.37
3185,90353,50.094727,19.770384,289.81,2026-07-02 16:00:00+00:00,2026-07-02 17:00:00+00:00,2.83,3.63,4.1,1015.08,61.94,24.88,4.59,329.88
3186,90353,50.094727,19.770384,289.81,2026-07-02 17:00:00+00:00,2026-07-02 18:00:00+00:00,3.01,3.89,4.37,1015.07,65.44,23.76,3.25,305.25
3187,90353,50.094727,19.770384,289.81,2026-07-02 18:00:00+00:00,2026-07-02 19:00:00+00:00,3.35,4.37,4.97,1015.17,69.75,21.92,2.89,268.27
3188,90353,50.094727,19.770384,289.81,2026-07-02 19:00:00+00:00,2026-07-02 20:00:00+00:00,4.02,5.24,5.97,1015.66,72.13,19.86,3.48,254.36
3189,90353,50.094727,19.770384,289.81,2026-07-02 20:00:00+00:00,2026-07-02 21:00:00+00:00,4.4,5.77,6.54,1015.82,74.25,18.26,3.97,251.92
3190,90353,50.094727,19.770384,289.81,2026-07-02 21:00:00+00:00,2026-07-02 22:00:00+00:00,4.6,6.08,6.92,1015.8,76.63,17.01,4.35,241.8
3191,90353,50.094727,19.770384,289.81,2026-07-02 22:00:00+00:00,2026-07-02 23:00:00+00:00,4.39,5.78,6.58,1015.75,78.13,16.04,5.07,235.3
3192,86896,50.085346,20.007551,222.43,2026-07-01 23:00:00+00:00,2026-07-02 00:00:00+00:00,7.68,11.83,13.69,1013.26,76.84,19.69,11.42,285.37
3193,86896,50.085346,20.007551,222.43,2026-07-02 00:00:00+00:00,2026-07-02 01:00:00+00:00,10.1,16.23,19.37,1013.67,72.05,19.31,11.89,290.72
3194,86896,50.085346,20.007551,222.43,2026-07-02 01:00:00+00:00,2026-07-02 02:00:00+00:00,11.12,18.44,22.42,1013.78,80.34,18.93,12.14,296.66
3195,86896,50.085346,20.007551,222.43,2026-07-02 02:00:00+00:00,2026-07-02 03:00:00+00:00,8.23,13.58,16.09,1014.14,80.89,18.39,11.95,296.03
3196,86896,50.085346,20.007551,222.43,2026-07-02 03:00:00+00:00,2026-07-02 04:00:00+00:00,7.6,12.46,14.72,1014.52,78.94,17.47,11.89,293.36
3197,86896,50.085346,20.007551,222.43,2026-07-02 04:00:00+00:00,2026-07-02 05:00:00+00:00,9.45,15.89,18.64,1014.96,74.76,16.99,12.45,297.4
3198,86896,50.085346,20.007551,222.43,2026-07-02 05:00:00+00:00,2026-07-02 06:00:00+00:00,8.83,14.62,17.01,1015.25,74.95,17.13,13.32,299.66
3199,86896,50.085346,20.007551,222.43,2026-07-02 06:00:00+00:00,2026-07-02 07:00:00+00:00,8.23,13.77,16.17,1015.85,76.26,16.97,13.74,300.0
3200,86896,50.085346,20.007551,222.43,2026-07-02 07:00:00+00:00,2026-07-02 08:00:00+00:00,10.7,17.12,20.27,1016.14,73.53,17.11,13.52,301.68
3201,86896,50.085346,20.007551,222.43,2026-07-02 08:00:00+00:00,2026-07-02 09:00:00+00:00,5.47,8.08,9.49,1016.57,70.64,17.79,12.73,301.31
3202,86896,50.085346,20.007551,222.43,2026-07-02 09:00:00+00:00,2026-07-02 10:00:00+00:00,4.09,5.89,6.91,1017.11,62.39,18.26,11.91,301.76
3203,86896,50.085346,20.007551,222.43,2026-07-02 10:00:00+00:00,2026-07-02 11:00:00+00:00,6.36,9.27,10.93,1017.03,63.65,19.36,11.52,299.0
3204,86896,50.085346,20.007551,222.43,2026-07-02 11:00:00+00:00,2026-07-02 12:00:00+00:00,7.39,10.36,12.01,1016.58,58.31,20.57,10.92,299.26
3205,86896,50.085346,20.007551,222.43,2026-07-02 12:00:00+00:00,2026-07-02 13:00:00+00:00,4.08,5.62,6.46,1015.83,48.04,22.52,9.92,298.83
3206,86896,50.085346,20.007551,222.43,2026-07-02 13:00:00+00:00,2026-07-02 14:00:00+00:00,3.58,4.83,5.61,1015.08,42.51,27.12,7.44,174.28
3207,86896,50.085346,20.007551,222.43,2026-07-02 14:00:00+00:00,2026-07-02 15:00:00+00:00,3.74,5.12,5.94,1014.64,49.7,23.85,8.4,314.89
3208,86896,50.085346,20.007551,222.43,2026-07-02 15:00:00+00:00,2026-07-02 16:00:00+00:00,4.28,5.89,6.76,1014.36,40.12,23.89,7.33,326.06
3209,86896,50.085346,20.007551,222.43,2026-07-02 16:00:00+00:00,2026-07-02 17:00:00+00:00,4.24,5.84,6.8,1014.06,37.23,23.76,4.65,326.38
3210,86896,50.085346,20.007551,222.43,2026-07-02 17:00:00+00:00,2026-07-02 18:00:00+00:00,4.24,5.64,6.55,1014.03,39.61,23.26,2.22,305.28
3211,86896,50.085346,20.007551,222.43,2026-07-02 18:00:00+00:00,2026-07-02 19:00:00+00:00,4.14,5.54,6.46,1013.99,43.37,22.22,3.26,236.07
3212,86896,50.085346,20.007551,222.43,2026-07-02 19:00:00+00:00,2026-07-02 20:00:00+00:00,4.95,6.62,7.73,1014.49,47.06,20.53,3.7,228.27
3213,86896,50.085346,20.007551,222.43,2026-07-02 20:00:00+00:00,2026-07-02 21:00:00+00:00,5.96,8.0,9.56,1014.65,49.94,19.27,4.42,239.46
3214,86896,50.085346,20.007551,222.43,2026-07-02 21:00:00+00:00,2026-07-02 22:00:00+00:00,6.47,8.66,10.1,1014.68,64.86,18.23,4.85,233.71
3215,86896,50.085346,20.007551,222.43,2026-07-02 22:00:00+00:00,2026-07-02 23:00:00+00:00,7.08,9.42,10.98,1014.65,65.23,17.3,5.66,231.1
3216,36477,50.093582,19.808323,219.85,2026-07-01 23:00:00+00:00,2026-07-02 00:00:00+00:00,7.54,11.62,14.19,1012.6,64.9,19.28,10.99,282.93
3217,36477,50.093582,19.808323,219.85,2026-07-02 00:00:00+00:00,2026-07-02 01:00:00+00:00,10.8,17.17,21.47,1013.13,67.85,19.0,11.36,289.94
3218,36477,50.093582,19.808323,219.85,2026-07-02 01:00:00+00:00,2026-07-02 02:00:00+00:00,8.55,13.57,16.54,1013.36,90.69,18.51,11.61,294.35
3219,36477,50.093582,19.808323,219.85,2026-07-02 02:00:00+00:00,2026-07-02 03:00:00+00:00,5.57,8.7,10.68,1013.83,74.49,17.5,11.63,291.35
3220,36477,50.093582,19.808323,219.85,2026-07-02 03:00:00+00:00,2026-07-02 04:00:00+00:00,6.78,10.87,13.16,1014.19,67.04,16.8,11.76,290.54
3221,36477,50.093582,19.808323,219.85,2026-07-02 04:00:00+00:00,2026-07-02 05:00:00+00:00,8.32,13.6,16.75,1014.53,66.67,16.56,12.2,295.04
3222,36477,50.093582,19.808323,219.85,2026-07-02 05:00:00+00:00,2026-07-02 06:00:00+00:00,7.28,11.16,13.71,1015.0,65.92,16.53,12.71,296.49
3223,36477,50.093582,19.808323,219.85,2026-07-02 06:00:00+00:00,2026-07-02 07:00:00+00:00,9.51,15.07,18.21,1015.52,64.79,16.6,12.91,297.49
3224,36477,50.093582,19.808323,219.85,2026-07-02 07:00:00+00:00,2026-07-02 08:00:00+00:00,5.15,7.86,9.47,1015.99,75.91,16.62,12.54,299.97
3225,36477,50.093582,19.808323,219.85,2026-07-02 08:00:00+00:00,2026-07-02 09:00:00+00:00,3.1,4.53,5.44,1016.4,68.32,17.34,11.86,301.0
3226,36477,50.093582,19.808323,219.85,2026-07-02 09:00:00+00:00,2026-07-02 10:00:00+00:00,4.95,7.09,8.5,1016.43,78.25,18.9,11.14,299.55
3227,36477,50.093582,19.808323,219.85,2026-07-02 10:00:00+00:00,2026-07-02 11:00:00+00:00,6.27,8.89,10.77,1016.34,70.55,20.35,10.6,294.56
3228,36477,50.093582,19.808323,219.85,2026-07-02 11:00:00+00:00,2026-07-02 12:00:00+00:00,3.72,5.12,6.12,1015.91,60.79,22.12,9.85,291.0
3229,36477,50.093582,19.808323,219.85,2026-07-02 12:00:00+00:00,2026-07-02 13:00:00+00:00,2.91,3.93,4.6,1015.21,68.88,26.33,5.49,278.65
3230,36477,50.093582,19.808323,219.85,2026-07-02 13:00:00+00:00,2026-07-02 14:00:00+00:00,2.63,3.55,4.26,1014.44,64.22,28.83,3.88,286.97
3231,36477,50.093582,19.808323,219.85,2026-07-02 14:00:00+00:00,2026-07-02 15:00:00+00:00,3.26,4.22,5.04,1013.99,61.16,26.98,7.53,315.87
3232,36477,50.093582,19.808323,219.85,2026-07-02 15:00:00+00:00,2026-07-02 16:00:00+00:00,3.06,3.94,4.7,1013.61,60.56,27.53,6.45,327.37
3233,36477,50.093582,19.808323,219.85,2026-07-02 16:00:00+00:00,2026-07-02 17:00:00+00:00,2.75,3.53,4.15,1013.34,61.94,28.17,4.59,329.88
3234,36477,50.093582,19.808323,219.85,2026-07-02 17:00:00+00:00,2026-07-02 18:00:00+00:00,3.02,3.96,4.74,1013.29,65.44,24.73,3.25,305.25
3235,36477,50.093582,19.808323,219.85,2026-07-02 18:00:00+00:00,2026-07-02 19:00:00+00:00,3.9,5.01,5.96,1013.4,69.75,21.95,2.89,268.27
3236,36477,50.093582,19.808323,219.85,2026-07-02 19:00:00+00:00,2026-07-02 20:00:00+00:00,3.86,5.05,5.96,1013.96,56.18,19.83,3.48,254.36
3237,36477,50.093582,19.808323,219.85,2026-07-02 20:00:00+00:00,2026-07-02 21:00:00+00:00,4.13,5.39,6.46,1014.16,63.58,18.2,3.97,251.92
3238,36477,50.093582,19.808323,219.85,2026-07-02 21:00:00+00:00,2026-07-02 22:00:00+00:00,4.65,6.19,7.34,1014.23,76.63,16.86,4.35,241.8
3239,36477,50.093582,19.808323,219.85,2026-07-02 22:00:00+00:00,2026-07-02 23:00:00+00:00,5.0,6.59,7.91,1014.21,78.13,15.84,5.07,235.3
3240,335,50.160854,19.99761,249.72,2026-07-01 23:00:00+00:00,2026-07-02 00:00:00+00:00,10.24,14.4,17.97,1013.4,64.5,19.02,11.31,285.12
3241,335,50.160854,19.99761,249.72,2026-07-02 00:00:00+00:00,2026-07-02 01:00:00+00:00,12.48,18.77,25.05,1013.58,65.23,18.73,11.86,291.48
3242,335,50.160854,19.99761,249.72,2026-07-02 01:00:00+00:00,2026-07-02 02:00:00+00:00,11.65,17.94,23.81,1013.93,65.53,18.18,12.08,299.21
3243,335,50.160854,19.99761,249.72,2026-07-02 02:00:00+00:00,2026-07-02 03:00:00+00:00,9.94,14.97,19.31,1014.57,65.73,17.48,11.99,299.99
3244,335,50.160854,19.99761,249.72,2026-07-02 03:00:00+00:00,2026-07-02 04:00:00+00:00,9.81,14.61,18.71,1014.86,66.27,16.65,11.93,293.42
3245,335,50.160854,19.99761,249.72,2026-07-02 04:00:00+00:00,2026-07-02 05:00:00+00:00,9.04,13.28,17.1,1015.22,66.08,16.45,12.58,297.84
3246,335,50.160854,19.99761,249.72,2026-07-02 05:00:00+00:00,2026-07-02 06:00:00+00:00,7.36,10.45,13.3,1015.67,65.34,16.25,13.61,300.79
3247,335,50.160854,19.99761,249.72,2026-07-02 06:00:00+00:00,2026-07-02 07:00:00+00:00,11.13,17.25,23.09,1015.8,64.61,16.45,14.55,302.76
3248,335,50.160854,19.99761,249.72,2026-07-02 07:00:00+00:00,2026-07-02 08:00:00+00:00,10.66,15.54,19.56,1016.16,63.06,16.6,14.2,302.0
3249,335,50.160854,19.99761,249.72,2026-07-02 08:00:00+00:00,2026-07-02 09:00:00+00:00,5.6,7.37,9.04,1016.8,58.32,17.01,12.88,302.0
3250,335,50.160854,19.99761,249.72,2026-07-02 09:00:00+00:00,2026-07-02 10:00:00+00:00,5.56,6.97,8.51,1016.95,52.89,18.54,11.86,301.36
3251,335,50.160854,19.99761,249.72,2026-07-02 10:00:00+00:00,2026-07-02 11:00:00+00:00,5.76,7.34,8.99,1016.7,49.81,19.93,11.59,298.81
3252,335,50.160854,19.99761,249.72,2026-07-02 11:00:00+00:00,2026-07-02 12:00:00+00:00,4.84,5.99,7.28,1015.99,46.13,21.85,10.95,297.81
3253,335,50.160854,19.99761,249.72,2026-07-02 12:00:00+00:00,2026-07-02 13:00:00+00:00,3.4,4.15,5.02,1015.11,42.64,23.68,10.05,298.0
3254,335,50.160854,19.99761,249.72,2026-07-02 13:00:00+00:00,2026-07-02 14:00:00+00:00,3.01,3.66,4.34,1014.13,39.9,25.73,9.37,304.64
3255,335,50.160854,19.99761,249.72,2026-07-02 14:00:00+00:00,2026-07-02 15:00:00+00:00,3.53,4.11,4.81,1013.59,38.07,27.16,9.43,313.87
3256,335,50.160854,19.99761,249.72,2026-07-02 15:00:00+00:00,2026-07-02 16:00:00+00:00,3.67,4.39,5.21,1013.55,37.95,26.17,8.01,320.1
3257,335,50.160854,19.99761,249.72,2026-07-02 16:00:00+00:00,2026-07-02 17:00:00+00:00,3.76,4.31,5.04,1013.18,38.09,26.72,5.58,323.13
3258,335,50.160854,19.99761,249.72,2026-07-02 17:00:00+00:00,2026-07-02 18:00:00+00:00,3.63,4.24,5.04,1013.4,39.05,25.28,3.39,341.65
3259,335,50.160854,19.99761,249.72,2026-07-02 18:00:00+00:00,2026-07-02 19:00:00+00:00,4.35,5.08,6.11,1013.82,42.6,22.64,3.66,227.12
3260,335,50.160854,19.99761,249.72,2026-07-02 19:00:00+00:00,2026-07-02 20:00:00+00:00,7.98,9.86,12.19,1014.64,46.95,19.96,3.84,229.69
3261,335,50.160854,19.99761,249.72,2026-07-02 20:00:00+00:00,2026-07-02 21:00:00+00:00,8.67,10.82,13.53,1014.9,49.82,18.28,4.59,238.66
3262,335,50.160854,19.99761,249.72,2026-07-02 21:00:00+00:00,2026-07-02 22:00:00+00:00,7.94,9.78,11.84,1014.99,51.28,17.06,5.64,231.98
3263,335,50.160854,19.99761,249.72,2026-07-02 22:00:00+00:00,2026-07-02 23:00:00+00:00,7.66,9.22,11.0,1015.0,52.77,15.99,5.74,230.98
3264,12010,50.174945,19.877311,330.64,2026-07-01 23:00:00+00:00,2026-07-02 00:00:00+00:00,8.76,10.78,12.61,1014.27,89.05,18.62,10.94,285.51
3265,12010,50.174945,19.877311,330.64,2026-07-02 00:00:00+00:00,2026-07-02 01:00:00+00:00,14.02,17.28,20.76,1014.82,89.9,18.17,11.7,290.53
3266,12010,50.174945,19.877311,330.64,2026-07-02 01:00:00+00:00,2026-07-02 02:00:00+00:00,4.33,5.68,6.75,1015.1,90.62,17.58,12.25,297.77
3267,12010,50.174945,19.877311,330.64,2026-07-02 02:00:00+00:00,2026-07-02 03:00:00+00:00,2.79,4.31,5.34,1015.62,91.32,16.62,11.74,292.57
3268,12010,50.174945,19.877311,330.64,2026-07-02 03:00:00+00:00,2026-07-02 04:00:00+00:00,3.89,6.21,7.85,1015.88,91.57,16.25,11.56,289.38
3269,12010,50.174945,19.877311,330.64,2026-07-02 04:00:00+00:00,2026-07-02 05:00:00+00:00,2.27,3.7,4.63,1016.23,90.87,15.9,12.15,296.18
3270,12010,50.174945,19.877311,330.64,2026-07-02 05:00:00+00:00,2026-07-02 06:00:00+00:00,2.26,3.43,4.24,1016.68,89.83,15.75,12.91,297.53
3271,12010,50.174945,19.877311,330.64,2026-07-02 06:00:00+00:00,2026-07-02 07:00:00+00:00,2.77,4.15,5.12,1017.09,89.12,15.83,13.69,300.33
3272,12010,50.174945,19.877311,330.64,2026-07-02 07:00:00+00:00,2026-07-02 08:00:00+00:00,2.0,2.92,3.55,1017.5,86.36,16.0,13.38,301.85
3273,12010,50.174945,19.877311,330.64,2026-07-02 08:00:00+00:00,2026-07-02 09:00:00+00:00,0.36,0.6,0.8,1017.94,81.92,16.61,11.88,301.0
3274,12010,50.174945,19.877311,330.64,2026-07-02 09:00:00+00:00,2026-07-02 10:00:00+00:00,1.6,1.89,2.13,1018.1,77.19,18.51,11.15,300.75
3275,12010,50.174945,19.877311,330.64,2026-07-02 10:00:00+00:00,2026-07-02 11:00:00+00:00,0.69,0.95,1.14,1017.95,73.75,19.8,11.19,298.0
3276,12010,50.174945,19.877311,330.64,2026-07-02 11:00:00+00:00,2026-07-02 12:00:00+00:00,1.56,1.91,2.32,1017.6,71.88,20.39,10.26,294.81
3277,12010,50.174945,19.877311,330.64,2026-07-02 12:00:00+00:00,2026-07-02 13:00:00+00:00,0.59,0.84,1.04,1016.94,67.95,23.04,5.6,278.54
3278,12010,50.174945,19.877311,330.64,2026-07-02 13:00:00+00:00,2026-07-02 14:00:00+00:00,8.63,9.63,10.91,1016.29,64.53,24.4,3.91,286.24
3279,12010,50.174945,19.877311,330.64,2026-07-02 14:00:00+00:00,2026-07-02 15:00:00+00:00,2.78,3.19,3.67,1015.91,61.44,23.61,7.71,313.98
3280,12010,50.174945,19.877311,330.64,2026-07-02 15:00:00+00:00,2026-07-02 16:00:00+00:00,4.29,4.9,5.6,1015.61,61.0,23.74,6.67,323.37
3281,12010,50.174945,19.877311,330.64,2026-07-02 16:00:00+00:00,2026-07-02 17:00:00+00:00,3.47,3.72,4.18,1015.37,61.75,23.95,4.52,329.43
3282,12010,50.174945,19.877311,330.64,2026-07-02 17:00:00+00:00,2026-07-02 18:00:00+00:00,0.48,0.53,0.59,1015.23,64.75,25.36,3.02,297.46
3283,12010,50.174945,19.877311,330.64,2026-07-02 18:00:00+00:00,2026-07-02 19:00:00+00:00,0.96,1.13,1.27,1015.24,68.66,22.2,3.04,248.93
3284,12010,50.174945,19.877311,330.64,2026-07-02 19:00:00+00:00,2026-07-02 20:00:00+00:00,1.85,2.07,2.3,1015.87,68.55,18.83,3.72,235.35
3285,12010,50.174945,19.877311,330.64,2026-07-02 20:00:00+00:00,2026-07-02 21:00:00+00:00,0.46,0.7,0.84,1016.08,70.32,17.18,4.36,238.34
3286,12010,50.174945,19.877311,330.64,2026-07-02 21:00:00+00:00,2026-07-02 22:00:00+00:00,1.24,1.42,1.63,1016.08,71.94,15.89,4.6,236.26
3287,12010,50.174945,19.877311,330.64,2026-07-02 22:00:00+00:00,2026-07-02 23:00:00+00:00,0.3,0.4,0.46,1016.05,73.57,15.07,5.09,235.0
3288,36654,50.131359,19.951436,266.2,2026-07-01 23:00:00+00:00,2026-07-02 00:00:00+00:00,,,,,,,,
3289,36654,50.131359,19.951436,266.2,2026-07-02 00:00:00+00:00,2026-07-02 01:00:00+00:00,,,,,,,,
3290,36654,50.131359,19.951436,266.2,2026-07-02 01:00:00+00:00,2026-07-02 02:00:00+00:00,,,,,,,,
3291,36654,50.131359,19.951436,266.2,2026-07-02 02:00:00+00:00,2026-07-02 03:00:00+00:00,,,,,,,,
3292,36654,50.131359,19.951436,266.2,2026-07-02 03:00:00+00:00,2026-07-02 04:00:00+00:00,,,,,,,,
3293,36654,50.131359,19.951436,266.2,2026-07-02 04:00:00+00:00,2026-07-02 05:00:00+00:00,,,,,,,,
3294,36654,50.131359,19.951436,266.2,2026-07-02 05:00:00+00:00,2026-07-02 06:00:00+00:00,,,,,,,,
3295,36654,50.131359,19.951436,266.2,2026-07-02 06:00:00+00:00,2026-07-02 07:00:00+00:00,,,,,,,,
3296,36654,50.131359,19.951436,266.2,2026-07-02 07:00:00+00:00,2026-07-02 08:00:00+00:00,,,,,,,,
3297,36654,50.131359,19.951436,266.2,2026-07-02 08:00:00+00:00,2026-07-02 09:00:00+00:00,,,,,,,,
3298,36654,50.131359,19.951436,266.2,2026-07-02 09:00:00+00:00,2026-07-02 10:00:00+00:00,,,,,,,,
3299,36654,50.131359,19.951436,266.2,2026-07-02 10:00:00+00:00,2026-07-02 11:00:00+00:00,,,,,,,,
3300,36654,50.131359,19.951436,266.2,2026-07-02 11:00:00+00:00,2026-07-02 12:00:00+00:00,,,,,,,,
3301,36654,50.131359,19.951436,266.2,2026-07-02 12:00:00+00:00,2026-07-02 13:00:00+00:00,,,,,,,,
3302,36654,50.131359,19.951436,266.2,2026-07-02 13:00:00+00:00,2026-07-02 14:00:00+00:00,,,,,,,,
3303,36654,50.131359,19.951436,266.2,2026-07-02 14:00:00+00:00,2026-07-02 15:00:00+00:00,,,,,,,,
3304,36654,50.131359,19.951436,266.2,2026-07-02 15:00:00+00:00,2026-07-02 16:00:00+00:00,,,,,,,,
3305,36654,50.131359,19.951436,266.2,2026-07-02 16:00:00+00:00,2026-07-02 17:00:00+00:00,,,,,,,,
3306,36654,50.131359,19.951436,266.2,2026-07-02 17:00:00+00:00,2026-07-02 18:00:00+00:00,,,,,,,,
3307,36654,50.131359,19.951436,266.2,2026-07-02 18:00:00+00:00,2026-07-02 19:00:00+00:00,,,,,,,,
3308,36654,50.131359,19.951436,266.2,2026-07-02 19:00:00+00:00,2026-07-02 20:00:00+00:00,,,,,,,,
3309,36654,50.131359,19.951436,266.2,2026-07-02 20:00:00+00:00,2026-07-02 21:00:00+00:00,,,,,,,,
3310,36654,50.131359,19.951436,266.2,2026-07-02 21:00:00+00:00,2026-07-02 22:00:00+00:00,,,,,,,,
3311,36654,50.131359,19.951436,266.2,2026-07-02 22:00:00+00:00,2026-07-02 23:00:00+00:00,,,,,,,,
3312,492,50.172249,19.8985,372.36,2026-07-01 23:00:00+00:00,2026-07-02 00:00:00+00:00,8.17,8.9,8.62,1015.48,87.93,20.49,,
3313,492,50.172249,19.8985,372.36,2026-07-02 00:00:00+00:00,2026-07-02 01:00:00+00:00,10.02,11.42,12.46,1015.93,88.72,20.03,,
3314,492,50.172249,19.8985,372.36,2026-07-02 01:00:00+00:00,2026-07-02 02:00:00+00:00,8.62,9.65,9.62,1016.26,90.06,19.4,,
3315,492,50.172249,19.8985,372.36,2026-07-02 02:00:00+00:00,2026-07-02 03:00:00+00:00,6.81,7.51,6.71,1016.66,91.37,18.67,,
3316,492,50.172249,19.8985,372.36,2026-07-02 03:00:00+00:00,2026-07-02 04:00:00+00:00,8.26,9.34,8.97,1016.84,91.48,18.29,,
3317,492,50.172249,19.8985,372.36,2026-07-02 04:00:00+00:00,2026-07-02 05:00:00+00:00,6.46,7.25,6.45,1017.16,90.81,17.94,,
3318,492,50.172249,19.8985,372.36,2026-07-02 05:00:00+00:00,2026-07-02 06:00:00+00:00,7.47,8.51,8.03,1017.58,89.93,17.86,,
3319,492,50.172249,19.8985,372.36,2026-07-02 06:00:00+00:00,2026-07-02 07:00:00+00:00,9.37,10.37,10.69,1017.96,88.59,17.9,,
3320,492,50.172249,19.8985,372.36,2026-07-02 07:00:00+00:00,2026-07-02 08:00:00+00:00,7.45,7.89,7.16,1018.34,84.81,18.06,,
3321,492,50.172249,19.8985,372.36,2026-07-02 08:00:00+00:00,2026-07-02 09:00:00+00:00,4.0,3.95,2.74,1018.79,79.15,18.73,,
3322,492,50.172249,19.8985,372.36,2026-07-02 09:00:00+00:00,2026-07-02 10:00:00+00:00,4.91,4.71,3.62,1019.03,73.11,19.99,,
3323,492,50.172249,19.8985,372.36,2026-07-02 10:00:00+00:00,2026-07-02 11:00:00+00:00,4.44,4.17,3.0,1018.93,69.76,21.44,,
3324,492,50.172249,19.8985,372.36,2026-07-02 11:00:00+00:00,2026-07-02 12:00:00+00:00,3.18,2.95,1.66,1018.61,67.39,23.1,,
3325,492,50.172249,19.8985,372.36,2026-07-02 12:00:00+00:00,2026-07-02 13:00:00+00:00,3.16,2.83,1.51,1018.03,61.72,26.15,,
3326,492,50.172249,19.8985,372.36,2026-07-02 13:00:00+00:00,2026-07-02 14:00:00+00:00,2.84,2.57,1.21,1017.43,56.06,27.06,,
3327,492,50.172249,19.8985,372.36,2026-07-02 14:00:00+00:00,2026-07-02 15:00:00+00:00,3.24,2.95,1.66,1017.12,54.35,26.21,,
3328,492,50.172249,19.8985,372.36,2026-07-02 15:00:00+00:00,2026-07-02 16:00:00+00:00,3.43,3.09,1.79,1016.82,53.43,26.21,,
3329,492,50.172249,19.8985,372.36,2026-07-02 16:00:00+00:00,2026-07-02 17:00:00+00:00,3.5,3.14,1.87,1016.66,54.17,25.74,,
3330,492,50.172249,19.8985,372.36,2026-07-02 17:00:00+00:00,2026-07-02 18:00:00+00:00,3.07,2.7,1.37,1016.58,57.82,24.85,,
3331,492,50.172249,19.8985,372.36,2026-07-02 18:00:00+00:00,2026-07-02 19:00:00+00:00,4.39,4.01,2.82,1016.63,62.62,23.3,,
3332,492,50.172249,19.8985,372.36,2026-07-02 19:00:00+00:00,2026-07-02 20:00:00+00:00,7.05,6.85,6.4,1017.02,66.44,21.55,,
3333,492,50.172249,19.8985,372.36,2026-07-02 20:00:00+00:00,2026-07-02 21:00:00+00:00,4.69,4.37,3.3,1017.06,69.06,20.31,,
3334,492,50.172249,19.8985,372.36,2026-07-02 21:00:00+00:00,2026-07-02 22:00:00+00:00,3.71,3.29,2.03,1017.06,70.75,19.27,,
3335,492,50.172249,19.8985,372.36,2026-07-02 22:00:00+00:00,2026-07-02 23:00:00+00:00,3.39,3.04,1.74,1016.94,72.47,18.36,,
