,sensorId,latitude,longitude,elevation,fromDateTime,tillDateTime,PM1,PM25,PM10,pressure,humidity,temperature,wind_speed,wind_bearing
0,18769,50.108296,19.83855,231.14,2026-09-30 01:00:00+00:00,2026-09-30 02:00:00+00:00,10.89,18.63,27.28,1027.71,91.94,7.86,5.27,74.42
1,18769,50.108296,19.83855,231.14,2026-09-30 02:00:00+00:00,2026-09-30 03:00:00+00:00,10.67,18.32,26.24,1027.74,86.91,6.34,3.08,99.29
2,18769,50.108296,19.83855,231.14,2026-09-30 03:00:00+00:00,2026-09-30 04:00:00+00:00,10.24,16.96,22.66,1027.82,80.7,6.72,4.53,62.0
3,18769,50.108296,19.83855,231.14,2026-09-30 04:00:00+00:00,2026-09-30 05:00:00+00:00,10.25,16.79,22.91,1028.03,84.7,6.56,4.58,63.06
4,18769,50.108296,19.83855,231.14,2026-09-30 05:00:00+00:00,2026-09-30 06:00:00+00:00,12.04,19.65,28.1,1028.35,73.02,6.56,4.94,67.82
5,18769,50.108296,19.83855,231.14,2026-09-30 06:00:00+00:00,2026-09-30 07:00:00+00:00,12.56,19.8,26.33,1028.61,83.77,8.68,5.21,68.98
6,18769,50.108296,19.83855,231.14,2026-09-30 07:00:00+00:00,2026-09-30 08:00:00+00:00,8.56,12.69,15.07,1028.67,68.48,14.65,5.28,77.63
7,18769,50.108296,19.83855,231.14,2026-09-30 08:00:00+00:00,2026-09-30 09:00:00+00:00,7.33,10.76,12.89,1028.6,53.63,17.69,6.41,83.42
8,18769,50.108296,19.83855,231.14,2026-09-30 09:00:00+00:00,2026-09-30 10:00:00+00:00,5.37,7.7,9.25,1028.44,47.24,19.23,7.53,90.84
9,18769,50.108296,19.83855,231.14,2026-09-30 10:00:00+00:00,2026-09-30 11:00:00+00:00,13.47,17.58,21.17,1028.35,43.21,19.16,8.4,96.02
10,18769,50.108296,19.83855,231.14,2026-09-30 11:00:00+00:00,2026-09-30 12:00:00+00:00,9.53,15.03,19.05,1027.94,38.99,19.54,9.38,101.32
11,18769,50.108296,19.83855,231.14,2026-09-30 12:00:00+00:00,2026-09-30 13:00:00+00:00,13.33,21.02,26.68,1027.45,36.83,20.12,9.65,103.76
12,18769,50.108296,19.83855,231.14,2026-09-30 13:00:00+00:00,2026-09-30 14:00:00+00:00,19.15,30.76,38.42,1026.94,35.55,20.65,9.59,108.0
13,18769,50.108296,19.83855,231.14,2026-09-30 14:00:00+00:00,2026-09-30 15:00:00+00:00,9.37,15.03,18.51,1026.51,37.61,20.81,9.31,73.73
14,18769,50.108296,19.83855,231.14,2026-09-30 15:00:00+00:00,2026-09-30 16:00:00+00:00,13.41,21.97,28.0,1026.3,39.87,19.69,9.51,91.36
15,18769,50.108296,19.83855,231.14,2026-09-30 16:00:00+00:00,2026-09-30 17:00:00+00:00,9.88,15.71,19.52,1026.27,44.22,17.86,11.5,87.38
16,18769,50.108296,19.83855,231.14,2026-09-30 17:00:00+00:00,2026-09-30 18:00:00+00:00,10.44,16.84,21.41,1026.48,47.9,16.32,11.95,85.15
17,18769,50.108296,19.83855,231.14,2026-09-30 18:00:00+00:00,2026-09-30 19:00:00+00:00,6.99,11.22,13.4,1026.73,59.37,14.62,11.53,84.08
18,18769,50.108296,19.83855,231.14,2026-09-30 19:00:00+00:00,2026-09-30 20:00:00+00:00,9.83,16.26,20.2,1027.05,78.72,13.36,11.0,80.32
19,18769,50.108296,19.83855,231.14,2026-09-30 20:00:00+00:00,2026-09-30 21:00:00+00:00,8.4,13.38,16.88,1027.29,81.02,12.87,9.84,74.2
20,18769,50.108296,19.83855,231.14,2026-09-30 21:00:00+00:00,2026-09-30 22:00:00+00:00,7.98,12.89,15.76,1027.43,83.15,11.67,8.89,74.67
21,18769,50.108296,19.83855,231.14,2026-09-30 22:00:00+00:00,2026-09-30 23:00:00+00:00,7.92,12.8,15.88,1027.48,71.46,10.89,8.56,69.94
22,18769,50.108296,19.83855,231.14,2026-09-30 23:00:00+00:00,2026-10-01 00:00:00+00:00,8.44,13.55,16.83,1027.57,79.76,9.99,8.06,67.33
23,18769,50.108296,19.83855,231.14,2026-10-01 00:00:00+00:00,2026-10-01 01:00:00+00:00,7.96,13.27,16.87,1027.49,73.92,9.38,7.85,65.47
24,86932,50.093619,19.924138,223.96,2026-09-30 01:00:00+00:00,2026-09-30 02:00:00+00:00,,,,,,,,
25,86932,50.093619,19.924138,223.96,2026-09-30 02:00:00+00:00,2026-09-30 03:00:00+00:00,,,,,,,,
26,86932,50.093619,19.924138,223.96,2026-09-30 03:00:00+00:00,2026-09-30 04:00:00+00:00,,,,,,,,
27,86932,50.093619,19.924138,223.96,2026-09-30 04:00:00+00:00,2026-09-30 05:00:00+00:00,,,,,,,,
28,86932,50.093619,19.924138,223.96,2026-09-30 05:00:00+00:00,2026-09-30 06:00:00+00:00,,,,,,,,
29,86932,50.093619,19.924138,223.96,2026-09-30 06:00:00+00:00,2026-09-30 07:00:00+00:00,,,,,,,,
30,86932,50.093619,19.924138,223.96,2026-09-30 07:00:00+00:00,2026-09-30 08:00:00+00:00,,,,,,,,
31,86932,50.093619,19.924138,223.96,2026-09-30 08:00:00+00:00,2026-09-30 09:00:00+00:00,,,,,,,,
32,86932,50.093619,19.924138,223.96,2026-09-30 09:00:00+00:00,2026-09-30 10:00:00+00:00,,,,,,,,
33,86932,50.093619,19.924138,223.96,2026-09-30 10:00:00+00:00,2026-09-30 11:00:00+00:00,,,,,,,,
34,86932,50.093619,19.924138,223.96,2026-09-30 11:00:00+00:00,2026-09-30 12:00:00+00:00,,,,,,,,
35,86932,50.093619,19.924138,223.96,2026-09-30 12:00:00+00:00,2026-09-30 13:00:00+00:00,,,,,,,,
36,86932,50.093619,19.924138,223.96,2026-09-30 13:00:00+00:00,2026-09-30 14:00:00+00:00,,,,,,,,
37,86932,50.093619,19.924138,223.96,2026-09-30 14:00:00+00:00,2026-09-30 15:00:00+00:00,,,,,,,,
38,86932,50.093619,19.924138,223.96,2026-09-30 15:00:00+00:00,2026-09-30 16:00:00+00:00,,,,,,,,
39,86932,50.093619,19.924138,223.96,2026-09-30 16:00:00+00:00,2026-09-30 17:00:00+00:00,,,,,,,,
40,86932,50.093619,19.924138,223.96,2026-09-30 17:00:00+00:00,2026-09-30 18:00:00+00:00,,,,,,,,
41,86932,50.093619,19.924138,223.96,2026-09-30 18:00:00+00:00,2026-09-30 19:00:00+00:00,,,,,,,,
42,86932,50.093619,19.924138,223.96,2026-09-30 19:00:00+00:00,2026-09-30 20:00:00+00:00,,,,,,,,
43,86932,50.093619,19.924138,223.96,2026-09-30 20:00:00+00:00,2026-09-30 21:00:00+00:00,,,,,,,,
44,86932,50.093619,19.924138,223.96,2026-09-30 21:00:00+00:00,2026-09-30 22:00:00+00:00,,,,,,,,
45,86932,50.093619,19.924138,223.96,2026-09-30 22:00:00+00:00,2026-09-30 23:00:00+00:00,,,,,,,,
46,86932,50.093619,19.924138,223.96,2026-09-30 23:00:00+00:00,2026-10-01 00:00:00+00:00,,,,,,,,
47,86932,50.093619,19.924138,223.96,2026-10-01 00:00:00+00:00,2026-10-01 01:00:00+00:00,,,,,,,,
48,2599,50.039521,20.134673,192.72,2026-09-30 01:00:00+00:00,2026-09-30 02:00:00+00:00,12.37,17.81,21.6,1029.54,91.49,7.77,2.15,153.34
49,2599,50.039521,20.134673,192.72,2026-09-30 02:00:00+00:00,2026-09-30 03:00:00+00:00,12.23,17.71,21.79,1029.6,92.78,7.11,2.06,172.61
50,2599,50.039521,20.134673,192.72,2026-09-30 03:00:00+00:00,2026-09-30 04:00:00+00:00,12.33,17.75,21.79,1029.8,94.25,6.78,1.65,173.33
51,2599,50.039521,20.134673,192.72,2026-09-30 04:00:00+00:00,2026-09-30 05:00:00+00:00,11.82,16.76,20.3,1029.97,95.54,6.32,1.45,171.63
52,2599,50.039521,20.134673,192.72,2026-09-30 05:00:00+00:00,2026-09-30 06:00:00+00:00,11.24,15.62,18.74,1030.26,95.81,6.27,1.43,147.86
53,2599,50.039521,20.134673,192.72,2026-09-30 06:00:00+00:00,2026-09-30 07:00:00+00:00,10.67,14.96,17.91,1030.53,92.88,7.82,1.64,123.32
54,2599,50.039521,20.134673,192.72,2026-09-30 07:00:00+00:00,2026-09-30 08:00:00+00:00,11.64,16.55,19.82,1030.75,87.5,9.93,2.17,86.65
55,2599,50.039521,20.134673,192.72,2026-09-30 08:00:00+00:00,2026-09-30 09:00:00+00:00,9.59,13.45,15.93,1030.79,78.13,12.93,3.57,73.68
56,2599,50.039521,20.134673,192.72,2026-09-30 09:00:00+00:00,2026-09-30 10:00:00+00:00,7.96,10.88,12.88,1030.67,68.27,15.28,4.73,73.37
57,2599,50.039521,20.134673,192.72,2026-09-30 10:00:00+00:00,2026-09-30 11:00:00+00:00,7.91,10.69,12.47,1030.43,63.1,17.24,5.46,79.37
58,2599,50.039521,20.134673,192.72,2026-09-30 11:00:00+00:00,2026-09-30 12:00:00+00:00,6.75,8.96,10.54,1029.89,57.38,19.03,6.18,91.41
59,2599,50.039521,20.134673,192.72,2026-09-30 12:00:00+00:00,2026-09-30 13:00:00+00:00,4.73,6.22,7.28,1029.41,50.35,20.61,7.28,103.58
60,2599,50.039521,20.134673,192.72,2026-09-30 13:00:00+00:00,2026-09-30 14:00:00+00:00,4.72,6.28,7.32,1028.9,48.41,21.28,8.42,105.0
61,2599,50.039521,20.134673,192.72,2026-09-30 14:00:00+00:00,2026-09-30 15:00:00+00:00,4.7,6.4,7.48,1028.54,49.37,21.27,10.2,96.62
62,2599,50.039521,20.134673,192.72,2026-09-30 15:00:00+00:00,2026-09-30 16:00:00+00:00,4.96,6.6,7.76,1028.4,53.39,20.29,11.36,90.41
63,2599,50.039521,20.134673,192.72,2026-09-30 16:00:00+00:00,2026-09-30 17:00:00+00:00,5.71,7.78,9.23,1028.37,59.63,18.06,11.98,90.47
64,2599,50.039521,20.134673,192.72,2026-09-30 17:00:00+00:00,2026-09-30 18:00:00+00:00,6.66,8.97,10.6,1028.57,66.14,15.94,10.96,96.84
65,2599,50.039521,20.134673,192.72,2026-09-30 18:00:00+00:00,2026-09-30 19:00:00+00:00,8.3,11.5,13.78,1028.8,73.02,14.5,9.77,99.06
66,2599,50.039521,20.134673,192.72,2026-09-30 19:00:00+00:00,2026-09-30 20:00:00+00:00,8.54,11.91,14.3,1028.92,78.17,13.31,8.79,99.94
67,2599,50.039521,20.134673,192.72,2026-09-30 20:00:00+00:00,2026-09-30 21:00:00+00:00,8.9,12.09,14.42,1029.1,81.81,11.89,7.35,106.1
68,2599,50.039521,20.134673,192.72,2026-09-30 21:00:00+00:00,2026-09-30 22:00:00+00:00,9.69,13.62,16.34,1029.17,84.06,11.28,6.22,101.18
69,2599,50.039521,20.134673,192.72,2026-09-30 22:00:00+00:00,2026-09-30 23:00:00+00:00,9.87,13.92,16.57,1029.23,86.13,10.65,4.98,92.3
70,2599,50.039521,20.134673,192.72,2026-09-30 23:00:00+00:00,2026-10-01 00:00:00+00:00,10.33,14.6,17.45,1029.34,88.25,9.98,4.59,82.07
71,2599,50.039521,20.134673,192.72,2026-10-01 00:00:00+00:00,2026-10-01 01:00:00+00:00,10.1,14.31,17.31,1029.15,89.88,9.38,4.19,76.1
72,18768,50.109742,19.833999,224.54,2026-09-30 01:00:00+00:00,2026-09-30 02:00:00+00:00,9.62,14.23,16.4,1027.53,92.75,7.44,5.27,74.42
73,18768,50.109742,19.833999,224.54,2026-09-30 02:00:00+00:00,2026-09-30 03:00:00+00:00,9.6,14.29,16.61,1027.65,95.38,5.7,3.08,99.29
74,18768,50.109742,19.833999,224.54,2026-09-30 03:00:00+00:00,2026-09-30 04:00:00+00:00,9.44,13.88,16.1,1027.76,93.82,6.06,4.53,62.0
75,18768,50.109742,19.833999,224.54,2026-09-30 04:00:00+00:00,2026-09-30 05:00:00+00:00,9.28,13.73,15.89,1027.94,93.22,5.88,4.58,63.06
76,18768,50.109742,19.833999,224.54,2026-09-30 05:00:00+00:00,2026-09-30 06:00:00+00:00,11.82,18.42,23.46,1028.14,93.14,5.93,4.94,67.82
77,18768,50.109742,19.833999,224.54,2026-09-30 06:00:00+00:00,2026-09-30 07:00:00+00:00,12.43,18.96,23.93,1028.23,90.13,7.98,5.23,68.43
78,18768,50.109742,19.833999,224.54,2026-09-30 07:00:00+00:00,2026-09-30 08:00:00+00:00,11.02,16.38,19.18,1028.38,85.19,10.67,5.1,76.61
79,18768,50.109742,19.833999,224.54,2026-09-30 08:00:00+00:00,2026-09-30 09:00:00+00:00,8.9,12.88,14.74,1028.45,78.44,13.1,6.33,82.78
80,18768,50.109742,19.833999,224.54,2026-09-30 09:00:00+00:00,2026-09-30 10:00:00+00:00,7.01,10.31,11.86,1028.34,71.94,15.31,7.47,90.46
81,18768,50.109742,19.833999,224.54,2026-09-30 10:00:00+00:00,2026-09-30 11:00:00+00:00,6.12,8.58,9.83,1028.2,68.13,17.2,8.33,95.56
82,18768,50.109742,19.833999,224.54,2026-09-30 11:00:00+00:00,2026-09-30 12:00:00+00:00,5.77,8.03,9.13,1027.75,63.81,18.7,9.36,101.17
83,18768,50.109742,19.833999,224.54,2026-09-30 12:00:00+00:00,2026-09-30 13:00:00+00:00,5.4,7.35,8.29,1027.22,61.63,20.28,9.66,103.41
84,18768,50.109742,19.833999,224.54,2026-09-30 13:00:00+00:00,2026-09-30 14:00:00+00:00,4.22,5.81,6.68,1026.58,60.25,23.19,9.59,108.0
85,18768,50.109742,19.833999,224.54,2026-09-30 14:00:00+00:00,2026-09-30 15:00:00+00:00,3.27,4.46,5.23,1026.12,61.37,24.14,9.3,73.96
86,18768,50.109742,19.833999,224.54,2026-09-30 15:00:00+00:00,2026-09-30 16:00:00+00:00,5.01,7.06,8.08,1026.12,61.57,20.36,9.51,91.22
87,18768,50.109742,19.833999,224.54,2026-09-30 16:00:00+00:00,2026-09-30 17:00:00+00:00,5.9,8.63,10.01,1026.17,68.6,17.55,11.49,87.42
88,18768,50.109742,19.833999,224.54,2026-09-30 17:00:00+00:00,2026-09-30 18:00:00+00:00,7.28,10.69,12.37,1026.37,71.99,15.88,11.94,85.16
89,18768,50.109742,19.833999,224.54,2026-09-30 18:00:00+00:00,2026-09-30 19:00:00+00:00,8.6,12.29,14.07,1026.59,75.69,14.36,11.53,84.09
90,18768,50.109742,19.833999,224.54,2026-09-30 19:00:00+00:00,2026-09-30 20:00:00+00:00,9.41,14.82,17.83,1026.86,79.44,13.17,11.0,80.35
91,18768,50.109742,19.833999,224.54,2026-09-30 20:00:00+00:00,2026-09-30 21:00:00+00:00,13.14,22.72,31.64,1026.98,81.0,12.51,9.86,74.29
92,18768,50.109742,19.833999,224.54,2026-09-30 21:00:00+00:00,2026-09-30 22:00:00+00:00,11.59,18.48,23.53,1027.03,83.13,11.69,8.9,74.64
93,18768,50.109742,19.833999,224.54,2026-09-30 22:00:00+00:00,2026-09-30 23:00:00+00:00,9.59,14.11,16.4,1027.03,84.75,10.95,8.56,70.02
94,18768,50.109742,19.833999,224.54,2026-09-30 23:00:00+00:00,2026-10-01 00:00:00+00:00,8.61,12.75,14.7,1027.26,86.69,9.86,8.12,67.53
95,18768,50.109742,19.833999,224.54,2026-10-01 00:00:00+00:00,2026-10-01 01:00:00+00:00,8.37,12.76,14.65,1027.19,88.38,9.16,7.85,65.51
96,31130,50.086516,19.791139,242.01,2026-09-30 01:00:00+00:00,2026-09-30 02:00:00+00:00,12.55,18.9,22.38,1027.21,92.75,8.17,5.27,74.42
97,31130,50.086516,19.791139,242.01,2026-09-30 02:00:00+00:00,2026-09-30 03:00:00+00:00,12.87,19.4,23.19,1027.26,95.38,6.57,3.08,99.29
98,31130,50.086516,19.791139,242.01,2026-09-30 03:00:00+00:00,2026-09-30 04:00:00+00:00,12.38,18.77,22.31,1027.37,94.0,6.86,4.53,62.0
99,31130,50.086516,19.791139,242.01,2026-09-30 04:00:00+00:00,2026-09-30 05:00:00+00:00,13.09,19.87,24.01,1027.56,94.0,6.71,4.56,62.53
100,31130,50.086516,19.791139,242.01,2026-09-30 05:00:00+00:00,2026-09-30 06:00:00+00:00,15.9,24.47,31.25,1027.86,93.75,6.87,4.9,67.91
101,31130,50.086516,19.791139,242.01,2026-09-30 06:00:00+00:00,2026-09-30 07:00:00+00:00,12.8,19.36,23.16,1028.06,90.56,8.87,5.26,67.71
102,31130,50.086516,19.791139,242.01,2026-09-30 07:00:00+00:00,2026-09-30 08:00:00+00:00,11.36,16.52,18.63,1028.12,85.19,13.6,5.1,76.61
103,31130,50.086516,19.791139,242.01,2026-09-30 08:00:00+00:00,2026-09-30 09:00:00+00:00,9.14,12.83,14.33,1028.13,78.44,16.12,6.33,82.78
104,31130,50.086516,19.791139,242.01,2026-09-30 09:00:00+00:00,2026-09-30 10:00:00+00:00,8.56,11.89,13.33,1028.03,71.94,17.77,7.47,90.46
105,31130,50.086516,19.791139,242.01,2026-09-30 10:00:00+00:00,2026-09-30 11:00:00+00:00,7.49,10.56,12.08,1028.06,68.13,17.58,8.33,95.56
106,31130,50.086516,19.791139,242.01,2026-09-30 11:00:00+00:00,2026-09-30 12:00:00+00:00,6.74,9.4,10.75,1027.65,63.81,18.74,9.36,101.17
107,31130,50.086516,19.791139,242.01,2026-09-30 12:00:00+00:00,2026-09-30 13:00:00+00:00,6.01,8.25,9.34,1027.16,61.63,19.42,9.66,103.41
108,31130,50.086516,19.791139,242.01,2026-09-30 13:00:00+00:00,2026-09-30 14:00:00+00:00,5.39,7.59,8.53,1026.7,60.25,19.96,9.59,108.0
109,31130,50.086516,19.791139,242.01,2026-09-30 14:00:00+00:00,2026-09-30 15:00:00+00:00,4.46,6.07,6.86,1026.27,62.31,20.26,9.3,73.96
110,31130,50.086516,19.791139,242.01,2026-09-30 15:00:00+00:00,2026-09-30 16:00:00+00:00,5.64,7.89,9.06,1026.04,64.56,19.2,9.51,91.22
111,31130,50.086516,19.791139,242.01,2026-09-30 16:00:00+00:00,2026-09-30 17:00:00+00:00,6.88,9.84,11.41,1026.02,68.88,17.27,11.49,87.42
112,31130,50.086516,19.791139,242.01,2026-09-30 17:00:00+00:00,2026-09-30 18:00:00+00:00,7.43,10.44,11.74,1026.23,72.0,15.92,11.94,85.16
113,31130,50.086516,19.791139,242.01,2026-09-30 18:00:00+00:00,2026-09-30 19:00:00+00:00,8.02,11.47,12.94,1026.49,75.69,14.4,11.53,84.09
114,31130,50.086516,19.791139,242.01,2026-09-30 19:00:00+00:00,2026-09-30 20:00:00+00:00,8.84,12.82,14.58,1026.77,79.44,13.22,11.0,80.35
115,31130,50.086516,19.791139,242.01,2026-09-30 20:00:00+00:00,2026-09-30 21:00:00+00:00,8.57,12.45,14.19,1027.0,80.88,12.58,9.96,74.92
116,31130,50.086516,19.791139,242.01,2026-09-30 21:00:00+00:00,2026-09-30 22:00:00+00:00,8.98,13.27,15.05,1027.12,82.94,11.66,8.97,74.46
117,31130,50.086516,19.791139,242.01,2026-09-30 22:00:00+00:00,2026-09-30 23:00:00+00:00,9.01,13.28,15.06,1027.11,84.63,11.01,8.58,70.53
118,31130,50.086516,19.791139,242.01,2026-09-30 23:00:00+00:00,2026-10-01 00:00:00+00:00,9.06,13.57,15.4,1027.21,86.69,10.26,8.12,67.53
119,31130,50.086516,19.791139,242.01,2026-10-01 00:00:00+00:00,2026-10-01 01:00:00+00:00,9.11,13.42,15.32,1027.13,88.38,9.71,7.85,65.51
120,2513,50.117763,19.92077,230.53,2026-09-30 01:00:00+00:00,2026-09-30 02:00:00+00:00,12.12,14.14,17.3,1027.18,93.29,8.43,,
121,2513,50.117763,19.92077,230.53,2026-09-30 02:00:00+00:00,2026-09-30 03:00:00+00:00,12.17,14.34,17.65,1027.2,95.0,7.53,,
122,2513,50.117763,19.92077,230.53,2026-09-30 03:00:00+00:00,2026-09-30 04:00:00+00:00,12.38,14.53,17.99,1027.39,95.06,7.16,,
123,2513,50.117763,19.92077,230.53,2026-09-30 04:00:00+00:00,2026-09-30 05:00:00+00:00,12.54,14.67,18.28,1027.52,95.63,6.7,,
124,2513,50.117763,19.92077,230.53,2026-09-30 05:00:00+00:00,2026-09-30 06:00:00+00:00,12.63,14.94,18.77,1027.81,94.38,7.36,,
125,2513,50.117763,19.92077,230.53,2026-09-30 06:00:00+00:00,2026-09-30 07:00:00+00:00,11.85,13.55,16.02,1027.96,90.88,10.79,,
126,2513,50.117763,19.92077,230.53,2026-09-30 07:00:00+00:00,2026-09-30 08:00:00+00:00,10.53,11.89,12.84,1028.11,85.63,13.34,,
127,2513,50.117763,19.92077,230.53,2026-09-30 08:00:00+00:00,2026-09-30 09:00:00+00:00,9.19,10.21,10.48,1028.19,80.25,15.38,,
128,2513,50.117763,19.92077,230.53,2026-09-30 09:00:00+00:00,2026-09-30 10:00:00+00:00,6.79,7.36,6.83,1028.03,74.37,17.55,,
129,2513,50.117763,19.92077,230.53,2026-09-30 10:00:00+00:00,2026-09-30 11:00:00+00:00,6.58,7.19,6.71,1027.95,69.12,19.23,,
130,2513,50.117763,19.92077,230.53,2026-09-30 11:00:00+00:00,2026-09-30 12:00:00+00:00,6.94,7.48,7.0,1027.58,64.27,20.07,,
131,2513,50.117763,19.92077,230.53,2026-09-30 12:00:00+00:00,2026-09-30 13:00:00+00:00,6.55,7.06,6.42,1027.1,61.44,21.02,,
132,2513,50.117763,19.92077,230.53,2026-09-30 13:00:00+00:00,2026-09-30 14:00:00+00:00,4.79,5.1,4.03,1026.56,59.72,21.57,,
133,2513,50.117763,19.92077,230.53,2026-09-30 14:00:00+00:00,2026-09-30 15:00:00+00:00,4.52,4.81,3.63,1026.09,59.39,21.83,,
134,2513,50.117763,19.92077,230.53,2026-09-30 15:00:00+00:00,2026-09-30 16:00:00+00:00,5.29,5.58,4.55,1025.83,62.6,21.02,,
135,2513,50.117763,19.92077,230.53,2026-09-30 16:00:00+00:00,2026-09-30 17:00:00+00:00,6.1,6.67,5.94,1025.77,66.75,19.4,,
136,2513,50.117763,19.92077,230.53,2026-09-30 17:00:00+00:00,2026-09-30 18:00:00+00:00,7.47,8.33,8.2,1025.96,70.93,17.6,,
137,2513,50.117763,19.92077,230.53,2026-09-30 18:00:00+00:00,2026-09-30 19:00:00+00:00,8.07,9.0,9.0,1026.25,75.82,15.92,,
138,2513,50.117763,19.92077,230.53,2026-09-30 19:00:00+00:00,2026-09-30 20:00:00+00:00,8.16,9.25,9.39,1026.47,78.14,14.96,,
139,2513,50.117763,19.92077,230.53,2026-09-30 20:00:00+00:00,2026-09-30 21:00:00+00:00,8.24,9.42,9.46,1026.7,83.03,13.47,,
140,2513,50.117763,19.92077,230.53,2026-09-30 21:00:00+00:00,2026-09-30 22:00:00+00:00,8.7,9.9,10.09,1026.86,85.56,12.49,,
141,2513,50.117763,19.92077,230.53,2026-09-30 22:00:00+00:00,2026-09-30 23:00:00+00:00,8.81,10.14,10.38,1026.85,87.13,11.53,,
142,2513,50.117763,19.92077,230.53,2026-09-30 23:00:00+00:00,2026-10-01 00:00:00+00:00,9.04,10.5,10.99,1026.93,90.0,10.68,,
143,2513,50.117763,19.92077,230.53,2026-10-01 00:00:00+00:00,2026-10-01 01:00:00+00:00,9.65,11.24,12.22,1026.84,90.25,10.24,,
144,32907,50.097127,19.992093,239.07,2026-09-30 01:00:00+00:00,2026-09-30 02:00:00+00:00,11.84,19.68,24.42,1027.59,92.88,7.79,2.3,129.86
145,32907,50.097127,19.992093,239.07,2026-09-30 02:00:00+00:00,2026-09-30 03:00:00+00:00,11.93,19.8,24.16,1027.61,94.0,7.27,1.73,106.78
146,32907,50.097127,19.992093,239.07,2026-09-30 03:00:00+00:00,2026-09-30 04:00:00+00:00,11.87,19.84,24.65,1027.82,94.19,7.03,4.04,56.49
147,32907,50.097127,19.992093,239.07,2026-09-30 04:00:00+00:00,2026-09-30 05:00:00+00:00,11.91,19.88,24.65,1027.99,95.0,6.47,3.56,60.49
148,32907,50.097127,19.992093,239.07,2026-09-30 05:00:00+00:00,2026-09-30 06:00:00+00:00,12.66,20.64,25.99,1028.29,96.0,6.13,2.22,124.04
149,32907,50.097127,19.992093,239.07,2026-09-30 06:00:00+00:00,2026-09-30 07:00:00+00:00,12.75,20.73,26.17,1028.54,93.75,7.63,2.63,107.28
150,32907,50.097127,19.992093,239.07,2026-09-30 07:00:00+00:00,2026-09-30 08:00:00+00:00,11.63,18.62,23.15,1028.72,87.63,10.08,3.0,81.2
151,32907,50.097127,19.992093,239.07,2026-09-30 08:00:00+00:00,2026-09-30 09:00:00+00:00,9.55,14.6,17.67,1028.72,81.0,13.43,4.42,71.39
152,32907,50.097127,19.992093,239.07,2026-09-30 09:00:00+00:00,2026-09-30 10:00:00+00:00,7.93,11.49,14.21,1028.68,75.13,15.76,5.5,69.57
153,32907,50.097127,19.992093,239.07,2026-09-30 10:00:00+00:00,2026-09-30 11:00:00+00:00,7.75,10.64,12.75,1028.55,70.75,17.68,6.27,72.0
154,32907,50.097127,19.992093,239.07,2026-09-30 11:00:00+00:00,2026-09-30 12:00:00+00:00,6.52,9.07,10.76,1028.07,65.94,20.46,7.1,82.19
155,32907,50.097127,19.992093,239.07,2026-09-30 12:00:00+00:00,2026-09-30 13:00:00+00:00,5.83,7.7,9.08,1027.42,63.0,22.9,7.35,86.35
156,32907,50.097127,19.992093,239.07,2026-09-30 13:00:00+00:00,2026-09-30 14:00:00+00:00,3.46,4.47,5.42,1026.8,61.19,24.09,8.21,80.73
157,32907,50.097127,19.992093,239.07,2026-09-30 14:00:00+00:00,2026-09-30 15:00:00+00:00,4.73,6.04,7.22,1026.3,60.69,23.41,9.68,92.74
158,32907,50.097127,19.992093,239.07,2026-09-30 15:00:00+00:00,2026-09-30 16:00:00+00:00,5.24,7.15,8.6,1026.23,64.06,20.68,10.7,88.32
159,32907,50.097127,19.992093,239.07,2026-09-30 16:00:00+00:00,2026-09-30 17:00:00+00:00,6.26,8.88,10.59,1026.37,68.0,18.48,11.35,82.56
160,32907,50.097127,19.992093,239.07,2026-09-30 17:00:00+00:00,2026-09-30 18:00:00+00:00,6.55,9.68,11.77,1026.65,70.56,16.96,11.08,86.76
161,32907,50.097127,19.992093,239.07,2026-09-30 18:00:00+00:00,2026-09-30 19:00:00+00:00,7.72,11.55,13.86,1026.9,75.63,14.98,9.52,91.61
162,32907,50.097127,19.992093,239.07,2026-09-30 19:00:00+00:00,2026-09-30 20:00:00+00:00,7.96,12.15,14.46,1027.14,79.56,13.6,8.64,87.23
163,32907,50.097127,19.992093,239.07,2026-09-30 20:00:00+00:00,2026-09-30 21:00:00+00:00,8.2,12.56,15.16,1027.32,81.44,12.68,8.16,85.63
164,32907,50.097127,19.992093,239.07,2026-09-30 21:00:00+00:00,2026-09-30 22:00:00+00:00,8.14,12.7,15.4,1027.45,82.94,11.87,7.77,80.35
165,32907,50.097127,19.992093,239.07,2026-09-30 22:00:00+00:00,2026-09-30 23:00:00+00:00,8.2,13.17,15.8,1027.53,85.75,10.85,5.63,80.22
166,32907,50.097127,19.992093,239.07,2026-09-30 23:00:00+00:00,2026-10-01 00:00:00+00:00,8.24,13.5,16.21,1027.63,86.69,10.45,6.53,67.82
167,32907,50.097127,19.992093,239.07,2026-10-01 00:00:00+00:00,2026-10-01 01:00:00+00:00,8.91,14.24,17.33,1027.53,89.88,9.32,4.82,80.0
168,11958,50.162285,19.946915,340.11,2026-09-30 01:00:00+00:00,2026-09-30 02:00:00+00:00,12.8,18.75,22.69,1027.26,93.38,8.04,5.45,83.25
169,11958,50.162285,19.946915,340.11,2026-09-30 02:00:00+00:00,2026-09-30 03:00:00+00:00,13.29,19.51,24.11,1027.24,94.0,7.79,4.38,65.0
170,11958,50.162285,19.946915,340.11,2026-09-30 03:00:00+00:00,2026-09-30 04:00:00+00:00,13.55,20.08,25.26,1027.34,94.0,7.12,4.5,61.97
171,11958,50.162285,19.946915,340.11,2026-09-30 04:00:00+00:00,2026-09-30 05:00:00+00:00,13.42,19.79,24.89,1027.49,94.0,6.7,4.52,69.01
172,11958,50.162285,19.946915,340.11,2026-09-30 05:00:00+00:00,2026-09-30 06:00:00+00:00,13.63,20.04,25.17,1027.72,93.5,6.76,4.67,71.65
173,11958,50.162285,19.946915,340.11,2026-09-30 06:00:00+00:00,2026-09-30 07:00:00+00:00,13.89,20.33,25.73,1028.04,90.25,8.2,4.49,77.5
174,11958,50.162285,19.946915,340.11,2026-09-30 07:00:00+00:00,2026-09-30 08:00:00+00:00,16.39,23.8,31.37,1028.34,84.75,10.35,5.38,86.1
175,11958,50.162285,19.946915,340.11,2026-09-30 08:00:00+00:00,2026-09-30 09:00:00+00:00,13.02,18.48,22.86,1028.46,78.25,12.79,6.93,94.46
176,11958,50.162285,19.946915,340.11,2026-09-30 09:00:00+00:00,2026-09-30 10:00:00+00:00,9.76,13.07,15.12,1028.47,72.34,14.83,7.64,100.58
177,11958,50.162285,19.946915,340.11,2026-09-30 10:00:00+00:00,2026-09-30 11:00:00+00:00,10.96,14.73,17.28,1028.5,66.57,16.62,7.9,101.46
178,11958,50.162285,19.946915,340.11,2026-09-30 11:00:00+00:00,2026-09-30 12:00:00+00:00,10.34,13.38,15.94,1027.84,63.01,22.24,8.69,105.46
179,11958,50.162285,19.946915,340.11,2026-09-30 12:00:00+00:00,2026-09-30 13:00:00+00:00,7.71,9.2,10.46,1027.1,60.89,25.46,10.19,116.51
180,11958,50.162285,19.946915,340.11,2026-09-30 13:00:00+00:00,2026-09-30 14:00:00+00:00,6.68,8.06,9.53,1026.5,58.54,26.26,11.42,123.0
181,11958,50.162285,19.946915,340.11,2026-09-30 14:00:00+00:00,2026-09-30 15:00:00+00:00,10.15,12.44,14.9,1026.11,57.69,25.61,11.02,117.21
182,11958,50.162285,19.946915,340.11,2026-09-30 15:00:00+00:00,2026-09-30 16:00:00+00:00,16.73,21.33,26.04,1025.98,57.69,23.01,10.91,106.83
183,11958,50.162285,19.946915,340.11,2026-09-30 16:00:00+00:00,2026-09-30 17:00:00+00:00,10.59,13.9,16.17,1026.07,58.77,19.33,11.72,91.13
184,11958,50.162285,19.946915,340.11,2026-09-30 17:00:00+00:00,2026-09-30 18:00:00+00:00,11.5,15.4,18.29,1026.47,64.15,16.13,12.23,90.76
185,11958,50.162285,19.946915,340.11,2026-09-30 18:00:00+00:00,2026-09-30 19:00:00+00:00,10.39,14.08,16.53,1026.69,70.0,14.32,12.12,89.01
186,11958,50.162285,19.946915,340.11,2026-09-30 19:00:00+00:00,2026-09-30 20:00:00+00:00,9.23,12.37,14.29,1027.04,74.01,13.17,11.41,84.92
187,11958,50.162285,19.946915,340.11,2026-09-30 20:00:00+00:00,2026-09-30 21:00:00+00:00,9.7,13.46,15.64,1027.24,78.83,12.25,9.83,77.76
188,11958,50.162285,19.946915,340.11,2026-09-30 21:00:00+00:00,2026-09-30 22:00:00+00:00,10.67,15.16,17.63,1027.31,81.55,11.57,8.49,71.85
189,11958,50.162285,19.946915,340.11,2026-09-30 22:00:00+00:00,2026-09-30 23:00:00+00:00,10.34,14.49,16.88,1027.2,82.37,11.22,7.84,67.0
190,11958,50.162285,19.946915,340.11,2026-09-30 23:00:00+00:00,2026-10-01 00:00:00+00:00,10.2,14.22,16.49,1027.33,84.84,10.31,7.6,72.84
191,11958,50.162285,19.946915,340.11,2026-10-01 00:00:00+00:00,2026-10-01 01:00:00+00:00,10.3,14.42,16.89,1027.22,87.63,9.32,7.17,78.04
192,7467,50.152096,19.919811,274.46,2026-09-30 01:00:00+00:00,2026-09-30 02:00:00+00:00,,,,,,,,
193,7467,50.152096,19.919811,274.46,2026-09-30 02:00:00+00:00,2026-09-30 03:00:00+00:00,,,,,,,,
194,7467,50.152096,19.919811,274.46,2026-09-30 03:00:00+00:00,2026-09-30 04:00:00+00:00,,,,,,,,
195,7467,50.152096,19.919811,274.46,2026-09-30 04:00:00+00:00,2026-09-30 05:00:00+00:00,,,,,,,,
196,7467,50.152096,19.919811,274.46,2026-09-30 05:00:00+00:00,2026-09-30 06:00:00+00:00,,,,,,,,
197,7467,50.152096,19.919811,274.46,2026-09-30 06:00:00+00:00,2026-09-30 07:00:00+00:00,,,,,,,,
198,7467,50.152096,19.919811,274.46,2026-09-30 07:00:00+00:00,2026-09-30 08:00:00+00:00,,,,,,,,
199,7467,50.152096,19.919811,274.46,2026-09-30 08:00:00+00:00,2026-09-30 09:00:00+00:00,,,,,,,,
200,7467,50.152096,19.919811,274.46,2026-09-30 09:00:00+00:00,2026-09-30 10:00:00+00:00,,,,,,,,
201,7467,50.152096,19.919811,274.46,2026-09-30 10:00:00+00:00,2026-09-30 11:00:00+00:00,,,,,,,,
202,7467,50.152096,19.919811,274.46,2026-09-30 11:00:00+00:00,2026-09-30 12:00:00+00:00,,,,,,,,
203,7467,50.152096,19.919811,274.46,2026-09-30 12:00:00+00:00,2026-09-30 13:00:00+00:00,,,,,,,,
204,7467,50.152096,19.919811,274.46,2026-09-30 13:00:00+00:00,2026-09-30 14:00:00+00:00,,,,,,,,
205,7467,50.152096,19.919811,274.46,2026-09-30 14:00:00+00:00,2026-09-30 15:00:00+00:00,,,,,,,,
206,7467,50.152096,19.919811,274.46,2026-09-30 15:00:00+00:00,2026-09-30 16:00:00+00:00,,,,,,,,
207,7467,50.152096,19.919811,274.46,2026-09-30 16:00:00+00:00,2026-09-30 17:00:00+00:00,,,,,,,,
208,7467,50.152096,19.919811,274.46,2026-09-30 17:00:00+00:00,2026-09-30 18:00:00+00:00,,,,,,,,
209,7467,50.152096,19.919811,274.46,2026-09-30 18:00:00+00:00,2026-09-30 19:00:00+00:00,,,,,,,,
210,7467,50.152096,19.919811,274.46,2026-09-30 19:00:00+00:00,2026-09-30 20:00:00+00:00,,,,,,,,
211,7467,50.152096,19.919811,274.46,2026-09-30 20:00:00+00:00,2026-09-30 21:00:00+00:00,,,,,,,,
212,7467,50.152096,19.919811,274.46,2026-09-30 21:00:00+00:00,2026-09-30 22:00:00+00:00,,,,,,,,
213,7467,50.152096,19.919811,274.46,2026-09-30 22:00:00+00:00,2026-09-30 23:00:00+00:00,,,,,,,,
214,7467,50.152096,19.919811,274.46,2026-09-30 23:00:00+00:00,2026-10-01 00:00:00+00:00,,,,,,,,
215,7467,50.152096,19.919811,274.46,2026-10-01 00:00:00+00:00,2026-10-01 01:00:00+00:00,,,,,,,,
216,36742,50.141017,19.863014,316.2,2026-09-30 01:00:00+00:00,2026-09-30 02:00:00+00:00,,,,,,,,
217,36742,50.141017,19.863014,316.2,2026-09-30 02:00:00+00:00,2026-09-30 03:00:00+00:00,,,,,,,,
218,36742,50.141017,19.863014,316.2,2026-09-30 03:00:00+00:00,2026-09-30 04:00:00+00:00,,,,,,,,
219,36742,50.141017,19.863014,316.2,2026-09-30 04:00:00+00:00,2026-09-30 05:00:00+00:00,,,,,,,,
220,36742,50.141017,19.863014,316.2,2026-09-30 05:00:00+00:00,2026-09-30 06:00:00+00:00,,,,,,,,
221,36742,50.141017,19.863014,316.2,2026-09-30 06:00:00+00:00,2026-09-30 07:00:00+00:00,,,,,,,,
222,36742,50.141017,19.863014,316.2,2026-09-30 07:00:00+00:00,2026-09-30 08:00:00+00:00,,,,,,,,
223,36742,50.141017,19.863014,316.2,2026-09-30 08:00:00+00:00,2026-09-30 09:00:00+00:00,,,,,,,,
224,36742,50.141017,19.863014,316.2,2026-09-30 09:00:00+00:00,2026-09-30 10:00:00+00:00,,,,,,,,
225,36742,50.141017,19.863014,316.2,2026-09-30 10:00:00+00:00,2026-09-30 11:00:00+00:00,,,,,,,,
226,36742,50.141017,19.863014,316.2,2026-09-30 11:00:00+00:00,2026-09-30 12:00:00+00:00,,,,,,,,
227,36742,50.141017,19.863014,316.2,2026-09-30 12:00:00+00:00,2026-09-30 13:00:00+00:00,,,,,,,,
228,36742,50.141017,19.863014,316.2,2026-09-30 13:00:00+00:00,2026-09-30 14:00:00+00:00,,,,,,,,
229,36742,50.141017,19.863014,316.2,2026-09-30 14:00:00+00:00,2026-09-30 15:00:00+00:00,,,,,,,,
230,36742,50.141017,19.863014,316.2,2026-09-30 15:00:00+00:00,2026-09-30 16:00:00+00:00,,,,,,,,
231,36742,50.141017,19.863014,316.2,2026-09-30 16:00:00+00:00,2026-09-30 17:00:00+00:00,,,,,,,,
232,36742,50.141017,19.863014,316.2,2026-09-30 17:00:00+00:00,2026-09-30 18:00:00+00:00,,,,,,,,
233,36742,50.141017,19.863014,316.2,2026-09-30 18:00:00+00:00,2026-09-30 19:00:00+00:00,,,,,,,,
234,36742,50.141017,19.863014,316.2,2026-09-30 19:00:00+00:00,2026-09-30 20:00:00+00:00,,,,,,,,
235,36742,50.141017,19.863014,316.2,2026-09-30 20:00:00+00:00,2026-09-30 21:00:00+00:00,,,,,,,,
236,36742,50.141017,19.863014,316.2,2026-09-30 21:00:00+00:00,2026-09-30 22:00:00+00:00,,,,,,,,
237,36742,50.141017,19.863014,316.2,2026-09-30 22:00:00+00:00,2026-09-30 23:00:00+00:00,,,,,,,,
238,36742,50.141017,19.863014,316.2,2026-09-30 23:00:00+00:00,2026-10-01 00:00:00+00:00,,,,,,,,
239,36742,50.141017,19.863014,316.2,2026-10-01 00:00:00+00:00,2026-10-01 01:00:00+00:00,,,,,,,,
240,86909,50.084134,19.968416,210.94,2026-09-30 01:00:00+00:00,2026-09-30 02:00:00+00:00,8.73,12.66,15.12,1030.0,89.85,8.08,2.3,129.86
241,86909,50.084134,19.968416,210.94,2026-09-30 02:00:00+00:00,2026-09-30 03:00:00+00:00,8.84,12.73,15.21,1030.06,91.04,7.56,1.73,106.78
242,86909,50.084134,19.968416,210.94,2026-09-30 03:00:00+00:00,2026-09-30 04:00:00+00:00,9.2,13.38,16.14,1030.21,91.06,7.28,4.04,56.49
243,86909,50.084134,19.968416,210.94,2026-09-30 04:00:00+00:00,2026-09-30 05:00:00+00:00,9.71,14.01,17.04,1030.38,92.38,6.73,3.3,63.92
244,86909,50.084134,19.968416,210.94,2026-09-30 05:00:00+00:00,2026-09-30 06:00:00+00:00,10.32,15.1,18.1,1030.65,93.9,6.61,2.26,122.64
245,86909,50.084134,19.968416,210.94,2026-09-30 06:00:00+00:00,2026-09-30 07:00:00+00:00,9.35,13.52,16.21,1030.85,86.84,9.79,2.63,104.89
246,86909,50.084134,19.968416,210.94,2026-09-30 07:00:00+00:00,2026-09-30 08:00:00+00:00,8.25,11.94,14.32,1031.07,75.55,12.0,3.12,79.96
247,86909,50.084134,19.968416,210.94,2026-09-30 08:00:00+00:00,2026-09-30 09:00:00+00:00,7.08,10.15,12.22,1031.15,65.95,14.41,4.51,71.11
248,86909,50.084134,19.968416,210.94,2026-09-30 09:00:00+00:00,2026-09-30 10:00:00+00:00,5.58,7.93,9.56,1031.0,70.75,15.85,5.58,69.84
249,86909,50.084134,19.968416,210.94,2026-09-30 10:00:00+00:00,2026-09-30 11:00:00+00:00,4.57,6.48,7.69,1030.9,65.71,17.27,6.27,72.0
250,86909,50.084134,19.968416,210.94,2026-09-30 11:00:00+00:00,2026-09-30 12:00:00+00:00,4.68,6.65,7.86,1030.41,59.23,19.11,7.1,82.19
251,86909,50.084134,19.968416,210.94,2026-09-30 12:00:00+00:00,2026-09-30 13:00:00+00:00,4.26,6.02,7.17,1029.89,47.15,20.2,7.37,86.68
252,86909,50.084134,19.968416,210.94,2026-09-30 13:00:00+00:00,2026-09-30 14:00:00+00:00,2.86,4.08,4.86,1029.4,36.47,20.68,8.21,80.73
253,86909,50.084134,19.968416,210.94,2026-09-30 14:00:00+00:00,2026-09-30 15:00:00+00:00,3.32,4.81,5.83,1028.96,37.04,20.74,9.68,92.74
254,86909,50.084134,19.968416,210.94,2026-09-30 15:00:00+00:00,2026-09-30 16:00:00+00:00,3.36,4.86,5.8,1028.75,54.55,19.96,10.7,88.32
255,86909,50.084134,19.968416,210.94,2026-09-30 16:00:00+00:00,2026-09-30 17:00:00+00:00,4.06,5.87,6.98,1028.74,60.86,18.53,11.35,82.56
256,86909,50.084134,19.968416,210.94,2026-09-30 17:00:00+00:00,2026-09-30 18:00:00+00:00,4.43,6.3,7.51,1028.95,63.73,16.89,10.93,87.37
257,86909,50.084134,19.968416,210.94,2026-09-30 18:00:00+00:00,2026-09-30 19:00:00+00:00,5.22,7.27,8.62,1029.15,69.45,14.93,9.45,91.13
258,86909,50.084134,19.968416,210.94,2026-09-30 19:00:00+00:00,2026-09-30 20:00:00+00:00,5.64,8.1,9.7,1029.33,73.88,13.61,8.58,87.31
259,86909,50.084134,19.968416,210.94,2026-09-30 20:00:00+00:00,2026-09-30 21:00:00+00:00,5.68,8.04,9.58,1029.54,76.16,12.76,8.2,84.86
260,86909,50.084134,19.968416,210.94,2026-09-30 21:00:00+00:00,2026-09-30 22:00:00+00:00,5.82,8.37,10.06,1029.66,78.66,12.04,7.49,80.87
261,86909,50.084134,19.968416,210.94,2026-09-30 22:00:00+00:00,2026-09-30 23:00:00+00:00,5.49,7.78,9.32,1029.68,81.84,11.39,5.77,78.17
262,86909,50.084134,19.968416,210.94,2026-09-30 23:00:00+00:00,2026-10-01 00:00:00+00:00,5.52,7.8,9.27,1029.73,82.98,10.87,6.34,68.88
263,86909,50.084134,19.968416,210.94,2026-10-01 00:00:00+00:00,2026-10-01 01:00:00+00:00,5.77,8.12,9.79,1029.58,86.61,9.88,4.77,80.0
264,80731,50.09422,19.905241,224.07,2026-09-30 01:00:00+00:00,2026-09-30 02:00:00+00:00,10.61,14.25,18.26,1028.78,68.6,7.45,2.79,115.81
265,80731,50.09422,19.905241,224.07,2026-09-30 02:00:00+00:00,2026-09-30 03:00:00+00:00,10.59,14.35,18.48,1028.81,70.54,6.56,2.3,116.12
266,80731,50.09422,19.905241,224.07,2026-09-30 03:00:00+00:00,2026-09-30 04:00:00+00:00,10.76,14.54,18.52,1028.95,70.28,6.11,2.06,126.34
267,80731,50.09422,19.905241,224.07,2026-09-30 04:00:00+00:00,2026-09-30 05:00:00+00:00,10.35,13.81,17.5,1029.12,70.91,5.61,2.11,126.83
268,80731,50.09422,19.905241,224.07,2026-09-30 05:00:00+00:00,2026-09-30 06:00:00+00:00,11.48,15.77,20.29,1029.4,70.79,5.84,2.3,107.57
269,80731,50.09422,19.905241,224.07,2026-09-30 06:00:00+00:00,2026-09-30 07:00:00+00:00,12.09,16.39,21.14,1029.68,66.2,8.42,4.75,62.72
270,80731,50.09422,19.905241,224.07,2026-09-30 07:00:00+00:00,2026-09-30 08:00:00+00:00,11.04,14.7,18.71,1029.92,61.4,11.06,4.55,72.0
271,80731,50.09422,19.905241,224.07,2026-09-30 08:00:00+00:00,2026-09-30 09:00:00+00:00,8.98,11.82,14.87,1030.01,56.11,13.7,5.24,71.82
272,80731,50.09422,19.905241,224.07,2026-09-30 09:00:00+00:00,2026-09-30 10:00:00+00:00,6.46,8.25,10.09,1029.77,50.58,20.31,5.6,70.29
273,80731,50.09422,19.905241,224.07,2026-09-30 10:00:00+00:00,2026-09-30 11:00:00+00:00,5.4,6.87,8.22,1029.66,45.43,23.55,6.6,76.2
274,80731,50.09422,19.905241,224.07,2026-09-30 11:00:00+00:00,2026-09-30 12:00:00+00:00,5.5,6.77,7.89,1029.24,40.44,25.32,8.71,101.64
275,80731,50.09422,19.905241,224.07,2026-09-30 12:00:00+00:00,2026-09-30 13:00:00+00:00,5.26,6.2,7.3,1028.71,38.26,26.95,7.65,84.0
276,80731,50.09422,19.905241,224.07,2026-09-30 13:00:00+00:00,2026-09-30 14:00:00+00:00,4.24,5.07,5.88,1028.23,36.82,27.1,8.29,83.72
277,80731,50.09422,19.905241,224.07,2026-09-30 14:00:00+00:00,2026-09-30 15:00:00+00:00,3.64,4.44,5.23,1027.83,36.66,25.95,9.17,81.0
278,80731,50.09422,19.905241,224.07,2026-09-30 15:00:00+00:00,2026-09-30 16:00:00+00:00,4.57,5.79,7.08,1027.67,38.76,23.39,10.52,88.38
279,80731,50.09422,19.905241,224.07,2026-09-30 16:00:00+00:00,2026-09-30 17:00:00+00:00,5.1,6.51,8.13,1027.66,42.72,19.4,11.68,90.1
280,80731,50.09422,19.905241,224.07,2026-09-30 17:00:00+00:00,2026-09-30 18:00:00+00:00,6.21,7.92,9.81,1027.81,47.17,16.88,10.67,88.33
281,80731,50.09422,19.905241,224.07,2026-09-30 18:00:00+00:00,2026-09-30 19:00:00+00:00,7.02,9.01,11.23,1028.0,51.67,15.08,9.5,88.14
282,80731,50.09422,19.905241,224.07,2026-09-30 19:00:00+00:00,2026-09-30 20:00:00+00:00,7.44,9.67,12.13,1028.22,53.54,14.22,9.06,85.0
283,80731,50.09422,19.905241,224.07,2026-09-30 20:00:00+00:00,2026-09-30 21:00:00+00:00,7.63,9.92,12.55,1028.43,57.49,12.83,7.71,88.53
284,80731,50.09422,19.905241,224.07,2026-09-30 21:00:00+00:00,2026-09-30 22:00:00+00:00,8.16,10.71,13.62,1028.53,60.49,11.69,6.08,90.7
285,80731,50.09422,19.905241,224.07,2026-09-30 22:00:00+00:00,2026-09-30 23:00:00+00:00,7.97,10.53,13.37,1028.5,62.18,10.72,5.21,88.09
286,80731,50.09422,19.905241,224.07,2026-09-30 23:00:00+00:00,2026-10-01 00:00:00+00:00,8.24,10.79,13.76,1028.57,64.8,9.84,5.34,81.66
287,80731,50.09422,19.905241,224.07,2026-10-01 00:00:00+00:00,2026-10-01 01:00:00+00:00,8.11,10.64,13.56,1028.45,65.54,9.23,4.98,81.45
288,86941,50.057537,19.897547,222.87,2026-09-30 01:00:00+00:00,2026-09-30 02:00:00+00:00,13.35,20.66,25.57,1026.15,68.66,8.42,2.79,115.81
289,86941,50.057537,19.897547,222.87,2026-09-30 02:00:00+00:00,2026-09-30 03:00:00+00:00,12.77,19.72,24.01,1026.2,88.95,7.58,2.3,116.12
290,86941,50.057537,19.897547,222.87,2026-09-30 03:00:00+00:00,2026-09-30 04:00:00+00:00,12.69,19.46,23.27,1026.33,94.94,7.24,2.06,126.25
291,86941,50.057537,19.897547,222.87,2026-09-30 04:00:00+00:00,2026-09-30 05:00:00+00:00,13.28,20.31,24.59,1026.47,89.75,6.74,2.1,126.91
292,86941,50.057537,19.897547,222.87,2026-09-30 05:00:00+00:00,2026-09-30 06:00:00+00:00,14.07,21.51,26.77,1026.76,92.7,6.78,2.23,116.6
293,86941,50.057537,19.897547,222.87,2026-09-30 06:00:00+00:00,2026-09-30 07:00:00+00:00,14.07,21.47,27.02,1027.01,84.18,8.5,4.78,61.86
294,86941,50.057537,19.897547,222.87,2026-09-30 07:00:00+00:00,2026-09-30 08:00:00+00:00,13.45,20.37,25.36,1027.17,77.24,10.79,4.55,72.0
295,86941,50.057537,19.897547,222.87,2026-09-30 08:00:00+00:00,2026-09-30 09:00:00+00:00,11.67,17.05,20.19,1027.19,56.07,13.11,5.24,71.82
296,86941,50.057537,19.897547,222.87,2026-09-30 09:00:00+00:00,2026-09-30 10:00:00+00:00,8.79,12.34,14.45,1027.07,67.71,15.25,5.6,70.29
297,86941,50.057537,19.897547,222.87,2026-09-30 10:00:00+00:00,2026-09-30 11:00:00+00:00,7.98,11.59,13.82,1027.09,63.14,17.16,6.6,76.2
298,86941,50.057537,19.897547,222.87,2026-09-30 11:00:00+00:00,2026-09-30 12:00:00+00:00,6.54,9.24,10.81,1026.65,39.84,18.62,8.71,101.64
299,86941,50.057537,19.897547,222.87,2026-09-30 12:00:00+00:00,2026-09-30 13:00:00+00:00,6.37,8.84,10.29,1026.13,37.64,19.92,7.65,84.0
300,86941,50.057537,19.897547,222.87,2026-09-30 13:00:00+00:00,2026-09-30 14:00:00+00:00,5.12,7.0,8.18,1025.56,51.23,20.56,8.29,83.72
301,86941,50.057537,19.897547,222.87,2026-09-30 14:00:00+00:00,2026-09-30 15:00:00+00:00,4.44,5.94,6.94,1025.08,60.63,20.75,9.17,81.0
302,86941,50.057537,19.897547,222.87,2026-09-30 15:00:00+00:00,2026-09-30 16:00:00+00:00,5.61,7.8,9.15,1024.89,62.88,20.0,10.29,87.28
303,86941,50.057537,19.897547,222.87,2026-09-30 16:00:00+00:00,2026-09-30 17:00:00+00:00,5.73,7.84,9.06,1024.92,66.41,18.31,11.73,90.77
304,86941,50.057537,19.897547,222.87,2026-09-30 17:00:00+00:00,2026-09-30 18:00:00+00:00,6.84,9.35,10.89,1025.13,52.31,16.68,10.8,87.92
305,86941,50.057537,19.897547,222.87,2026-09-30 18:00:00+00:00,2026-09-30 19:00:00+00:00,8.1,11.38,13.31,1025.42,51.35,15.05,9.57,88.64
306,86941,50.057537,19.897547,222.87,2026-09-30 19:00:00+00:00,2026-09-30 20:00:00+00:00,9.23,13.47,15.89,1025.66,53.54,14.14,9.06,85.0
307,86941,50.057537,19.897547,222.87,2026-09-30 20:00:00+00:00,2026-09-30 21:00:00+00:00,8.94,12.82,15.05,1025.94,59.16,12.85,7.71,88.53
308,86941,50.057537,19.897547,222.87,2026-09-30 21:00:00+00:00,2026-09-30 22:00:00+00:00,8.87,12.84,15.15,1026.09,83.94,11.78,6.08,90.7
309,86941,50.057537,19.897547,222.87,2026-09-30 22:00:00+00:00,2026-09-30 23:00:00+00:00,9.12,13.29,15.77,1026.09,86.88,10.96,5.21,88.09
310,86941,50.057537,19.897547,222.87,2026-09-30 23:00:00+00:00,2026-10-01 00:00:00+00:00,9.07,13.62,16.12,1026.2,89.5,10.19,5.34,81.66
311,86941,50.057537,19.897547,222.87,2026-10-01 00:00:00+00:00,2026-10-01 01:00:00+00:00,9.28,13.77,16.31,1026.13,90.25,9.67,4.98,81.45
312,238,50.110831,20.015155,249.81,2026-09-30 01:00:00+00:00,2026-09-30 02:00:00+00:00,,,,,,,,
313,238,50.110831,20.015155,249.81,2026-09-30 02:00:00+00:00,2026-09-30 03:00:00+00:00,,,,,,,,
314,238,50.110831,20.015155,249.81,2026-09-30 03:00:00+00:00,2026-09-30 04:00:00+00:00,,,,,,,,
315,238,50.110831,20.015155,249.81,2026-09-30 04:00:00+00:00,2026-09-30 05:00:00+00:00,,,,,,,,
316,238,50.110831,20.015155,249.81,2026-09-30 05:00:00+00:00,2026-09-30 06:00:00+00:00,,,,,,,,
317,238,50.110831,20.015155,249.81,2026-09-30 06:00:00+00:00,2026-09-30 07:00:00+00:00,,,,,,,,
318,238,50.110831,20.015155,249.81,2026-09-30 07:00:00+00:00,2026-09-30 08:00:00+00:00,,,,,,,,
319,238,50.110831,20.015155,249.81,2026-09-30 08:00:00+00:00,2026-09-30 09:00:00+00:00,,,,,,,,
320,238,50.110831,20.015155,249.81,2026-09-30 09:00:00+00:00,2026-09-30 10:00:00+00:00,,,,,,,,
321,238,50.110831,20.015155,249.81,2026-09-30 10:00:00+00:00,2026-09-30 11:00:00+00:00,,,,,,,,
322,238,50.110831,20.015155,249.81,2026-09-30 11:00:00+00:00,2026-09-30 12:00:00+00:00,,,,,,,,
323,238,50.110831,20.015155,249.81,2026-09-30 12:00:00+00:00,2026-09-30 13:00:00+00:00,,,,,,,,
324,238,50.110831,20.015155,249.81,2026-09-30 13:00:00+00:00,2026-09-30 14:00:00+00:00,,,,,,,,
325,238,50.110831,20.015155,249.81,2026-09-30 14:00:00+00:00,2026-09-30 15:00:00+00:00,,,,,,,,
326,238,50.110831,20.015155,249.81,2026-09-30 15:00:00+00:00,2026-09-30 16:00:00+00:00,,,,,,,,
327,238,50.110831,20.015155,249.81,2026-09-30 16:00:00+00:00,2026-09-30 17:00:00+00:00,,,,,,,,
328,238,50.110831,20.015155,249.81,2026-09-30 17:00:00+00:00,2026-09-30 18:00:00+00:00,,,,,,,,
329,238,50.110831,20.015155,249.81,2026-09-30 18:00:00+00:00,2026-09-30 19:00:00+00:00,,,,,,,,
330,238,50.110831,20.015155,249.81,2026-09-30 19:00:00+00:00,2026-09-30 20:00:00+00:00,,,,,,,,
331,238,50.110831,20.015155,249.81,2026-09-30 20:00:00+00:00,2026-09-30 21:00:00+00:00,,,,,,,,
332,238,50.110831,20.015155,249.81,2026-09-30 21:00:00+00:00,2026-09-30 22:00:00+00:00,,,,,,,,
333,238,50.110831,20.015155,249.81,2026-09-30 22:00:00+00:00,2026-09-30 23:00:00+00:00,,,,,,,,
334,238,50.110831,20.015155,249.81,2026-09-30 23:00:00+00:00,2026-10-01 00:00:00+00:00,,,,,,,,
335,238,50.110831,20.015155,249.81,2026-10-01 00:00:00+00:00,2026-10-01 01:00:00+00:00,,,,,,,,
336,32810,50.155872,20.02762,286.45,2026-09-30 01:00:00+00:00,2026-09-30 02:00:00+00:00,11.82,17.15,21.93,1026.82,85.34,8.55,4.86,72.42
337,32810,50.155872,20.02762,286.45,2026-09-30 02:00:00+00:00,2026-09-30 03:00:00+00:00,12.25,17.67,22.88,1026.83,93.58,7.97,4.27,63.82
338,32810,50.155872,20.02762,286.45,2026-09-30 03:00:00+00:00,2026-09-30 04:00:00+00:00,12.31,17.93,23.64,1026.96,91.21,7.27,4.54,62.41
339,32810,50.155872,20.02762,286.45,2026-09-30 04:00:00+00:00,2026-09-30 05:00:00+00:00,12.2,17.8,23.42,1027.11,93.89,6.82,4.0,54.22
340,32810,50.155872,20.02762,286.45,2026-09-30 05:00:00+00:00,2026-09-30 06:00:00+00:00,12.6,18.42,24.57,1027.39,87.93,6.85,3.88,55.58
341,32810,50.155872,20.02762,286.45,2026-09-30 06:00:00+00:00,2026-09-30 07:00:00+00:00,12.81,18.56,24.98,1027.7,67.84,8.01,4.65,66.0
342,32810,50.155872,20.02762,286.45,2026-09-30 07:00:00+00:00,2026-09-30 08:00:00+00:00,12.34,17.73,23.16,1027.93,60.33,10.82,4.82,80.31
343,32810,50.155872,20.02762,286.45,2026-09-30 08:00:00+00:00,2026-09-30 09:00:00+00:00,10.75,15.08,19.21,1028.06,53.82,13.46,6.31,89.1
344,32810,50.155872,20.02762,286.45,2026-09-30 09:00:00+00:00,2026-09-30 10:00:00+00:00,9.78,13.71,18.43,1028.03,47.8,15.81,8.07,100.38
345,32810,50.155872,20.02762,286.45,2026-09-30 10:00:00+00:00,2026-09-30 11:00:00+00:00,7.44,10.0,12.61,1028.03,42.42,17.85,8.81,106.21
346,32810,50.155872,20.02762,286.45,2026-09-30 11:00:00+00:00,2026-09-30 12:00:00+00:00,6.1,7.63,9.73,1027.5,57.78,23.09,9.74,116.33
347,32810,50.155872,20.02762,286.45,2026-09-30 12:00:00+00:00,2026-09-30 13:00:00+00:00,5.57,6.57,8.56,1026.75,61.38,26.09,10.25,122.19
348,32810,50.155872,20.02762,286.45,2026-09-30 13:00:00+00:00,2026-09-30 14:00:00+00:00,3.93,4.64,5.84,1026.2,60.38,26.17,10.85,123.0
349,32810,50.155872,20.02762,286.45,2026-09-30 14:00:00+00:00,2026-09-30 15:00:00+00:00,4.52,5.37,6.65,1025.81,60.88,25.69,11.01,112.98
350,32810,50.155872,20.02762,286.45,2026-09-30 15:00:00+00:00,2026-09-30 16:00:00+00:00,7.7,10.42,13.7,1025.63,63.25,22.14,11.95,105.62
351,32810,50.155872,20.02762,286.45,2026-09-30 16:00:00+00:00,2026-09-30 17:00:00+00:00,8.76,11.82,15.55,1025.74,66.81,18.41,12.94,97.89
352,32810,50.155872,20.02762,286.45,2026-09-30 17:00:00+00:00,2026-09-30 18:00:00+00:00,8.4,11.74,15.19,1026.04,71.69,16.05,12.61,93.05
353,32810,50.155872,20.02762,286.45,2026-09-30 18:00:00+00:00,2026-09-30 19:00:00+00:00,7.95,10.8,13.83,1026.29,75.25,14.7,12.16,86.04
354,32810,50.155872,20.02762,286.45,2026-09-30 19:00:00+00:00,2026-09-30 20:00:00+00:00,7.87,10.75,13.61,1026.53,78.25,13.83,11.17,85.46
355,32810,50.155872,20.02762,286.45,2026-09-30 20:00:00+00:00,2026-09-30 21:00:00+00:00,8.39,11.54,14.8,1026.75,81.25,12.49,10.21,86.73
356,32810,50.155872,20.02762,286.45,2026-09-30 21:00:00+00:00,2026-09-30 22:00:00+00:00,9.97,14.01,17.91,1026.81,82.56,11.67,8.59,84.16
357,32810,50.155872,20.02762,286.45,2026-09-30 22:00:00+00:00,2026-09-30 23:00:00+00:00,9.92,14.07,18.08,1026.87,83.88,11.2,7.35,74.3
358,32810,50.155872,20.02762,286.45,2026-09-30 23:00:00+00:00,2026-10-01 00:00:00+00:00,9.22,12.97,16.48,1026.88,85.75,10.46,7.43,74.4
359,32810,50.155872,20.02762,286.45,2026-10-01 00:00:00+00:00,2026-10-01 01:00:00+00:00,9.37,13.26,17.0,1026.75,88.0,9.62,7.39,74.03
360,7617,50.126232,19.954121,257.93,2026-09-30 01:00:00+00:00,2026-09-30 02:00:00+00:00,,,,,,,,
361,7617,50.126232,19.954121,257.93,2026-09-30 02:00:00+00:00,2026-09-30 03:00:00+00:00,,,,,,,,
362,7617,50.126232,19.954121,257.93,2026-09-30 03:00:00+00:00,2026-09-30 04:00:00+00:00,,,,,,,,
363,7617,50.126232,19.954121,257.93,2026-09-30 04:00:00+00:00,2026-09-30 05:00:00+00:00,,,,,,,,
364,7617,50.126232,19.954121,257.93,2026-09-30 05:00:00+00:00,2026-09-30 06:00:00+00:00,,,,,,,,
365,7617,50.126232,19.954121,257.93,2026-09-30 06:00:00+00:00,2026-09-30 07:00:00+00:00,,,,,,,,
366,7617,50.126232,19.954121,257.93,2026-09-30 07:00:00+00:00,2026-09-30 08:00:00+00:00,,,,,,,,
367,7617,50.126232,19.954121,257.93,2026-09-30 08:00:00+00:00,2026-09-30 09:00:00+00:00,,,,,,,,
368,7617,50.126232,19.954121,257.93,2026-09-30 09:00:00+00:00,2026-09-30 10:00:00+00:00,,,,,,,,
369,7617,50.126232,19.954121,257.93,2026-09-30 10:00:00+00:00,2026-09-30 11:00:00+00:00,,,,,,,,
370,7617,50.126232,19.954121,257.93,2026-09-30 11:00:00+00:00,2026-09-30 12:00:00+00:00,,,,,,,,
371,7617,50.126232,19.954121,257.93,2026-09-30 12:00:00+00:00,2026-09-30 13:00:00+00:00,,,,,,,,
372,7617,50.126232,19.954121,257.93,2026-09-30 13:00:00+00:00,2026-09-30 14:00:00+00:00,,,,,,,,
373,7617,50.126232,19.954121,257.93,2026-09-30 14:00:00+00:00,2026-09-30 15:00:00+00:00,,,,,,,,
374,7617,50.126232,19.954121,257.93,2026-09-30 15:00:00+00:00,2026-09-30 16:00:00+00:00,,,,,,,,
375,7617,50.126232,19.954121,257.93,2026-09-30 16:00:00+00:00,2026-09-30 17:00:00+00:00,,,,,,,,
376,7617,50.126232,19.954121,257.93,2026-09-30 17:00:00+00:00,2026-09-30 18:00:00+00:00,,,,,,,,
377,7617,50.126232,19.954121,257.93,2026-09-30 18:00:00+00:00,2026-09-30 19:00:00+00:00,,,,,,,,
378,7617,50.126232,19.954121,257.93,2026-09-30 19:00:00+00:00,2026-09-30 20:00:00+00:00,,,,,,,,
379,7617,50.126232,19.954121,257.93,2026-09-30 20:00:00+00:00,2026-09-30 21:00:00+00:00,,,,,,,,
380,7617,50.126232,19.954121,257.93,2026-09-30 21:00:00+00:00,2026-09-30 22:00:00+00:00,,,,,,,,
381,7617,50.126232,19.954121,257.93,2026-09-30 22:00:00+00:00,2026-09-30 23:00:00+00:00,,,,,,,,
382,7617,50.126232,19.954121,257.93,2026-09-30 23:00:00+00:00,2026-10-01 00:00:00+00:00,,,,,,,,
383,7617,50.126232,19.954121,257.93,2026-10-01 00:00:00+00:00,2026-10-01 01:00:00+00:00,,,,,,,,
384,86910,49.991052,19.913596,234.64,2026-09-30 01:00:00+00:00,2026-09-30 02:00:00+00:00,9.27,13.65,16.85,1028.62,68.41,7.0,2.75,118.59
385,86910,49.991052,19.913596,234.64,2026-09-30 02:00:00+00:00,2026-09-30 03:00:00+00:00,8.99,12.94,15.89,1028.63,69.78,6.08,2.79,118.84
386,86910,49.991052,19.913596,234.64,2026-09-30 03:00:00+00:00,2026-09-30 04:00:00+00:00,9.03,13.11,16.04,1028.84,70.03,5.93,2.03,131.34
387,86910,49.991052,19.913596,234.64,2026-09-30 04:00:00+00:00,2026-09-30 05:00:00+00:00,9.05,13.14,16.11,1028.95,70.66,5.26,2.64,114.67
388,86910,49.991052,19.913596,234.64,2026-09-30 05:00:00+00:00,2026-09-30 06:00:00+00:00,9.42,13.83,17.09,1029.24,70.79,5.73,3.18,106.89
389,86910,49.991052,19.913596,234.64,2026-09-30 06:00:00+00:00,2026-09-30 07:00:00+00:00,10.65,15.64,18.86,1029.3,82.13,9.9,3.03,101.89
390,86910,49.991052,19.913596,234.64,2026-09-30 07:00:00+00:00,2026-09-30 08:00:00+00:00,10.19,14.65,17.39,1029.47,87.38,14.1,3.19,78.93
391,86910,49.991052,19.913596,234.64,2026-09-30 08:00:00+00:00,2026-09-30 09:00:00+00:00,8.04,11.26,13.22,1029.6,80.88,17.31,5.16,71.64
392,86910,49.991052,19.913596,234.64,2026-09-30 09:00:00+00:00,2026-09-30 10:00:00+00:00,7.43,10.66,12.93,1029.44,75.0,19.65,5.88,70.33
393,86910,49.991052,19.913596,234.64,2026-09-30 10:00:00+00:00,2026-09-30 11:00:00+00:00,6.27,8.6,10.12,1029.32,69.5,21.62,6.51,74.18
394,86910,49.991052,19.913596,234.64,2026-09-30 11:00:00+00:00,2026-09-30 12:00:00+00:00,4.9,6.59,7.75,1028.91,66.0,22.41,7.07,80.8
395,86910,49.991052,19.913596,234.64,2026-09-30 12:00:00+00:00,2026-09-30 13:00:00+00:00,3.95,5.39,6.35,1028.46,63.44,23.42,8.22,78.95
396,86910,49.991052,19.913596,234.64,2026-09-30 13:00:00+00:00,2026-09-30 14:00:00+00:00,3.43,4.51,5.25,1027.94,61.63,23.95,8.81,80.63
397,86910,49.991052,19.913596,234.64,2026-09-30 14:00:00+00:00,2026-09-30 15:00:00+00:00,3.59,4.94,5.83,1027.49,61.88,21.55,9.17,76.75
398,86910,49.991052,19.913596,234.64,2026-09-30 15:00:00+00:00,2026-09-30 16:00:00+00:00,4.13,5.71,6.81,1027.32,64.69,20.2,10.01,73.81
399,86910,49.991052,19.913596,234.64,2026-09-30 16:00:00+00:00,2026-09-30 17:00:00+00:00,4.33,6.09,7.27,1027.23,68.0,18.44,10.73,78.59
400,86910,49.991052,19.913596,234.64,2026-09-30 17:00:00+00:00,2026-09-30 18:00:00+00:00,5.05,7.08,8.48,1027.41,71.44,16.68,10.46,87.19
401,86910,49.991052,19.913596,234.64,2026-09-30 18:00:00+00:00,2026-09-30 19:00:00+00:00,6.56,9.21,10.84,1027.62,75.63,14.98,9.56,88.09
402,86910,49.991052,19.913596,234.64,2026-09-30 19:00:00+00:00,2026-09-30 20:00:00+00:00,8.37,11.97,14.32,1027.8,79.0,13.67,8.71,85.47
403,86910,49.991052,19.913596,234.64,2026-09-30 20:00:00+00:00,2026-09-30 21:00:00+00:00,8.64,12.47,15.07,1028.09,82.38,12.45,7.64,81.84
404,86910,49.991052,19.913596,234.64,2026-09-30 21:00:00+00:00,2026-09-30 22:00:00+00:00,8.77,12.59,15.28,1028.29,64.03,11.46,6.25,80.48
405,86910,49.991052,19.913596,234.64,2026-09-30 22:00:00+00:00,2026-09-30 23:00:00+00:00,8.9,12.99,15.58,1028.28,62.53,10.19,5.33,85.0
406,86910,49.991052,19.913596,234.64,2026-09-30 23:00:00+00:00,2026-10-01 00:00:00+00:00,8.52,12.12,14.72,1028.39,64.78,9.4,5.14,81.53
407,86910,49.991052,19.913596,234.64,2026-10-01 00:00:00+00:00,2026-10-01 01:00:00+00:00,8.76,12.36,14.93,1028.26,66.28,8.79,4.94,79.94
408,7385,49.969677,19.980179,281.69,2026-09-30 01:00:00+00:00,2026-09-30 02:00:00+00:00,0.57,0.9,1.12,1026.22,,,2.57,160.98
409,7385,49.969677,19.980179,281.69,2026-09-30 02:00:00+00:00,2026-09-30 03:00:00+00:00,0.27,0.6,0.71,1026.27,,,1.69,161.1
410,7385,49.969677,19.980179,281.69,2026-09-30 03:00:00+00:00,2026-09-30 04:00:00+00:00,0.37,0.7,0.82,1026.42,,,1.79,141.28
411,7385,49.969677,19.980179,281.69,2026-09-30 04:00:00+00:00,2026-09-30 05:00:00+00:00,0.2,0.37,0.44,1026.52,,,1.66,159.82
412,7385,49.969677,19.980179,281.69,2026-09-30 05:00:00+00:00,2026-09-30 06:00:00+00:00,0.2,0.36,0.43,1026.85,,,1.96,156.2
413,7385,49.969677,19.980179,281.69,2026-09-30 06:00:00+00:00,2026-09-30 07:00:00+00:00,0.1,0.15,0.18,1027.01,,,3.01,148.0
414,7385,49.969677,19.980179,281.69,2026-09-30 07:00:00+00:00,2026-09-30 08:00:00+00:00,0.21,0.4,0.53,1027.15,,,2.58,106.8
415,7385,49.969677,19.980179,281.69,2026-09-30 08:00:00+00:00,2026-09-30 09:00:00+00:00,0.15,0.33,0.4,1027.19,,,4.16,73.73
416,7385,49.969677,19.980179,281.69,2026-09-30 09:00:00+00:00,2026-09-30 10:00:00+00:00,0.36,0.66,0.84,1027.05,,,4.94,70.0
417,7385,49.969677,19.980179,281.69,2026-09-30 10:00:00+00:00,2026-09-30 11:00:00+00:00,0.28,0.6,0.82,1026.82,,,5.88,73.93
418,7385,49.969677,19.980179,281.69,2026-09-30 11:00:00+00:00,2026-09-30 12:00:00+00:00,0.22,0.52,0.67,1026.21,,,6.83,81.98
419,7385,49.969677,19.980179,281.69,2026-09-30 12:00:00+00:00,2026-09-30 13:00:00+00:00,0.21,0.47,0.64,1025.64,,,11.88,90.81
420,7385,49.969677,19.980179,281.69,2026-09-30 13:00:00+00:00,2026-09-30 14:00:00+00:00,0.14,0.34,0.47,1025.12,,,9.61,90.05
421,7385,49.969677,19.980179,281.69,2026-09-30 14:00:00+00:00,2026-09-30 15:00:00+00:00,0.17,0.44,0.62,1024.73,,,9.23,82.8
422,7385,49.969677,19.980179,281.69,2026-09-30 15:00:00+00:00,2026-09-30 16:00:00+00:00,0.13,0.29,0.39,1024.76,,,10.97,81.78
423,7385,49.969677,19.980179,281.69,2026-09-30 16:00:00+00:00,2026-09-30 17:00:00+00:00,0.06,0.16,0.19,1024.86,,,11.9,84.28
424,7385,49.969677,19.980179,281.69,2026-09-30 17:00:00+00:00,2026-09-30 18:00:00+00:00,0.15,0.28,0.33,1024.98,,,11.19,93.79
425,7385,49.969677,19.980179,281.69,2026-09-30 18:00:00+00:00,2026-09-30 19:00:00+00:00,0.08,0.2,0.23,1025.15,,,9.7,97.0
426,7385,49.969677,19.980179,281.69,2026-09-30 19:00:00+00:00,2026-09-30 20:00:00+00:00,0.21,0.31,0.36,1025.32,,,8.94,95.22
427,7385,49.969677,19.980179,281.69,2026-09-30 20:00:00+00:00,2026-09-30 21:00:00+00:00,0.18,0.31,0.39,1025.5,,,7.69,89.54
428,7385,49.969677,19.980179,281.69,2026-09-30 21:00:00+00:00,2026-09-30 22:00:00+00:00,0.24,0.49,0.68,1025.77,,,6.05,93.19
429,7385,49.969677,19.980179,281.69,2026-09-30 22:00:00+00:00,2026-09-30 23:00:00+00:00,0.38,0.74,0.9,1025.8,,,4.57,96.0
430,7385,49.969677,19.980179,281.69,2026-09-30 23:00:00+00:00,2026-10-01 00:00:00+00:00,0.28,0.47,0.64,1025.89,,,4.98,83.0
431,7385,49.969677,19.980179,281.69,2026-10-01 00:00:00+00:00,2026-10-01 01:00:00+00:00,0.34,0.6,0.74,1025.8,,,4.32,79.38
432,6887,49.93483,19.961107,376.38,2026-09-30 01:00:00+00:00,2026-09-30 02:00:00+00:00,11.53,17.84,21.7,1024.59,70.1,6.42,4.8,181.0
433,6887,49.93483,19.961107,376.38,2026-09-30 02:00:00+00:00,2026-09-30 03:00:00+00:00,7.09,10.66,12.57,1024.62,70.47,6.19,4.14,180.96
434,6887,49.93483,19.961107,376.38,2026-09-30 03:00:00+00:00,2026-09-30 04:00:00+00:00,6.59,9.78,11.65,1024.82,70.1,5.93,3.39,171.58
435,6887,49.93483,19.961107,376.38,2026-09-30 04:00:00+00:00,2026-09-30 05:00:00+00:00,6.79,10.05,11.9,1024.95,70.41,5.69,3.25,166.94
436,6887,49.93483,19.961107,376.38,2026-09-30 05:00:00+00:00,2026-09-30 06:00:00+00:00,7.42,10.56,12.47,1025.22,69.95,6.53,3.2,160.27
437,6887,49.93483,19.961107,376.38,2026-09-30 06:00:00+00:00,2026-09-30 07:00:00+00:00,6.39,8.81,10.22,1025.2,66.67,10.84,2.96,147.02
438,6887,49.93483,19.961107,376.38,2026-09-30 07:00:00+00:00,2026-09-30 08:00:00+00:00,5.35,7.29,8.39,1025.38,61.53,15.14,2.67,116.68
439,6887,49.93483,19.961107,376.38,2026-09-30 08:00:00+00:00,2026-09-30 09:00:00+00:00,4.79,6.49,7.54,1025.58,54.3,18.6,3.35,81.26
440,6887,49.93483,19.961107,376.38,2026-09-30 09:00:00+00:00,2026-09-30 10:00:00+00:00,3.87,5.31,6.14,1025.52,48.8,20.97,3.69,73.0
441,6887,49.93483,19.961107,376.38,2026-09-30 10:00:00+00:00,2026-09-30 11:00:00+00:00,4.19,5.62,6.47,1025.43,45.34,22.89,5.77,74.89
442,6887,49.93483,19.961107,376.38,2026-09-30 11:00:00+00:00,2026-09-30 12:00:00+00:00,4.42,5.92,6.78,1025.08,41.18,23.96,6.3,81.74
443,6887,49.93483,19.961107,376.38,2026-09-30 12:00:00+00:00,2026-09-30 13:00:00+00:00,4.59,6.18,7.15,1024.71,38.82,23.86,6.55,83.0
444,6887,49.93483,19.961107,376.38,2026-09-30 13:00:00+00:00,2026-09-30 14:00:00+00:00,4.04,5.5,6.39,1024.3,37.43,22.89,7.34,79.51
445,6887,49.93483,19.961107,376.38,2026-09-30 14:00:00+00:00,2026-09-30 15:00:00+00:00,4.42,6.17,7.22,1023.92,38.98,21.77,8.22,78.0
446,6887,49.93483,19.961107,376.38,2026-09-30 15:00:00+00:00,2026-09-30 16:00:00+00:00,5.17,7.26,8.41,1023.84,41.73,19.87,9.26,79.17
447,6887,49.93483,19.961107,376.38,2026-09-30 16:00:00+00:00,2026-09-30 17:00:00+00:00,5.18,7.43,8.75,1023.81,44.53,17.66,10.83,82.0
448,6887,49.93483,19.961107,376.38,2026-09-30 17:00:00+00:00,2026-09-30 18:00:00+00:00,6.51,9.48,11.14,1023.87,50.44,15.32,10.79,98.0
449,6887,49.93483,19.961107,376.38,2026-09-30 18:00:00+00:00,2026-09-30 19:00:00+00:00,7.32,10.6,12.46,1024.0,53.73,13.97,8.85,102.94
450,6887,49.93483,19.961107,376.38,2026-09-30 19:00:00+00:00,2026-09-30 20:00:00+00:00,7.91,11.21,13.01,1024.12,57.86,12.61,7.09,108.82
451,6887,49.93483,19.961107,376.38,2026-09-30 20:00:00+00:00,2026-09-30 21:00:00+00:00,8.21,11.5,13.47,1024.23,62.2,11.4,5.61,113.56
452,6887,49.93483,19.961107,376.38,2026-09-30 21:00:00+00:00,2026-09-30 22:00:00+00:00,7.82,11.17,13.12,1024.38,64.09,10.59,4.8,123.0
453,6887,49.93483,19.961107,376.38,2026-09-30 22:00:00+00:00,2026-09-30 23:00:00+00:00,8.75,12.52,14.69,1024.39,63.39,10.11,4.16,111.24
454,6887,49.93483,19.961107,376.38,2026-09-30 23:00:00+00:00,2026-10-01 00:00:00+00:00,9.67,14.16,16.66,1024.46,65.2,9.27,3.73,110.82
455,6887,49.93483,19.961107,376.38,2026-10-01 00:00:00+00:00,2026-10-01 01:00:00+00:00,11.7,17.46,20.95,1024.2,67.45,8.54,3.48,109.35
456,354,50.145447,20.027565,264.02,2026-09-30 01:00:00+00:00,2026-09-30 02:00:00+00:00,,,,,,,,
457,354,50.145447,20.027565,264.02,2026-09-30 02:00:00+00:00,2026-09-30 03:00:00+00:00,,,,,,,,
458,354,50.145447,20.027565,264.02,2026-09-30 03:00:00+00:00,2026-09-30 04:00:00+00:00,,,,,,,,
459,354,50.145447,20.027565,264.02,2026-09-30 04:00:00+00:00,2026-09-30 05:00:00+00:00,,,,,,,,
460,354,50.145447,20.027565,264.02,2026-09-30 05:00:00+00:00,2026-09-30 06:00:00+00:00,,,,,,,,
461,354,50.145447,20.027565,264.02,2026-09-30 06:00:00+00:00,2026-09-30 07:00:00+00:00,,,,,,,,
462,354,50.145447,20.027565,264.02,2026-09-30 07:00:00+00:00,2026-09-30 08:00:00+00:00,,,,,,,,
463,354,50.145447,20.027565,264.02,2026-09-30 08:00:00+00:00,2026-09-30 09:00:00+00:00,,,,,,,,
464,354,50.145447,20.027565,264.02,2026-09-30 09:00:00+00:00,2026-09-30 10:00:00+00:00,,,,,,,,
465,354,50.145447,20.027565,264.02,2026-09-30 10:00:00+00:00,2026-09-30 11:00:00+00:00,,,,,,,,
466,354,50.145447,20.027565,264.02,2026-09-30 11:00:00+00:00,2026-09-30 12:00:00+00:00,,,,,,,,
467,354,50.145447,20.027565,264.02,2026-09-30 12:00:00+00:00,2026-09-30 13:00:00+00:00,,,,,,,,
468,354,50.145447,20.027565,264.02,2026-09-30 13:00:00+00:00,2026-09-30 14:00:00+00:00,,,,,,,,
469,354,50.145447,20.027565,264.02,2026-09-30 14:00:00+00:00,2026-09-30 15:00:00+00:00,,,,,,,,
470,354,50.145447,20.027565,264.02,2026-09-30 15:00:00+00:00,2026-09-30 16:00:00+00:00,,,,,,,,
471,354,50.145447,20.027565,264.02,2026-09-30 16:00:00+00:00,2026-09-30 17:00:00+00:00,,,,,,,,
472,354,50.145447,20.027565,264.02,2026-09-30 17:00:00+00:00,2026-09-30 18:00:00+00:00,,,,,,,,
473,354,50.145447,20.027565,264.02,2026-09-30 18:00:00+00:00,2026-09-30 19:00:00+00:00,,,,,,,,
474,354,50.145447,20.027565,264.02,2026-09-30 19:00:00+00:00,2026-09-30 20:00:00+00:00,,,,,,,,
475,354,50.145447,20.027565,264.02,2026-09-30 20:00:00+00:00,2026-09-30 21:00:00+00:00,,,,,,,,
476,354,50.145447,20.027565,264.02,2026-09-30 21:00:00+00:00,2026-09-30 22:00:00+00:00,,,,,,,,
477,354,50.145447,20.027565,264.02,2026-09-30 22:00:00+00:00,2026-09-30 23:00:00+00:00,,,,,,,,
478,354,50.145447,20.027565,264.02,2026-09-30 23:00:00+00:00,2026-10-01 00:00:00+00:00,,,,,,,,
479,354,50.145447,20.027565,264.02,2026-10-01 00:00:00+00:00,2026-10-01 01:00:00+00:00,,,,,,,,
480,7554,50.145735,19.923545,261.82,2026-09-30 01:00:00+00:00,2026-09-30 02:00:00+00:00,10.51,17.01,21.35,1027.44,69.29,7.61,2.79,115.81
481,7554,50.145735,19.923545,261.82,2026-09-30 02:00:00+00:00,2026-09-30 03:00:00+00:00,10.29,17.06,21.51,1027.43,71.51,6.77,2.3,116.12
482,7554,50.145735,19.923545,261.82,2026-09-30 03:00:00+00:00,2026-09-30 04:00:00+00:00,10.74,17.83,22.77,1027.58,71.74,6.37,2.06,126.34
483,7554,50.145735,19.923545,261.82,2026-09-30 04:00:00+00:00,2026-09-30 05:00:00+00:00,10.9,18.03,23.23,1027.75,70.94,5.88,2.11,126.83
484,7554,50.145735,19.923545,261.82,2026-09-30 05:00:00+00:00,2026-09-30 06:00:00+00:00,10.89,17.96,23.12,1027.99,70.82,6.31,2.3,107.57
485,7554,50.145735,19.923545,261.82,2026-09-30 06:00:00+00:00,2026-09-30 07:00:00+00:00,9.97,17.32,21.06,1028.1,66.26,9.26,4.75,62.72
486,7554,50.145735,19.923545,261.82,2026-09-30 07:00:00+00:00,2026-09-30 08:00:00+00:00,8.43,14.58,17.31,1028.22,74.25,12.21,4.55,72.0
487,7554,50.145735,19.923545,261.82,2026-09-30 08:00:00+00:00,2026-09-30 09:00:00+00:00,7.87,13.2,15.43,1028.49,78.47,14.13,5.24,71.82
488,7554,50.145735,19.923545,261.82,2026-09-30 09:00:00+00:00,2026-09-30 10:00:00+00:00,6.42,10.56,12.51,1028.44,74.81,15.7,5.6,70.29
489,7554,50.145735,19.923545,261.82,2026-09-30 10:00:00+00:00,2026-09-30 11:00:00+00:00,6.12,10.15,12.03,1028.36,69.56,17.56,6.6,76.2
490,7554,50.145735,19.923545,261.82,2026-09-30 11:00:00+00:00,2026-09-30 12:00:00+00:00,5.66,9.12,10.7,1027.98,64.56,18.89,8.71,101.64
491,7554,50.145735,19.923545,261.82,2026-09-30 12:00:00+00:00,2026-09-30 13:00:00+00:00,5.69,9.31,11.02,1027.47,61.22,20.11,7.65,84.0
492,7554,50.145735,19.923545,261.82,2026-09-30 13:00:00+00:00,2026-09-30 14:00:00+00:00,4.66,7.53,8.81,1026.93,39.86,20.7,8.29,83.72
493,7554,50.145735,19.923545,261.82,2026-09-30 14:00:00+00:00,2026-09-30 15:00:00+00:00,3.64,5.94,7.1,1026.49,53.73,20.99,9.17,81.0
494,7554,50.145735,19.923545,261.82,2026-09-30 15:00:00+00:00,2026-09-30 16:00:00+00:00,4.75,7.84,9.28,1026.35,38.53,20.03,10.52,88.38
495,7554,50.145735,19.923545,261.82,2026-09-30 16:00:00+00:00,2026-09-30 17:00:00+00:00,6.18,10.82,13.01,1026.4,54.21,18.16,11.68,90.1
496,7554,50.145735,19.923545,261.82,2026-09-30 17:00:00+00:00,2026-09-30 18:00:00+00:00,8.06,14.24,17.47,1026.63,59.67,16.34,10.67,88.33
497,7554,50.145735,19.923545,261.82,2026-09-30 18:00:00+00:00,2026-09-30 19:00:00+00:00,6.64,11.58,13.88,1026.88,51.65,14.78,9.5,88.14
498,7554,50.145735,19.923545,261.82,2026-09-30 19:00:00+00:00,2026-09-30 20:00:00+00:00,6.88,12.11,14.44,1027.04,53.53,14.01,9.06,85.0
499,7554,50.145735,19.923545,261.82,2026-09-30 20:00:00+00:00,2026-09-30 21:00:00+00:00,7.18,12.88,15.45,1027.25,57.48,12.7,7.71,88.53
500,7554,50.145735,19.923545,261.82,2026-09-30 21:00:00+00:00,2026-09-30 22:00:00+00:00,6.95,11.68,13.84,1027.37,60.48,11.56,6.08,90.7
501,7554,50.145735,19.923545,261.82,2026-09-30 22:00:00+00:00,2026-09-30 23:00:00+00:00,7.63,12.81,15.07,1027.4,62.29,10.44,5.21,88.09
502,7554,50.145735,19.923545,261.82,2026-09-30 23:00:00+00:00,2026-10-01 00:00:00+00:00,7.52,13.17,15.6,1027.46,66.01,9.58,5.34,81.66
503,7554,50.145735,19.923545,261.82,2026-10-01 00:00:00+00:00,2026-10-01 01:00:00+00:00,7.65,13.09,15.43,1027.35,68.08,9.06,4.98,81.45
504,7055,50.15751,19.845108,384.43,2026-09-30 01:00:00+00:00,2026-09-30 02:00:00+00:00,,,,,,,,
505,7055,50.15751,19.845108,384.43,2026-09-30 02:00:00+00:00,2026-09-30 03:00:00+00:00,,,,,,,,
506,7055,50.15751,19.845108,384.43,2026-09-30 03:00:00+00:00,2026-09-30 04:00:00+00:00,,,,,,,,
507,7055,50.15751,19.845108,384.43,2026-09-30 04:00:00+00:00,2026-09-30 05:00:00+00:00,,,,,,,,
508,7055,50.15751,19.845108,384.43,2026-09-30 05:00:00+00:00,2026-09-30 06:00:00+00:00,,,,,,,,
509,7055,50.15751,19.845108,384.43,2026-09-30 06:00:00+00:00,2026-09-30 07:00:00+00:00,,,,,,,,
510,7055,50.15751,19.845108,384.43,2026-09-30 07:00:00+00:00,2026-09-30 08:00:00+00:00,,,,,,,,
511,7055,50.15751,19.845108,384.43,2026-09-30 08:00:00+00:00,2026-09-30 09:00:00+00:00,,,,,,,,
512,7055,50.15751,19.845108,384.43,2026-09-30 09:00:00+00:00,2026-09-30 10:00:00+00:00,,,,,,,,
513,7055,50.15751,19.845108,384.43,2026-09-30 10:00:00+00:00,2026-09-30 11:00:00+00:00,,,,,,,,
514,7055,50.15751,19.845108,384.43,2026-09-30 11:00:00+00:00,2026-09-30 12:00:00+00:00,,,,,,,,
515,7055,50.15751,19.845108,384.43,2026-09-30 12:00:00+00:00,2026-09-30 13:00:00+00:00,,,,,,,,
516,7055,50.15751,19.845108,384.43,2026-09-30 13:00:00+00:00,2026-09-30 14:00:00+00:00,,,,,,,,
517,7055,50.15751,19.845108,384.43,2026-09-30 14:00:00+00:00,2026-09-30 15:00:00+00:00,,,,,,,,
518,7055,50.15751,19.845108,384.43,2026-09-30 15:00:00+00:00,2026-09-30 16:00:00+00:00,,,,,,,,
519,7055,50.15751,19.845108,384.43,2026-09-30 16:00:00+00:00,2026-09-30 17:00:00+00:00,,,,,,,,
520,7055,50.15751,19.845108,384.43,2026-09-30 17:00:00+00:00,2026-09-30 18:00:00+00:00,,,,,,,,
521,7055,50.15751,19.845108,384.43,2026-09-30 18:00:00+00:00,2026-09-30 19:00:00+00:00,,,,,,,,
522,7055,50.15751,19.845108,384.43,2026-09-30 19:00:00+00:00,2026-09-30 20:00:00+00:00,,,,,,,,
523,7055,50.15751,19.845108,384.43,2026-09-30 20:00:00+00:00,2026-09-30 21:00:00+00:00,,,,,,,,
524,7055,50.15751,19.845108,384.43,2026-09-30 21:00:00+00:00,2026-09-30 22:00:00+00:00,,,,,,,,
525,7055,50.15751,19.845108,384.43,2026-09-30 22:00:00+00:00,2026-09-30 23:00:00+00:00,,,,,,,,
526,7055,50.15751,19.845108,384.43,2026-09-30 23:00:00+00:00,2026-10-01 00:00:00+00:00,,,,,,,,
527,7055,50.15751,19.845108,384.43,2026-10-01 00:00:00+00:00,2026-10-01 01:00:00+00:00,,,,,,,,
528,326,49.938755,19.973866,350.11,2026-09-30 01:00:00+00:00,2026-09-30 02:00:00+00:00,11.48,16.48,22.47,1025.41,94.75,6.48,4.8,181.0
529,326,49.938755,19.973866,350.11,2026-09-30 02:00:00+00:00,2026-09-30 03:00:00+00:00,9.17,12.85,17.3,1025.54,95.15,6.17,4.18,181.3
530,326,49.938755,19.973866,350.11,2026-09-30 03:00:00+00:00,2026-09-30 04:00:00+00:00,8.51,11.96,16.14,1025.78,94.75,5.86,3.4,171.78
531,326,49.938755,19.973866,350.11,2026-09-30 04:00:00+00:00,2026-09-30 05:00:00+00:00,9.12,12.6,16.7,1025.98,95.07,5.29,3.25,166.87
532,326,49.938755,19.973866,350.11,2026-09-30 05:00:00+00:00,2026-09-30 06:00:00+00:00,9.32,12.63,16.28,1025.92,94.6,6.2,3.2,160.42
533,326,49.938755,19.973866,350.11,2026-09-30 06:00:00+00:00,2026-09-30 07:00:00+00:00,6.37,8.28,10.08,1025.25,91.29,10.48,2.98,147.92
534,326,49.938755,19.973866,350.11,2026-09-30 07:00:00+00:00,2026-09-30 08:00:00+00:00,5.55,7.34,8.82,1025.46,85.7,13.87,2.67,116.33
535,326,49.938755,19.973866,350.11,2026-09-30 08:00:00+00:00,2026-09-30 09:00:00+00:00,4.94,6.08,7.2,1025.6,78.78,17.03,3.33,81.72
536,326,49.938755,19.973866,350.11,2026-09-30 09:00:00+00:00,2026-09-30 10:00:00+00:00,3.96,4.83,5.63,1025.56,73.0,19.37,3.69,73.0
537,326,49.938755,19.973866,350.11,2026-09-30 10:00:00+00:00,2026-09-30 11:00:00+00:00,4.06,4.88,5.76,1025.52,69.55,20.9,5.78,74.9
538,326,49.938755,19.973866,350.11,2026-09-30 11:00:00+00:00,2026-09-30 12:00:00+00:00,4.19,5.0,5.85,1025.18,65.63,22.33,6.29,81.52
539,326,49.938755,19.973866,350.11,2026-09-30 12:00:00+00:00,2026-09-30 13:00:00+00:00,4.11,5.12,6.04,1024.81,62.93,23.08,6.55,83.0
540,326,49.938755,19.973866,350.11,2026-09-30 13:00:00+00:00,2026-09-30 14:00:00+00:00,3.82,4.87,5.73,1024.49,59.19,23.15,7.31,79.63
541,326,49.938755,19.973866,350.11,2026-09-30 14:00:00+00:00,2026-09-30 15:00:00+00:00,4.82,6.34,7.72,1024.61,58.3,20.79,8.21,78.0
542,326,49.938755,19.973866,350.11,2026-09-30 15:00:00+00:00,2026-09-30 16:00:00+00:00,5.46,7.28,9.17,1024.6,64.02,19.26,9.33,79.33
543,326,49.938755,19.973866,350.11,2026-09-30 16:00:00+00:00,2026-09-30 17:00:00+00:00,7.04,9.52,12.18,1024.56,69.24,17.36,10.83,82.0
544,326,49.938755,19.973866,350.11,2026-09-30 17:00:00+00:00,2026-09-30 18:00:00+00:00,7.11,9.56,12.24,1024.72,74.5,15.11,10.79,98.0
545,326,49.938755,19.973866,350.11,2026-09-30 18:00:00+00:00,2026-09-30 19:00:00+00:00,8.03,10.88,14.11,1024.91,78.21,13.79,8.97,102.59
546,326,49.938755,19.973866,350.11,2026-09-30 19:00:00+00:00,2026-09-30 20:00:00+00:00,7.22,9.86,12.73,1025.02,82.38,12.6,7.15,108.7
547,326,49.938755,19.973866,350.11,2026-09-30 20:00:00+00:00,2026-09-30 21:00:00+00:00,7.5,10.18,13.07,1025.1,86.81,11.17,5.64,113.3
548,326,49.938755,19.973866,350.11,2026-09-30 21:00:00+00:00,2026-09-30 22:00:00+00:00,7.47,10.27,13.11,1025.29,88.75,10.21,4.8,123.0
549,326,49.938755,19.973866,350.11,2026-09-30 22:00:00+00:00,2026-09-30 23:00:00+00:00,8.46,11.73,15.31,1025.33,88.09,9.88,4.18,111.78
550,326,49.938755,19.973866,350.11,2026-09-30 23:00:00+00:00,2026-10-01 00:00:00+00:00,8.92,12.45,16.32,1025.37,89.81,9.16,3.74,110.78
551,326,49.938755,19.973866,350.11,2026-10-01 00:00:00+00:00,2026-10-01 01:00:00+00:00,9.45,13.09,17.0,1025.21,92.05,8.46,3.49,109.42
552,18512,49.992088,20.104929,265.63,2026-09-30 01:00:00+00:00,2026-09-30 02:00:00+00:00,13.89,22.38,29.77,1029.5,81.98,7.18,2.15,153.34
553,18512,49.992088,20.104929,265.63,2026-09-30 02:00:00+00:00,2026-09-30 03:00:00+00:00,13.64,22.17,29.42,1029.56,80.13,6.63,2.03,170.6
554,18512,49.992088,20.104929,265.63,2026-09-30 03:00:00+00:00,2026-09-30 04:00:00+00:00,13.39,22.01,29.08,1029.84,72.35,6.13,1.72,174.4
555,18512,49.992088,20.104929,265.63,2026-09-30 04:00:00+00:00,2026-09-30 05:00:00+00:00,14.28,23.33,31.56,1029.94,77.34,5.62,1.45,171.63
556,18512,49.992088,20.104929,265.63,2026-09-30 05:00:00+00:00,2026-09-30 06:00:00+00:00,12.93,20.53,26.98,1031.28,90.56,6.95,1.43,147.86
557,18512,49.992088,20.104929,265.63,2026-09-30 06:00:00+00:00,2026-09-30 07:00:00+00:00,11.41,17.62,21.41,1036.0,92.88,10.32,1.64,123.32
558,18512,49.992088,20.104929,265.63,2026-09-30 07:00:00+00:00,2026-09-30 08:00:00+00:00,10.9,16.24,19.24,1038.73,87.5,13.38,2.17,86.65
559,18512,49.992088,20.104929,265.63,2026-09-30 08:00:00+00:00,2026-09-30 09:00:00+00:00,9.47,14.06,16.78,1040.39,80.63,16.51,3.57,73.68
560,18512,49.992088,20.104929,265.63,2026-09-30 09:00:00+00:00,2026-09-30 10:00:00+00:00,7.43,10.98,13.17,1039.4,74.44,18.81,4.73,73.37
561,18512,49.992088,20.104929,265.63,2026-09-30 10:00:00+00:00,2026-09-30 11:00:00+00:00,6.42,9.03,10.59,1039.33,70.38,20.53,5.46,79.37
562,18512,49.992088,20.104929,265.63,2026-09-30 11:00:00+00:00,2026-09-30 12:00:00+00:00,5.12,7.31,8.55,1039.72,66.63,22.29,6.18,91.41
563,18512,49.992088,20.104929,265.63,2026-09-30 12:00:00+00:00,2026-09-30 13:00:00+00:00,3.26,4.47,5.28,1041.57,62.69,23.96,7.28,103.58
564,18512,49.992088,20.104929,265.63,2026-09-30 13:00:00+00:00,2026-09-30 14:00:00+00:00,3.89,5.55,6.6,1037.9,61.0,22.25,8.42,105.0
565,18512,49.992088,20.104929,265.63,2026-09-30 14:00:00+00:00,2026-09-30 15:00:00+00:00,4.48,6.56,7.87,1034.03,61.69,21.15,10.2,96.62
566,18512,49.992088,20.104929,265.63,2026-09-30 15:00:00+00:00,2026-09-30 16:00:00+00:00,4.45,6.72,8.05,1032.12,64.38,19.9,11.36,90.41
567,18512,49.992088,20.104929,265.63,2026-09-30 16:00:00+00:00,2026-09-30 17:00:00+00:00,4.96,7.87,9.62,1030.79,68.88,17.75,11.98,90.47
568,18512,49.992088,20.104929,265.63,2026-09-30 17:00:00+00:00,2026-09-30 18:00:00+00:00,6.51,9.94,12.25,1029.79,72.25,15.87,11.09,96.25
569,18512,49.992088,20.104929,265.63,2026-09-30 18:00:00+00:00,2026-09-30 19:00:00+00:00,8.62,13.11,16.1,1028.72,75.63,14.24,9.77,99.06
570,18512,49.992088,20.104929,265.63,2026-09-30 19:00:00+00:00,2026-09-30 20:00:00+00:00,9.71,15.24,18.78,1028.19,78.44,13.01,8.79,99.94
571,18512,49.992088,20.104929,265.63,2026-09-30 20:00:00+00:00,2026-09-30 21:00:00+00:00,9.78,15.32,18.84,1030.09,81.81,11.75,7.35,106.1
572,18512,49.992088,20.104929,265.63,2026-09-30 21:00:00+00:00,2026-09-30 22:00:00+00:00,9.92,15.65,19.01,1030.12,76.08,11.06,6.35,101.81
573,18512,49.992088,20.104929,265.63,2026-09-30 22:00:00+00:00,2026-09-30 23:00:00+00:00,9.75,15.69,19.27,1029.86,61.47,10.11,4.98,92.3
574,18512,49.992088,20.104929,265.63,2026-09-30 23:00:00+00:00,2026-10-01 00:00:00+00:00,10.45,17.35,21.3,1029.79,63.52,9.54,4.59,82.07
575,18512,49.992088,20.104929,265.63,2026-10-01 00:00:00+00:00,2026-10-01 01:00:00+00:00,14.71,21.93,28.19,1029.53,65.15,8.97,4.19,76.1
576,87014,50.115496,19.98213,242.44,2026-09-30 01:00:00+00:00,2026-09-30 02:00:00+00:00,5.91,9.91,13.38,1028.49,92.88,6.98,2.3,129.86
577,87014,50.115496,19.98213,242.44,2026-09-30 02:00:00+00:00,2026-09-30 03:00:00+00:00,5.97,10.12,13.92,1028.5,94.0,6.49,1.73,106.78
578,87014,50.115496,19.98213,242.44,2026-09-30 03:00:00+00:00,2026-09-30 04:00:00+00:00,6.01,10.24,13.96,1028.69,94.13,6.22,4.03,56.66
579,87014,50.115496,19.98213,242.44,2026-09-30 04:00:00+00:00,2026-09-30 05:00:00+00:00,5.85,10.11,13.88,1028.84,94.99,5.6,3.56,60.49
580,87014,50.115496,19.98213,242.44,2026-09-30 05:00:00+00:00,2026-09-30 06:00:00+00:00,6.11,10.41,14.02,1029.13,96.0,5.47,2.22,124.04
581,87014,50.115496,19.98213,242.44,2026-09-30 06:00:00+00:00,2026-09-30 07:00:00+00:00,6.97,11.87,16.24,1029.39,93.75,7.53,2.63,107.28
582,87014,50.115496,19.98213,242.44,2026-09-30 07:00:00+00:00,2026-09-30 08:00:00+00:00,6.06,10.18,13.95,1029.58,87.63,10.16,3.0,81.2
583,87014,50.115496,19.98213,242.44,2026-09-30 08:00:00+00:00,2026-09-30 09:00:00+00:00,4.69,7.71,10.21,1029.64,81.0,12.81,4.42,71.39
584,87014,50.115496,19.98213,242.44,2026-09-30 09:00:00+00:00,2026-09-30 10:00:00+00:00,3.48,5.58,7.45,1029.47,75.13,15.66,5.5,69.57
585,87014,50.115496,19.98213,242.44,2026-09-30 10:00:00+00:00,2026-09-30 11:00:00+00:00,3.16,4.99,6.69,1029.32,70.75,17.55,6.27,72.0
586,87014,50.115496,19.98213,242.44,2026-09-30 11:00:00+00:00,2026-09-30 12:00:00+00:00,3.03,4.7,6.44,1028.87,65.94,19.47,7.1,82.19
587,87014,50.115496,19.98213,242.44,2026-09-30 12:00:00+00:00,2026-09-30 13:00:00+00:00,2.85,4.42,5.81,1028.33,62.75,20.58,7.37,86.68
588,87014,50.115496,19.98213,242.44,2026-09-30 13:00:00+00:00,2026-09-30 14:00:00+00:00,1.16,2.13,2.86,1027.66,61.19,23.42,8.21,80.73
589,87014,50.115496,19.98213,242.44,2026-09-30 14:00:00+00:00,2026-09-30 15:00:00+00:00,1.53,2.64,3.83,1027.1,60.69,24.32,9.68,92.74
590,87014,50.115496,19.98213,242.44,2026-09-30 15:00:00+00:00,2026-09-30 16:00:00+00:00,1.69,2.82,3.87,1026.89,64.06,23.17,10.7,88.32
591,87014,50.115496,19.98213,242.44,2026-09-30 16:00:00+00:00,2026-09-30 17:00:00+00:00,2.56,4.14,5.71,1027.04,67.92,18.53,11.35,82.56
592,87014,50.115496,19.98213,242.44,2026-09-30 17:00:00+00:00,2026-09-30 18:00:00+00:00,3.82,6.22,8.26,1027.34,69.12,16.26,11.08,86.76
593,87014,50.115496,19.98213,242.44,2026-09-30 18:00:00+00:00,2026-09-30 19:00:00+00:00,3.92,6.52,9.12,1027.57,75.63,14.62,9.52,91.61
594,87014,50.115496,19.98213,242.44,2026-09-30 19:00:00+00:00,2026-09-30 20:00:00+00:00,3.91,6.46,8.87,1027.77,79.56,13.21,8.64,87.23
595,87014,50.115496,19.98213,242.44,2026-09-30 20:00:00+00:00,2026-09-30 21:00:00+00:00,3.84,6.28,8.75,1027.99,81.44,12.12,8.16,85.63
596,87014,50.115496,19.98213,242.44,2026-09-30 21:00:00+00:00,2026-09-30 22:00:00+00:00,3.83,6.21,8.71,1028.11,82.94,11.29,7.77,80.35
597,87014,50.115496,19.98213,242.44,2026-09-30 22:00:00+00:00,2026-09-30 23:00:00+00:00,4.19,6.95,9.65,1028.13,85.75,10.42,5.63,80.22
598,87014,50.115496,19.98213,242.44,2026-09-30 23:00:00+00:00,2026-10-01 00:00:00+00:00,4.29,7.15,10.13,1028.2,86.69,10.07,6.53,67.82
599,87014,50.115496,19.98213,242.44,2026-10-01 00:00:00+00:00,2026-10-01 01:00:00+00:00,4.28,7.2,9.77,1028.06,89.88,9.0,4.82,80.0
600,6070,50.118809,20.009399,270.61,2026-09-30 01:00:00+00:00,2026-09-30 02:00:00+00:00,12.37,17.97,21.36,1029.52,92.88,8.75,2.3,129.86
601,6070,50.118809,20.009399,270.61,2026-09-30 02:00:00+00:00,2026-09-30 03:00:00+00:00,12.82,18.67,22.62,1029.51,94.0,8.26,1.73,106.78
602,6070,50.118809,20.009399,270.61,2026-09-30 03:00:00+00:00,2026-09-30 04:00:00+00:00,13.18,19.27,23.59,1029.64,94.13,8.0,4.03,56.66
603,6070,50.118809,20.009399,270.61,2026-09-30 04:00:00+00:00,2026-09-30 05:00:00+00:00,13.21,19.22,23.51,1029.76,95.0,7.42,3.56,60.49
604,6070,50.118809,20.009399,270.61,2026-09-30 05:00:00+00:00,2026-09-30 06:00:00+00:00,13.15,19.18,23.44,1030.07,96.0,7.26,2.22,124.04
605,6070,50.118809,20.009399,270.61,2026-09-30 06:00:00+00:00,2026-09-30 07:00:00+00:00,12.28,17.71,21.05,1030.39,93.75,9.81,2.63,107.28
606,6070,50.118809,20.009399,270.61,2026-09-30 07:00:00+00:00,2026-09-30 08:00:00+00:00,11.65,16.72,19.6,1030.68,87.63,11.97,3.0,81.2
607,6070,50.118809,20.009399,270.61,2026-09-30 08:00:00+00:00,2026-09-30 09:00:00+00:00,9.7,13.5,15.64,1030.86,80.68,14.26,4.42,71.39
608,6070,50.118809,20.009399,270.61,2026-09-30 09:00:00+00:00,2026-09-30 10:00:00+00:00,8.23,11.22,12.93,1030.77,72.12,16.29,5.5,69.57
609,6070,50.118809,20.009399,270.61,2026-09-30 10:00:00+00:00,2026-09-30 11:00:00+00:00,7.37,9.88,11.39,1030.7,66.0,17.69,6.27,72.0
610,6070,50.118809,20.009399,270.61,2026-09-30 11:00:00+00:00,2026-09-30 12:00:00+00:00,7.2,9.73,11.28,1030.28,58.94,19.32,7.1,82.19
611,6070,50.118809,20.009399,270.61,2026-09-30 12:00:00+00:00,2026-09-30 13:00:00+00:00,6.81,9.23,10.66,1029.75,55.94,20.69,7.35,86.35
612,6070,50.118809,20.009399,270.61,2026-09-30 13:00:00+00:00,2026-09-30 14:00:00+00:00,4.68,6.21,7.19,1029.3,50.96,21.11,8.21,80.73
613,6070,50.118809,20.009399,270.61,2026-09-30 14:00:00+00:00,2026-09-30 15:00:00+00:00,5.28,7.11,8.22,1028.85,51.75,21.12,9.68,92.74
614,6070,50.118809,20.009399,270.61,2026-09-30 15:00:00+00:00,2026-09-30 16:00:00+00:00,5.65,7.58,8.73,1028.65,56.11,20.39,10.7,88.32
615,6070,50.118809,20.009399,270.61,2026-09-30 16:00:00+00:00,2026-09-30 17:00:00+00:00,6.62,8.95,10.45,1028.67,61.15,18.93,11.35,82.56
616,6070,50.118809,20.009399,270.61,2026-09-30 17:00:00+00:00,2026-09-30 18:00:00+00:00,8.95,12.28,14.31,1028.79,63.75,17.33,11.08,86.76
617,6070,50.118809,20.009399,270.61,2026-09-30 18:00:00+00:00,2026-09-30 19:00:00+00:00,9.76,13.35,15.54,1028.97,70.11,15.21,9.52,91.61
618,6070,50.118809,20.009399,270.61,2026-09-30 19:00:00+00:00,2026-09-30 20:00:00+00:00,8.64,11.86,13.77,1029.17,75.33,14.01,8.64,87.23
619,6070,50.118809,20.009399,270.61,2026-09-30 20:00:00+00:00,2026-09-30 21:00:00+00:00,8.63,11.86,13.8,1029.28,77.75,13.11,8.16,85.63
620,6070,50.118809,20.009399,270.61,2026-09-30 21:00:00+00:00,2026-09-30 22:00:00+00:00,8.63,12.15,14.09,1029.3,79.57,12.31,7.77,80.35
621,6070,50.118809,20.009399,270.61,2026-09-30 22:00:00+00:00,2026-09-30 23:00:00+00:00,9.26,12.99,15.17,1029.29,82.75,11.48,5.63,80.22
622,6070,50.118809,20.009399,270.61,2026-09-30 23:00:00+00:00,2026-10-01 00:00:00+00:00,9.43,13.38,15.66,1029.32,83.59,11.02,6.53,67.82
623,6070,50.118809,20.009399,270.61,2026-10-01 00:00:00+00:00,2026-10-01 01:00:00+00:00,9.66,13.67,16.0,1029.15,87.64,10.01,4.82,80.0
624,13209,50.17268,19.91511,337.94,2026-09-30 01:00:00+00:00,2026-09-30 02:00:00+00:00,,,,,,,,
625,13209,50.17268,19.91511,337.94,2026-09-30 02:00:00+00:00,2026-09-30 03:00:00+00:00,,,,,,,,
626,13209,50.17268,19.91511,337.94,2026-09-30 03:00:00+00:00,2026-09-30 04:00:00+00:00,,,,,,,,
627,13209,50.17268,19.91511,337.94,2026-09-30 04:00:00+00:00,2026-09-30 05:00:00+00:00,,,,,,,,
628,13209,50.17268,19.91511,337.94,2026-09-30 05:00:00+00:00,2026-09-30 06:00:00+00:00,,,,,,,,
629,13209,50.17268,19.91511,337.94,2026-09-30 06:00:00+00:00,2026-09-30 07:00:00+00:00,,,,,,,,
630,13209,50.17268,19.91511,337.94,2026-09-30 07:00:00+00:00,2026-09-30 08:00:00+00:00,,,,,,,,
631,13209,50.17268,19.91511,337.94,2026-09-30 08:00:00+00:00,2026-09-30 09:00:00+00:00,,,,,,,,
632,13209,50.17268,19.91511,337.94,2026-09-30 09:00:00+00:00,2026-09-30 10:00:00+00:00,,,,,,,,
633,13209,50.17268,19.91511,337.94,2026-09-30 10:00:00+00:00,2026-09-30 11:00:00+00:00,,,,,,,,
634,13209,50.17268,19.91511,337.94,2026-09-30 11:00:00+00:00,2026-09-30 12:00:00+00:00,,,,,,,,
635,13209,50.17268,19.91511,337.94,2026-09-30 12:00:00+00:00,2026-09-30 13:00:00+00:00,,,,,,,,
636,13209,50.17268,19.91511,337.94,2026-09-30 13:00:00+00:00,2026-09-30 14:00:00+00:00,,,,,,,,
637,13209,50.17268,19.91511,337.94,2026-09-30 14:00:00+00:00,2026-09-30 15:00:00+00:00,,,,,,,,
638,13209,50.17268,19.91511,337.94,2026-09-30 15:00:00+00:00,2026-09-30 16:00:00+00:00,,,,,,,,
639,13209,50.17268,19.91511,337.94,2026-09-30 16:00:00+00:00,2026-09-30 17:00:00+00:00,,,,,,,,
640,13209,50.17268,19.91511,337.94,2026-09-30 17:00:00+00:00,2026-09-30 18:00:00+00:00,,,,,,,,
641,13209,50.17268,19.91511,337.94,2026-09-30 18:00:00+00:00,2026-09-30 19:00:00+00:00,,,,,,,,
642,13209,50.17268,19.91511,337.94,2026-09-30 19:00:00+00:00,2026-09-30 20:00:00+00:00,,,,,,,,
643,13209,50.17268,19.91511,337.94,2026-09-30 20:00:00+00:00,2026-09-30 21:00:00+00:00,,,,,,,,
644,13209,50.17268,19.91511,337.94,2026-09-30 21:00:00+00:00,2026-09-30 22:00:00+00:00,,,,,,,,
645,13209,50.17268,19.91511,337.94,2026-09-30 22:00:00+00:00,2026-09-30 23:00:00+00:00,,,,,,,,
646,13209,50.17268,19.91511,337.94,2026-09-30 23:00:00+00:00,2026-10-01 00:00:00+00:00,,,,,,,,
647,13209,50.17268,19.91511,337.94,2026-10-01 00:00:00+00:00,2026-10-01 01:00:00+00:00,,,,,,,,
648,33033,50.102596,19.917511,228.5,2026-09-30 01:00:00+00:00,2026-09-30 02:00:00+00:00,,,,,,,,
649,33033,50.102596,19.917511,228.5,2026-09-30 02:00:00+00:00,2026-09-30 03:00:00+00:00,,,,,,,,
650,33033,50.102596,19.917511,228.5,2026-09-30 03:00:00+00:00,2026-09-30 04:00:00+00:00,,,,,,,,
651,33033,50.102596,19.917511,228.5,2026-09-30 04:00:00+00:00,2026-09-30 05:00:00+00:00,,,,,,,,
652,33033,50.102596,19.917511,228.5,2026-09-30 05:00:00+00:00,2026-09-30 06:00:00+00:00,,,,,,,,
653,33033,50.102596,19.917511,228.5,2026-09-30 06:00:00+00:00,2026-09-30 07:00:00+00:00,,,,,,,,
654,33033,50.102596,19.917511,228.5,2026-09-30 07:00:00+00:00,2026-09-30 08:00:00+00:00,,,,,,,,
655,33033,50.102596,19.917511,228.5,2026-09-30 08:00:00+00:00,2026-09-30 09:00:00+00:00,,,,,,,,
656,33033,50.102596,19.917511,228.5,2026-09-30 09:00:00+00:00,2026-09-30 10:00:00+00:00,,,,,,,,
657,33033,50.102596,19.917511,228.5,2026-09-30 10:00:00+00:00,2026-09-30 11:00:00+00:00,,,,,,,,
658,33033,50.102596,19.917511,228.5,2026-09-30 11:00:00+00:00,2026-09-30 12:00:00+00:00,,,,,,,,
659,33033,50.102596,19.917511,228.5,2026-09-30 12:00:00+00:00,2026-09-30 13:00:00+00:00,,,,,,,,
660,33033,50.102596,19.917511,228.5,2026-09-30 13:00:00+00:00,2026-09-30 14:00:00+00:00,,,,,,,,
661,33033,50.102596,19.917511,228.5,2026-09-30 14:00:00+00:00,2026-09-30 15:00:00+00:00,,,,,,,,
662,33033,50.102596,19.917511,228.5,2026-09-30 15:00:00+00:00,2026-09-30 16:00:00+00:00,,,,,,,,
663,33033,50.102596,19.917511,228.5,2026-09-30 16:00:00+00:00,2026-09-30 17:00:00+00:00,,,,,,,,
664,33033,50.102596,19.917511,228.5,2026-09-30 17:00:00+00:00,2026-09-30 18:00:00+00:00,,,,,,,,
665,33033,50.102596,19.917511,228.5,2026-09-30 18:00:00+00:00,2026-09-30 19:00:00+00:00,,,,,,,,
666,33033,50.102596,19.917511,228.5,2026-09-30 19:00:00+00:00,2026-09-30 20:00:00+00:00,,,,,,,,
667,33033,50.102596,19.917511,228.5,2026-09-30 20:00:00+00:00,2026-09-30 21:00:00+00:00,,,,,,,,
668,33033,50.102596,19.917511,228.5,2026-09-30 21:00:00+00:00,2026-09-30 22:00:00+00:00,,,,,,,,
669,33033,50.102596,19.917511,228.5,2026-09-30 22:00:00+00:00,2026-09-30 23:00:00+00:00,,,,,,,,
670,33033,50.102596,19.917511,228.5,2026-09-30 23:00:00+00:00,2026-10-01 00:00:00+00:00,,,,,,,,
671,33033,50.102596,19.917511,228.5,2026-10-01 00:00:00+00:00,2026-10-01 01:00:00+00:00,,,,,,,,
672,8152,50.143699,19.879804,316.25,2026-09-30 01:00:00+00:00,2026-09-30 02:00:00+00:00,0.0,0.0,0.0,1029.75,82.31,7.67,2.74,115.32
673,8152,50.143699,19.879804,316.25,2026-09-30 02:00:00+00:00,2026-09-30 03:00:00+00:00,0.0,0.0,0.0,1029.69,89.18,6.84,2.27,117.23
674,8152,50.143699,19.879804,316.25,2026-09-30 03:00:00+00:00,2026-09-30 04:00:00+00:00,0.0,0.0,0.0,1029.78,89.27,6.48,2.06,126.34
675,8152,50.143699,19.879804,316.25,2026-09-30 04:00:00+00:00,2026-09-30 05:00:00+00:00,0.0,0.0,0.0,1029.95,86.07,6.07,2.11,126.83
676,8152,50.143699,19.879804,316.25,2026-09-30 05:00:00+00:00,2026-09-30 06:00:00+00:00,0.0,0.0,0.0,1030.21,86.69,6.3,2.3,107.57
677,8152,50.143699,19.879804,316.25,2026-09-30 06:00:00+00:00,2026-09-30 07:00:00+00:00,0.0,0.0,0.0,1030.53,75.45,8.31,4.75,62.72
678,8152,50.143699,19.879804,316.25,2026-09-30 07:00:00+00:00,2026-09-30 08:00:00+00:00,0.0,0.0,0.0,1030.81,61.53,10.85,4.61,72.0
679,8152,50.143699,19.879804,316.25,2026-09-30 08:00:00+00:00,2026-09-30 09:00:00+00:00,0.0,0.0,0.0,1030.94,64.31,14.28,5.26,71.65
680,8152,50.143699,19.879804,316.25,2026-09-30 09:00:00+00:00,2026-09-30 10:00:00+00:00,0.0,0.0,0.0,1030.92,74.38,18.5,5.68,70.57
681,8152,50.143699,19.879804,316.25,2026-09-30 10:00:00+00:00,2026-09-30 11:00:00+00:00,0.0,0.0,0.0,1030.87,68.76,20.66,6.73,79.29
682,8152,50.143699,19.879804,316.25,2026-09-30 11:00:00+00:00,2026-09-30 12:00:00+00:00,0.0,0.0,0.0,1030.54,57.85,22.17,8.58,100.25
683,8152,50.143699,19.879804,316.25,2026-09-30 12:00:00+00:00,2026-09-30 13:00:00+00:00,0.0,0.0,0.0,1030.08,48.2,23.67,7.7,84.0
684,8152,50.143699,19.879804,316.25,2026-09-30 13:00:00+00:00,2026-09-30 14:00:00+00:00,0.0,0.0,0.0,1029.6,42.34,24.45,8.37,83.45
685,8152,50.143699,19.879804,316.25,2026-09-30 14:00:00+00:00,2026-09-30 15:00:00+00:00,0.0,0.0,0.0,1029.22,41.13,23.9,9.17,81.0
686,8152,50.143699,19.879804,316.25,2026-09-30 15:00:00+00:00,2026-09-30 16:00:00+00:00,0.0,0.0,0.0,1029.03,48.39,22.28,10.52,88.38
687,8152,50.143699,19.879804,316.25,2026-09-30 16:00:00+00:00,2026-09-30 17:00:00+00:00,0.0,0.0,0.0,1029.02,64.52,18.61,11.68,90.1
688,8152,50.143699,19.879804,316.25,2026-09-30 17:00:00+00:00,2026-09-30 18:00:00+00:00,0.0,0.0,0.0,1029.1,71.88,16.41,10.67,88.33
689,8152,50.143699,19.879804,316.25,2026-09-30 18:00:00+00:00,2026-09-30 19:00:00+00:00,0.0,0.0,0.0,1029.28,76.38,14.72,9.5,88.14
690,8152,50.143699,19.879804,316.25,2026-09-30 19:00:00+00:00,2026-09-30 20:00:00+00:00,0.0,0.0,0.0,1029.49,78.25,13.93,9.06,85.0
691,8152,50.143699,19.879804,316.25,2026-09-30 20:00:00+00:00,2026-09-30 21:00:00+00:00,0.0,0.0,0.0,1029.6,82.63,12.4,7.56,89.0
692,8152,50.143699,19.879804,316.25,2026-09-30 21:00:00+00:00,2026-09-30 22:00:00+00:00,0.0,0.0,0.0,1029.64,64.9,11.38,5.94,90.8
693,8152,50.143699,19.879804,316.25,2026-09-30 22:00:00+00:00,2026-09-30 23:00:00+00:00,0.0,0.0,0.0,1029.57,62.29,10.5,5.16,87.73
694,8152,50.143699,19.879804,316.25,2026-09-30 23:00:00+00:00,2026-10-01 00:00:00+00:00,0.0,0.0,0.0,1029.58,65.05,9.68,5.37,81.1
695,8152,50.143699,19.879804,316.25,2026-10-01 00:00:00+00:00,2026-10-01 01:00:00+00:00,0.0,0.0,0.0,1029.43,65.55,9.22,4.93,81.63
696,36480,49.981311,19.877832,255.63,2026-09-30 01:00:00+00:00,2026-09-30 02:00:00+00:00,,,,,,,,
697,36480,49.981311,19.877832,255.63,2026-09-30 02:00:00+00:00,2026-09-30 03:00:00+00:00,,,,,,,,
698,36480,49.981311,19.877832,255.63,2026-09-30 03:00:00+00:00,2026-09-30 04:00:00+00:00,,,,,,,,
699,36480,49.981311,19.877832,255.63,2026-09-30 04:00:00+00:00,2026-09-30 05:00:00+00:00,,,,,,,,
700,36480,49.981311,19.877832,255.63,2026-09-30 05:00:00+00:00,2026-09-30 06:00:00+00:00,,,,,,,,
701,36480,49.981311,19.877832,255.63,2026-09-30 06:00:00+00:00,2026-09-30 07:00:00+00:00,,,,,,,,
702,36480,49.981311,19.877832,255.63,2026-09-30 07:00:00+00:00,2026-09-30 08:00:00+00:00,,,,,,,,
703,36480,49.981311,19.877832,255.63,2026-09-30 08:00:00+00:00,2026-09-30 09:00:00+00:00,,,,,,,,
704,36480,49.981311,19.877832,255.63,2026-09-30 09:00:00+00:00,2026-09-30 10:00:00+00:00,,,,,,,,
705,36480,49.981311,19.877832,255.63,2026-09-30 10:00:00+00:00,2026-09-30 11:00:00+00:00,,,,,,,,
706,36480,49.981311,19.877832,255.63,2026-09-30 11:00:00+00:00,2026-09-30 12:00:00+00:00,,,,,,,,
707,36480,49.981311,19.877832,255.63,2026-09-30 12:00:00+00:00,2026-09-30 13:00:00+00:00,,,,,,,,
708,36480,49.981311,19.877832,255.63,2026-09-30 13:00:00+00:00,2026-09-30 14:00:00+00:00,,,,,,,,
709,36480,49.981311,19.877832,255.63,2026-09-30 14:00:00+00:00,2026-09-30 15:00:00+00:00,,,,,,,,
710,36480,49.981311,19.877832,255.63,2026-09-30 15:00:00+00:00,2026-09-30 16:00:00+00:00,,,,,,,,
711,36480,49.981311,19.877832,255.63,2026-09-30 16:00:00+00:00,2026-09-30 17:00:00+00:00,,,,,,,,
712,36480,49.981311,19.877832,255.63,2026-09-30 17:00:00+00:00,2026-09-30 18:00:00+00:00,,,,,,,,
713,36480,49.981311,19.877832,255.63,2026-09-30 18:00:00+00:00,2026-09-30 19:00:00+00:00,,,,,,,,
714,36480,49.981311,19.877832,255.63,2026-09-30 19:00:00+00:00,2026-09-30 20:00:00+00:00,,,,,,,,
715,36480,49.981311,19.877832,255.63,2026-09-30 20:00:00+00:00,2026-09-30 21:00:00+00:00,,,,,,,,
716,36480,49.981311,19.877832,255.63,2026-09-30 21:00:00+00:00,2026-09-30 22:00:00+00:00,,,,,,,,
717,36480,49.981311,19.877832,255.63,2026-09-30 22:00:00+00:00,2026-09-30 23:00:00+00:00,,,,,,,,
718,36480,49.981311,19.877832,255.63,2026-09-30 23:00:00+00:00,2026-10-01 00:00:00+00:00,,,,,,,,
719,36480,49.981311,19.877832,255.63,2026-10-01 00:00:00+00:00,2026-10-01 01:00:00+00:00,,,,,,,,
720,86998,50.133024,19.973249,279.92,2026-09-30 01:00:00+00:00,2026-09-30 02:00:00+00:00,12.11,19.01,22.67,1027.76,92.52,7.47,2.36,128.85
721,86998,50.133024,19.973249,279.92,2026-09-30 02:00:00+00:00,2026-09-30 03:00:00+00:00,12.18,19.15,23.22,1027.76,94.0,6.94,1.67,118.53
722,86998,50.133024,19.973249,279.92,2026-09-30 03:00:00+00:00,2026-09-30 04:00:00+00:00,12.47,19.41,23.45,1027.93,93.84,6.72,4.03,56.66
723,86998,50.133024,19.973249,279.92,2026-09-30 04:00:00+00:00,2026-09-30 05:00:00+00:00,12.07,19.16,22.93,1028.08,94.62,6.12,3.56,60.49
724,86998,50.133024,19.973249,279.92,2026-09-30 05:00:00+00:00,2026-09-30 06:00:00+00:00,12.82,19.94,23.96,1028.34,96.0,5.85,2.22,124.04
725,86998,50.133024,19.973249,279.92,2026-09-30 06:00:00+00:00,2026-09-30 07:00:00+00:00,12.65,19.77,24.29,1028.61,93.75,7.41,2.63,107.28
726,86998,50.133024,19.973249,279.92,2026-09-30 07:00:00+00:00,2026-09-30 08:00:00+00:00,11.4,17.8,21.19,1028.78,84.28,10.1,3.0,81.2
727,86998,50.133024,19.973249,279.92,2026-09-30 08:00:00+00:00,2026-09-30 09:00:00+00:00,8.59,13.07,14.94,1028.84,68.7,13.28,4.42,71.39
728,86998,50.133024,19.973249,279.92,2026-09-30 09:00:00+00:00,2026-09-30 10:00:00+00:00,6.22,9.28,10.57,1028.79,58.93,15.89,5.5,69.57
729,86998,50.133024,19.973249,279.92,2026-09-30 10:00:00+00:00,2026-09-30 11:00:00+00:00,6.09,9.05,10.36,1028.69,53.13,17.77,6.27,72.0
730,86998,50.133024,19.973249,279.92,2026-09-30 11:00:00+00:00,2026-09-30 12:00:00+00:00,5.84,8.58,9.87,1028.25,47.83,19.65,7.01,81.37
731,86998,50.133024,19.973249,279.92,2026-09-30 12:00:00+00:00,2026-09-30 13:00:00+00:00,5.53,8.12,9.18,1027.75,44.06,20.82,7.35,86.35
732,86998,50.133024,19.973249,279.92,2026-09-30 13:00:00+00:00,2026-09-30 14:00:00+00:00,4.05,5.99,6.88,1027.24,40.74,21.47,8.21,80.73
733,86998,50.133024,19.973249,279.92,2026-09-30 14:00:00+00:00,2026-09-30 15:00:00+00:00,3.77,5.62,6.44,1026.82,40.64,21.32,9.68,92.74
734,86998,50.133024,19.973249,279.92,2026-09-30 15:00:00+00:00,2026-09-30 16:00:00+00:00,4.56,6.83,7.82,1026.69,46.12,19.9,10.7,88.32
735,86998,50.133024,19.973249,279.92,2026-09-30 16:00:00+00:00,2026-09-30 17:00:00+00:00,5.5,8.31,9.6,1026.83,55.65,17.51,11.35,82.56
736,86998,50.133024,19.973249,279.92,2026-09-30 17:00:00+00:00,2026-09-30 18:00:00+00:00,7.08,10.73,12.53,1027.08,60.51,16.04,11.08,86.76
737,86998,50.133024,19.973249,279.92,2026-09-30 18:00:00+00:00,2026-09-30 19:00:00+00:00,6.73,10.29,12.01,1027.29,66.27,14.39,9.52,91.61
738,86998,50.133024,19.973249,279.92,2026-09-30 19:00:00+00:00,2026-09-30 20:00:00+00:00,7.17,10.79,12.47,1027.53,72.18,13.04,8.64,87.23
739,86998,50.133024,19.973249,279.92,2026-09-30 20:00:00+00:00,2026-09-30 21:00:00+00:00,7.74,11.78,13.61,1027.72,76.13,12.02,8.16,85.63
740,86998,50.133024,19.973249,279.92,2026-09-30 21:00:00+00:00,2026-09-30 22:00:00+00:00,7.98,12.25,14.25,1027.8,79.19,11.15,7.77,80.35
741,86998,50.133024,19.973249,279.92,2026-09-30 22:00:00+00:00,2026-09-30 23:00:00+00:00,8.65,13.17,15.32,1027.85,82.6,10.3,5.63,80.22
742,86998,50.133024,19.973249,279.92,2026-09-30 23:00:00+00:00,2026-10-01 00:00:00+00:00,8.52,13.24,15.52,1027.91,84.11,9.85,6.53,67.82
743,86998,50.133024,19.973249,279.92,2026-10-01 00:00:00+00:00,2026-10-01 01:00:00+00:00,8.38,13.37,15.54,1027.83,88.31,8.83,4.82,80.0
744,8979,50.126026,19.905455,254.39,2026-09-30 01:00:00+00:00,2026-09-30 02:00:00+00:00,11.5,18.93,23.38,1027.41,88.78,8.03,,
745,8979,50.126026,19.905455,254.39,2026-09-30 02:00:00+00:00,2026-09-30 03:00:00+00:00,11.71,19.29,24.06,1027.44,91.66,7.05,,
746,8979,50.126026,19.905455,254.39,2026-09-30 03:00:00+00:00,2026-09-30 04:00:00+00:00,11.64,19.31,24.19,1027.59,91.05,6.71,,
747,8979,50.126026,19.905455,254.39,2026-09-30 04:00:00+00:00,2026-09-30 05:00:00+00:00,11.72,19.38,24.13,1027.73,91.71,6.27,,
748,8979,50.126026,19.905455,254.39,2026-09-30 05:00:00+00:00,2026-09-30 06:00:00+00:00,12.02,19.82,25.3,1028.02,92.5,6.25,,
749,8979,50.126026,19.905455,254.39,2026-09-30 06:00:00+00:00,2026-09-30 07:00:00+00:00,12.21,20.05,25.69,1028.27,87.6,8.14,,
750,8979,50.126026,19.905455,254.39,2026-09-30 07:00:00+00:00,2026-09-30 08:00:00+00:00,11.3,18.54,22.71,1028.48,80.64,10.6,,
751,8979,50.126026,19.905455,254.39,2026-09-30 08:00:00+00:00,2026-09-30 09:00:00+00:00,9.3,15.52,18.22,1028.54,73.33,12.88,,
752,8979,50.126026,19.905455,254.39,2026-09-30 09:00:00+00:00,2026-09-30 10:00:00+00:00,7.11,11.44,13.66,1028.49,65.24,14.97,,
753,8979,50.126026,19.905455,254.39,2026-09-30 10:00:00+00:00,2026-09-30 11:00:00+00:00,6.24,10.17,11.95,1028.47,58.63,16.92,,
754,8979,50.126026,19.905455,254.39,2026-09-30 11:00:00+00:00,2026-09-30 12:00:00+00:00,6.17,9.89,11.69,1028.06,52.68,18.45,,
755,8979,50.126026,19.905455,254.39,2026-09-30 12:00:00+00:00,2026-09-30 13:00:00+00:00,6.18,9.65,11.3,1027.55,49.64,19.87,,
756,8979,50.126026,19.905455,254.39,2026-09-30 13:00:00+00:00,2026-09-30 14:00:00+00:00,4.8,7.67,8.94,1027.03,47.23,20.36,,
757,8979,50.126026,19.905455,254.39,2026-09-30 14:00:00+00:00,2026-09-30 15:00:00+00:00,4.02,6.37,7.5,1026.59,46.67,20.34,,
758,8979,50.126026,19.905455,254.39,2026-09-30 15:00:00+00:00,2026-09-30 16:00:00+00:00,5.03,8.0,9.45,1026.42,49.89,19.64,,
759,8979,50.126026,19.905455,254.39,2026-09-30 16:00:00+00:00,2026-09-30 17:00:00+00:00,5.66,9.46,11.15,1026.42,55.56,17.89,,
760,8979,50.126026,19.905455,254.39,2026-09-30 17:00:00+00:00,2026-09-30 18:00:00+00:00,6.84,11.51,13.67,1026.6,60.79,16.23,,
761,8979,50.126026,19.905455,254.39,2026-09-30 18:00:00+00:00,2026-09-30 19:00:00+00:00,6.99,11.65,14.03,1026.8,66.48,14.72,,
762,8979,50.126026,19.905455,254.39,2026-09-30 19:00:00+00:00,2026-09-30 20:00:00+00:00,7.13,12.21,14.75,1027.05,69.31,13.9,,
763,8979,50.126026,19.905455,254.39,2026-09-30 20:00:00+00:00,2026-09-30 21:00:00+00:00,7.77,13.06,15.55,1027.26,74.29,12.62,,
764,8979,50.126026,19.905455,254.39,2026-09-30 21:00:00+00:00,2026-09-30 22:00:00+00:00,8.06,13.84,16.7,1027.41,77.98,11.54,,
765,8979,50.126026,19.905455,254.39,2026-09-30 22:00:00+00:00,2026-09-30 23:00:00+00:00,8.16,13.77,16.44,1027.39,80.25,10.63,,
766,8979,50.126026,19.905455,254.39,2026-09-30 23:00:00+00:00,2026-10-01 00:00:00+00:00,8.3,14.43,17.53,1027.45,83.45,9.86,,
767,8979,50.126026,19.905455,254.39,2026-10-01 00:00:00+00:00,2026-10-01 01:00:00+00:00,8.24,14.01,16.8,1027.34,84.49,9.31,,
768,33053,50.099709,19.837011,251.92,2026-09-30 01:00:00+00:00,2026-09-30 02:00:00+00:00,11.89,18.27,21.8,1027.24,92.75,8.16,5.27,74.42
769,33053,50.099709,19.837011,251.92,2026-09-30 02:00:00+00:00,2026-09-30 03:00:00+00:00,11.96,18.9,23.07,1027.26,95.38,6.58,3.08,99.29
770,33053,50.099709,19.837011,251.92,2026-09-30 03:00:00+00:00,2026-09-30 04:00:00+00:00,12.28,19.27,23.71,1027.38,94.0,6.73,4.53,62.0
771,33053,50.099709,19.837011,251.92,2026-09-30 04:00:00+00:00,2026-09-30 05:00:00+00:00,12.87,20.17,25.5,1027.56,94.0,6.63,4.56,62.53
772,33053,50.099709,19.837011,251.92,2026-09-30 05:00:00+00:00,2026-09-30 06:00:00+00:00,13.43,20.99,26.77,1027.87,93.75,6.33,4.9,67.91
773,33053,50.099709,19.837011,251.92,2026-09-30 06:00:00+00:00,2026-09-30 07:00:00+00:00,13.07,20.43,25.94,1028.16,90.56,8.26,5.26,67.71
774,33053,50.099709,19.837011,251.92,2026-09-30 07:00:00+00:00,2026-09-30 08:00:00+00:00,10.13,15.01,17.28,1028.28,85.19,12.14,5.1,76.61
775,33053,50.099709,19.837011,251.92,2026-09-30 08:00:00+00:00,2026-09-30 09:00:00+00:00,7.95,11.28,12.89,1028.28,78.44,15.39,6.33,82.78
776,33053,50.099709,19.837011,251.92,2026-09-30 09:00:00+00:00,2026-09-30 10:00:00+00:00,6.32,8.43,9.6,1028.12,71.69,18.45,7.47,90.46
777,33053,50.099709,19.837011,251.92,2026-09-30 10:00:00+00:00,2026-09-30 11:00:00+00:00,5.61,7.51,8.65,1027.95,64.62,20.19,8.33,95.56
778,33053,50.099709,19.837011,251.92,2026-09-30 11:00:00+00:00,2026-09-30 12:00:00+00:00,5.25,7.03,8.11,1027.56,57.77,20.84,9.36,101.17
779,33053,50.099709,19.837011,251.92,2026-09-30 12:00:00+00:00,2026-09-30 13:00:00+00:00,4.94,6.61,7.54,1027.07,55.36,21.93,9.66,103.41
780,33053,50.099709,19.837011,251.92,2026-09-30 13:00:00+00:00,2026-09-30 14:00:00+00:00,4.56,5.86,6.7,1026.51,52.55,22.91,9.59,108.0
781,33053,50.099709,19.837011,251.92,2026-09-30 14:00:00+00:00,2026-09-30 15:00:00+00:00,3.05,4.0,4.58,1026.05,52.13,23.09,9.3,73.96
782,33053,50.099709,19.837011,251.92,2026-09-30 15:00:00+00:00,2026-09-30 16:00:00+00:00,4.42,5.99,6.81,1025.94,55.0,20.22,9.51,91.22
783,33053,50.099709,19.837011,251.92,2026-09-30 16:00:00+00:00,2026-09-30 17:00:00+00:00,5.34,7.46,8.61,1026.0,61.37,17.66,11.49,87.42
784,33053,50.099709,19.837011,251.92,2026-09-30 17:00:00+00:00,2026-09-30 18:00:00+00:00,6.38,9.06,10.46,1026.19,66.5,16.03,11.94,85.16
785,33053,50.099709,19.837011,251.92,2026-09-30 18:00:00+00:00,2026-09-30 19:00:00+00:00,7.07,10.3,11.88,1026.46,72.36,14.54,11.57,84.17
786,33053,50.099709,19.837011,251.92,2026-09-30 19:00:00+00:00,2026-09-30 20:00:00+00:00,7.43,11.17,12.9,1026.72,78.7,13.32,11.04,80.69
787,33053,50.099709,19.837011,251.92,2026-09-30 20:00:00+00:00,2026-09-30 21:00:00+00:00,7.75,11.73,13.51,1026.99,80.88,12.59,9.96,74.92
788,33053,50.099709,19.837011,251.92,2026-09-30 21:00:00+00:00,2026-09-30 22:00:00+00:00,8.01,11.9,13.78,1027.1,82.94,11.65,8.97,74.46
789,33053,50.099709,19.837011,251.92,2026-09-30 22:00:00+00:00,2026-09-30 23:00:00+00:00,8.09,12.24,14.3,1027.07,84.63,10.94,8.58,70.53
790,33053,50.099709,19.837011,251.92,2026-09-30 23:00:00+00:00,2026-10-01 00:00:00+00:00,8.31,12.71,14.88,1027.16,86.69,10.14,8.12,67.53
791,33053,50.099709,19.837011,251.92,2026-10-01 00:00:00+00:00,2026-10-01 01:00:00+00:00,8.46,12.91,14.97,1027.07,88.38,9.55,7.85,65.51
792,11990,50.16917,19.82711,399.85,2026-09-30 01:00:00+00:00,2026-09-30 02:00:00+00:00,,,,,,,,
793,11990,50.16917,19.82711,399.85,2026-09-30 02:00:00+00:00,2026-09-30 03:00:00+00:00,,,,,,,,
794,11990,50.16917,19.82711,399.85,2026-09-30 03:00:00+00:00,2026-09-30 04:00:00+00:00,,,,,,,,
795,11990,50.16917,19.82711,399.85,2026-09-30 04:00:00+00:00,2026-09-30 05:00:00+00:00,,,,,,,,
796,11990,50.16917,19.82711,399.85,2026-09-30 05:00:00+00:00,2026-09-30 06:00:00+00:00,,,,,,,,
797,11990,50.16917,19.82711,399.85,2026-09-30 06:00:00+00:00,2026-09-30 07:00:00+00:00,,,,,,,,
798,11990,50.16917,19.82711,399.85,2026-09-30 07:00:00+00:00,2026-09-30 08:00:00+00:00,,,,,,,,
799,11990,50.16917,19.82711,399.85,2026-09-30 08:00:00+00:00,2026-09-30 09:00:00+00:00,,,,,,,,
800,11990,50.16917,19.82711,399.85,2026-09-30 09:00:00+00:00,2026-09-30 10:00:00+00:00,,,,,,,,
801,11990,50.16917,19.82711,399.85,2026-09-30 10:00:00+00:00,2026-09-30 11:00:00+00:00,,,,,,,,
802,11990,50.16917,19.82711,399.85,2026-09-30 11:00:00+00:00,2026-09-30 12:00:00+00:00,,,,,,,,
803,11990,50.16917,19.82711,399.85,2026-09-30 12:00:00+00:00,2026-09-30 13:00:00+00:00,,,,,,,,
804,11990,50.16917,19.82711,399.85,2026-09-30 13:00:00+00:00,2026-09-30 14:00:00+00:00,,,,,,,,
805,11990,50.16917,19.82711,399.85,2026-09-30 14:00:00+00:00,2026-09-30 15:00:00+00:00,,,,,,,,
806,11990,50.16917,19.82711,399.85,2026-09-30 15:00:00+00:00,2026-09-30 16:00:00+00:00,,,,,,,,
807,11990,50.16917,19.82711,399.85,2026-09-30 16:00:00+00:00,2026-09-30 17:00:00+00:00,,,,,,,,
808,11990,50.16917,19.82711,399.85,2026-09-30 17:00:00+00:00,2026-09-30 18:00:00+00:00,,,,,,,,
809,11990,50.16917,19.82711,399.85,2026-09-30 18:00:00+00:00,2026-09-30 19:00:00+00:00,,,,,,,,
810,11990,50.16917,19.82711,399.85,2026-09-30 19:00:00+00:00,2026-09-30 20:00:00+00:00,,,,,,,,
811,11990,50.16917,19.82711,399.85,2026-09-30 20:00:00+00:00,2026-09-30 21:00:00+00:00,,,,,,,,
812,11990,50.16917,19.82711,399.85,2026-09-30 21:00:00+00:00,2026-09-30 22:00:00+00:00,,,,,,,,
813,11990,50.16917,19.82711,399.85,2026-09-30 22:00:00+00:00,2026-09-30 23:00:00+00:00,,,,,,,,
814,11990,50.16917,19.82711,399.85,2026-09-30 23:00:00+00:00,2026-10-01 00:00:00+00:00,,,,,,,,
815,11990,50.16917,19.82711,399.85,2026-10-01 00:00:00+00:00,2026-10-01 01:00:00+00:00,,,,,,,,
816,318,50.194065,19.900494,375.5,2026-09-30 01:00:00+00:00,2026-09-30 02:00:00+00:00,,,,,,,,
817,318,50.194065,19.900494,375.5,2026-09-30 02:00:00+00:00,2026-09-30 03:00:00+00:00,,,,,,,,
818,318,50.194065,19.900494,375.5,2026-09-30 03:00:00+00:00,2026-09-30 04:00:00+00:00,,,,,,,,
819,318,50.194065,19.900494,375.5,2026-09-30 04:00:00+00:00,2026-09-30 05:00:00+00:00,,,,,,,,
820,318,50.194065,19.900494,375.5,2026-09-30 05:00:00+00:00,2026-09-30 06:00:00+00:00,,,,,,,,
821,318,50.194065,19.900494,375.5,2026-09-30 06:00:00+00:00,2026-09-30 07:00:00+00:00,,,,,,,,
822,318,50.194065,19.900494,375.5,2026-09-30 07:00:00+00:00,2026-09-30 08:00:00+00:00,,,,,,,,
823,318,50.194065,19.900494,375.5,2026-09-30 08:00:00+00:00,2026-09-30 09:00:00+00:00,,,,,,,,
824,318,50.194065,19.900494,375.5,2026-09-30 09:00:00+00:00,2026-09-30 10:00:00+00:00,,,,,,,,
825,318,50.194065,19.900494,375.5,2026-09-30 10:00:00+00:00,2026-09-30 11:00:00+00:00,,,,,,,,
826,318,50.194065,19.900494,375.5,2026-09-30 11:00:00+00:00,2026-09-30 12:00:00+00:00,,,,,,,,
827,318,50.194065,19.900494,375.5,2026-09-30 12:00:00+00:00,2026-09-30 13:00:00+00:00,,,,,,,,
828,318,50.194065,19.900494,375.5,2026-09-30 13:00:00+00:00,2026-09-30 14:00:00+00:00,,,,,,,,
829,318,50.194065,19.900494,375.5,2026-09-30 14:00:00+00:00,2026-09-30 15:00:00+00:00,,,,,,,,
830,318,50.194065,19.900494,375.5,2026-09-30 15:00:00+00:00,2026-09-30 16:00:00+00:00,,,,,,,,
831,318,50.194065,19.900494,375.5,2026-09-30 16:00:00+00:00,2026-09-30 17:00:00+00:00,,,,,,,,
832,318,50.194065,19.900494,375.5,2026-09-30 17:00:00+00:00,2026-09-30 18:00:00+00:00,,,,,,,,
833,318,50.194065,19.900494,375.5,2026-09-30 18:00:00+00:00,2026-09-30 19:00:00+00:00,,,,,,,,
834,318,50.194065,19.900494,375.5,2026-09-30 19:00:00+00:00,2026-09-30 20:00:00+00:00,,,,,,,,
835,318,50.194065,19.900494,375.5,2026-09-30 20:00:00+00:00,2026-09-30 21:00:00+00:00,,,,,,,,
836,318,50.194065,19.900494,375.5,2026-09-30 21:00:00+00:00,2026-09-30 22:00:00+00:00,,,,,,,,
837,318,50.194065,19.900494,375.5,2026-09-30 22:00:00+00:00,2026-09-30 23:00:00+00:00,,,,,,,,
838,318,50.194065,19.900494,375.5,2026-09-30 23:00:00+00:00,2026-10-01 00:00:00+00:00,,,,,,,,
839,318,50.194065,19.900494,375.5,2026-10-01 00:00:00+00:00,2026-10-01 01:00:00+00:00,,,,,,,,
840,43262,50.156845,19.878487,275.82,2026-09-30 01:00:00+00:00,2026-09-30 02:00:00+00:00,11.44,16.79,20.38,1030.25,93.44,8.11,5.33,81.78
841,43262,50.156845,19.878487,275.82,2026-09-30 02:00:00+00:00,2026-09-30 03:00:00+00:00,11.26,16.81,20.64,1030.26,94.0,7.84,4.38,65.0
842,43262,50.156845,19.878487,275.82,2026-09-30 03:00:00+00:00,2026-09-30 04:00:00+00:00,11.5,17.25,21.36,1030.36,94.0,7.2,4.5,61.97
843,43262,50.156845,19.878487,275.82,2026-09-30 04:00:00+00:00,2026-09-30 05:00:00+00:00,11.25,17.07,20.9,1030.53,94.0,6.77,4.52,69.01
844,43262,50.156845,19.878487,275.82,2026-09-30 05:00:00+00:00,2026-09-30 06:00:00+00:00,11.71,17.47,21.31,1030.78,93.5,6.82,4.67,71.65
845,43262,50.156845,19.878487,275.82,2026-09-30 06:00:00+00:00,2026-09-30 07:00:00+00:00,11.97,18.01,21.95,1031.01,90.25,8.46,4.49,77.5
846,43262,50.156845,19.878487,275.82,2026-09-30 07:00:00+00:00,2026-09-30 08:00:00+00:00,12.07,17.8,21.87,1031.24,84.75,10.77,5.38,86.1
847,43262,50.156845,19.878487,275.82,2026-09-30 08:00:00+00:00,2026-09-30 09:00:00+00:00,9.04,12.67,15.08,1031.29,78.25,15.02,6.93,94.46
848,43262,50.156845,19.878487,275.82,2026-09-30 09:00:00+00:00,2026-09-30 10:00:00+00:00,6.83,9.51,11.1,1031.27,73.75,17.24,7.64,100.58
849,43262,50.156845,19.878487,275.82,2026-09-30 10:00:00+00:00,2026-09-30 11:00:00+00:00,7.11,9.92,11.75,1031.19,69.63,18.03,7.9,101.46
850,43262,50.156845,19.878487,275.82,2026-09-30 11:00:00+00:00,2026-09-30 12:00:00+00:00,6.37,8.7,10.2,1030.83,65.13,19.41,8.69,105.46
851,43262,50.156845,19.878487,275.82,2026-09-30 12:00:00+00:00,2026-09-30 13:00:00+00:00,6.11,8.44,9.85,1030.37,62.13,20.39,10.19,116.51
852,43262,50.156845,19.878487,275.82,2026-09-30 13:00:00+00:00,2026-09-30 14:00:00+00:00,5.46,7.51,8.78,1029.87,61.0,21.04,11.42,123.0
853,43262,50.156845,19.878487,275.82,2026-09-30 14:00:00+00:00,2026-09-30 15:00:00+00:00,4.0,5.62,6.7,1029.46,61.62,20.52,11.02,117.21
854,43262,50.156845,19.878487,275.82,2026-09-30 15:00:00+00:00,2026-09-30 16:00:00+00:00,7.59,11.05,13.77,1029.25,64.0,19.58,10.9,107.75
855,43262,50.156845,19.878487,275.82,2026-09-30 16:00:00+00:00,2026-09-30 17:00:00+00:00,7.22,10.39,12.57,1029.32,67.56,17.96,11.72,91.13
856,43262,50.156845,19.878487,275.82,2026-09-30 17:00:00+00:00,2026-09-30 18:00:00+00:00,8.36,12.15,14.6,1029.51,71.88,15.51,12.23,90.76
857,43262,50.156845,19.878487,275.82,2026-09-30 18:00:00+00:00,2026-09-30 19:00:00+00:00,8.98,12.83,15.37,1029.7,75.5,13.85,12.13,89.35
858,43262,50.156845,19.878487,275.82,2026-09-30 19:00:00+00:00,2026-09-30 20:00:00+00:00,9.34,13.31,16.26,1029.9,77.75,13.04,11.54,85.57
859,43262,50.156845,19.878487,275.82,2026-09-30 20:00:00+00:00,2026-09-30 21:00:00+00:00,9.56,13.92,16.85,1030.08,80.5,12.22,9.97,78.23
860,43262,50.156845,19.878487,275.82,2026-09-30 21:00:00+00:00,2026-09-30 22:00:00+00:00,13.46,20.94,27.81,1030.13,82.5,11.62,8.49,71.85
861,43262,50.156845,19.878487,275.82,2026-09-30 22:00:00+00:00,2026-09-30 23:00:00+00:00,10.34,15.36,18.61,1030.07,83.5,11.42,7.84,67.0
862,43262,50.156845,19.878487,275.82,2026-09-30 23:00:00+00:00,2026-10-01 00:00:00+00:00,9.31,13.49,16.32,1030.14,85.38,10.57,7.6,72.84
863,43262,50.156845,19.878487,275.82,2026-10-01 00:00:00+00:00,2026-10-01 01:00:00+00:00,9.16,13.33,16.11,1030.03,87.63,9.4,7.17,78.04
864,31100,50.171269,19.834547,388.05,2026-09-30 01:00:00+00:00,2026-09-30 02:00:00+00:00,,,,,,,,
865,31100,50.171269,19.834547,388.05,2026-09-30 02:00:00+00:00,2026-09-30 03:00:00+00:00,,,,,,,,
866,31100,50.171269,19.834547,388.05,2026-09-30 03:00:00+00:00,2026-09-30 04:00:00+00:00,,,,,,,,
867,31100,50.171269,19.834547,388.05,2026-09-30 04:00:00+00:00,2026-09-30 05:00:00+00:00,,,,,,,,
868,31100,50.171269,19.834547,388.05,2026-09-30 05:00:00+00:00,2026-09-30 06:00:00+00:00,,,,,,,,
869,31100,50.171269,19.834547,388.05,2026-09-30 06:00:00+00:00,2026-09-30 07:00:00+00:00,,,,,,,,
870,31100,50.171269,19.834547,388.05,2026-09-30 07:00:00+00:00,2026-09-30 08:00:00+00:00,,,,,,,,
871,31100,50.171269,19.834547,388.05,2026-09-30 08:00:00+00:00,2026-09-30 09:00:00+00:00,,,,,,,,
872,31100,50.171269,19.834547,388.05,2026-09-30 09:00:00+00:00,2026-09-30 10:00:00+00:00,,,,,,,,
873,31100,50.171269,19.834547,388.05,2026-09-30 10:00:00+00:00,2026-09-30 11:00:00+00:00,,,,,,,,
874,31100,50.171269,19.834547,388.05,2026-09-30 11:00:00+00:00,2026-09-30 12:00:00+00:00,,,,,,,,
875,31100,50.171269,19.834547,388.05,2026-09-30 12:00:00+00:00,2026-09-30 13:00:00+00:00,,,,,,,,
876,31100,50.171269,19.834547,388.05,2026-09-30 13:00:00+00:00,2026-09-30 14:00:00+00:00,,,,,,,,
877,31100,50.171269,19.834547,388.05,2026-09-30 14:00:00+00:00,2026-09-30 15:00:00+00:00,,,,,,,,
878,31100,50.171269,19.834547,388.05,2026-09-30 15:00:00+00:00,2026-09-30 16:00:00+00:00,,,,,,,,
879,31100,50.171269,19.834547,388.05,2026-09-30 16:00:00+00:00,2026-09-30 17:00:00+00:00,,,,,,,,
880,31100,50.171269,19.834547,388.05,2026-09-30 17:00:00+00:00,2026-09-30 18:00:00+00:00,,,,,,,,
881,31100,50.171269,19.834547,388.05,2026-09-30 18:00:00+00:00,2026-09-30 19:00:00+00:00,,,,,,,,
882,31100,50.171269,19.834547,388.05,2026-09-30 19:00:00+00:00,2026-09-30 20:00:00+00:00,,,,,,,,
883,31100,50.171269,19.834547,388.05,2026-09-30 20:00:00+00:00,2026-09-30 21:00:00+00:00,,,,,,,,
884,31100,50.171269,19.834547,388.05,2026-09-30 21:00:00+00:00,2026-09-30 22:00:00+00:00,,,,,,,,
885,31100,50.171269,19.834547,388.05,2026-09-30 22:00:00+00:00,2026-09-30 23:00:00+00:00,,,,,,,,
886,31100,50.171269,19.834547,388.05,2026-09-30 23:00:00+00:00,2026-10-01 00:00:00+00:00,,,,,,,,
887,31100,50.171269,19.834547,388.05,2026-10-01 00:00:00+00:00,2026-10-01 01:00:00+00:00,,,,,,,,
888,7592,50.140354,19.911984,277.26,2026-09-30 01:00:00+00:00,2026-09-30 02:00:00+00:00,0.08,0.26,0.28,1027.24,93.31,8.09,2.79,115.81
889,7592,50.140354,19.911984,277.26,2026-09-30 02:00:00+00:00,2026-09-30 03:00:00+00:00,0.06,0.2,0.22,1027.26,94.73,7.17,2.3,116.12
890,7592,50.140354,19.911984,277.26,2026-09-30 03:00:00+00:00,2026-09-30 04:00:00+00:00,0.07,0.26,0.28,1027.38,74.04,6.75,2.06,126.34
891,7592,50.140354,19.911984,277.26,2026-09-30 04:00:00+00:00,2026-09-30 05:00:00+00:00,0.03,0.06,0.07,1027.58,83.02,6.29,2.11,126.83
892,7592,50.140354,19.911984,277.26,2026-09-30 05:00:00+00:00,2026-09-30 06:00:00+00:00,0.03,0.14,0.16,1027.86,84.22,6.53,2.3,107.57
893,7592,50.140354,19.911984,277.26,2026-09-30 06:00:00+00:00,2026-09-30 07:00:00+00:00,0.09,0.21,0.23,1028.09,90.88,8.55,4.75,62.72
894,7592,50.140354,19.911984,277.26,2026-09-30 07:00:00+00:00,2026-09-30 08:00:00+00:00,0.03,0.09,0.09,1028.29,74.02,10.73,4.55,72.0
895,7592,50.140354,19.911984,277.26,2026-09-30 08:00:00+00:00,2026-09-30 09:00:00+00:00,0.07,0.24,0.26,1028.33,56.06,13.07,5.24,71.82
896,7592,50.140354,19.911984,277.26,2026-09-30 09:00:00+00:00,2026-09-30 10:00:00+00:00,0.04,0.16,0.18,1028.15,50.13,15.4,5.6,70.29
897,7592,50.140354,19.911984,277.26,2026-09-30 10:00:00+00:00,2026-09-30 11:00:00+00:00,0.06,0.19,0.21,1027.97,44.9,17.92,6.6,76.2
898,7592,50.140354,19.911984,277.26,2026-09-30 11:00:00+00:00,2026-09-30 12:00:00+00:00,0.0,0.04,0.05,1027.51,39.92,19.93,8.71,101.64
899,7592,50.140354,19.911984,277.26,2026-09-30 12:00:00+00:00,2026-09-30 13:00:00+00:00,0.02,0.1,0.1,1026.98,37.75,21.7,7.65,84.0
900,7592,50.140354,19.911984,277.26,2026-09-30 13:00:00+00:00,2026-09-30 14:00:00+00:00,0.05,0.19,0.21,1026.37,36.43,23.16,8.29,83.72
901,7592,50.140354,19.911984,277.26,2026-09-30 14:00:00+00:00,2026-09-30 15:00:00+00:00,0.07,0.25,0.27,1025.88,36.57,25.1,9.17,81.0
902,7592,50.140354,19.911984,277.26,2026-09-30 15:00:00+00:00,2026-09-30 16:00:00+00:00,0.02,0.13,0.14,1025.68,38.81,23.99,10.52,88.38
903,7592,50.140354,19.911984,277.26,2026-09-30 16:00:00+00:00,2026-09-30 17:00:00+00:00,0.06,0.2,0.22,1025.77,42.72,19.33,11.68,90.1
904,7592,50.140354,19.911984,277.26,2026-09-30 17:00:00+00:00,2026-09-30 18:00:00+00:00,0.09,0.3,0.33,1026.05,47.17,16.84,10.67,88.33
905,7592,50.140354,19.911984,277.26,2026-09-30 18:00:00+00:00,2026-09-30 19:00:00+00:00,0.0,0.01,0.01,1026.31,51.67,15.04,9.5,88.14
906,7592,50.140354,19.911984,277.26,2026-09-30 19:00:00+00:00,2026-09-30 20:00:00+00:00,0.04,0.13,0.14,1026.55,53.54,14.22,9.06,85.0
907,7592,50.140354,19.911984,277.26,2026-09-30 20:00:00+00:00,2026-09-30 21:00:00+00:00,0.03,0.07,0.08,1026.79,57.49,12.88,7.71,88.53
908,7592,50.140354,19.911984,277.26,2026-09-30 21:00:00+00:00,2026-09-30 22:00:00+00:00,0.04,0.16,0.17,1026.91,60.5,11.8,6.08,90.7
909,7592,50.140354,19.911984,277.26,2026-09-30 22:00:00+00:00,2026-09-30 23:00:00+00:00,0.05,0.12,0.13,1026.88,62.19,10.94,5.21,88.09
910,7592,50.140354,19.911984,277.26,2026-09-30 23:00:00+00:00,2026-10-01 00:00:00+00:00,0.03,0.1,0.11,1026.92,64.82,10.13,5.34,81.66
911,7592,50.140354,19.911984,277.26,2026-10-01 00:00:00+00:00,2026-10-01 01:00:00+00:00,0.1,0.31,0.34,1026.84,65.57,9.61,4.98,81.45
912,18506,49.98436,20.066578,251.23,2026-09-30 01:00:00+00:00,2026-09-30 02:00:00+00:00,14.1,20.37,24.22,1027.64,91.88,7.81,2.21,152.98
913,18506,49.98436,20.066578,251.23,2026-09-30 02:00:00+00:00,2026-09-30 03:00:00+00:00,14.98,21.99,27.38,1027.68,92.94,7.17,2.03,170.6
914,18506,49.98436,20.066578,251.23,2026-09-30 03:00:00+00:00,2026-09-30 04:00:00+00:00,14.58,21.43,26.27,1027.87,94.13,6.69,1.72,174.4
915,18506,49.98436,20.066578,251.23,2026-09-30 04:00:00+00:00,2026-09-30 05:00:00+00:00,16.38,24.72,32.26,1027.99,95.63,6.28,1.45,171.63
916,18506,49.98436,20.066578,251.23,2026-09-30 05:00:00+00:00,2026-09-30 06:00:00+00:00,17.33,26.07,34.68,1028.27,95.81,6.48,1.43,147.86
917,18506,49.98436,20.066578,251.23,2026-09-30 06:00:00+00:00,2026-09-30 07:00:00+00:00,16.72,24.89,32.98,1028.51,92.88,8.2,1.64,123.32
918,18506,49.98436,20.066578,251.23,2026-09-30 07:00:00+00:00,2026-09-30 08:00:00+00:00,14.46,20.51,25.72,1028.68,88.0,11.46,2.07,90.26
919,18506,49.98436,20.066578,251.23,2026-09-30 08:00:00+00:00,2026-09-30 09:00:00+00:00,12.28,16.6,19.26,1028.72,81.25,14.76,3.46,73.6
920,18506,49.98436,20.066578,251.23,2026-09-30 09:00:00+00:00,2026-09-30 10:00:00+00:00,9.95,12.69,14.6,1028.6,74.88,17.51,4.64,73.45
921,18506,49.98436,20.066578,251.23,2026-09-30 10:00:00+00:00,2026-09-30 11:00:00+00:00,9.08,11.19,12.79,1028.53,70.75,18.74,5.39,78.16
922,18506,49.98436,20.066578,251.23,2026-09-30 11:00:00+00:00,2026-09-30 12:00:00+00:00,7.65,9.51,10.85,1028.13,66.61,20.14,6.18,91.41
923,18506,49.98436,20.066578,251.23,2026-09-30 12:00:00+00:00,2026-09-30 13:00:00+00:00,4.85,5.87,6.74,1027.66,60.58,21.2,7.15,103.39
924,18506,49.98436,20.066578,251.23,2026-09-30 13:00:00+00:00,2026-09-30 14:00:00+00:00,4.92,5.9,6.76,1027.12,57.31,21.52,8.42,105.0
925,18506,49.98436,20.066578,251.23,2026-09-30 14:00:00+00:00,2026-09-30 15:00:00+00:00,6.37,7.87,9.15,1026.72,58.59,21.4,10.03,97.25
926,18506,49.98436,20.066578,251.23,2026-09-30 15:00:00+00:00,2026-09-30 16:00:00+00:00,7.16,9.51,11.67,1026.61,62.58,20.35,11.36,90.41
927,18506,49.98436,20.066578,251.23,2026-09-30 16:00:00+00:00,2026-09-30 17:00:00+00:00,7.23,9.08,10.52,1026.66,68.09,18.21,11.99,89.97
928,18506,49.98436,20.066578,251.23,2026-09-30 17:00:00+00:00,2026-09-30 18:00:00+00:00,12.13,16.05,19.08,1026.88,72.25,15.94,11.09,96.25
929,18506,49.98436,20.066578,251.23,2026-09-30 18:00:00+00:00,2026-09-30 19:00:00+00:00,12.15,16.26,18.83,1026.96,75.63,14.65,9.77,99.06
930,18506,49.98436,20.066578,251.23,2026-09-30 19:00:00+00:00,2026-09-30 20:00:00+00:00,13.38,18.63,22.28,1027.02,78.13,13.72,8.93,99.27
931,18506,49.98436,20.066578,251.23,2026-09-30 20:00:00+00:00,2026-09-30 21:00:00+00:00,13.68,19.57,23.6,1027.24,81.63,12.22,7.43,106.41
932,18506,49.98436,20.066578,251.23,2026-09-30 21:00:00+00:00,2026-09-30 22:00:00+00:00,14.22,20.35,25.18,1027.37,83.88,11.51,6.35,101.81
933,18506,49.98436,20.066578,251.23,2026-09-30 22:00:00+00:00,2026-09-30 23:00:00+00:00,13.98,19.64,23.44,1027.42,86.13,10.73,4.98,92.3
934,18506,49.98436,20.066578,251.23,2026-09-30 23:00:00+00:00,2026-10-01 00:00:00+00:00,12.67,17.1,19.96,1027.49,88.25,10.16,4.59,82.07
935,18506,49.98436,20.066578,251.23,2026-10-01 00:00:00+00:00,2026-10-01 01:00:00+00:00,12.11,16.58,19.43,1027.29,89.69,9.68,4.24,76.56
936,32808,50.175018,20.039064,315.7,2026-09-30 01:00:00+00:00,2026-09-30 02:00:00+00:00,0.93,2.06,2.81,1028.29,77.25,7.46,4.86,72.42
937,32808,50.175018,20.039064,315.7,2026-09-30 02:00:00+00:00,2026-09-30 03:00:00+00:00,0.34,0.89,1.21,1028.31,85.34,7.1,4.27,63.82
938,32808,50.175018,20.039064,315.7,2026-09-30 03:00:00+00:00,2026-09-30 04:00:00+00:00,0.54,1.14,1.43,1028.46,78.31,6.33,4.54,62.41
939,32808,50.175018,20.039064,315.7,2026-09-30 04:00:00+00:00,2026-09-30 05:00:00+00:00,0.99,1.69,2.07,1028.57,80.67,5.91,4.0,54.22
940,32808,50.175018,20.039064,315.7,2026-09-30 05:00:00+00:00,2026-09-30 06:00:00+00:00,0.74,1.54,2.11,1028.83,79.09,6.03,3.88,55.58
941,32808,50.175018,20.039064,315.7,2026-09-30 06:00:00+00:00,2026-09-30 07:00:00+00:00,1.02,2.2,3.08,1029.13,83.15,7.16,4.65,66.0
942,32808,50.175018,20.039064,315.7,2026-09-30 07:00:00+00:00,2026-09-30 08:00:00+00:00,0.79,1.94,2.71,1029.37,70.39,9.72,4.82,80.31
943,32808,50.175018,20.039064,315.7,2026-09-30 08:00:00+00:00,2026-09-30 09:00:00+00:00,0.83,1.89,2.55,1029.51,75.59,12.35,6.31,89.1
944,32808,50.175018,20.039064,315.7,2026-09-30 09:00:00+00:00,2026-09-30 10:00:00+00:00,2.31,3.92,5.34,1029.4,58.9,14.87,8.07,100.38
945,32808,50.175018,20.039064,315.7,2026-09-30 10:00:00+00:00,2026-09-30 11:00:00+00:00,1.0,1.93,2.79,1029.25,59.81,16.85,8.77,105.81
946,32808,50.175018,20.039064,315.7,2026-09-30 11:00:00+00:00,2026-09-30 12:00:00+00:00,0.55,1.28,1.89,1028.75,54.44,18.56,9.64,115.48
947,32808,50.175018,20.039064,315.7,2026-09-30 12:00:00+00:00,2026-09-30 13:00:00+00:00,0.46,1.08,1.63,1028.18,51.83,19.93,10.22,121.79
948,32808,50.175018,20.039064,315.7,2026-09-30 13:00:00+00:00,2026-09-30 14:00:00+00:00,0.19,0.38,0.52,1027.52,59.71,22.44,10.8,123.0
949,32808,50.175018,20.039064,315.7,2026-09-30 14:00:00+00:00,2026-09-30 15:00:00+00:00,0.14,0.35,0.62,1026.99,60.81,23.26,10.99,113.97
950,32808,50.175018,20.039064,315.7,2026-09-30 15:00:00+00:00,2026-09-30 16:00:00+00:00,0.4,1.16,1.66,1026.77,62.66,21.22,11.95,105.62
951,32808,50.175018,20.039064,315.7,2026-09-30 16:00:00+00:00,2026-09-30 17:00:00+00:00,0.37,1.0,1.64,1026.91,43.33,17.53,12.94,97.89
952,32808,50.175018,20.039064,315.7,2026-09-30 17:00:00+00:00,2026-09-30 18:00:00+00:00,3.92,5.6,7.27,1027.25,46.94,15.12,12.61,93.05
953,32808,50.175018,20.039064,315.7,2026-09-30 18:00:00+00:00,2026-09-30 19:00:00+00:00,2.33,4.19,5.6,1027.53,50.49,13.77,12.16,86.04
954,32808,50.175018,20.039064,315.7,2026-09-30 19:00:00+00:00,2026-09-30 20:00:00+00:00,1.16,2.66,3.82,1027.76,53.49,12.86,11.17,85.46
955,32808,50.175018,20.039064,315.7,2026-09-30 20:00:00+00:00,2026-09-30 21:00:00+00:00,0.88,1.94,2.77,1027.93,56.25,11.74,10.29,86.65
956,32808,50.175018,20.039064,315.7,2026-09-30 21:00:00+00:00,2026-09-30 22:00:00+00:00,1.33,2.72,4.16,1027.95,58.28,10.87,8.75,84.52
957,32808,50.175018,20.039064,315.7,2026-09-30 22:00:00+00:00,2026-09-30 23:00:00+00:00,0.48,1.07,1.57,1027.98,61.04,10.44,7.43,75.35
958,32808,50.175018,20.039064,315.7,2026-09-30 23:00:00+00:00,2026-10-01 00:00:00+00:00,1.12,2.46,3.66,1028.04,70.1,9.64,7.43,74.4
959,32808,50.175018,20.039064,315.7,2026-10-01 00:00:00+00:00,2026-10-01 01:00:00+00:00,1.06,2.57,3.57,1027.91,85.85,8.76,7.39,74.03
960,86899,50.098304,19.879415,249.34,2026-09-30 01:00:00+00:00,2026-09-30 02:00:00+00:00,14.01,18.94,23.23,1029.07,85.33,9.7,2.77,115.6
961,86899,50.098304,19.879415,249.34,2026-09-30 02:00:00+00:00,2026-09-30 03:00:00+00:00,14.01,18.89,23.32,1029.13,87.6,8.91,2.29,116.46
962,86899,50.098304,19.879415,249.34,2026-09-30 03:00:00+00:00,2026-09-30 04:00:00+00:00,14.2,19.27,23.85,1029.25,87.23,8.56,2.06,126.32
963,86899,50.098304,19.879415,249.34,2026-09-30 04:00:00+00:00,2026-09-30 05:00:00+00:00,14.2,19.47,24.29,1029.47,87.52,8.08,2.11,126.85
964,86899,50.098304,19.879415,249.34,2026-09-30 05:00:00+00:00,2026-09-30 06:00:00+00:00,14.69,20.37,25.7,1029.7,88.9,8.22,2.25,112.01
965,86899,50.098304,19.879415,249.34,2026-09-30 06:00:00+00:00,2026-09-30 07:00:00+00:00,15.36,21.71,27.35,1029.9,84.88,10.0,4.76,62.29
966,86899,50.098304,19.879415,249.34,2026-09-30 07:00:00+00:00,2026-09-30 08:00:00+00:00,14.31,19.94,24.86,1030.07,77.69,12.28,4.57,72.0
967,86899,50.098304,19.879415,249.34,2026-09-30 08:00:00+00:00,2026-09-30 09:00:00+00:00,11.86,15.78,19.3,1030.01,69.39,14.8,5.25,71.74
968,86899,50.098304,19.879415,249.34,2026-09-30 09:00:00+00:00,2026-09-30 10:00:00+00:00,9.17,11.8,14.09,1029.69,60.91,17.86,5.63,70.38
969,86899,50.098304,19.879415,249.34,2026-09-30 10:00:00+00:00,2026-09-30 11:00:00+00:00,8.29,10.68,12.83,1029.59,54.05,19.96,6.69,78.42
970,86899,50.098304,19.879415,249.34,2026-09-30 11:00:00+00:00,2026-09-30 12:00:00+00:00,8.02,10.25,12.22,1029.2,48.92,20.88,8.7,101.47
971,86899,50.098304,19.879415,249.34,2026-09-30 12:00:00+00:00,2026-09-30 13:00:00+00:00,7.51,9.66,11.4,1028.72,45.97,21.92,7.66,84.0
972,86899,50.098304,19.879415,249.34,2026-09-30 13:00:00+00:00,2026-09-30 14:00:00+00:00,5.91,7.45,8.87,1028.17,43.01,22.49,8.3,83.69
973,86899,50.098304,19.879415,249.34,2026-09-30 14:00:00+00:00,2026-09-30 15:00:00+00:00,5.1,6.37,7.55,1027.72,42.31,22.7,9.17,81.0
974,86899,50.098304,19.879415,249.34,2026-09-30 15:00:00+00:00,2026-09-30 16:00:00+00:00,6.33,8.02,9.57,1027.55,46.72,21.87,10.43,87.97
975,86899,50.098304,19.879415,249.34,2026-09-30 16:00:00+00:00,2026-09-30 17:00:00+00:00,7.0,8.95,10.7,1027.6,52.87,20.11,11.69,90.23
976,86899,50.098304,19.879415,249.34,2026-09-30 17:00:00+00:00,2026-09-30 18:00:00+00:00,8.45,11.06,13.16,1027.87,58.5,18.28,10.73,88.13
977,86899,50.098304,19.879415,249.34,2026-09-30 18:00:00+00:00,2026-09-30 19:00:00+00:00,9.39,12.02,14.65,1028.14,64.19,16.6,9.52,88.28
978,86899,50.098304,19.879415,249.34,2026-09-30 19:00:00+00:00,2026-09-30 20:00:00+00:00,9.96,13.2,16.24,1028.35,66.85,15.76,9.06,85.0
979,86899,50.098304,19.879415,249.34,2026-09-30 20:00:00+00:00,2026-09-30 21:00:00+00:00,10.64,13.7,16.65,1028.61,71.88,14.39,7.68,88.62
980,86899,50.098304,19.879415,249.34,2026-09-30 21:00:00+00:00,2026-09-30 22:00:00+00:00,11.26,14.35,17.6,1028.72,75.37,13.41,6.05,90.72
981,86899,50.098304,19.879415,249.34,2026-09-30 22:00:00+00:00,2026-09-30 23:00:00+00:00,10.3,13.52,16.63,1028.7,77.53,12.57,5.2,88.02
982,86899,50.098304,19.879415,249.34,2026-09-30 23:00:00+00:00,2026-10-01 00:00:00+00:00,10.34,13.71,16.79,1028.76,80.43,11.81,5.35,81.53
983,86899,50.098304,19.879415,249.34,2026-10-01 00:00:00+00:00,2026-10-01 01:00:00+00:00,10.13,13.65,16.75,1028.63,81.08,11.29,4.97,81.49
984,87191,50.012269,20.120682,228.04,2026-09-30 01:00:00+00:00,2026-09-30 02:00:00+00:00,12.4,19.72,25.01,1027.27,91.88,7.14,2.21,152.98
985,87191,50.012269,20.120682,228.04,2026-09-30 02:00:00+00:00,2026-09-30 03:00:00+00:00,12.23,19.26,23.94,1027.34,92.94,6.46,2.03,170.6
986,87191,50.012269,20.120682,228.04,2026-09-30 03:00:00+00:00,2026-09-30 04:00:00+00:00,11.9,18.72,22.97,1027.59,94.13,5.88,1.72,174.4
987,87191,50.012269,20.120682,228.04,2026-09-30 04:00:00+00:00,2026-09-30 05:00:00+00:00,12.11,19.4,24.63,1027.72,95.63,5.31,1.45,171.63
988,87191,50.012269,20.120682,228.04,2026-09-30 05:00:00+00:00,2026-09-30 06:00:00+00:00,12.72,20.73,27.1,1027.99,95.81,5.51,1.43,147.86
989,87191,50.012269,20.120682,228.04,2026-09-30 06:00:00+00:00,2026-09-30 07:00:00+00:00,12.18,19.5,24.84,1028.24,92.88,7.01,1.64,123.32
990,87191,50.012269,20.120682,228.04,2026-09-30 07:00:00+00:00,2026-09-30 08:00:00+00:00,12.47,19.59,24.71,1028.43,88.0,9.32,2.07,90.26
991,87191,50.012269,20.120682,228.04,2026-09-30 08:00:00+00:00,2026-09-30 09:00:00+00:00,9.74,14.83,17.33,1028.42,81.25,12.57,3.46,73.6
992,87191,50.012269,20.120682,228.04,2026-09-30 09:00:00+00:00,2026-09-30 10:00:00+00:00,7.06,10.26,11.99,1028.38,74.88,15.59,4.64,73.45
993,87191,50.012269,20.120682,228.04,2026-09-30 10:00:00+00:00,2026-09-30 11:00:00+00:00,5.96,8.61,10.04,1028.14,70.75,18.17,5.39,78.16
994,87191,50.012269,20.120682,228.04,2026-09-30 11:00:00+00:00,2026-09-30 12:00:00+00:00,5.31,7.46,8.63,1027.56,66.63,21.08,6.18,91.41
995,87191,50.012269,20.120682,228.04,2026-09-30 12:00:00+00:00,2026-09-30 13:00:00+00:00,3.06,4.25,4.89,1027.05,62.88,23.38,7.15,103.39
996,87191,50.012269,20.120682,228.04,2026-09-30 13:00:00+00:00,2026-09-30 14:00:00+00:00,3.74,5.16,5.93,1026.53,61.0,22.95,8.42,105.0
997,87191,50.012269,20.120682,228.04,2026-09-30 14:00:00+00:00,2026-09-30 15:00:00+00:00,3.41,4.75,5.48,1026.09,61.63,24.36,10.03,97.25
998,87191,50.012269,20.120682,228.04,2026-09-30 15:00:00+00:00,2026-09-30 16:00:00+00:00,3.94,5.43,6.32,1025.94,64.38,22.32,11.36,90.41
999,87191,50.012269,20.120682,228.04,2026-09-30 16:00:00+00:00,2026-09-30 17:00:00+00:00,4.83,6.92,8.07,1026.0,68.5,18.45,11.99,89.97
1000,87191,50.012269,20.120682,228.04,2026-09-30 17:00:00+00:00,2026-09-30 18:00:00+00:00,6.84,10.24,12.05,1026.26,72.25,15.96,11.09,96.25
1001,87191,50.012269,20.120682,228.04,2026-09-30 18:00:00+00:00,2026-09-30 19:00:00+00:00,15.65,25.81,32.68,1026.51,75.63,14.37,9.77,99.06
1002,87191,50.012269,20.120682,228.04,2026-09-30 19:00:00+00:00,2026-09-30 20:00:00+00:00,12.48,18.52,23.1,1026.56,78.13,13.4,8.93,99.27
1003,87191,50.012269,20.120682,228.04,2026-09-30 20:00:00+00:00,2026-09-30 21:00:00+00:00,12.05,17.96,21.89,1026.76,81.63,11.81,7.43,106.41
1004,87191,50.012269,20.120682,228.04,2026-09-30 21:00:00+00:00,2026-09-30 22:00:00+00:00,10.44,15.82,18.58,1026.88,83.88,11.05,6.35,101.81
1005,87191,50.012269,20.120682,228.04,2026-09-30 22:00:00+00:00,2026-09-30 23:00:00+00:00,9.08,14.12,16.57,1027.02,86.13,10.16,4.98,92.3
1006,87191,50.012269,20.120682,228.04,2026-09-30 23:00:00+00:00,2026-10-01 00:00:00+00:00,10.1,15.77,18.64,1027.24,88.25,9.29,4.59,82.07
1007,87191,50.012269,20.120682,228.04,2026-10-01 00:00:00+00:00,2026-10-01 01:00:00+00:00,9.15,14.15,16.57,1026.97,89.69,8.95,4.24,76.56
1008,86920,49.993368,19.946925,253.36,2026-09-30 01:00:00+00:00,2026-09-30 02:00:00+00:00,,,,,,,,
1009,86920,49.993368,19.946925,253.36,2026-09-30 02:00:00+00:00,2026-09-30 03:00:00+00:00,,,,,,,,
1010,86920,49.993368,19.946925,253.36,2026-09-30 03:00:00+00:00,2026-09-30 04:00:00+00:00,,,,,,,,
1011,86920,49.993368,19.946925,253.36,2026-09-30 04:00:00+00:00,2026-09-30 05:00:00+00:00,,,,,,,,
1012,86920,49.993368,19.946925,253.36,2026-09-30 05:00:00+00:00,2026-09-30 06:00:00+00:00,,,,,,,,
1013,86920,49.993368,19.946925,253.36,2026-09-30 06:00:00+00:00,2026-09-30 07:00:00+00:00,,,,,,,,
1014,86920,49.993368,19.946925,253.36,2026-09-30 07:00:00+00:00,2026-09-30 08:00:00+00:00,,,,,,,,
1015,86920,49.993368,19.946925,253.36,2026-09-30 08:00:00+00:00,2026-09-30 09:00:00+00:00,,,,,,,,
1016,86920,49.993368,19.946925,253.36,2026-09-30 09:00:00+00:00,2026-09-30 10:00:00+00:00,,,,,,,,
1017,86920,49.993368,19.946925,253.36,2026-09-30 10:00:00+00:00,2026-09-30 11:00:00+00:00,,,,,,,,
1018,86920,49.993368,19.946925,253.36,2026-09-30 11:00:00+00:00,2026-09-30 12:00:00+00:00,,,,,,,,
1019,86920,49.993368,19.946925,253.36,2026-09-30 12:00:00+00:00,2026-09-30 13:00:00+00:00,,,,,,,,
1020,86920,49.993368,19.946925,253.36,2026-09-30 13:00:00+00:00,2026-09-30 14:00:00+00:00,,,,,,,,
1021,86920,49.993368,19.946925,253.36,2026-09-30 14:00:00+00:00,2026-09-30 15:00:00+00:00,,,,,,,,
1022,86920,49.993368,19.946925,253.36,2026-09-30 15:00:00+00:00,2026-09-30 16:00:00+00:00,,,,,,,,
1023,86920,49.993368,19.946925,253.36,2026-09-30 16:00:00+00:00,2026-09-30 17:00:00+00:00,,,,,,,,
1024,86920,49.993368,19.946925,253.36,2026-09-30 17:00:00+00:00,2026-09-30 18:00:00+00:00,,,,,,,,
1025,86920,49.993368,19.946925,253.36,2026-09-30 18:00:00+00:00,2026-09-30 19:00:00+00:00,,,,,,,,
1026,86920,49.993368,19.946925,253.36,2026-09-30 19:00:00+00:00,2026-09-30 20:00:00+00:00,,,,,,,,
1027,86920,49.993368,19.946925,253.36,2026-09-30 20:00:00+00:00,2026-09-30 21:00:00+00:00,,,,,,,,
1028,86920,49.993368,19.946925,253.36,2026-09-30 21:00:00+00:00,2026-09-30 22:00:00+00:00,,,,,,,,
1029,86920,49.993368,19.946925,253.36,2026-09-30 22:00:00+00:00,2026-09-30 23:00:00+00:00,,,,,,,,
1030,86920,49.993368,19.946925,253.36,2026-09-30 23:00:00+00:00,2026-10-01 00:00:00+00:00,,,,,,,,
1031,86920,49.993368,19.946925,253.36,2026-10-01 00:00:00+00:00,2026-10-01 01:00:00+00:00,,,,,,,,
1032,37595,49.950474,19.973186,381.18,2026-09-30 01:00:00+00:00,2026-09-30 02:00:00+00:00,7.17,10.93,13.1,1026.55,68.02,7.86,2.57,160.98
1033,37595,49.950474,19.973186,381.18,2026-09-30 02:00:00+00:00,2026-09-30 03:00:00+00:00,6.77,10.31,12.27,1026.54,81.41,7.6,1.69,158.65
1034,37595,49.950474,19.973186,381.18,2026-09-30 03:00:00+00:00,2026-09-30 04:00:00+00:00,6.77,10.25,12.12,1026.64,94.94,7.1,1.77,142.99
1035,37595,49.950474,19.973186,381.18,2026-09-30 04:00:00+00:00,2026-09-30 05:00:00+00:00,6.92,10.57,12.68,1026.81,78.47,6.58,1.67,159.74
1036,37595,49.950474,19.973186,381.18,2026-09-30 05:00:00+00:00,2026-09-30 06:00:00+00:00,6.01,9.04,10.66,1027.03,93.15,7.53,2.06,155.01
1037,37595,49.950474,19.973186,381.18,2026-09-30 06:00:00+00:00,2026-09-30 07:00:00+00:00,4.88,6.98,8.26,1027.0,90.52,11.48,3.01,148.0
1038,37595,49.950474,19.973186,381.18,2026-09-30 07:00:00+00:00,2026-09-30 08:00:00+00:00,4.61,6.43,7.48,1027.13,81.99,15.55,2.63,101.99
1039,37595,49.950474,19.973186,381.18,2026-09-30 08:00:00+00:00,2026-09-30 09:00:00+00:00,4.1,5.82,6.82,1027.28,56.37,18.06,4.16,73.73
1040,37595,49.950474,19.973186,381.18,2026-09-30 09:00:00+00:00,2026-09-30 10:00:00+00:00,4.37,6.21,7.39,1027.19,50.87,20.54,4.94,70.0
1041,37595,49.950474,19.973186,381.18,2026-09-30 10:00:00+00:00,2026-09-30 11:00:00+00:00,4.49,6.34,7.51,1027.12,46.1,22.28,5.88,73.93
1042,37595,49.950474,19.973186,381.18,2026-09-30 11:00:00+00:00,2026-09-30 12:00:00+00:00,4.42,6.13,7.27,1026.82,42.0,22.63,6.83,81.98
1043,37595,49.950474,19.973186,381.18,2026-09-30 12:00:00+00:00,2026-09-30 13:00:00+00:00,4.15,5.84,6.86,1026.52,36.99,22.2,11.88,90.81
1044,37595,49.950474,19.973186,381.18,2026-09-30 13:00:00+00:00,2026-09-30 14:00:00+00:00,3.68,5.27,6.12,1026.11,36.2,22.51,9.61,90.05
1045,37595,49.950474,19.973186,381.18,2026-09-30 14:00:00+00:00,2026-09-30 15:00:00+00:00,5.38,8.21,9.77,1025.73,36.92,22.24,9.23,82.8
1046,37595,49.950474,19.973186,381.18,2026-09-30 15:00:00+00:00,2026-09-30 16:00:00+00:00,5.02,7.3,8.72,1025.63,39.31,20.71,10.97,81.78
1047,37595,49.950474,19.973186,381.18,2026-09-30 16:00:00+00:00,2026-09-30 17:00:00+00:00,5.05,7.6,9.07,1025.62,42.84,18.29,11.9,84.28
1048,37595,49.950474,19.973186,381.18,2026-09-30 17:00:00+00:00,2026-09-30 18:00:00+00:00,6.34,9.63,11.61,1025.7,62.82,16.26,11.19,93.79
1049,37595,49.950474,19.973186,381.18,2026-09-30 18:00:00+00:00,2026-09-30 19:00:00+00:00,6.52,9.95,12.14,1025.87,65.71,14.73,9.7,97.0
1050,37595,49.950474,19.973186,381.18,2026-09-30 19:00:00+00:00,2026-09-30 20:00:00+00:00,6.22,9.38,11.22,1026.02,70.1,13.85,8.94,95.22
1051,37595,49.950474,19.973186,381.18,2026-09-30 20:00:00+00:00,2026-09-30 21:00:00+00:00,6.35,9.67,11.51,1026.14,62.01,12.52,7.69,89.54
1052,37595,49.950474,19.973186,381.18,2026-09-30 21:00:00+00:00,2026-09-30 22:00:00+00:00,6.98,10.77,12.78,1026.27,83.69,11.74,6.05,93.19
1053,37595,49.950474,19.973186,381.18,2026-09-30 22:00:00+00:00,2026-09-30 23:00:00+00:00,8.0,12.09,14.42,1026.27,85.75,10.7,4.57,96.0
1054,37595,49.950474,19.973186,381.18,2026-09-30 23:00:00+00:00,2026-10-01 00:00:00+00:00,7.51,11.43,13.8,1026.28,65.36,10.19,4.98,83.0
1055,37595,49.950474,19.973186,381.18,2026-10-01 00:00:00+00:00,2026-10-01 01:00:00+00:00,8.14,12.57,14.94,1026.14,65.19,9.7,4.32,79.38
1056,82333,50.140929,19.988972,246.45,2026-09-30 01:00:00+00:00,2026-09-30 02:00:00+00:00,13.15,19.68,24.44,1029.08,68.13,6.85,2.3,129.86
1057,82333,50.140929,19.988972,246.45,2026-09-30 02:00:00+00:00,2026-09-30 03:00:00+00:00,9.39,14.44,16.66,1029.08,69.26,6.41,1.73,106.78
1058,82333,50.140929,19.988972,246.45,2026-09-30 03:00:00+00:00,2026-09-30 04:00:00+00:00,10.35,15.81,18.14,1029.4,69.43,5.89,4.04,56.49
1059,82333,50.140929,19.988972,246.45,2026-09-30 04:00:00+00:00,2026-09-30 05:00:00+00:00,9.56,14.82,17.21,1029.4,70.38,5.47,3.3,63.92
1060,82333,50.140929,19.988972,246.45,2026-09-30 05:00:00+00:00,2026-09-30 06:00:00+00:00,10.02,15.49,17.96,1029.68,71.14,5.42,2.26,122.64
1061,82333,50.140929,19.988972,246.45,2026-09-30 06:00:00+00:00,2026-09-30 07:00:00+00:00,10.12,15.36,17.77,1029.84,68.56,7.71,2.63,104.89
1062,82333,50.140929,19.988972,246.45,2026-09-30 07:00:00+00:00,2026-09-30 08:00:00+00:00,9.34,13.9,15.89,1029.96,80.9,10.9,3.12,79.96
1063,82333,50.140929,19.988972,246.45,2026-09-30 08:00:00+00:00,2026-09-30 09:00:00+00:00,7.3,10.61,12.25,1030.06,80.5,13.68,4.51,71.11
1064,82333,50.140929,19.988972,246.45,2026-09-30 09:00:00+00:00,2026-09-30 10:00:00+00:00,5.0,7.2,8.27,1029.89,74.69,16.35,5.58,69.84
1065,82333,50.140929,19.988972,246.45,2026-09-30 10:00:00+00:00,2026-09-30 11:00:00+00:00,4.56,6.41,7.27,1029.79,70.75,17.6,6.27,72.0
1066,82333,50.140929,19.988972,246.45,2026-09-30 11:00:00+00:00,2026-09-30 12:00:00+00:00,3.91,5.63,6.38,1029.33,65.98,19.3,7.09,82.12
1067,82333,50.140929,19.988972,246.45,2026-09-30 12:00:00+00:00,2026-09-30 13:00:00+00:00,3.96,5.71,6.41,1028.84,62.75,20.33,7.37,86.68
1068,82333,50.140929,19.988972,246.45,2026-09-30 13:00:00+00:00,2026-09-30 14:00:00+00:00,2.94,4.29,4.9,1028.31,61.27,20.72,8.16,81.1
1069,82333,50.140929,19.988972,246.45,2026-09-30 14:00:00+00:00,2026-09-30 15:00:00+00:00,2.53,3.67,4.37,1027.91,60.69,20.57,9.68,92.74
1070,82333,50.140929,19.988972,246.45,2026-09-30 15:00:00+00:00,2026-09-30 16:00:00+00:00,3.24,4.83,5.73,1027.77,63.31,19.23,10.7,88.32
1071,82333,50.140929,19.988972,246.45,2026-09-30 16:00:00+00:00,2026-09-30 17:00:00+00:00,4.55,6.78,8.21,1027.89,57.3,17.06,11.35,82.56
1072,82333,50.140929,19.988972,246.45,2026-09-30 17:00:00+00:00,2026-09-30 18:00:00+00:00,6.02,9.3,10.93,1028.17,46.21,15.39,10.93,87.37
1073,82333,50.140929,19.988972,246.45,2026-09-30 18:00:00+00:00,2026-09-30 19:00:00+00:00,5.39,8.2,9.43,1028.39,51.23,13.84,9.45,91.13
1074,82333,50.140929,19.988972,246.45,2026-09-30 19:00:00+00:00,2026-09-30 20:00:00+00:00,5.79,8.63,9.99,1028.61,54.99,12.54,8.58,87.31
1075,82333,50.140929,19.988972,246.45,2026-09-30 20:00:00+00:00,2026-09-30 21:00:00+00:00,5.83,8.71,10.07,1028.84,56.73,11.49,8.2,84.86
1076,82333,50.140929,19.988972,246.45,2026-09-30 21:00:00+00:00,2026-09-30 22:00:00+00:00,5.94,8.82,10.19,1028.92,58.48,10.61,7.49,80.87
1077,82333,50.140929,19.988972,246.45,2026-09-30 22:00:00+00:00,2026-09-30 23:00:00+00:00,6.24,9.67,11.14,1028.99,60.99,9.88,5.77,78.17
1078,82333,50.140929,19.988972,246.45,2026-09-30 23:00:00+00:00,2026-10-01 00:00:00+00:00,6.4,9.81,11.36,1029.04,62.23,9.37,6.34,68.88
1079,82333,50.140929,19.988972,246.45,2026-10-01 00:00:00+00:00,2026-10-01 01:00:00+00:00,6.47,9.73,11.31,1028.9,65.24,8.41,4.77,80.0
1080,40916,50.174264,19.849742,301.54,2026-09-30 01:00:00+00:00,2026-09-30 02:00:00+00:00,11.56,17.26,20.12,1029.51,91.75,7.86,6.08,84.46
1081,40916,50.174264,19.849742,301.54,2026-09-30 02:00:00+00:00,2026-09-30 03:00:00+00:00,11.31,17.05,19.76,1029.5,92.13,7.49,5.77,78.15
1082,40916,50.174264,19.849742,301.54,2026-09-30 03:00:00+00:00,2026-09-30 04:00:00+00:00,11.1,16.52,19.08,1029.55,92.81,6.93,5.33,75.31
1083,40916,50.174264,19.849742,301.54,2026-09-30 04:00:00+00:00,2026-09-30 05:00:00+00:00,11.23,16.67,19.34,1029.73,93.5,6.46,4.81,76.78
1084,40916,50.174264,19.849742,301.54,2026-09-30 05:00:00+00:00,2026-09-30 06:00:00+00:00,11.18,16.59,19.12,1029.97,93.25,6.49,4.77,73.68
1085,40916,50.174264,19.849742,301.54,2026-09-30 06:00:00+00:00,2026-09-30 07:00:00+00:00,10.93,16.04,18.39,1030.18,89.69,8.05,5.19,79.82
1086,40916,50.174264,19.849742,301.54,2026-09-30 07:00:00+00:00,2026-09-30 08:00:00+00:00,9.45,13.06,14.79,1030.31,80.42,13.01,5.1,88.28
1087,40916,50.174264,19.849742,301.54,2026-09-30 08:00:00+00:00,2026-09-30 09:00:00+00:00,7.6,10.29,11.68,1030.27,71.31,17.35,7.19,96.56
1088,40916,50.174264,19.849742,301.54,2026-09-30 09:00:00+00:00,2026-09-30 10:00:00+00:00,7.17,9.39,10.59,1030.2,72.25,19.61,8.23,99.9
1089,40916,50.174264,19.849742,301.54,2026-09-30 10:00:00+00:00,2026-09-30 11:00:00+00:00,6.05,8.0,9.06,1030.08,68.19,20.71,8.97,104.27
1090,40916,50.174264,19.849742,301.54,2026-09-30 11:00:00+00:00,2026-09-30 12:00:00+00:00,5.88,7.9,8.82,1029.74,64.5,20.62,9.82,107.54
1091,40916,50.174264,19.849742,301.54,2026-09-30 12:00:00+00:00,2026-09-30 13:00:00+00:00,5.47,7.54,8.55,1029.35,61.69,20.36,10.68,113.52
1092,40916,50.174264,19.849742,301.54,2026-09-30 13:00:00+00:00,2026-09-30 14:00:00+00:00,5.63,7.8,8.78,1028.85,51.4,20.1,11.09,119.0
1093,40916,50.174264,19.849742,301.54,2026-09-30 14:00:00+00:00,2026-09-30 15:00:00+00:00,4.37,6.1,6.95,1028.56,53.2,19.46,10.21,110.0
1094,40916,50.174264,19.849742,301.54,2026-09-30 15:00:00+00:00,2026-09-30 16:00:00+00:00,4.26,6.01,6.83,1028.45,52.75,18.16,9.48,102.72
1095,40916,50.174264,19.849742,301.54,2026-09-30 16:00:00+00:00,2026-09-30 17:00:00+00:00,5.35,7.5,8.54,1028.56,67.39,15.96,11.48,94.55
1096,40916,50.174264,19.849742,301.54,2026-09-30 17:00:00+00:00,2026-09-30 18:00:00+00:00,6.44,9.03,10.32,1028.77,70.49,14.39,12.33,92.16
1097,40916,50.174264,19.849742,301.54,2026-09-30 18:00:00+00:00,2026-09-30 19:00:00+00:00,7.28,10.2,11.64,1029.03,74.89,13.14,12.31,92.0
1098,40916,50.174264,19.849742,301.54,2026-09-30 19:00:00+00:00,2026-09-30 20:00:00+00:00,8.45,11.8,13.49,1029.29,77.8,12.31,12.02,89.02
1099,40916,50.174264,19.849742,301.54,2026-09-30 20:00:00+00:00,2026-09-30 21:00:00+00:00,8.85,12.44,14.3,1029.48,81.09,11.46,10.91,90.18
1100,40916,50.174264,19.849742,301.54,2026-09-30 21:00:00+00:00,2026-09-30 22:00:00+00:00,8.96,12.66,14.53,1029.56,83.0,10.78,9.13,87.93
1101,40916,50.174264,19.849742,301.54,2026-09-30 22:00:00+00:00,2026-09-30 23:00:00+00:00,9.32,13.3,15.39,1029.51,84.38,10.21,8.56,85.41
1102,40916,50.174264,19.849742,301.54,2026-09-30 23:00:00+00:00,2026-10-01 00:00:00+00:00,9.45,13.61,15.75,1029.52,86.31,9.65,7.9,81.74
1103,40916,50.174264,19.849742,301.54,2026-10-01 00:00:00+00:00,2026-10-01 01:00:00+00:00,9.21,13.29,15.32,1029.42,87.63,9.09,7.64,75.89
1104,2827,50.182739,19.977823,252.74,2026-09-30 01:00:00+00:00,2026-09-30 02:00:00+00:00,13.83,20.16,25.18,1029.53,68.92,8.02,4.71,71.08
1105,2827,50.182739,19.977823,252.74,2026-09-30 02:00:00+00:00,2026-09-30 03:00:00+00:00,13.79,20.08,25.07,1029.54,69.29,7.47,4.35,64.33
1106,2827,50.182739,19.977823,252.74,2026-09-30 03:00:00+00:00,2026-09-30 04:00:00+00:00,13.82,20.24,25.14,1029.68,69.61,6.82,4.54,62.41
1107,2827,50.182739,19.977823,252.74,2026-09-30 04:00:00+00:00,2026-09-30 05:00:00+00:00,13.31,19.59,23.88,1029.84,70.05,6.47,4.0,54.22
1108,2827,50.182739,19.977823,252.74,2026-09-30 05:00:00+00:00,2026-09-30 06:00:00+00:00,13.4,19.5,23.89,1030.09,69.5,6.71,3.95,56.8
1109,2827,50.182739,19.977823,252.74,2026-09-30 06:00:00+00:00,2026-09-30 07:00:00+00:00,13.85,20.18,25.48,1030.37,67.84,7.97,4.65,66.0
1110,2827,50.182739,19.977823,252.74,2026-09-30 07:00:00+00:00,2026-09-30 08:00:00+00:00,13.96,20.46,26.45,1030.57,59.57,10.93,4.85,81.66
1111,2827,50.182739,19.977823,252.74,2026-09-30 08:00:00+00:00,2026-09-30 09:00:00+00:00,11.67,16.41,19.85,1030.66,58.6,13.58,6.31,89.1
1112,2827,50.182739,19.977823,252.74,2026-09-30 09:00:00+00:00,2026-09-30 10:00:00+00:00,9.5,12.86,15.04,1030.57,72.5,16.2,8.07,100.38
1113,2827,50.182739,19.977823,252.74,2026-09-30 10:00:00+00:00,2026-09-30 11:00:00+00:00,8.96,12.0,14.08,1030.49,67.13,17.87,8.81,106.21
1114,2827,50.182739,19.977823,252.74,2026-09-30 11:00:00+00:00,2026-09-30 12:00:00+00:00,7.38,9.44,10.92,1030.03,63.75,19.25,9.74,116.33
1115,2827,50.182739,19.977823,252.74,2026-09-30 12:00:00+00:00,2026-09-30 13:00:00+00:00,7.43,9.69,11.23,1029.55,61.38,20.26,10.25,122.19
1116,2827,50.182739,19.977823,252.74,2026-09-30 13:00:00+00:00,2026-09-30 14:00:00+00:00,5.29,6.81,7.9,1029.03,60.38,20.81,10.85,123.0
1117,2827,50.182739,19.977823,252.74,2026-09-30 14:00:00+00:00,2026-09-30 15:00:00+00:00,5.22,6.73,7.81,1028.64,60.88,20.85,11.01,112.98
1118,2827,50.182739,19.977823,252.74,2026-09-30 15:00:00+00:00,2026-09-30 16:00:00+00:00,5.72,7.42,8.66,1028.48,63.5,19.62,12.06,105.07
1119,2827,50.182739,19.977823,252.74,2026-09-30 16:00:00+00:00,2026-09-30 17:00:00+00:00,6.68,8.74,10.22,1028.49,67.13,17.74,13.03,97.25
1120,2827,50.182739,19.977823,252.74,2026-09-30 17:00:00+00:00,2026-09-30 18:00:00+00:00,7.99,10.71,12.44,1028.71,72.13,15.68,12.55,92.7
1121,2827,50.182739,19.977823,252.74,2026-09-30 18:00:00+00:00,2026-09-30 19:00:00+00:00,8.84,11.99,14.05,1028.91,75.25,14.64,12.16,86.04
1122,2827,50.182739,19.977823,252.74,2026-09-30 19:00:00+00:00,2026-09-30 20:00:00+00:00,9.2,12.57,14.69,1029.15,77.18,13.76,11.17,85.46
1123,2827,50.182739,19.977823,252.74,2026-09-30 20:00:00+00:00,2026-09-30 21:00:00+00:00,9.47,12.89,15.07,1029.38,56.53,12.24,10.21,86.73
1124,2827,50.182739,19.977823,252.74,2026-09-30 21:00:00+00:00,2026-09-30 22:00:00+00:00,10.47,14.41,17.0,1029.41,62.68,11.33,8.59,84.16
1125,2827,50.182739,19.977823,252.74,2026-09-30 22:00:00+00:00,2026-09-30 23:00:00+00:00,11.27,15.5,18.16,1029.45,71.72,10.92,7.35,74.3
1126,2827,50.182739,19.977823,252.74,2026-09-30 23:00:00+00:00,2026-10-01 00:00:00+00:00,10.96,15.04,17.63,1029.38,61.23,10.34,7.47,74.81
1127,2827,50.182739,19.977823,252.74,2026-10-01 00:00:00+00:00,2026-10-01 01:00:00+00:00,11.14,15.47,18.32,1029.22,63.49,9.51,7.37,73.77
1128,5649,50.157944,19.979183,260.39,2026-09-30 01:00:00+00:00,2026-09-30 02:00:00+00:00,13.12,21.15,28.46,1028.45,86.78,7.89,,
1129,5649,50.157944,19.979183,260.39,2026-09-30 02:00:00+00:00,2026-09-30 03:00:00+00:00,13.3,21.89,29.64,1028.44,87.31,7.35,,
1130,5649,50.157944,19.979183,260.39,2026-09-30 03:00:00+00:00,2026-09-30 04:00:00+00:00,13.29,21.78,29.46,1028.59,87.76,6.67,,
1131,5649,50.157944,19.979183,260.39,2026-09-30 04:00:00+00:00,2026-09-30 05:00:00+00:00,13.19,21.56,29.17,1028.72,88.13,6.3,,
1132,5649,50.157944,19.979183,260.39,2026-09-30 05:00:00+00:00,2026-09-30 06:00:00+00:00,13.52,22.21,30.18,1029.0,88.92,6.77,,
1133,5649,50.157944,19.979183,260.39,2026-09-30 06:00:00+00:00,2026-09-30 07:00:00+00:00,13.26,21.51,28.99,1029.27,87.07,8.65,,
1134,5649,50.157944,19.979183,260.39,2026-09-30 07:00:00+00:00,2026-09-30 08:00:00+00:00,12.17,19.11,24.33,1029.49,75.8,12.64,,
1135,5649,50.157944,19.979183,260.39,2026-09-30 08:00:00+00:00,2026-09-30 09:00:00+00:00,9.75,14.83,17.42,1029.63,67.51,15.95,,
1136,5649,50.157944,19.979183,260.39,2026-09-30 09:00:00+00:00,2026-09-30 10:00:00+00:00,7.77,11.43,13.06,1029.55,59.66,20.19,,
1137,5649,50.157944,19.979183,260.39,2026-09-30 10:00:00+00:00,2026-09-30 11:00:00+00:00,6.43,8.4,9.54,1029.61,52.24,24.2,,
1138,5649,50.157944,19.979183,260.39,2026-09-30 11:00:00+00:00,2026-09-30 12:00:00+00:00,5.64,7.21,8.16,1029.2,47.46,25.78,,
1139,5649,50.157944,19.979183,260.39,2026-09-30 12:00:00+00:00,2026-09-30 13:00:00+00:00,5.55,7.19,8.07,1028.73,44.58,26.78,,
1140,5649,50.157944,19.979183,260.39,2026-09-30 13:00:00+00:00,2026-09-30 14:00:00+00:00,4.71,6.12,6.87,1028.23,42.31,27.06,,
1141,5649,50.157944,19.979183,260.39,2026-09-30 14:00:00+00:00,2026-09-30 15:00:00+00:00,4.2,5.5,6.33,1027.81,42.85,25.83,,
1142,5649,50.157944,19.979183,260.39,2026-09-30 15:00:00+00:00,2026-09-30 16:00:00+00:00,6.64,10.01,11.73,1027.51,47.43,20.88,,
1143,5649,50.157944,19.979183,260.39,2026-09-30 16:00:00+00:00,2026-09-30 17:00:00+00:00,10.19,16.45,20.64,1027.51,53.14,17.83,,
1144,5649,50.157944,19.979183,260.39,2026-09-30 17:00:00+00:00,2026-09-30 18:00:00+00:00,12.69,20.26,26.89,1027.67,58.95,16.0,,
1145,5649,50.157944,19.979183,260.39,2026-09-30 18:00:00+00:00,2026-09-30 19:00:00+00:00,8.34,13.41,16.0,1027.87,63.4,14.73,,
1146,5649,50.157944,19.979183,260.39,2026-09-30 19:00:00+00:00,2026-09-30 20:00:00+00:00,8.77,13.98,16.72,1028.13,67.39,13.61,,
1147,5649,50.157944,19.979183,260.39,2026-09-30 20:00:00+00:00,2026-09-30 21:00:00+00:00,9.34,14.96,18.01,1028.31,71.45,12.3,,
1148,5649,50.157944,19.979183,260.39,2026-09-30 21:00:00+00:00,2026-09-30 22:00:00+00:00,9.67,15.63,18.93,1028.29,73.27,11.56,,
1149,5649,50.157944,19.979183,260.39,2026-09-30 22:00:00+00:00,2026-09-30 23:00:00+00:00,10.76,17.11,21.26,1028.25,74.66,11.16,,
1150,5649,50.157944,19.979183,260.39,2026-09-30 23:00:00+00:00,2026-10-01 00:00:00+00:00,10.43,16.7,20.69,1028.28,77.32,10.32,,
1151,5649,50.157944,19.979183,260.39,2026-10-01 00:00:00+00:00,2026-10-01 01:00:00+00:00,10.11,16.64,20.7,1028.14,80.03,9.46,,
1152,43068,50.026179,19.939701,223.59,2026-09-30 01:00:00+00:00,2026-09-30 02:00:00+00:00,,,,,,,,
1153,43068,50.026179,19.939701,223.59,2026-09-30 02:00:00+00:00,2026-09-30 03:00:00+00:00,,,,,,,,
1154,43068,50.026179,19.939701,223.59,2026-09-30 03:00:00+00:00,2026-09-30 04:00:00+00:00,,,,,,,,
1155,43068,50.026179,19.939701,223.59,2026-09-30 04:00:00+00:00,2026-09-30 05:00:00+00:00,,,,,,,,
1156,43068,50.026179,19.939701,223.59,2026-09-30 05:00:00+00:00,2026-09-30 06:00:00+00:00,,,,,,,,
1157,43068,50.026179,19.939701,223.59,2026-09-30 06:00:00+00:00,2026-09-30 07:00:00+00:00,,,,,,,,
1158,43068,50.026179,19.939701,223.59,2026-09-30 07:00:00+00:00,2026-09-30 08:00:00+00:00,,,,,,,,
1159,43068,50.026179,19.939701,223.59,2026-09-30 08:00:00+00:00,2026-09-30 09:00:00+00:00,,,,,,,,
1160,43068,50.026179,19.939701,223.59,2026-09-30 09:00:00+00:00,2026-09-30 10:00:00+00:00,,,,,,,,
1161,43068,50.026179,19.939701,223.59,2026-09-30 10:00:00+00:00,2026-09-30 11:00:00+00:00,,,,,,,,
1162,43068,50.026179,19.939701,223.59,2026-09-30 11:00:00+00:00,2026-09-30 12:00:00+00:00,,,,,,,,
1163,43068,50.026179,19.939701,223.59,2026-09-30 12:00:00+00:00,2026-09-30 13:00:00+00:00,,,,,,,,
1164,43068,50.026179,19.939701,223.59,2026-09-30 13:00:00+00:00,2026-09-30 14:00:00+00:00,,,,,,,,
1165,43068,50.026179,19.939701,223.59,2026-09-30 14:00:00+00:00,2026-09-30 15:00:00+00:00,,,,,,,,
1166,43068,50.026179,19.939701,223.59,2026-09-30 15:00:00+00:00,2026-09-30 16:00:00+00:00,,,,,,,,
1167,43068,50.026179,19.939701,223.59,2026-09-30 16:00:00+00:00,2026-09-30 17:00:00+00:00,,,,,,,,
1168,43068,50.026179,19.939701,223.59,2026-09-30 17:00:00+00:00,2026-09-30 18:00:00+00:00,,,,,,,,
1169,43068,50.026179,19.939701,223.59,2026-09-30 18:00:00+00:00,2026-09-30 19:00:00+00:00,,,,,,,,
1170,43068,50.026179,19.939701,223.59,2026-09-30 19:00:00+00:00,2026-09-30 20:00:00+00:00,,,,,,,,
1171,43068,50.026179,19.939701,223.59,2026-09-30 20:00:00+00:00,2026-09-30 21:00:00+00:00,,,,,,,,
1172,43068,50.026179,19.939701,223.59,2026-09-30 21:00:00+00:00,2026-09-30 22:00:00+00:00,,,,,,,,
1173,43068,50.026179,19.939701,223.59,2026-09-30 22:00:00+00:00,2026-09-30 23:00:00+00:00,,,,,,,,
1174,43068,50.026179,19.939701,223.59,2026-09-30 23:00:00+00:00,2026-10-01 00:00:00+00:00,,,,,,,,
1175,43068,50.026179,19.939701,223.59,2026-10-01 00:00:00+00:00,2026-10-01 01:00:00+00:00,,,,,,,,
1176,86925,50.020756,19.844076,205.85,2026-09-30 01:00:00+00:00,2026-09-30 02:00:00+00:00,,,,,,,,
1177,86925,50.020756,19.844076,205.85,2026-09-30 02:00:00+00:00,2026-09-30 03:00:00+00:00,,,,,,,,
1178,86925,50.020756,19.844076,205.85,2026-09-30 03:00:00+00:00,2026-09-30 04:00:00+00:00,,,,,,,,
1179,86925,50.020756,19.844076,205.85,2026-09-30 04:00:00+00:00,2026-09-30 05:00:00+00:00,,,,,,,,
1180,86925,50.020756,19.844076,205.85,2026-09-30 05:00:00+00:00,2026-09-30 06:00:00+00:00,,,,,,,,
1181,86925,50.020756,19.844076,205.85,2026-09-30 06:00:00+00:00,2026-09-30 07:00:00+00:00,,,,,,,,
1182,86925,50.020756,19.844076,205.85,2026-09-30 07:00:00+00:00,2026-09-30 08:00:00+00:00,,,,,,,,
1183,86925,50.020756,19.844076,205.85,2026-09-30 08:00:00+00:00,2026-09-30 09:00:00+00:00,,,,,,,,
1184,86925,50.020756,19.844076,205.85,2026-09-30 09:00:00+00:00,2026-09-30 10:00:00+00:00,,,,,,,,
1185,86925,50.020756,19.844076,205.85,2026-09-30 10:00:00+00:00,2026-09-30 11:00:00+00:00,,,,,,,,
1186,86925,50.020756,19.844076,205.85,2026-09-30 11:00:00+00:00,2026-09-30 12:00:00+00:00,,,,,,,,
1187,86925,50.020756,19.844076,205.85,2026-09-30 12:00:00+00:00,2026-09-30 13:00:00+00:00,,,,,,,,
1188,86925,50.020756,19.844076,205.85,2026-09-30 13:00:00+00:00,2026-09-30 14:00:00+00:00,,,,,,,,
1189,86925,50.020756,19.844076,205.85,2026-09-30 14:00:00+00:00,2026-09-30 15:00:00+00:00,,,,,,,,
1190,86925,50.020756,19.844076,205.85,2026-09-30 15:00:00+00:00,2026-09-30 16:00:00+00:00,,,,,,,,
1191,86925,50.020756,19.844076,205.85,2026-09-30 16:00:00+00:00,2026-09-30 17:00:00+00:00,,,,,,,,
1192,86925,50.020756,19.844076,205.85,2026-09-30 17:00:00+00:00,2026-09-30 18:00:00+00:00,,,,,,,,
1193,86925,50.020756,19.844076,205.85,2026-09-30 18:00:00+00:00,2026-09-30 19:00:00+00:00,,,,,,,,
1194,86925,50.020756,19.844076,205.85,2026-09-30 19:00:00+00:00,2026-09-30 20:00:00+00:00,,,,,,,,
1195,86925,50.020756,19.844076,205.85,2026-09-30 20:00:00+00:00,2026-09-30 21:00:00+00:00,,,,,,,,
1196,86925,50.020756,19.844076,205.85,2026-09-30 21:00:00+00:00,2026-09-30 22:00:00+00:00,,,,,,,,
1197,86925,50.020756,19.844076,205.85,2026-09-30 22:00:00+00:00,2026-09-30 23:00:00+00:00,,,,,,,,
1198,86925,50.020756,19.844076,205.85,2026-09-30 23:00:00+00:00,2026-10-01 00:00:00+00:00,,,,,,,,
1199,86925,50.020756,19.844076,205.85,2026-10-01 00:00:00+00:00,2026-10-01 01:00:00+00:00,,,,,,,,
1200,6116,50.113705,19.747568,258.19,2026-09-30 01:00:00+00:00,2026-09-30 02:00:00+00:00,,,,,,,,
1201,6116,50.113705,19.747568,258.19,2026-09-30 02:00:00+00:00,2026-09-30 03:00:00+00:00,,,,,,,,
1202,6116,50.113705,19.747568,258.19,2026-09-30 03:00:00+00:00,2026-09-30 04:00:00+00:00,,,,,,,,
1203,6116,50.113705,19.747568,258.19,2026-09-30 04:00:00+00:00,2026-09-30 05:00:00+00:00,,,,,,,,
1204,6116,50.113705,19.747568,258.19,2026-09-30 05:00:00+00:00,2026-09-30 06:00:00+00:00,,,,,,,,
1205,6116,50.113705,19.747568,258.19,2026-09-30 06:00:00+00:00,2026-09-30 07:00:00+00:00,,,,,,,,
1206,6116,50.113705,19.747568,258.19,2026-09-30 07:00:00+00:00,2026-09-30 08:00:00+00:00,,,,,,,,
1207,6116,50.113705,19.747568,258.19,2026-09-30 08:00:00+00:00,2026-09-30 09:00:00+00:00,,,,,,,,
1208,6116,50.113705,19.747568,258.19,2026-09-30 09:00:00+00:00,2026-09-30 10:00:00+00:00,,,,,,,,
1209,6116,50.113705,19.747568,258.19,2026-09-30 10:00:00+00:00,2026-09-30 11:00:00+00:00,,,,,,,,
1210,6116,50.113705,19.747568,258.19,2026-09-30 11:00:00+00:00,2026-09-30 12:00:00+00:00,,,,,,,,
1211,6116,50.113705,19.747568,258.19,2026-09-30 12:00:00+00:00,2026-09-30 13:00:00+00:00,,,,,,,,
1212,6116,50.113705,19.747568,258.19,2026-09-30 13:00:00+00:00,2026-09-30 14:00:00+00:00,,,,,,,,
1213,6116,50.113705,19.747568,258.19,2026-09-30 14:00:00+00:00,2026-09-30 15:00:00+00:00,,,,,,,,
1214,6116,50.113705,19.747568,258.19,2026-09-30 15:00:00+00:00,2026-09-30 16:00:00+00:00,,,,,,,,
1215,6116,50.113705,19.747568,258.19,2026-09-30 16:00:00+00:00,2026-09-30 17:00:00+00:00,,,,,,,,
1216,6116,50.113705,19.747568,258.19,2026-09-30 17:00:00+00:00,2026-09-30 18:00:00+00:00,,,,,,,,
1217,6116,50.113705,19.747568,258.19,2026-09-30 18:00:00+00:00,2026-09-30 19:00:00+00:00,,,,,,,,
1218,6116,50.113705,19.747568,258.19,2026-09-30 19:00:00+00:00,2026-09-30 20:00:00+00:00,,,,,,,,
1219,6116,50.113705,19.747568,258.19,2026-09-30 20:00:00+00:00,2026-09-30 21:00:00+00:00,,,,,,,,
1220,6116,50.113705,19.747568,258.19,2026-09-30 21:00:00+00:00,2026-09-30 22:00:00+00:00,,,,,,,,
1221,6116,50.113705,19.747568,258.19,2026-09-30 22:00:00+00:00,2026-09-30 23:00:00+00:00,,,,,,,,
1222,6116,50.113705,19.747568,258.19,2026-09-30 23:00:00+00:00,2026-10-01 00:00:00+00:00,,,,,,,,
1223,6116,50.113705,19.747568,258.19,2026-10-01 00:00:00+00:00,2026-10-01 01:00:00+00:00,,,,,,,,
1224,37250,50.183804,20.022509,275.57,2026-09-30 01:00:00+00:00,2026-09-30 02:00:00+00:00,11.51,17.21,21.67,1027.36,93.37,7.23,4.86,72.42
1225,37250,50.183804,20.022509,275.57,2026-09-30 02:00:00+00:00,2026-09-30 03:00:00+00:00,11.97,17.78,22.29,1027.36,93.5,6.74,4.27,63.82
1226,37250,50.183804,20.022509,275.57,2026-09-30 03:00:00+00:00,2026-09-30 04:00:00+00:00,10.32,16.28,20.21,1027.48,94.14,5.96,4.54,62.41
1227,37250,50.183804,20.022509,275.57,2026-09-30 04:00:00+00:00,2026-09-30 05:00:00+00:00,10.09,15.89,19.43,1027.64,94.6,5.56,4.0,54.22
1228,37250,50.183804,20.022509,275.57,2026-09-30 05:00:00+00:00,2026-09-30 06:00:00+00:00,10.77,16.65,20.78,1027.89,94.36,5.7,3.88,55.58
1229,37250,50.183804,20.022509,275.57,2026-09-30 06:00:00+00:00,2026-09-30 07:00:00+00:00,11.95,18.8,24.01,1028.19,92.5,7.24,4.65,66.0
1230,37250,50.183804,20.022509,275.57,2026-09-30 07:00:00+00:00,2026-09-30 08:00:00+00:00,11.86,19.47,24.18,1028.43,85.0,10.14,4.82,80.31
1231,37250,50.183804,20.022509,275.57,2026-09-30 08:00:00+00:00,2026-09-30 09:00:00+00:00,9.84,15.42,18.27,1028.5,66.71,14.4,6.31,89.1
1232,37250,50.183804,20.022509,275.57,2026-09-30 09:00:00+00:00,2026-09-30 10:00:00+00:00,7.74,11.73,13.75,1028.24,72.5,19.25,8.07,100.38
1233,37250,50.183804,20.022509,275.57,2026-09-30 10:00:00+00:00,2026-09-30 11:00:00+00:00,6.17,9.37,11.0,1028.08,67.56,20.82,8.77,105.81
1234,37250,50.183804,20.022509,275.57,2026-09-30 11:00:00+00:00,2026-09-30 12:00:00+00:00,5.32,8.46,9.94,1027.65,64.0,21.32,9.64,115.48
1235,37250,50.183804,20.022509,275.57,2026-09-30 12:00:00+00:00,2026-09-30 13:00:00+00:00,5.06,7.66,9.06,1027.12,61.38,22.61,10.25,122.19
1236,37250,50.183804,20.022509,275.57,2026-09-30 13:00:00+00:00,2026-09-30 14:00:00+00:00,3.66,5.7,6.77,1026.58,60.38,22.85,10.85,123.0
1237,37250,50.183804,20.022509,275.57,2026-09-30 14:00:00+00:00,2026-09-30 15:00:00+00:00,4.13,6.25,7.46,1026.27,60.88,21.8,11.01,112.98
1238,37250,50.183804,20.022509,275.57,2026-09-30 15:00:00+00:00,2026-09-30 16:00:00+00:00,4.84,7.66,9.24,1026.23,57.36,19.47,12.06,105.07
1239,37250,50.183804,20.022509,275.57,2026-09-30 16:00:00+00:00,2026-09-30 17:00:00+00:00,6.1,9.71,11.61,1026.43,64.75,16.46,13.03,97.25
1240,37250,50.183804,20.022509,275.57,2026-09-30 17:00:00+00:00,2026-09-30 18:00:00+00:00,7.61,12.9,15.55,1026.71,69.3,14.66,12.61,93.05
1241,37250,50.183804,20.022509,275.57,2026-09-30 18:00:00+00:00,2026-09-30 19:00:00+00:00,8.29,14.32,17.08,1027.0,73.8,13.61,12.16,86.04
1242,37250,50.183804,20.022509,275.57,2026-09-30 19:00:00+00:00,2026-09-30 20:00:00+00:00,8.2,13.53,16.22,1027.17,77.2,12.82,11.17,85.46
1243,37250,50.183804,20.022509,275.57,2026-09-30 20:00:00+00:00,2026-09-30 21:00:00+00:00,8.14,13.53,16.26,1027.34,80.95,11.7,10.21,86.73
1244,37250,50.183804,20.022509,275.57,2026-09-30 21:00:00+00:00,2026-09-30 22:00:00+00:00,8.28,13.57,16.4,1027.36,82.56,11.03,8.59,84.16
1245,37250,50.183804,20.022509,275.57,2026-09-30 22:00:00+00:00,2026-09-30 23:00:00+00:00,8.16,12.76,15.46,1027.45,77.23,10.32,7.35,74.3
1246,37250,50.183804,20.022509,275.57,2026-09-30 23:00:00+00:00,2026-10-01 00:00:00+00:00,7.93,12.62,15.29,1027.5,84.5,9.36,7.47,74.81
1247,37250,50.183804,20.022509,275.57,2026-10-01 00:00:00+00:00,2026-10-01 01:00:00+00:00,8.25,13.09,16.05,1027.39,87.09,8.6,7.39,74.03
1248,6068,50.117668,20.033667,235.45,2026-09-30 01:00:00+00:00,2026-09-30 02:00:00+00:00,12.07,17.36,20.3,1027.64,92.88,8.31,2.3,129.86
1249,6068,50.117668,20.033667,235.45,2026-09-30 02:00:00+00:00,2026-09-30 03:00:00+00:00,12.17,17.63,20.76,1027.69,94.0,7.8,1.73,106.78
1250,6068,50.117668,20.033667,235.45,2026-09-30 03:00:00+00:00,2026-09-30 04:00:00+00:00,12.51,18.01,21.12,1027.85,94.19,7.48,4.04,56.49
1251,6068,50.117668,20.033667,235.45,2026-09-30 04:00:00+00:00,2026-09-30 05:00:00+00:00,12.66,18.39,21.86,1028.02,95.13,6.88,3.3,63.92
1252,6068,50.117668,20.033667,235.45,2026-09-30 05:00:00+00:00,2026-09-30 06:00:00+00:00,12.94,18.76,22.46,1028.31,95.88,6.79,2.26,122.64
1253,6068,50.117668,20.033667,235.45,2026-09-30 06:00:00+00:00,2026-09-30 07:00:00+00:00,12.57,18.14,21.34,1028.56,93.25,8.85,2.63,104.89
1254,6068,50.117668,20.033667,235.45,2026-09-30 07:00:00+00:00,2026-09-30 08:00:00+00:00,11.44,16.15,18.62,1028.78,87.06,11.1,3.12,79.96
1255,6068,50.117668,20.033667,235.45,2026-09-30 08:00:00+00:00,2026-09-30 09:00:00+00:00,9.69,13.45,15.49,1028.92,80.5,13.37,4.51,71.11
1256,6068,50.117668,20.033667,235.45,2026-09-30 09:00:00+00:00,2026-09-30 10:00:00+00:00,7.95,10.92,12.51,1028.86,74.37,15.41,5.58,69.84
1257,6068,50.117668,20.033667,235.45,2026-09-30 10:00:00+00:00,2026-09-30 11:00:00+00:00,7.22,9.73,11.13,1028.74,70.26,16.95,6.27,72.0
1258,6068,50.117668,20.033667,235.45,2026-09-30 11:00:00+00:00,2026-09-30 12:00:00+00:00,6.68,8.92,10.08,1028.24,63.53,18.95,7.1,82.19
1259,6068,50.117668,20.033667,235.45,2026-09-30 12:00:00+00:00,2026-09-30 13:00:00+00:00,7.19,10.35,12.6,1027.7,59.64,20.23,7.37,86.68
1260,6068,50.117668,20.033667,235.45,2026-09-30 13:00:00+00:00,2026-09-30 14:00:00+00:00,4.83,6.77,7.88,1027.21,56.32,21.01,8.21,80.73
1261,6068,50.117668,20.033667,235.45,2026-09-30 14:00:00+00:00,2026-09-30 15:00:00+00:00,4.98,6.63,7.59,1026.82,56.34,21.0,9.68,92.74
1262,6068,50.117668,20.033667,235.45,2026-09-30 15:00:00+00:00,2026-09-30 16:00:00+00:00,7.27,10.24,11.89,1026.64,60.71,20.18,10.7,88.32
1263,6068,50.117668,20.033667,235.45,2026-09-30 16:00:00+00:00,2026-09-30 17:00:00+00:00,6.37,8.57,9.92,1026.64,65.76,18.69,11.35,82.56
1264,6068,50.117668,20.033667,235.45,2026-09-30 17:00:00+00:00,2026-09-30 18:00:00+00:00,7.66,10.4,12.07,1026.82,69.08,17.11,10.93,87.37
1265,6068,50.117668,20.033667,235.45,2026-09-30 18:00:00+00:00,2026-09-30 19:00:00+00:00,9.0,12.33,14.29,1027.04,75.34,15.14,9.45,91.13
1266,6068,50.117668,20.033667,235.45,2026-09-30 19:00:00+00:00,2026-09-30 20:00:00+00:00,8.23,11.33,12.99,1027.22,79.75,13.87,8.58,87.31
1267,6068,50.117668,20.033667,235.45,2026-09-30 20:00:00+00:00,2026-09-30 21:00:00+00:00,8.29,11.44,13.28,1027.39,81.5,12.99,8.2,84.86
1268,6068,50.117668,20.033667,235.45,2026-09-30 21:00:00+00:00,2026-09-30 22:00:00+00:00,8.19,11.31,13.08,1027.42,83.25,12.23,7.49,80.87
1269,6068,50.117668,20.033667,235.45,2026-09-30 22:00:00+00:00,2026-09-30 23:00:00+00:00,8.03,11.0,12.75,1027.48,85.75,11.53,5.77,78.17
1270,6068,50.117668,20.033667,235.45,2026-09-30 23:00:00+00:00,2026-10-01 00:00:00+00:00,8.11,11.35,13.19,1027.55,87.0,10.92,6.34,68.88
1271,6068,50.117668,20.033667,235.45,2026-10-01 00:00:00+00:00,2026-10-01 01:00:00+00:00,8.74,12.23,14.14,1027.44,90.0,9.78,4.77,80.0
1272,36475,50.127424,19.898802,275.66,2026-09-30 01:00:00+00:00,2026-09-30 02:00:00+00:00,7.97,12.49,15.76,1027.74,93.63,8.06,2.74,115.32
1273,36475,50.127424,19.898802,275.66,2026-09-30 02:00:00+00:00,2026-09-30 03:00:00+00:00,8.13,12.78,16.26,1027.75,95.19,7.31,2.27,117.23
1274,36475,50.127424,19.898802,275.66,2026-09-30 03:00:00+00:00,2026-09-30 04:00:00+00:00,8.08,12.83,16.45,1027.91,95.0,6.86,2.06,126.34
1275,36475,50.127424,19.898802,275.66,2026-09-30 04:00:00+00:00,2026-09-30 05:00:00+00:00,8.09,13.18,16.93,1028.07,95.63,6.42,2.11,126.83
1276,36475,50.127424,19.898802,275.66,2026-09-30 05:00:00+00:00,2026-09-30 06:00:00+00:00,8.37,13.58,17.53,1028.37,95.5,6.49,2.3,107.57
1277,36475,50.127424,19.898802,275.66,2026-09-30 06:00:00+00:00,2026-09-30 07:00:00+00:00,8.55,13.57,17.21,1028.67,90.88,8.32,4.75,62.72
1278,36475,50.127424,19.898802,275.66,2026-09-30 07:00:00+00:00,2026-09-30 08:00:00+00:00,7.24,11.45,14.24,1028.88,85.63,10.76,4.61,72.0
1279,36475,50.127424,19.898802,275.66,2026-09-30 08:00:00+00:00,2026-09-30 09:00:00+00:00,6.19,9.25,11.47,1028.94,80.25,13.09,5.26,71.65
1280,36475,50.127424,19.898802,275.66,2026-09-30 09:00:00+00:00,2026-09-30 10:00:00+00:00,4.9,7.08,8.62,1028.77,74.38,15.31,5.68,70.57
1281,36475,50.127424,19.898802,275.66,2026-09-30 10:00:00+00:00,2026-09-30 11:00:00+00:00,4.3,6.22,7.43,1028.67,69.13,17.37,6.73,79.29
1282,36475,50.127424,19.898802,275.66,2026-09-30 11:00:00+00:00,2026-09-30 12:00:00+00:00,4.01,5.96,7.12,1028.24,64.38,18.86,8.58,100.25
1283,36475,50.127424,19.898802,275.66,2026-09-30 12:00:00+00:00,2026-09-30 13:00:00+00:00,3.93,5.65,6.8,1027.7,62.25,20.08,7.7,84.0
1284,36475,50.127424,19.898802,275.66,2026-09-30 13:00:00+00:00,2026-09-30 14:00:00+00:00,3.35,4.78,5.62,1027.18,61.0,20.69,8.37,83.45
1285,36475,50.127424,19.898802,275.66,2026-09-30 14:00:00+00:00,2026-09-30 15:00:00+00:00,2.59,3.77,4.57,1026.72,61.0,21.07,9.17,81.0
1286,36475,50.127424,19.898802,275.66,2026-09-30 15:00:00+00:00,2026-09-30 16:00:00+00:00,3.67,5.25,6.42,1026.52,63.25,20.25,10.52,88.38
1287,36475,50.127424,19.898802,275.66,2026-09-30 16:00:00+00:00,2026-09-30 17:00:00+00:00,3.75,5.62,6.89,1026.49,67.38,18.5,11.68,90.1
1288,36475,50.127424,19.898802,275.66,2026-09-30 17:00:00+00:00,2026-09-30 18:00:00+00:00,4.8,7.4,9.07,1026.68,71.88,16.79,10.67,88.33
1289,36475,50.127424,19.898802,275.66,2026-09-30 18:00:00+00:00,2026-09-30 19:00:00+00:00,5.16,7.55,9.54,1026.87,76.38,15.26,9.5,88.14
1290,36475,50.127424,19.898802,275.66,2026-09-30 19:00:00+00:00,2026-09-30 20:00:00+00:00,5.18,7.71,9.42,1027.13,78.25,14.5,9.06,85.0
1291,36475,50.127424,19.898802,275.66,2026-09-30 20:00:00+00:00,2026-09-30 21:00:00+00:00,5.3,7.86,9.72,1027.31,82.63,13.03,7.56,89.0
1292,36475,50.127424,19.898802,275.66,2026-09-30 21:00:00+00:00,2026-09-30 22:00:00+00:00,5.35,7.98,9.85,1027.45,85.38,11.92,5.94,90.8
1293,36475,50.127424,19.898802,275.66,2026-09-30 22:00:00+00:00,2026-09-30 23:00:00+00:00,5.33,8.11,10.17,1027.43,87.0,10.96,5.16,87.73
1294,36475,50.127424,19.898802,275.66,2026-09-30 23:00:00+00:00,2026-10-01 00:00:00+00:00,5.28,8.39,10.65,1027.49,89.75,10.1,5.37,81.1
1295,36475,50.127424,19.898802,275.66,2026-10-01 00:00:00+00:00,2026-10-01 01:00:00+00:00,5.0,8.24,10.58,1027.36,90.25,9.65,4.93,81.63
1296,8973,50.08069,19.99238,213.09,2026-09-30 01:00:00+00:00,2026-09-30 02:00:00+00:00,13.03,19.76,24.62,1027.38,,,2.36,128.85
1297,8973,50.08069,19.99238,213.09,2026-09-30 02:00:00+00:00,2026-09-30 03:00:00+00:00,12.97,19.56,24.37,1027.42,,,1.67,118.53
1298,8973,50.08069,19.99238,213.09,2026-09-30 03:00:00+00:00,2026-09-30 04:00:00+00:00,13.35,20.27,25.62,1027.57,,,4.03,56.66
1299,8973,50.08069,19.99238,213.09,2026-09-30 04:00:00+00:00,2026-09-30 05:00:00+00:00,13.69,20.79,26.68,1027.75,,,3.56,60.49
1300,8973,50.08069,19.99238,213.09,2026-09-30 05:00:00+00:00,2026-09-30 06:00:00+00:00,14.54,22.45,29.53,1028.04,,,2.22,124.04
1301,8973,50.08069,19.99238,213.09,2026-09-30 06:00:00+00:00,2026-09-30 07:00:00+00:00,14.14,21.76,28.45,1028.28,,,2.63,107.28
1302,8973,50.08069,19.99238,213.09,2026-09-30 07:00:00+00:00,2026-09-30 08:00:00+00:00,13.29,20.12,25.29,1028.48,,,3.0,81.2
1303,8973,50.08069,19.99238,213.09,2026-09-30 08:00:00+00:00,2026-09-30 09:00:00+00:00,11.65,17.25,20.18,1028.51,,,4.42,71.39
1304,8973,50.08069,19.99238,213.09,2026-09-30 09:00:00+00:00,2026-09-30 10:00:00+00:00,9.56,13.78,15.99,1028.35,,,5.5,69.57
1305,8973,50.08069,19.99238,213.09,2026-09-30 10:00:00+00:00,2026-09-30 11:00:00+00:00,8.03,11.29,13.02,1028.3,,,6.27,72.0
1306,8973,50.08069,19.99238,213.09,2026-09-30 11:00:00+00:00,2026-09-30 12:00:00+00:00,8.01,11.18,12.91,1027.85,,,7.01,81.37
1307,8973,50.08069,19.99238,213.09,2026-09-30 12:00:00+00:00,2026-09-30 13:00:00+00:00,7.63,10.66,12.43,1027.31,,,7.35,86.35
1308,8973,50.08069,19.99238,213.09,2026-09-30 13:00:00+00:00,2026-09-30 14:00:00+00:00,4.76,6.41,7.39,1026.8,,,8.21,80.73
1309,8973,50.08069,19.99238,213.09,2026-09-30 14:00:00+00:00,2026-09-30 15:00:00+00:00,5.71,7.72,8.93,1026.33,,,9.68,92.74
1310,8973,50.08069,19.99238,213.09,2026-09-30 15:00:00+00:00,2026-09-30 16:00:00+00:00,6.03,8.31,9.61,1026.14,,,10.7,88.32
1311,8973,50.08069,19.99238,213.09,2026-09-30 16:00:00+00:00,2026-09-30 17:00:00+00:00,6.84,9.54,11.12,1026.13,,,11.35,82.56
1312,8973,50.08069,19.99238,213.09,2026-09-30 17:00:00+00:00,2026-09-30 18:00:00+00:00,7.44,10.34,12.04,1026.38,,,11.08,86.76
1313,8973,50.08069,19.99238,213.09,2026-09-30 18:00:00+00:00,2026-09-30 19:00:00+00:00,8.71,12.42,14.38,1026.64,,,9.52,91.61
1314,8973,50.08069,19.99238,213.09,2026-09-30 19:00:00+00:00,2026-09-30 20:00:00+00:00,9.26,13.49,15.6,1026.83,,,8.64,87.23
1315,8973,50.08069,19.99238,213.09,2026-09-30 20:00:00+00:00,2026-09-30 21:00:00+00:00,9.71,14.16,16.51,1027.01,,,8.16,85.63
1316,8973,50.08069,19.99238,213.09,2026-09-30 21:00:00+00:00,2026-09-30 22:00:00+00:00,9.57,14.02,16.39,1027.14,,,7.77,80.35
1317,8973,50.08069,19.99238,213.09,2026-09-30 22:00:00+00:00,2026-09-30 23:00:00+00:00,9.55,14.05,16.47,1027.19,,,5.63,80.22
1318,8973,50.08069,19.99238,213.09,2026-09-30 23:00:00+00:00,2026-10-01 00:00:00+00:00,9.68,14.36,16.75,1027.29,,,6.53,67.82
1319,8973,50.08069,19.99238,213.09,2026-10-01 00:00:00+00:00,2026-10-01 01:00:00+00:00,9.76,14.39,16.7,1027.14,,,4.82,80.0
1320,6147,50.133579,19.905573,242.98,2026-09-30 01:00:00+00:00,2026-09-30 02:00:00+00:00,12.97,20.28,26.39,1029.32,84.8,7.52,,
1321,6147,50.133579,19.905573,242.98,2026-09-30 02:00:00+00:00,2026-09-30 03:00:00+00:00,13.07,20.41,26.06,1029.32,86.74,6.76,,
1322,6147,50.133579,19.905573,242.98,2026-09-30 03:00:00+00:00,2026-09-30 04:00:00+00:00,13.52,20.86,27.13,1029.44,86.38,6.41,,
1323,6147,50.133579,19.905573,242.98,2026-09-30 04:00:00+00:00,2026-09-30 05:00:00+00:00,13.8,21.54,28.61,1029.62,87.22,5.97,,
1324,6147,50.133579,19.905573,242.98,2026-09-30 05:00:00+00:00,2026-09-30 06:00:00+00:00,14.29,22.6,30.68,1029.91,88.7,6.61,,
1325,6147,50.133579,19.905573,242.98,2026-09-30 06:00:00+00:00,2026-09-30 07:00:00+00:00,13.53,21.45,29.23,1030.2,84.13,9.51,,
1326,6147,50.133579,19.905573,242.98,2026-09-30 07:00:00+00:00,2026-09-30 08:00:00+00:00,11.91,18.37,22.88,1030.46,76.97,12.02,,
1327,6147,50.133579,19.905573,242.98,2026-09-30 08:00:00+00:00,2026-09-30 09:00:00+00:00,10.26,15.94,19.11,1030.56,69.58,14.07,,
1328,6147,50.133579,19.905573,242.98,2026-09-30 09:00:00+00:00,2026-09-30 10:00:00+00:00,8.12,12.47,14.96,1030.44,61.94,16.06,,
1329,6147,50.133579,19.905573,242.98,2026-09-30 10:00:00+00:00,2026-09-30 11:00:00+00:00,7.47,11.69,14.5,1030.36,55.56,17.69,,
1330,6147,50.133579,19.905573,242.98,2026-09-30 11:00:00+00:00,2026-09-30 12:00:00+00:00,7.34,11.36,13.42,1029.97,50.35,18.93,,
1331,6147,50.133579,19.905573,242.98,2026-09-30 12:00:00+00:00,2026-09-30 13:00:00+00:00,7.43,11.22,13.34,1029.47,47.61,20.2,,
1332,6147,50.133579,19.905573,242.98,2026-09-30 13:00:00+00:00,2026-09-30 14:00:00+00:00,6.06,9.42,11.64,1028.95,44.99,20.65,,
1333,6147,50.133579,19.905573,242.98,2026-09-30 14:00:00+00:00,2026-09-30 15:00:00+00:00,5.42,8.38,10.32,1028.53,44.37,20.78,,
1334,6147,50.133579,19.905573,242.98,2026-09-30 15:00:00+00:00,2026-09-30 16:00:00+00:00,6.6,10.03,11.86,1028.35,48.43,19.92,,
1335,6147,50.133579,19.905573,242.98,2026-09-30 16:00:00+00:00,2026-09-30 17:00:00+00:00,7.88,12.18,14.6,1028.3,53.59,18.13,,
1336,6147,50.133579,19.905573,242.98,2026-09-30 17:00:00+00:00,2026-09-30 18:00:00+00:00,8.46,13.23,16.21,1028.44,58.84,16.25,,
1337,6147,50.133579,19.905573,242.98,2026-09-30 18:00:00+00:00,2026-09-30 19:00:00+00:00,8.32,12.98,15.34,1028.63,64.33,14.66,,
1338,6147,50.133579,19.905573,242.98,2026-09-30 19:00:00+00:00,2026-09-30 20:00:00+00:00,8.76,13.64,16.12,1028.82,66.67,13.89,,
1339,6147,50.133579,19.905573,242.98,2026-09-30 20:00:00+00:00,2026-09-30 21:00:00+00:00,9.48,14.87,17.59,1029.0,72.05,12.46,,
1340,6147,50.133579,19.905573,242.98,2026-09-30 21:00:00+00:00,2026-09-30 22:00:00+00:00,9.83,15.54,18.69,1029.11,75.48,11.34,,
1341,6147,50.133579,19.905573,242.98,2026-09-30 22:00:00+00:00,2026-09-30 23:00:00+00:00,10.18,15.92,19.18,1029.11,77.38,10.64,,
1342,6147,50.133579,19.905573,242.98,2026-09-30 23:00:00+00:00,2026-10-01 00:00:00+00:00,10.39,16.4,19.66,1029.13,80.35,9.81,,
1343,6147,50.133579,19.905573,242.98,2026-10-01 00:00:00+00:00,2026-10-01 01:00:00+00:00,10.32,16.23,19.44,1028.99,81.1,9.26,,
1344,5709,50.118934,19.855883,251.32,2026-09-30 01:00:00+00:00,2026-09-30 02:00:00+00:00,13.79,19.94,25.65,1027.06,93.63,7.6,2.74,115.32
1345,5709,50.118934,19.855883,251.32,2026-09-30 02:00:00+00:00,2026-09-30 03:00:00+00:00,13.62,19.67,25.09,1027.12,95.23,6.7,2.27,117.23
1346,5709,50.118934,19.855883,251.32,2026-09-30 03:00:00+00:00,2026-09-30 04:00:00+00:00,13.17,18.87,23.39,1027.2,95.02,6.16,2.06,126.34
1347,5709,50.118934,19.855883,251.32,2026-09-30 04:00:00+00:00,2026-09-30 05:00:00+00:00,13.64,19.6,24.79,1027.38,95.63,5.74,2.11,126.83
1348,5709,50.118934,19.855883,251.32,2026-09-30 05:00:00+00:00,2026-09-30 06:00:00+00:00,14.8,21.22,28.23,1027.67,95.5,5.94,2.3,107.57
1349,5709,50.118934,19.855883,251.32,2026-09-30 06:00:00+00:00,2026-09-30 07:00:00+00:00,13.99,20.32,26.23,1027.91,90.88,7.94,4.75,62.72
1350,5709,50.118934,19.855883,251.32,2026-09-30 07:00:00+00:00,2026-09-30 08:00:00+00:00,11.88,16.76,20.23,1028.1,85.63,12.01,4.61,72.0
1351,5709,50.118934,19.855883,251.32,2026-09-30 08:00:00+00:00,2026-09-30 09:00:00+00:00,9.11,12.31,14.44,1028.19,80.25,16.45,5.26,71.65
1352,5709,50.118934,19.855883,251.32,2026-09-30 09:00:00+00:00,2026-09-30 10:00:00+00:00,7.47,9.97,11.7,1028.13,74.38,17.27,5.68,70.57
1353,5709,50.118934,19.855883,251.32,2026-09-30 10:00:00+00:00,2026-09-30 11:00:00+00:00,7.67,10.19,11.96,1028.09,69.13,17.73,6.73,79.29
1354,5709,50.118934,19.855883,251.32,2026-09-30 11:00:00+00:00,2026-09-30 12:00:00+00:00,7.36,9.7,11.35,1027.68,64.38,18.75,8.58,100.25
1355,5709,50.118934,19.855883,251.32,2026-09-30 12:00:00+00:00,2026-09-30 13:00:00+00:00,7.32,9.58,11.2,1027.2,62.38,19.89,7.65,84.0
1356,5709,50.118934,19.855883,251.32,2026-09-30 13:00:00+00:00,2026-09-30 14:00:00+00:00,6.08,7.96,9.38,1026.66,61.0,20.62,8.29,83.72
1357,5709,50.118934,19.855883,251.32,2026-09-30 14:00:00+00:00,2026-09-30 15:00:00+00:00,4.49,5.83,6.79,1026.19,61.0,21.13,9.17,81.0
1358,5709,50.118934,19.855883,251.32,2026-09-30 15:00:00+00:00,2026-09-30 16:00:00+00:00,6.16,8.09,9.46,1026.03,63.25,19.85,10.52,88.38
1359,5709,50.118934,19.855883,251.32,2026-09-30 16:00:00+00:00,2026-09-30 17:00:00+00:00,7.52,9.93,11.68,1026.06,67.38,17.94,11.68,90.1
1360,5709,50.118934,19.855883,251.32,2026-09-30 17:00:00+00:00,2026-09-30 18:00:00+00:00,8.9,11.99,14.3,1026.24,71.86,16.14,10.67,88.33
1361,5709,50.118934,19.855883,251.32,2026-09-30 18:00:00+00:00,2026-09-30 19:00:00+00:00,9.28,12.48,14.67,1026.48,76.38,14.52,9.5,88.14
1362,5709,50.118934,19.855883,251.32,2026-09-30 19:00:00+00:00,2026-09-30 20:00:00+00:00,9.79,13.22,15.65,1026.67,78.25,13.69,9.06,85.0
1363,5709,50.118934,19.855883,251.32,2026-09-30 20:00:00+00:00,2026-09-30 21:00:00+00:00,9.94,13.39,15.94,1026.85,82.63,12.25,7.56,89.0
1364,5709,50.118934,19.855883,251.32,2026-09-30 21:00:00+00:00,2026-09-30 22:00:00+00:00,9.87,13.42,15.76,1026.93,85.38,11.24,5.94,90.8
1365,5709,50.118934,19.855883,251.32,2026-09-30 22:00:00+00:00,2026-09-30 23:00:00+00:00,9.99,13.61,16.05,1026.89,87.0,10.39,5.16,87.73
1366,5709,50.118934,19.855883,251.32,2026-09-30 23:00:00+00:00,2026-10-01 00:00:00+00:00,9.93,13.64,16.21,1026.98,89.75,9.6,5.37,81.1
1367,5709,50.118934,19.855883,251.32,2026-10-01 00:00:00+00:00,2026-10-01 01:00:00+00:00,10.03,13.8,16.49,1026.88,90.25,9.11,4.98,81.45
1368,90353,50.094727,19.770384,289.81,2026-09-30 01:00:00+00:00,2026-09-30 02:00:00+00:00,,,,,,,,
1369,90353,50.094727,19.770384,289.81,2026-09-30 02:00:00+00:00,2026-09-30 03:00:00+00:00,10.85,16.22,18.87,1028.02,95.5,6.81,3.04,104.0
1370,90353,50.094727,19.770384,289.81,2026-09-30 03:00:00+00:00,2026-09-30 04:00:00+00:00,10.49,15.97,18.54,1028.23,94.0,7.09,4.53,62.0
1371,90353,50.094727,19.770384,289.81,2026-09-30 04:00:00+00:00,2026-09-30 05:00:00+00:00,11.36,17.18,20.19,1028.22,94.0,7.12,4.53,62.0
1372,90353,50.094727,19.770384,289.81,2026-09-30 05:00:00+00:00,2026-09-30 06:00:00+00:00,,,,,,,,
1373,90353,50.094727,19.770384,289.81,2026-09-30 06:00:00+00:00,2026-09-30 07:00:00+00:00,,,,,,,,
1374,90353,50.094727,19.770384,289.81,2026-09-30 07:00:00+00:00,2026-09-30 08:00:00+00:00,,,,,,,,
1375,90353,50.094727,19.770384,289.81,2026-09-30 08:00:00+00:00,2026-09-30 09:00:00+00:00,,,,,,,,
1376,90353,50.094727,19.770384,289.81,2026-09-30 09:00:00+00:00,2026-09-30 10:00:00+00:00,,,,,,,,
1377,90353,50.094727,19.770384,289.81,2026-09-30 10:00:00+00:00,2026-09-30 11:00:00+00:00,,,,,,,,
1378,90353,50.094727,19.770384,289.81,2026-09-30 11:00:00+00:00,2026-09-30 12:00:00+00:00,,,,,,,,
1379,90353,50.094727,19.770384,289.81,2026-09-30 12:00:00+00:00,2026-09-30 13:00:00+00:00,,,,,,,,
1380,90353,50.094727,19.770384,289.81,2026-09-30 13:00:00+00:00,2026-09-30 14:00:00+00:00,,,,,,,,
1381,90353,50.094727,19.770384,289.81,2026-09-30 14:00:00+00:00,2026-09-30 15:00:00+00:00,,,,,,,,
1382,90353,50.094727,19.770384,289.81,2026-09-30 15:00:00+00:00,2026-09-30 16:00:00+00:00,,,,,,,,
1383,90353,50.094727,19.770384,289.81,2026-09-30 16:00:00+00:00,2026-09-30 17:00:00+00:00,,,,,,,,
1384,90353,50.094727,19.770384,289.81,2026-09-30 17:00:00+00:00,2026-09-30 18:00:00+00:00,,,,,,,,
1385,90353,50.094727,19.770384,289.81,2026-09-30 18:00:00+00:00,2026-09-30 19:00:00+00:00,,,,,,,,
1386,90353,50.094727,19.770384,289.81,2026-09-30 19:00:00+00:00,2026-09-30 20:00:00+00:00,,,,,,,,
1387,90353,50.094727,19.770384,289.81,2026-09-30 20:00:00+00:00,2026-09-30 21:00:00+00:00,,,,,,,,
1388,90353,50.094727,19.770384,289.81,2026-09-30 21:00:00+00:00,2026-09-30 22:00:00+00:00,,,,,,,,
1389,90353,50.094727,19.770384,289.81,2026-09-30 22:00:00+00:00,2026-09-30 23:00:00+00:00,,,,,,,,
1390,90353,50.094727,19.770384,289.81,2026-09-30 23:00:00+00:00,2026-10-01 00:00:00+00:00,,,,,,,,
1391,90353,50.094727,19.770384,289.81,2026-10-01 00:00:00+00:00,2026-10-01 01:00:00+00:00,,,,,,,,
1392,2869,50.136154,20.113141,288.97,2026-09-30 01:00:00+00:00,2026-09-30 02:00:00+00:00,12.51,18.86,24.09,1021.88,92.5,10.56,,
1393,2869,50.136154,20.113141,288.97,2026-09-30 02:00:00+00:00,2026-09-30 03:00:00+00:00,13.21,20.01,26.08,1021.9,93.0,10.02,,
1394,2869,50.136154,20.113141,288.97,2026-09-30 03:00:00+00:00,2026-09-30 04:00:00+00:00,13.27,19.89,25.54,1022.0,94.25,9.29,,
1395,2869,50.136154,20.113141,288.97,2026-09-30 04:00:00+00:00,2026-09-30 05:00:00+00:00,13.29,20.0,26.0,1022.15,95.25,8.92,,
1396,2869,50.136154,20.113141,288.97,2026-09-30 05:00:00+00:00,2026-09-30 06:00:00+00:00,13.3,20.07,26.35,1022.42,95.0,8.9,,
1397,2869,50.136154,20.113141,288.97,2026-09-30 06:00:00+00:00,2026-09-30 07:00:00+00:00,13.03,19.42,24.9,1022.73,91.5,10.12,,
1398,2869,50.136154,20.113141,288.97,2026-09-30 07:00:00+00:00,2026-09-30 08:00:00+00:00,12.78,19.1,24.31,1023.04,86.2,12.22,,
1399,2869,50.136154,20.113141,288.97,2026-09-30 08:00:00+00:00,2026-09-30 09:00:00+00:00,11.01,16.22,19.47,1023.19,77.44,14.95,,
1400,2869,50.136154,20.113141,288.97,2026-09-30 09:00:00+00:00,2026-09-30 10:00:00+00:00,9.62,13.67,16.39,1023.15,68.9,17.38,,
1401,2869,50.136154,20.113141,288.97,2026-09-30 10:00:00+00:00,2026-09-30 11:00:00+00:00,9.1,12.89,15.24,1023.11,63.71,18.87,,
1402,2869,50.136154,20.113141,288.97,2026-09-30 11:00:00+00:00,2026-09-30 12:00:00+00:00,8.6,12.02,14.26,1022.61,60.24,20.39,,
1403,2869,50.136154,20.113141,288.97,2026-09-30 12:00:00+00:00,2026-09-30 13:00:00+00:00,6.82,9.42,11.24,1022.12,55.18,21.64,,
1404,2869,50.136154,20.113141,288.97,2026-09-30 13:00:00+00:00,2026-09-30 14:00:00+00:00,5.81,7.95,9.48,1021.68,51.72,22.43,,
1405,2869,50.136154,20.113141,288.97,2026-09-30 14:00:00+00:00,2026-09-30 15:00:00+00:00,6.36,8.97,10.74,1021.32,52.64,22.48,,
1406,2869,50.136154,20.113141,288.97,2026-09-30 15:00:00+00:00,2026-09-30 16:00:00+00:00,6.62,9.18,10.82,1021.17,56.39,21.68,,
1407,2869,50.136154,20.113141,288.97,2026-09-30 16:00:00+00:00,2026-09-30 17:00:00+00:00,8.61,12.43,14.99,1021.16,60.6,19.9,,
1408,2869,50.136154,20.113141,288.97,2026-09-30 17:00:00+00:00,2026-09-30 18:00:00+00:00,10.59,15.69,19.45,1021.31,66.65,17.97,,
1409,2869,50.136154,20.113141,288.97,2026-09-30 18:00:00+00:00,2026-09-30 19:00:00+00:00,9.16,13.25,16.03,1021.47,71.17,16.63,,
1410,2869,50.136154,20.113141,288.97,2026-09-30 19:00:00+00:00,2026-09-30 20:00:00+00:00,9.54,14.26,17.12,1021.64,73.85,15.62,,
1411,2869,50.136154,20.113141,288.97,2026-09-30 20:00:00+00:00,2026-09-30 21:00:00+00:00,10.06,14.85,18.16,1021.83,79.01,14.32,,
1412,2869,50.136154,20.113141,288.97,2026-09-30 21:00:00+00:00,2026-09-30 22:00:00+00:00,10.1,15.06,18.17,1021.79,81.38,13.41,,
1413,2869,50.136154,20.113141,288.97,2026-09-30 22:00:00+00:00,2026-09-30 23:00:00+00:00,9.51,14.21,17.13,1021.73,84.58,12.81,,
1414,2869,50.136154,20.113141,288.97,2026-09-30 23:00:00+00:00,2026-10-01 00:00:00+00:00,9.82,14.65,17.96,1021.83,85.77,12.22,,
1415,2869,50.136154,20.113141,288.97,2026-10-01 00:00:00+00:00,2026-10-01 01:00:00+00:00,10.3,15.6,18.85,1021.62,88.88,11.54,,
1416,503,50.13258,19.784113,247.02,2026-09-30 01:00:00+00:00,2026-09-30 02:00:00+00:00,,,,,,,,
1417,503,50.13258,19.784113,247.02,2026-09-30 02:00:00+00:00,2026-09-30 03:00:00+00:00,,,,,,,,
1418,503,50.13258,19.784113,247.02,2026-09-30 03:00:00+00:00,2026-09-30 04:00:00+00:00,,,,,,,,
1419,503,50.13258,19.784113,247.02,2026-09-30 04:00:00+00:00,2026-09-30 05:00:00+00:00,,,,,,,,
1420,503,50.13258,19.784113,247.02,2026-09-30 05:00:00+00:00,2026-09-30 06:00:00+00:00,,,,,,,,
1421,503,50.13258,19.784113,247.02,2026-09-30 06:00:00+00:00,2026-09-30 07:00:00+00:00,,,,,,,,
1422,503,50.13258,19.784113,247.02,2026-09-30 07:00:00+00:00,2026-09-30 08:00:00+00:00,,,,,,,,
1423,503,50.13258,19.784113,247.02,2026-09-30 08:00:00+00:00,2026-09-30 09:00:00+00:00,,,,,,,,
1424,503,50.13258,19.784113,247.02,2026-09-30 09:00:00+00:00,2026-09-30 10:00:00+00:00,,,,,,,,
1425,503,50.13258,19.784113,247.02,2026-09-30 10:00:00+00:00,2026-09-30 11:00:00+00:00,,,,,,,,
1426,503,50.13258,19.784113,247.02,2026-09-30 11:00:00+00:00,2026-09-30 12:00:00+00:00,,,,,,,,
1427,503,50.13258,19.784113,247.02,2026-09-30 12:00:00+00:00,2026-09-30 13:00:00+00:00,,,,,,,,
1428,503,50.13258,19.784113,247.02,2026-09-30 13:00:00+00:00,2026-09-30 14:00:00+00:00,,,,,,,,
1429,503,50.13258,19.784113,247.02,2026-09-30 14:00:00+00:00,2026-09-30 15:00:00+00:00,,,,,,,,
1430,503,50.13258,19.784113,247.02,2026-09-30 15:00:00+00:00,2026-09-30 16:00:00+00:00,,,,,,,,
1431,503,50.13258,19.784113,247.02,2026-09-30 16:00:00+00:00,2026-09-30 17:00:00+00:00,,,,,,,,
1432,503,50.13258,19.784113,247.02,2026-09-30 17:00:00+00:00,2026-09-30 18:00:00+00:00,,,,,,,,
1433,503,50.13258,19.784113,247.02,2026-09-30 18:00:00+00:00,2026-09-30 19:00:00+00:00,,,,,,,,
1434,503,50.13258,19.784113,247.02,2026-09-30 19:00:00+00:00,2026-09-30 20:00:00+00:00,,,,,,,,
1435,503,50.13258,19.784113,247.02,2026-09-30 20:00:00+00:00,2026-09-30 21:00:00+00:00,,,,,,,,
1436,503,50.13258,19.784113,247.02,2026-09-30 21:00:00+00:00,2026-09-30 22:00:00+00:00,,,,,,,,
1437,503,50.13258,19.784113,247.02,2026-09-30 22:00:00+00:00,2026-09-30 23:00:00+00:00,,,,,,,,
1438,503,50.13258,19.784113,247.02,2026-09-30 23:00:00+00:00,2026-10-01 00:00:00+00:00,,,,,,,,
1439,503,50.13258,19.784113,247.02,2026-10-01 00:00:00+00:00,2026-10-01 01:00:00+00:00,,,,,,,,
1440,90148,50.149958,19.933871,306.29,2026-09-30 01:00:00+00:00,2026-09-30 02:00:00+00:00,12.97,20.11,24.42,1027.61,93.31,8.29,2.79,115.81
1441,90148,50.149958,19.933871,306.29,2026-09-30 02:00:00+00:00,2026-09-30 03:00:00+00:00,13.18,20.45,25.01,1027.63,95.25,7.39,2.3,116.12
1442,90148,50.149958,19.933871,306.29,2026-09-30 03:00:00+00:00,2026-09-30 04:00:00+00:00,13.73,21.44,26.76,1027.77,95.0,6.87,2.06,126.34
1443,90148,50.149958,19.933871,306.29,2026-09-30 04:00:00+00:00,2026-09-30 05:00:00+00:00,13.48,21.08,26.19,1027.9,95.63,6.49,2.11,126.83
1444,90148,50.149958,19.933871,306.29,2026-09-30 05:00:00+00:00,2026-09-30 06:00:00+00:00,13.53,21.17,26.13,1028.18,95.5,6.72,2.3,107.57
1445,90148,50.149958,19.933871,306.29,2026-09-30 06:00:00+00:00,2026-09-30 07:00:00+00:00,12.85,19.94,24.32,1028.48,90.88,8.69,4.75,62.72
1446,90148,50.149958,19.933871,306.29,2026-09-30 07:00:00+00:00,2026-09-30 08:00:00+00:00,10.22,15.58,18.02,1028.67,86.06,14.87,4.55,72.0
1447,90148,50.149958,19.933871,306.29,2026-09-30 08:00:00+00:00,2026-09-30 09:00:00+00:00,8.36,12.46,14.05,1028.71,80.75,18.13,5.24,71.82
1448,90148,50.149958,19.933871,306.29,2026-09-30 09:00:00+00:00,2026-09-30 10:00:00+00:00,6.87,10.05,11.36,1028.61,74.81,19.57,5.6,70.29
1449,90148,50.149958,19.933871,306.29,2026-09-30 10:00:00+00:00,2026-09-30 11:00:00+00:00,6.89,10.13,11.4,1028.57,69.56,21.02,6.6,76.2
1450,90148,50.149958,19.933871,306.29,2026-09-30 11:00:00+00:00,2026-09-30 12:00:00+00:00,6.64,9.95,11.29,1028.24,64.56,20.45,8.71,101.64
1451,90148,50.149958,19.933871,306.29,2026-09-30 12:00:00+00:00,2026-09-30 13:00:00+00:00,6.75,10.0,11.3,1027.82,62.38,21.42,7.65,84.0
1452,90148,50.149958,19.933871,306.29,2026-09-30 13:00:00+00:00,2026-09-30 14:00:00+00:00,5.59,8.23,9.34,1027.3,61.0,21.5,8.29,83.72
1453,90148,50.149958,19.933871,306.29,2026-09-30 14:00:00+00:00,2026-09-30 15:00:00+00:00,5.94,8.79,10.45,1026.91,61.0,21.37,9.17,81.0
1454,90148,50.149958,19.933871,306.29,2026-09-30 15:00:00+00:00,2026-09-30 16:00:00+00:00,18.49,30.0,35.02,1026.74,63.25,20.27,10.52,88.38
1455,90148,50.149958,19.933871,306.29,2026-09-30 16:00:00+00:00,2026-09-30 17:00:00+00:00,7.87,12.08,13.79,1026.69,67.38,18.47,11.68,90.1
1456,90148,50.149958,19.933871,306.29,2026-09-30 17:00:00+00:00,2026-09-30 18:00:00+00:00,10.6,16.41,19.3,1026.92,71.88,16.47,10.67,88.33
1457,90148,50.149958,19.933871,306.29,2026-09-30 18:00:00+00:00,2026-09-30 19:00:00+00:00,8.59,12.85,14.57,1027.08,76.38,14.92,9.5,88.14
1458,90148,50.149958,19.933871,306.29,2026-09-30 19:00:00+00:00,2026-09-30 20:00:00+00:00,9.25,13.95,15.97,1027.38,78.25,13.92,9.06,85.0
1459,90148,50.149958,19.933871,306.29,2026-09-30 20:00:00+00:00,2026-09-30 21:00:00+00:00,9.47,14.47,16.48,1027.57,82.19,12.56,7.71,88.53
1460,90148,50.149958,19.933871,306.29,2026-09-30 21:00:00+00:00,2026-09-30 22:00:00+00:00,9.53,14.6,16.67,1027.63,85.19,11.57,6.08,90.7
1461,90148,50.149958,19.933871,306.29,2026-09-30 22:00:00+00:00,2026-09-30 23:00:00+00:00,9.58,15.01,17.12,1027.61,86.88,10.71,5.21,88.09
1462,90148,50.149958,19.933871,306.29,2026-09-30 23:00:00+00:00,2026-10-01 00:00:00+00:00,9.7,15.04,17.21,1027.57,89.5,9.96,5.34,81.66
1463,90148,50.149958,19.933871,306.29,2026-10-01 00:00:00+00:00,2026-10-01 01:00:00+00:00,9.8,15.07,17.46,1027.47,90.25,9.53,4.98,81.45
1464,492,50.172249,19.8985,372.36,2026-09-30 01:00:00+00:00,2026-09-30 02:00:00+00:00,10.86,11.9,13.34,1029.36,93.75,8.94,,
1465,492,50.172249,19.8985,372.36,2026-09-30 02:00:00+00:00,2026-09-30 03:00:00+00:00,11.3,12.33,14.0,1029.32,94.0,8.74,,
1466,492,50.172249,19.8985,372.36,2026-09-30 03:00:00+00:00,2026-09-30 04:00:00+00:00,11.36,12.45,14.19,1029.32,94.0,7.97,,
1467,492,50.172249,19.8985,372.36,2026-09-30 04:00:00+00:00,2026-09-30 05:00:00+00:00,11.41,12.47,14.19,1029.54,93.88,7.67,,
1468,492,50.172249,19.8985,372.36,2026-09-30 05:00:00+00:00,2026-09-30 06:00:00+00:00,11.23,12.22,13.85,1029.74,93.25,7.89,,
1469,492,50.172249,19.8985,372.36,2026-09-30 06:00:00+00:00,2026-09-30 07:00:00+00:00,10.88,11.8,13.17,1030.02,89.13,9.91,,
1470,492,50.172249,19.8985,372.36,2026-09-30 07:00:00+00:00,2026-09-30 08:00:00+00:00,8.94,9.45,9.37,1030.32,83.25,12.56,,
1471,492,50.172249,19.8985,372.36,2026-09-30 08:00:00+00:00,2026-09-30 09:00:00+00:00,7.88,8.02,7.35,1030.37,78.17,15.33,,
1472,492,50.172249,19.8985,372.36,2026-09-30 09:00:00+00:00,2026-09-30 10:00:00+00:00,6.99,6.93,6.04,1030.28,73.0,19.09,,
1473,492,50.172249,19.8985,372.36,2026-09-30 10:00:00+00:00,2026-09-30 11:00:00+00:00,5.59,5.39,4.36,1030.22,68.5,22.42,,
1474,492,50.172249,19.8985,372.36,2026-09-30 11:00:00+00:00,2026-09-30 12:00:00+00:00,4.29,4.05,2.81,1029.9,65.13,24.12,,
1475,492,50.172249,19.8985,372.36,2026-09-30 12:00:00+00:00,2026-09-30 13:00:00+00:00,4.36,4.07,2.84,1029.53,61.88,25.82,,
1476,492,50.172249,19.8985,372.36,2026-09-30 13:00:00+00:00,2026-09-30 14:00:00+00:00,3.82,3.53,2.23,1029.05,61.13,26.64,,
1477,492,50.172249,19.8985,372.36,2026-09-30 14:00:00+00:00,2026-09-30 15:00:00+00:00,2.49,2.37,1.03,1028.69,61.5,26.0,,
1478,492,50.172249,19.8985,372.36,2026-09-30 15:00:00+00:00,2026-09-30 16:00:00+00:00,4.57,4.44,3.29,1028.5,61.27,22.56,,
1479,492,50.172249,19.8985,372.36,2026-09-30 16:00:00+00:00,2026-09-30 17:00:00+00:00,5.83,5.92,4.99,1028.55,63.53,19.41,,
1480,492,50.172249,19.8985,372.36,2026-09-30 17:00:00+00:00,2026-09-30 18:00:00+00:00,6.68,6.93,6.15,1028.73,69.39,16.69,,
1481,492,50.172249,19.8985,372.36,2026-09-30 18:00:00+00:00,2026-09-30 19:00:00+00:00,6.94,7.12,6.32,1028.91,72.99,15.35,,
1482,492,50.172249,19.8985,372.36,2026-09-30 19:00:00+00:00,2026-09-30 20:00:00+00:00,7.15,7.61,6.83,1029.1,75.96,14.48,,
1483,492,50.172249,19.8985,372.36,2026-09-30 20:00:00+00:00,2026-09-30 21:00:00+00:00,7.47,7.9,7.16,1029.23,79.13,13.64,,
1484,492,50.172249,19.8985,372.36,2026-09-30 21:00:00+00:00,2026-09-30 22:00:00+00:00,8.27,8.8,8.28,1029.25,82.01,12.72,,
1485,492,50.172249,19.8985,372.36,2026-09-30 22:00:00+00:00,2026-09-30 23:00:00+00:00,8.41,9.07,8.76,1029.19,82.26,12.34,,
1486,492,50.172249,19.8985,372.36,2026-09-30 23:00:00+00:00,2026-10-01 00:00:00+00:00,8.13,8.78,8.33,1029.24,86.82,11.11,,
1487,492,50.172249,19.8985,372.36,2026-10-01 00:00:00+00:00,2026-10-01 01:00:00+00:00,8.18,8.84,8.44,1029.06,87.7,10.62,,
1488,12010,50.174945,19.877311,330.64,2026-09-30 01:00:00+00:00,2026-09-30 02:00:00+00:00,5.37,6.1,7.1,1028.45,92.22,6.83,5.45,83.25
1489,12010,50.174945,19.877311,330.64,2026-09-30 02:00:00+00:00,2026-09-30 03:00:00+00:00,3.35,4.1,4.85,1028.45,92.79,6.59,4.38,65.0
1490,12010,50.174945,19.877311,330.64,2026-09-30 03:00:00+00:00,2026-09-30 04:00:00+00:00,1.81,2.71,3.31,1028.57,92.91,5.93,4.5,61.97
1491,12010,50.174945,19.877311,330.64,2026-09-30 04:00:00+00:00,2026-09-30 05:00:00+00:00,0.49,0.83,1.05,1028.71,92.72,5.43,4.52,69.01
1492,12010,50.174945,19.877311,330.64,2026-09-30 05:00:00+00:00,2026-09-30 06:00:00+00:00,1.06,1.52,1.96,1028.97,92.6,5.57,4.67,71.65
1493,12010,50.174945,19.877311,330.64,2026-09-30 06:00:00+00:00,2026-09-30 07:00:00+00:00,1.2,1.84,2.35,1029.21,90.25,7.82,4.49,77.5
1494,12010,50.174945,19.877311,330.64,2026-09-30 07:00:00+00:00,2026-09-30 08:00:00+00:00,1.63,2.14,2.59,1029.39,84.75,10.82,5.38,86.1
1495,12010,50.174945,19.877311,330.64,2026-09-30 08:00:00+00:00,2026-09-30 09:00:00+00:00,3.23,3.77,4.46,1029.39,78.81,13.41,6.8,93.76
1496,12010,50.174945,19.877311,330.64,2026-09-30 09:00:00+00:00,2026-09-30 10:00:00+00:00,4.49,5.96,7.39,1029.34,73.75,15.74,7.64,100.58
1497,12010,50.174945,19.877311,330.64,2026-09-30 10:00:00+00:00,2026-09-30 11:00:00+00:00,1.87,2.76,3.56,1029.19,69.63,17.5,7.9,101.46
1498,12010,50.174945,19.877311,330.64,2026-09-30 11:00:00+00:00,2026-09-30 12:00:00+00:00,5.99,8.09,9.74,1028.84,65.13,18.89,8.69,105.46
1499,12010,50.174945,19.877311,330.64,2026-09-30 12:00:00+00:00,2026-09-30 13:00:00+00:00,4.49,6.13,7.63,1028.37,62.13,19.86,10.19,116.51
1500,12010,50.174945,19.877311,330.64,2026-09-30 13:00:00+00:00,2026-09-30 14:00:00+00:00,2.63,3.89,4.89,1027.84,61.0,20.47,11.42,123.0
1501,12010,50.174945,19.877311,330.64,2026-09-30 14:00:00+00:00,2026-09-30 15:00:00+00:00,3.65,4.28,5.14,1027.41,61.56,20.1,11.05,117.8
1502,12010,50.174945,19.877311,330.64,2026-09-30 15:00:00+00:00,2026-09-30 16:00:00+00:00,0.66,0.77,0.87,1027.2,64.0,19.1,10.9,107.75
1503,12010,50.174945,19.877311,330.64,2026-09-30 16:00:00+00:00,2026-09-30 17:00:00+00:00,3.76,4.32,4.89,1027.25,66.48,17.28,11.6,92.57
1504,12010,50.174945,19.877311,330.64,2026-09-30 17:00:00+00:00,2026-09-30 18:00:00+00:00,1.46,2.07,2.68,1027.48,70.78,15.23,12.22,90.35
1505,12010,50.174945,19.877311,330.64,2026-09-30 18:00:00+00:00,2026-09-30 19:00:00+00:00,0.42,0.63,0.77,1027.69,75.5,13.78,12.13,89.35
1506,12010,50.174945,19.877311,330.64,2026-09-30 19:00:00+00:00,2026-09-30 20:00:00+00:00,0.63,0.93,1.18,1027.87,77.75,13.06,11.54,85.57
1507,12010,50.174945,19.877311,330.64,2026-09-30 20:00:00+00:00,2026-09-30 21:00:00+00:00,4.16,4.98,5.67,1028.06,80.39,12.07,9.97,78.23
1508,12010,50.174945,19.877311,330.64,2026-09-30 21:00:00+00:00,2026-09-30 22:00:00+00:00,1.13,1.69,2.11,1028.19,81.19,11.01,8.57,72.4
1509,12010,50.174945,19.877311,330.64,2026-09-30 22:00:00+00:00,2026-09-30 23:00:00+00:00,0.95,1.31,1.61,1028.13,82.16,10.4,7.84,67.0
1510,12010,50.174945,19.877311,330.64,2026-09-30 23:00:00+00:00,2026-10-01 00:00:00+00:00,0.95,1.24,1.59,1028.19,83.87,9.76,7.63,71.84
1511,12010,50.174945,19.877311,330.64,2026-10-01 00:00:00+00:00,2026-10-01 01:00:00+00:00,0.98,1.49,1.91,1028.08,86.94,8.7,7.22,78.2
1512,36477,50.093582,19.808323,219.85,2026-09-30 01:00:00+00:00,2026-09-30 02:00:00+00:00,10.6,15.99,20.11,1026.79,68.09,8.05,5.27,74.42
1513,36477,50.093582,19.808323,219.85,2026-09-30 02:00:00+00:00,2026-09-30 03:00:00+00:00,9.62,14.21,18.06,1026.85,70.74,6.52,3.08,99.29
1514,36477,50.093582,19.808323,219.85,2026-09-30 03:00:00+00:00,2026-09-30 04:00:00+00:00,9.83,15.07,19.19,1027.06,84.74,6.59,4.53,62.0
1515,36477,50.093582,19.808323,219.85,2026-09-30 04:00:00+00:00,2026-09-30 05:00:00+00:00,9.84,14.78,18.86,1027.21,91.2,6.57,4.56,62.53
1516,36477,50.093582,19.808323,219.85,2026-09-30 05:00:00+00:00,2026-09-30 06:00:00+00:00,10.68,16.04,20.55,1027.54,89.11,6.58,4.9,67.91
1517,36477,50.093582,19.808323,219.85,2026-09-30 06:00:00+00:00,2026-09-30 07:00:00+00:00,12.17,18.61,23.89,1027.75,90.56,8.8,5.26,67.71
1518,36477,50.093582,19.808323,219.85,2026-09-30 07:00:00+00:00,2026-09-30 08:00:00+00:00,11.36,17.01,21.17,1027.92,71.34,11.8,5.1,76.61
1519,36477,50.093582,19.808323,219.85,2026-09-30 08:00:00+00:00,2026-09-30 09:00:00+00:00,8.61,12.66,15.53,1027.92,53.83,14.54,6.33,82.78
1520,36477,50.093582,19.808323,219.85,2026-09-30 09:00:00+00:00,2026-09-30 10:00:00+00:00,7.23,10.44,12.85,1027.78,49.58,17.24,7.47,90.46
1521,36477,50.093582,19.808323,219.85,2026-09-30 10:00:00+00:00,2026-09-30 11:00:00+00:00,6.33,9.01,10.98,1027.63,63.49,19.51,8.33,95.56
1522,36477,50.093582,19.808323,219.85,2026-09-30 11:00:00+00:00,2026-09-30 12:00:00+00:00,5.18,7.2,8.69,1027.22,41.58,22.11,9.36,101.17
1523,36477,50.093582,19.808323,219.85,2026-09-30 12:00:00+00:00,2026-09-30 13:00:00+00:00,4.63,6.25,7.46,1026.7,42.27,25.07,9.66,103.41
1524,36477,50.093582,19.808323,219.85,2026-09-30 13:00:00+00:00,2026-09-30 14:00:00+00:00,4.01,5.43,6.42,1026.13,59.69,26.35,9.59,108.0
1525,36477,50.093582,19.808323,219.85,2026-09-30 14:00:00+00:00,2026-09-30 15:00:00+00:00,3.47,4.75,5.58,1025.61,39.35,24.95,9.3,73.96
1526,36477,50.093582,19.808323,219.85,2026-09-30 15:00:00+00:00,2026-09-30 16:00:00+00:00,4.21,5.72,6.79,1025.38,40.2,23.98,9.51,91.22
1527,36477,50.093582,19.808323,219.85,2026-09-30 16:00:00+00:00,2026-09-30 17:00:00+00:00,5.19,7.4,8.94,1025.29,66.83,18.68,11.49,87.42
1528,36477,50.093582,19.808323,219.85,2026-09-30 17:00:00+00:00,2026-09-30 18:00:00+00:00,7.48,10.95,13.63,1025.59,68.95,15.87,11.94,85.16
1529,36477,50.093582,19.808323,219.85,2026-09-30 18:00:00+00:00,2026-09-30 19:00:00+00:00,8.58,12.73,15.83,1025.92,50.65,14.53,11.57,84.17
1530,36477,50.093582,19.808323,219.85,2026-09-30 19:00:00+00:00,2026-09-30 20:00:00+00:00,8.62,12.82,15.89,1026.21,54.42,13.47,11.04,80.69
1531,36477,50.093582,19.808323,219.85,2026-09-30 20:00:00+00:00,2026-09-30 21:00:00+00:00,9.15,13.38,16.97,1026.46,56.2,12.53,9.96,74.92
1532,36477,50.093582,19.808323,219.85,2026-09-30 21:00:00+00:00,2026-09-30 22:00:00+00:00,8.89,13.43,17.02,1026.6,75.08,11.47,8.97,74.46
1533,36477,50.093582,19.808323,219.85,2026-09-30 22:00:00+00:00,2026-09-30 23:00:00+00:00,8.37,12.7,16.6,1026.62,84.63,10.75,8.58,70.53
1534,36477,50.093582,19.808323,219.85,2026-09-30 23:00:00+00:00,2026-10-01 00:00:00+00:00,8.11,12.47,16.31,1026.73,86.69,10.04,8.12,67.53
1535,36477,50.093582,19.808323,219.85,2026-10-01 00:00:00+00:00,2026-10-01 01:00:00+00:00,7.93,12.08,15.59,1026.62,88.38,9.59,7.85,65.51
1536,7584,49.972103,19.898235,308.82,2026-09-30 01:00:00+00:00,2026-09-30 02:00:00+00:00,0.03,0.04,0.04,1025.76,93.13,7.83,2.75,118.59
1537,7584,49.972103,19.898235,308.82,2026-09-30 02:00:00+00:00,2026-09-30 03:00:00+00:00,0.27,0.33,0.38,1025.78,94.5,6.97,2.79,118.84
1538,7584,49.972103,19.898235,308.82,2026-09-30 03:00:00+00:00,2026-09-30 04:00:00+00:00,0.32,0.42,0.5,1025.94,94.75,6.91,2.03,131.34
1539,7584,49.972103,19.898235,308.82,2026-09-30 04:00:00+00:00,2026-09-30 05:00:00+00:00,0.25,0.34,0.37,1026.03,95.31,6.27,2.56,116.14
1540,7584,49.972103,19.898235,308.82,2026-09-30 05:00:00+00:00,2026-09-30 06:00:00+00:00,0.15,0.25,0.27,1026.34,95.5,6.41,3.14,107.35
1541,7584,49.972103,19.898235,308.82,2026-09-30 06:00:00+00:00,2026-09-30 07:00:00+00:00,0.45,0.52,0.57,1026.58,92.69,8.01,3.05,102.33
1542,7584,49.972103,19.898235,308.82,2026-09-30 07:00:00+00:00,2026-09-30 08:00:00+00:00,0.36,0.44,0.48,1026.75,87.81,10.5,3.15,80.97
1543,7584,49.972103,19.898235,308.82,2026-09-30 08:00:00+00:00,2026-09-30 09:00:00+00:00,0.14,0.19,0.21,1026.87,81.5,13.24,4.95,71.88
1544,7584,49.972103,19.898235,308.82,2026-09-30 09:00:00+00:00,2026-09-30 10:00:00+00:00,0.1,0.15,0.17,1026.71,75.5,15.71,5.87,70.41
1545,7584,49.972103,19.898235,308.82,2026-09-30 10:00:00+00:00,2026-09-30 11:00:00+00:00,0.16,0.2,0.22,1026.54,69.94,18.07,6.43,73.7
1546,7584,49.972103,19.898235,308.82,2026-09-30 11:00:00+00:00,2026-09-30 12:00:00+00:00,0.13,0.19,0.22,1026.09,66.0,21.06,7.07,80.8
1547,7584,49.972103,19.898235,308.82,2026-09-30 12:00:00+00:00,2026-09-30 13:00:00+00:00,0.18,0.23,0.25,1025.59,63.44,24.68,8.22,78.95
1548,7584,49.972103,19.898235,308.82,2026-09-30 13:00:00+00:00,2026-09-30 14:00:00+00:00,0.21,0.31,0.35,1024.99,61.63,26.41,8.81,80.63
1549,7584,49.972103,19.898235,308.82,2026-09-30 14:00:00+00:00,2026-09-30 15:00:00+00:00,0.05,0.05,0.06,1024.68,61.88,23.47,9.17,76.75
1550,7584,49.972103,19.898235,308.82,2026-09-30 15:00:00+00:00,2026-09-30 16:00:00+00:00,0.15,0.18,0.19,1024.47,64.69,20.57,10.01,73.81
1551,7584,49.972103,19.898235,308.82,2026-09-30 16:00:00+00:00,2026-09-30 17:00:00+00:00,0.16,0.21,0.25,1024.45,68.0,18.5,10.73,78.59
1552,7584,49.972103,19.898235,308.82,2026-09-30 17:00:00+00:00,2026-09-30 18:00:00+00:00,0.09,0.15,0.17,1024.61,71.13,16.79,10.53,86.27
1553,7584,49.972103,19.898235,308.82,2026-09-30 18:00:00+00:00,2026-09-30 19:00:00+00:00,0.38,0.57,0.65,1024.79,75.25,15.14,9.64,88.68
1554,7584,49.972103,19.898235,308.82,2026-09-30 19:00:00+00:00,2026-09-30 20:00:00+00:00,0.15,0.21,0.23,1024.96,78.75,13.88,8.79,85.39
1555,7584,49.972103,19.898235,308.82,2026-09-30 20:00:00+00:00,2026-09-30 21:00:00+00:00,0.13,0.17,0.18,1025.2,82.06,12.7,7.74,82.58
1556,7584,49.972103,19.898235,308.82,2026-09-30 21:00:00+00:00,2026-09-30 22:00:00+00:00,0.11,0.14,0.17,1025.39,84.56,11.72,6.39,79.84
1557,7584,49.972103,19.898235,308.82,2026-09-30 22:00:00+00:00,2026-09-30 23:00:00+00:00,0.19,0.24,0.26,1025.37,86.88,10.75,5.35,85.0
1558,7584,49.972103,19.898235,308.82,2026-09-30 23:00:00+00:00,2026-10-01 00:00:00+00:00,0.14,0.17,0.19,1025.47,89.5,9.95,5.14,82.11
1559,7584,49.972103,19.898235,308.82,2026-10-01 00:00:00+00:00,2026-10-01 01:00:00+00:00,0.32,0.42,0.47,1025.37,90.75,9.47,4.97,79.61
1560,811,50.056786,19.772648,219.47,2026-09-30 01:00:00+00:00,2026-09-30 02:00:00+00:00,12.66,18.21,24.14,1027.1,92.64,8.87,5.38,73.76
1561,811,50.056786,19.772648,219.47,2026-09-30 02:00:00+00:00,2026-09-30 03:00:00+00:00,11.45,16.31,21.01,1027.21,95.43,7.18,3.06,101.42
1562,811,50.056786,19.772648,219.47,2026-09-30 03:00:00+00:00,2026-09-30 04:00:00+00:00,10.19,14.3,18.26,1027.39,94.0,7.57,4.53,62.0
1563,811,50.056786,19.772648,219.47,2026-09-30 04:00:00+00:00,2026-09-30 05:00:00+00:00,12.11,17.35,22.75,1027.59,94.0,7.52,4.56,62.59
1564,811,50.056786,19.772648,219.47,2026-09-30 05:00:00+00:00,2026-09-30 06:00:00+00:00,11.13,15.41,19.23,1027.82,93.73,7.65,4.91,67.9
1565,811,50.056786,19.772648,219.47,2026-09-30 06:00:00+00:00,2026-09-30 07:00:00+00:00,12.94,18.21,23.01,1027.92,90.52,9.44,5.26,67.77
1566,811,50.056786,19.772648,219.47,2026-09-30 07:00:00+00:00,2026-09-30 08:00:00+00:00,13.8,20.15,26.57,1027.94,85.23,12.01,5.09,76.56
1567,811,50.056786,19.772648,219.47,2026-09-30 08:00:00+00:00,2026-09-30 09:00:00+00:00,11.58,16.46,20.55,1027.86,78.35,14.31,6.35,82.89
1568,811,50.056786,19.772648,219.47,2026-09-30 09:00:00+00:00,2026-09-30 10:00:00+00:00,9.24,12.57,15.26,1027.54,72.02,16.73,7.45,90.33
1569,811,50.056786,19.772648,219.47,2026-09-30 10:00:00+00:00,2026-09-30 11:00:00+00:00,6.42,8.35,10.02,1027.26,68.27,18.53,8.29,95.31
1570,811,50.056786,19.772648,219.47,2026-09-30 11:00:00+00:00,2026-09-30 12:00:00+00:00,5.99,7.81,9.4,1026.8,63.8,19.63,9.35,101.09
1571,811,50.056786,19.772648,219.47,2026-09-30 12:00:00+00:00,2026-09-30 13:00:00+00:00,6.24,8.13,9.74,1026.3,61.17,20.54,9.66,103.23
1572,811,50.056786,19.772648,219.47,2026-09-30 13:00:00+00:00,2026-09-30 14:00:00+00:00,5.56,7.17,8.58,1025.84,57.92,21.12,9.59,108.0
1573,811,50.056786,19.772648,219.47,2026-09-30 14:00:00+00:00,2026-09-30 15:00:00+00:00,4.56,5.88,7.01,1025.39,57.8,21.31,9.27,74.79
1574,811,50.056786,19.772648,219.47,2026-09-30 15:00:00+00:00,2026-09-30 16:00:00+00:00,5.22,6.78,8.17,1025.16,63.17,20.29,9.48,90.41
1575,811,50.056786,19.772648,219.47,2026-09-30 16:00:00+00:00,2026-09-30 17:00:00+00:00,6.94,9.13,10.91,1025.18,68.66,18.39,11.41,87.61
1576,811,50.056786,19.772648,219.47,2026-09-30 17:00:00+00:00,2026-09-30 18:00:00+00:00,9.73,12.82,15.63,1025.43,71.84,16.93,11.93,85.27
1577,811,50.056786,19.772648,219.47,2026-09-30 18:00:00+00:00,2026-09-30 19:00:00+00:00,9.96,13.38,16.37,1025.75,75.49,15.52,11.56,84.14
1578,811,50.056786,19.772648,219.47,2026-09-30 19:00:00+00:00,2026-09-30 20:00:00+00:00,8.99,12.28,15.22,1026.06,79.23,14.35,11.03,80.58
1579,811,50.056786,19.772648,219.47,2026-09-30 20:00:00+00:00,2026-09-30 21:00:00+00:00,9.15,12.88,15.81,1026.31,80.89,13.68,9.95,74.86
1580,811,50.056786,19.772648,219.47,2026-09-30 21:00:00+00:00,2026-09-30 22:00:00+00:00,8.91,12.6,15.46,1026.45,82.95,12.86,8.97,74.48
1581,811,50.056786,19.772648,219.47,2026-09-30 22:00:00+00:00,2026-09-30 23:00:00+00:00,9.34,12.72,15.78,1026.48,84.64,12.15,8.57,70.48
1582,811,50.056786,19.772648,219.47,2026-09-30 23:00:00+00:00,2026-10-01 00:00:00+00:00,9.29,12.82,16.26,1026.6,86.67,11.41,8.12,67.54
1583,811,50.056786,19.772648,219.47,2026-10-01 00:00:00+00:00,2026-10-01 01:00:00+00:00,9.37,13.25,16.61,1026.61,88.36,10.72,7.85,65.52
1584,36654,50.131359,19.951436,266.2,2026-09-30 01:00:00+00:00,2026-09-30 02:00:00+00:00,,,,,,,,
1585,36654,50.131359,19.951436,266.2,2026-09-30 02:00:00+00:00,2026-09-30 03:00:00+00:00,,,,,,,,
1586,36654,50.131359,19.951436,266.2,2026-09-30 03:00:00+00:00,2026-09-30 04:00:00+00:00,,,,,,,,
1587,36654,50.131359,19.951436,266.2,2026-09-30 04:00:00+00:00,2026-09-30 05:00:00+00:00,,,,,,,,
1588,36654,50.131359,19.951436,266.2,2026-09-30 05:00:00+00:00,2026-09-30 06:00:00+00:00,,,,,,,,
1589,36654,50.131359,19.951436,266.2,2026-09-30 06:00:00+00:00,2026-09-30 07:00:00+00:00,,,,,,,,
1590,36654,50.131359,19.951436,266.2,2026-09-30 07:00:00+00:00,2026-09-30 08:00:00+00:00,,,,,,,,
1591,36654,50.131359,19.951436,266.2,2026-09-30 08:00:00+00:00,2026-09-30 09:00:00+00:00,,,,,,,,
1592,36654,50.131359,19.951436,266.2,2026-09-30 09:00:00+00:00,2026-09-30 10:00:00+00:00,,,,,,,,
1593,36654,50.131359,19.951436,266.2,2026-09-30 10:00:00+00:00,2026-09-30 11:00:00+00:00,,,,,,,,
1594,36654,50.131359,19.951436,266.2,2026-09-30 11:00:00+00:00,2026-09-30 12:00:00+00:00,,,,,,,,
1595,36654,50.131359,19.951436,266.2,2026-09-30 12:00:00+00:00,2026-09-30 13:00:00+00:00,,,,,,,,
1596,36654,50.131359,19.951436,266.2,2026-09-30 13:00:00+00:00,2026-09-30 14:00:00+00:00,,,,,,,,
1597,36654,50.131359,19.951436,266.2,2026-09-30 14:00:00+00:00,2026-09-30 15:00:00+00:00,,,,,,,,
1598,36654,50.131359,19.951436,266.2,2026-09-30 15:00:00+00:00,2026-09-30 16:00:00+00:00,,,,,,,,
1599,36654,50.131359,19.951436,266.2,2026-09-30 16:00:00+00:00,2026-09-30 17:00:00+00:00,,,,,,,,
1600,36654,50.131359,19.951436,266.2,2026-09-30 17:00:00+00:00,2026-09-30 18:00:00+00:00,,,,,,,,
1601,36654,50.131359,19.951436,266.2,2026-09-30 18:00:00+00:00,2026-09-30 19:00:00+00:00,,,,,,,,
1602,36654,50.131359,19.951436,266.2,2026-09-30 19:00:00+00:00,2026-09-30 20:00:00+00:00,,,,,,,,
1603,36654,50.131359,19.951436,266.2,2026-09-30 20:00:00+00:00,2026-09-30 21:00:00+00:00,,,,,,,,
1604,36654,50.131359,19.951436,266.2,2026-09-30 21:00:00+00:00,2026-09-30 22:00:00+00:00,,,,,,,,
1605,36654,50.131359,19.951436,266.2,2026-09-30 22:00:00+00:00,2026-09-30 23:00:00+00:00,,,,,,,,
1606,36654,50.131359,19.951436,266.2,2026-09-30 23:00:00+00:00,2026-10-01 00:00:00+00:00,,,,,,,,
1607,36654,50.131359,19.951436,266.2,2026-10-01 00:00:00+00:00,2026-10-01 01:00:00+00:00,,,,,,,,
1608,86934,50.062418,19.928368,209.42,2026-09-30 01:00:00+00:00,2026-09-30 02:00:00+00:00,11.69,16.71,21.06,1027.21,93.4,10.36,2.78,115.67
1609,86934,50.062418,19.928368,209.42,2026-09-30 02:00:00+00:00,2026-09-30 03:00:00+00:00,11.37,16.22,20.33,1027.29,95.22,9.65,2.28,116.74
1610,86934,50.062418,19.928368,209.42,2026-09-30 03:00:00+00:00,2026-09-30 04:00:00+00:00,13.47,18.83,23.85,1027.34,94.99,9.39,2.06,126.32
1611,86934,50.062418,19.928368,209.42,2026-09-30 04:00:00+00:00,2026-09-30 05:00:00+00:00,13.43,18.71,23.67,1027.49,95.59,9.02,2.1,126.87
1612,86934,50.062418,19.928368,209.42,2026-09-30 05:00:00+00:00,2026-09-30 06:00:00+00:00,14.55,20.77,26.56,1027.81,95.72,9.05,2.25,112.81
1613,86934,50.062418,19.928368,209.42,2026-09-30 06:00:00+00:00,2026-09-30 07:00:00+00:00,14.01,19.6,24.81,1028.07,91.06,10.55,4.76,62.24
1614,86934,50.062418,19.928368,209.42,2026-09-30 07:00:00+00:00,2026-09-30 08:00:00+00:00,13.15,18.33,23.03,1028.24,85.08,12.49,4.57,72.0
1615,86934,50.062418,19.928368,209.42,2026-09-30 08:00:00+00:00,2026-09-30 09:00:00+00:00,13.1,18.36,23.55,1028.33,77.01,14.32,5.25,71.75
1616,86934,50.062418,19.928368,209.42,2026-09-30 09:00:00+00:00,2026-09-30 10:00:00+00:00,8.74,12.07,15.18,1028.22,69.0,16.0,5.62,70.35
1617,86934,50.062418,19.928368,209.42,2026-09-30 10:00:00+00:00,2026-09-30 11:00:00+00:00,7.2,9.55,11.91,1028.06,61.8,17.68,6.62,76.76
1618,86934,50.062418,19.928368,209.42,2026-09-30 11:00:00+00:00,2026-09-30 12:00:00+00:00,7.2,9.5,11.87,1027.57,55.55,18.92,8.69,101.37
1619,86934,50.062418,19.928368,209.42,2026-09-30 12:00:00+00:00,2026-09-30 13:00:00+00:00,6.46,8.87,11.07,1027.03,52.31,20.03,7.66,84.0
1620,86934,50.062418,19.928368,209.42,2026-09-30 13:00:00+00:00,2026-09-30 14:00:00+00:00,4.47,6.4,7.93,1026.49,50.52,20.5,8.3,83.67
1621,86934,50.062418,19.928368,209.42,2026-09-30 14:00:00+00:00,2026-09-30 15:00:00+00:00,5.15,7.03,8.77,1026.0,50.34,20.71,9.17,81.0
1622,86934,50.062418,19.928368,209.42,2026-09-30 15:00:00+00:00,2026-09-30 16:00:00+00:00,6.28,8.5,10.62,1025.83,53.14,20.02,10.47,88.12
1623,86934,50.062418,19.928368,209.42,2026-09-30 16:00:00+00:00,2026-09-30 17:00:00+00:00,6.87,9.12,11.15,1025.82,58.59,18.67,11.69,90.26
1624,86934,50.062418,19.928368,209.42,2026-09-30 17:00:00+00:00,2026-09-30 18:00:00+00:00,7.64,10.18,12.53,1026.03,64.42,17.35,10.72,88.18
1625,86934,50.062418,19.928368,209.42,2026-09-30 18:00:00+00:00,2026-09-30 19:00:00+00:00,8.82,12.13,15.21,1026.29,70.41,16.05,9.54,88.43
1626,86934,50.062418,19.928368,209.42,2026-09-30 19:00:00+00:00,2026-09-30 20:00:00+00:00,9.35,12.9,16.02,1026.47,73.29,15.39,9.06,85.0
1627,86934,50.062418,19.928368,209.42,2026-09-30 20:00:00+00:00,2026-09-30 21:00:00+00:00,8.58,11.52,14.67,1026.76,78.98,14.21,7.66,88.7
1628,86934,50.062418,19.928368,209.42,2026-09-30 21:00:00+00:00,2026-09-30 22:00:00+00:00,8.85,12.06,15.27,1026.95,83.11,13.34,6.05,90.72
1629,86934,50.062418,19.928368,209.42,2026-09-30 22:00:00+00:00,2026-09-30 23:00:00+00:00,8.55,11.76,14.95,1026.96,85.92,12.61,5.19,87.96
1630,86934,50.062418,19.928368,209.42,2026-09-30 23:00:00+00:00,2026-10-01 00:00:00+00:00,8.7,12.0,15.19,1027.04,89.37,11.96,5.34,81.56
1631,86934,50.062418,19.928368,209.42,2026-10-01 00:00:00+00:00,2026-10-01 01:00:00+00:00,8.54,11.93,15.03,1026.91,90.25,11.6,4.98,81.48
1632,42665,50.010301,19.950811,227.61,2026-09-30 01:00:00+00:00,2026-09-30 02:00:00+00:00,,,,,,,,
1633,42665,50.010301,19.950811,227.61,2026-09-30 02:00:00+00:00,2026-09-30 03:00:00+00:00,,,,,,,,
1634,42665,50.010301,19.950811,227.61,2026-09-30 03:00:00+00:00,2026-09-30 04:00:00+00:00,,,,,,,,
1635,42665,50.010301,19.950811,227.61,2026-09-30 04:00:00+00:00,2026-09-30 05:00:00+00:00,,,,,,,,
1636,42665,50.010301,19.950811,227.61,2026-09-30 05:00:00+00:00,2026-09-30 06:00:00+00:00,,,,,,,,
1637,42665,50.010301,19.950811,227.61,2026-09-30 06:00:00+00:00,2026-09-30 07:00:00+00:00,,,,,,,,
1638,42665,50.010301,19.950811,227.61,2026-09-30 07:00:00+00:00,2026-09-30 08:00:00+00:00,,,,,,,,
1639,42665,50.010301,19.950811,227.61,2026-09-30 08:00:00+00:00,2026-09-30 09:00:00+00:00,,,,,,,,
1640,42665,50.010301,19.950811,227.61,2026-09-30 09:00:00+00:00,2026-09-30 10:00:00+00:00,,,,,,,,
1641,42665,50.010301,19.950811,227.61,2026-09-30 10:00:00+00:00,2026-09-30 11:00:00+00:00,,,,,,,,
1642,42665,50.010301,19.950811,227.61,2026-09-30 11:00:00+00:00,2026-09-30 12:00:00+00:00,,,,,,,,
1643,42665,50.010301,19.950811,227.61,2026-09-30 12:00:00+00:00,2026-09-30 13:00:00+00:00,,,,,,,,
1644,42665,50.010301,19.950811,227.61,2026-09-30 13:00:00+00:00,2026-09-30 14:00:00+00:00,,,,,,,,
1645,42665,50.010301,19.950811,227.61,2026-09-30 14:00:00+00:00,2026-09-30 15:00:00+00:00,,,,,,,,
1646,42665,50.010301,19.950811,227.61,2026-09-30 15:00:00+00:00,2026-09-30 16:00:00+00:00,,,,,,,,
1647,42665,50.010301,19.950811,227.61,2026-09-30 16:00:00+00:00,2026-09-30 17:00:00+00:00,,,,,,,,
1648,42665,50.010301,19.950811,227.61,2026-09-30 17:00:00+00:00,2026-09-30 18:00:00+00:00,,,,,,,,
1649,42665,50.010301,19.950811,227.61,2026-09-30 18:00:00+00:00,2026-09-30 19:00:00+00:00,,,,,,,,
1650,42665,50.010301,19.950811,227.61,2026-09-30 19:00:00+00:00,2026-09-30 20:00:00+00:00,,,,,,,,
1651,42665,50.010301,19.950811,227.61,2026-09-30 20:00:00+00:00,2026-09-30 21:00:00+00:00,,,,,,,,
1652,42665,50.010301,19.950811,227.61,2026-09-30 21:00:00+00:00,2026-09-30 22:00:00+00:00,,,,,,,,
1653,42665,50.010301,19.950811,227.61,2026-09-30 22:00:00+00:00,2026-09-30 23:00:00+00:00,,,,,,,,
1654,42665,50.010301,19.950811,227.61,2026-09-30 23:00:00+00:00,2026-10-01 00:00:00+00:00,,,,,,,,
1655,42665,50.010301,19.950811,227.61,2026-10-01 00:00:00+00:00,2026-10-01 01:00:00+00:00,,,,,,,,
1656,18410,50.071128,19.892226,205.7,2026-09-30 01:00:00+00:00,2026-09-30 02:00:00+00:00,,,,,,,,
1657,18410,50.071128,19.892226,205.7,2026-09-30 02:00:00+00:00,2026-09-30 03:00:00+00:00,,,,,,,,
1658,18410,50.071128,19.892226,205.7,2026-09-30 03:00:00+00:00,2026-09-30 04:00:00+00:00,,,,,,,,
1659,18410,50.071128,19.892226,205.7,2026-09-30 04:00:00+00:00,2026-09-30 05:00:00+00:00,,,,,,,,
1660,18410,50.071128,19.892226,205.7,2026-09-30 05:00:00+00:00,2026-09-30 06:00:00+00:00,,,,,,,,
1661,18410,50.071128,19.892226,205.7,2026-09-30 06:00:00+00:00,2026-09-30 07:00:00+00:00,,,,,,,,
1662,18410,50.071128,19.892226,205.7,2026-09-30 07:00:00+00:00,2026-09-30 08:00:00+00:00,,,,,,,,
1663,18410,50.071128,19.892226,205.7,2026-09-30 08:00:00+00:00,2026-09-30 09:00:00+00:00,,,,,,,,
1664,18410,50.071128,19.892226,205.7,2026-09-30 09:00:00+00:00,2026-09-30 10:00:00+00:00,,,,,,,,
1665,18410,50.071128,19.892226,205.7,2026-09-30 10:00:00+00:00,2026-09-30 11:00:00+00:00,,,,,,,,
1666,18410,50.071128,19.892226,205.7,2026-09-30 11:00:00+00:00,2026-09-30 12:00:00+00:00,,,,,,,,
1667,18410,50.071128,19.892226,205.7,2026-09-30 12:00:00+00:00,2026-09-30 13:00:00+00:00,,,,,,,,
1668,18410,50.071128,19.892226,205.7,2026-09-30 13:00:00+00:00,2026-09-30 14:00:00+00:00,,,,,,,,
1669,18410,50.071128,19.892226,205.7,2026-09-30 14:00:00+00:00,2026-09-30 15:00:00+00:00,,,,,,,,
1670,18410,50.071128,19.892226,205.7,2026-09-30 15:00:00+00:00,2026-09-30 16:00:00+00:00,,,,,,,,
1671,18410,50.071128,19.892226,205.7,2026-09-30 16:00:00+00:00,2026-09-30 17:00:00+00:00,,,,,,,,
1672,18410,50.071128,19.892226,205.7,2026-09-30 17:00:00+00:00,2026-09-30 18:00:00+00:00,,,,,,,,
1673,18410,50.071128,19.892226,205.7,2026-09-30 18:00:00+00:00,2026-09-30 19:00:00+00:00,,,,,,,,
1674,18410,50.071128,19.892226,205.7,2026-09-30 19:00:00+00:00,2026-09-30 20:00:00+00:00,,,,,,,,
1675,18410,50.071128,19.892226,205.7,2026-09-30 20:00:00+00:00,2026-09-30 21:00:00+00:00,,,,,,,,
1676,18410,50.071128,19.892226,205.7,2026-09-30 21:00:00+00:00,2026-09-30 22:00:00+00:00,,,,,,,,
1677,18410,50.071128,19.892226,205.7,2026-09-30 22:00:00+00:00,2026-09-30 23:00:00+00:00,,,,,,,,
1678,18410,50.071128,19.892226,205.7,2026-09-30 23:00:00+00:00,2026-10-01 00:00:00+00:00,,,,,,,,
1679,18410,50.071128,19.892226,205.7,2026-10-01 00:00:00+00:00,2026-10-01 01:00:00+00:00,,,,,,,,
1680,6076,49.985546,20.059961,240.53,2026-09-30 01:00:00+00:00,2026-09-30 02:00:00+00:00,13.05,19.22,23.6,1027.93,67.33,7.79,2.15,153.34
1681,6076,49.985546,20.059961,240.53,2026-09-30 02:00:00+00:00,2026-09-30 03:00:00+00:00,12.57,18.24,22.16,1027.96,68.27,7.21,2.03,170.6
1682,6076,49.985546,20.059961,240.53,2026-09-30 03:00:00+00:00,2026-09-30 04:00:00+00:00,12.46,18.08,21.99,1028.18,69.46,6.71,1.72,174.4
1683,6076,49.985546,20.059961,240.53,2026-09-30 04:00:00+00:00,2026-09-30 05:00:00+00:00,13.18,19.25,23.78,1028.27,70.96,6.3,1.45,171.63
1684,6076,49.985546,20.059961,240.53,2026-09-30 05:00:00+00:00,2026-09-30 06:00:00+00:00,13.86,20.81,27.18,1028.57,71.15,6.47,1.43,147.86
1685,6076,49.985546,20.059961,240.53,2026-09-30 06:00:00+00:00,2026-09-30 07:00:00+00:00,13.58,20.33,26.61,1028.81,70.04,7.91,1.64,123.32
1686,6076,49.985546,20.059961,240.53,2026-09-30 07:00:00+00:00,2026-09-30 08:00:00+00:00,12.65,18.55,23.29,1029.03,62.97,11.95,2.17,86.65
1687,6076,49.985546,20.059961,240.53,2026-09-30 08:00:00+00:00,2026-09-30 09:00:00+00:00,9.17,12.56,14.63,1029.2,66.5,18.06,3.57,73.68
1688,6076,49.985546,20.059961,240.53,2026-09-30 09:00:00+00:00,2026-09-30 10:00:00+00:00,7.34,9.89,11.49,1029.12,74.44,20.41,4.73,73.37
1689,6076,49.985546,20.059961,240.53,2026-09-30 10:00:00+00:00,2026-09-30 11:00:00+00:00,6.49,8.64,10.03,1028.97,70.38,22.06,5.46,79.37
1690,6076,49.985546,20.059961,240.53,2026-09-30 11:00:00+00:00,2026-09-30 12:00:00+00:00,5.25,7.17,8.28,1028.51,64.58,23.21,6.18,91.41
1691,6076,49.985546,20.059961,240.53,2026-09-30 12:00:00+00:00,2026-09-30 13:00:00+00:00,3.44,4.63,5.43,1028.03,38.13,22.93,7.28,103.58
1692,6076,49.985546,20.059961,240.53,2026-09-30 13:00:00+00:00,2026-09-30 14:00:00+00:00,3.76,4.98,5.79,1027.49,36.39,22.84,8.42,105.0
1693,6076,49.985546,20.059961,240.53,2026-09-30 14:00:00+00:00,2026-09-30 15:00:00+00:00,4.54,6.12,7.27,1027.09,37.06,22.75,10.2,96.62
1694,6076,49.985546,20.059961,240.53,2026-09-30 15:00:00+00:00,2026-09-30 16:00:00+00:00,4.86,6.6,7.71,1026.93,39.73,21.54,11.36,90.41
1695,6076,49.985546,20.059961,240.53,2026-09-30 16:00:00+00:00,2026-09-30 17:00:00+00:00,6.75,9.04,10.67,1026.95,44.2,18.75,11.98,90.47
1696,6076,49.985546,20.059961,240.53,2026-09-30 17:00:00+00:00,2026-09-30 18:00:00+00:00,8.57,11.54,13.68,1027.15,47.54,16.34,11.09,96.25
1697,6076,49.985546,20.059961,240.53,2026-09-30 18:00:00+00:00,2026-09-30 19:00:00+00:00,9.54,13.26,15.66,1027.35,50.91,14.68,9.77,99.06
1698,6076,49.985546,20.059961,240.53,2026-09-30 19:00:00+00:00,2026-09-30 20:00:00+00:00,10.54,14.81,17.75,1027.48,53.72,13.45,8.79,99.94
1699,6076,49.985546,20.059961,240.53,2026-09-30 20:00:00+00:00,2026-09-30 21:00:00+00:00,11.44,16.11,19.09,1027.61,57.11,12.11,7.35,106.1
1700,6076,49.985546,20.059961,240.53,2026-09-30 21:00:00+00:00,2026-09-30 22:00:00+00:00,12.04,17.27,20.8,1027.68,59.19,11.65,6.35,101.81
1701,6076,49.985546,20.059961,240.53,2026-09-30 22:00:00+00:00,2026-09-30 23:00:00+00:00,12.33,18.0,21.94,1027.69,61.63,10.81,4.94,91.43
1702,6076,49.985546,20.059961,240.53,2026-09-30 23:00:00+00:00,2026-10-01 00:00:00+00:00,11.56,16.21,19.37,1027.78,63.57,10.28,4.59,82.07
1703,6076,49.985546,20.059961,240.53,2026-10-01 00:00:00+00:00,2026-10-01 01:00:00+00:00,10.88,15.54,18.49,1027.57,65.2,9.75,4.19,76.1
1704,11248,50.047161,19.861521,233.49,2026-09-30 01:00:00+00:00,2026-09-30 02:00:00+00:00,4.1,7.95,10.72,1026.95,85.66,7.37,,
1705,11248,50.047161,19.861521,233.49,2026-09-30 02:00:00+00:00,2026-09-30 03:00:00+00:00,4.16,7.72,10.29,1027.07,93.7,6.29,,
1706,11248,50.047161,19.861521,233.49,2026-09-30 03:00:00+00:00,2026-09-30 04:00:00+00:00,3.71,6.77,9.31,1027.23,94.38,5.97,,
1707,11248,50.047161,19.861521,233.49,2026-09-30 04:00:00+00:00,2026-09-30 05:00:00+00:00,3.98,7.78,10.42,1027.38,75.71,5.4,,
1708,11248,50.047161,19.861521,233.49,2026-09-30 05:00:00+00:00,2026-09-30 06:00:00+00:00,3.87,7.26,9.7,1027.68,79.37,5.65,,
1709,11248,50.047161,19.861521,233.49,2026-09-30 06:00:00+00:00,2026-09-30 07:00:00+00:00,4.3,7.77,10.41,1027.92,76.86,7.21,,
1710,11248,50.047161,19.861521,233.49,2026-09-30 07:00:00+00:00,2026-09-30 08:00:00+00:00,4.38,8.11,10.8,1028.03,74.36,9.75,,
1711,11248,50.047161,19.861521,233.49,2026-09-30 08:00:00+00:00,2026-09-30 09:00:00+00:00,3.47,6.34,8.35,1028.06,57.66,12.61,,
1712,11248,50.047161,19.861521,233.49,2026-09-30 09:00:00+00:00,2026-09-30 10:00:00+00:00,2.25,4.11,5.41,1027.86,73.93,14.88,,
1713,11248,50.047161,19.861521,233.49,2026-09-30 10:00:00+00:00,2026-09-30 11:00:00+00:00,2.1,3.67,4.94,1027.7,69.5,16.96,,
1714,11248,50.047161,19.861521,233.49,2026-09-30 11:00:00+00:00,2026-09-30 12:00:00+00:00,1.62,2.98,4.03,1027.25,66.0,18.45,,
1715,11248,50.047161,19.861521,233.49,2026-09-30 12:00:00+00:00,2026-09-30 13:00:00+00:00,1.64,2.99,3.91,1026.75,63.42,19.47,,
1716,11248,50.047161,19.861521,233.49,2026-09-30 13:00:00+00:00,2026-09-30 14:00:00+00:00,1.21,2.25,3.05,1026.21,61.63,20.24,,
1717,11248,50.047161,19.861521,233.49,2026-09-30 14:00:00+00:00,2026-09-30 15:00:00+00:00,0.93,2.0,2.64,1025.72,61.88,20.56,,
1718,11248,50.047161,19.861521,233.49,2026-09-30 15:00:00+00:00,2026-09-30 16:00:00+00:00,1.37,2.53,3.32,1025.55,64.64,19.5,,
1719,11248,50.047161,19.861521,233.49,2026-09-30 16:00:00+00:00,2026-09-30 17:00:00+00:00,1.42,2.64,3.49,1025.54,67.54,17.7,,
1720,11248,50.047161,19.861521,233.49,2026-09-30 17:00:00+00:00,2026-09-30 18:00:00+00:00,1.67,3.12,4.05,1025.69,71.36,16.13,,
1721,11248,50.047161,19.861521,233.49,2026-09-30 18:00:00+00:00,2026-09-30 19:00:00+00:00,2.14,3.85,5.22,1025.94,75.63,14.62,,
1722,11248,50.047161,19.861521,233.49,2026-09-30 19:00:00+00:00,2026-09-30 20:00:00+00:00,2.51,4.55,6.0,1026.18,79.0,13.41,,
1723,11248,50.047161,19.861521,233.49,2026-09-30 20:00:00+00:00,2026-09-30 21:00:00+00:00,2.55,4.76,6.54,1026.36,82.38,12.28,,
1724,11248,50.047161,19.861521,233.49,2026-09-30 21:00:00+00:00,2026-09-30 22:00:00+00:00,2.47,4.52,5.99,1026.54,84.63,11.38,,
1725,11248,50.047161,19.861521,233.49,2026-09-30 22:00:00+00:00,2026-09-30 23:00:00+00:00,2.67,4.93,6.63,1026.54,87.25,10.33,,
1726,11248,50.047161,19.861521,233.49,2026-09-30 23:00:00+00:00,2026-10-01 00:00:00+00:00,2.49,4.68,6.41,1026.64,89.5,9.6,,
1727,11248,50.047161,19.861521,233.49,2026-10-01 00:00:00+00:00,2026-10-01 01:00:00+00:00,2.39,4.65,6.41,1026.56,90.75,9.11,,
1728,36605,50.118583,19.926746,235.49,2026-09-30 01:00:00+00:00,2026-09-30 02:00:00+00:00,9.71,15.54,18.21,1027.32,93.31,7.83,2.79,115.81
1729,36605,50.118583,19.926746,235.49,2026-09-30 02:00:00+00:00,2026-09-30 03:00:00+00:00,9.87,15.62,18.43,1027.33,95.25,6.93,2.3,116.12
1730,36605,50.118583,19.926746,235.49,2026-09-30 03:00:00+00:00,2026-09-30 04:00:00+00:00,10.01,15.82,18.78,1027.48,95.0,6.58,2.06,126.34
1731,36605,50.118583,19.926746,235.49,2026-09-30 04:00:00+00:00,2026-09-30 05:00:00+00:00,10.5,16.86,20.11,1027.66,95.56,6.12,2.1,126.91
1732,36605,50.118583,19.926746,235.49,2026-09-30 05:00:00+00:00,2026-09-30 06:00:00+00:00,10.33,16.24,19.12,1027.9,95.88,7.1,2.23,116.6
1733,36605,50.118583,19.926746,235.49,2026-09-30 06:00:00+00:00,2026-09-30 07:00:00+00:00,9.37,14.55,16.88,1028.03,91.31,11.82,4.78,61.86
1734,36605,50.118583,19.926746,235.49,2026-09-30 07:00:00+00:00,2026-09-30 08:00:00+00:00,7.26,10.78,12.37,1028.19,86.02,15.34,4.55,72.0
1735,36605,50.118583,19.926746,235.49,2026-09-30 08:00:00+00:00,2026-09-30 09:00:00+00:00,6.13,8.76,9.96,1028.25,80.75,17.66,5.24,71.82
1736,36605,50.118583,19.926746,235.49,2026-09-30 09:00:00+00:00,2026-09-30 10:00:00+00:00,5.18,7.25,8.36,1028.12,74.2,18.62,5.6,70.29
1737,36605,50.118583,19.926746,235.49,2026-09-30 10:00:00+00:00,2026-09-30 11:00:00+00:00,5.29,7.86,9.11,1028.14,64.92,18.37,6.6,76.2
1738,36605,50.118583,19.926746,235.49,2026-09-30 11:00:00+00:00,2026-09-30 12:00:00+00:00,5.5,8.09,9.38,1027.79,58.72,19.38,8.71,101.64
1739,36605,50.118583,19.926746,235.49,2026-09-30 12:00:00+00:00,2026-09-30 13:00:00+00:00,5.08,7.38,8.53,1027.32,55.47,20.49,7.65,84.0
1740,36605,50.118583,19.926746,235.49,2026-09-30 13:00:00+00:00,2026-09-30 14:00:00+00:00,3.64,5.23,6.12,1026.76,52.12,21.07,8.29,83.72
1741,36605,50.118583,19.926746,235.49,2026-09-30 14:00:00+00:00,2026-09-30 15:00:00+00:00,3.45,4.92,5.78,1026.32,51.77,21.24,9.17,81.0
1742,36605,50.118583,19.926746,235.49,2026-09-30 15:00:00+00:00,2026-09-30 16:00:00+00:00,4.11,5.92,6.9,1026.17,55.95,20.21,10.52,88.38
1743,36605,50.118583,19.926746,235.49,2026-09-30 16:00:00+00:00,2026-09-30 17:00:00+00:00,4.77,7.03,8.29,1026.18,62.14,18.42,11.68,90.1
1744,36605,50.118583,19.926746,235.49,2026-09-30 17:00:00+00:00,2026-09-30 18:00:00+00:00,5.92,8.79,10.41,1026.35,68.98,16.65,10.67,88.33
1745,36605,50.118583,19.926746,235.49,2026-09-30 18:00:00+00:00,2026-09-30 19:00:00+00:00,6.66,10.07,11.9,1026.57,76.06,14.81,9.57,88.64
1746,36605,50.118583,19.926746,235.49,2026-09-30 19:00:00+00:00,2026-09-30 20:00:00+00:00,6.61,10.07,11.89,1026.75,78.25,13.88,9.06,85.0
1747,36605,50.118583,19.926746,235.49,2026-09-30 20:00:00+00:00,2026-09-30 21:00:00+00:00,6.65,10.26,12.24,1027.02,82.19,12.62,7.71,88.53
1748,36605,50.118583,19.926746,235.49,2026-09-30 21:00:00+00:00,2026-09-30 22:00:00+00:00,7.12,11.04,13.15,1027.18,85.19,11.66,6.08,90.7
1749,36605,50.118583,19.926746,235.49,2026-09-30 22:00:00+00:00,2026-09-30 23:00:00+00:00,7.1,11.15,13.21,1027.18,86.88,10.62,5.21,88.09
1750,36605,50.118583,19.926746,235.49,2026-09-30 23:00:00+00:00,2026-10-01 00:00:00+00:00,7.28,11.5,13.55,1027.24,89.5,9.71,5.34,81.66
1751,36605,50.118583,19.926746,235.49,2026-10-01 00:00:00+00:00,2026-10-01 01:00:00+00:00,7.38,11.95,14.06,1027.14,90.25,9.16,4.98,81.45
1752,12001,50.127182,19.864904,277.23,2026-09-30 01:00:00+00:00,2026-09-30 02:00:00+00:00,11.96,16.87,19.36,1027.28,90.28,8.2,2.79,115.81
1753,12001,50.127182,19.864904,277.23,2026-09-30 02:00:00+00:00,2026-09-30 03:00:00+00:00,12.07,17.14,19.81,1027.28,94.6,7.33,2.3,116.12
1754,12001,50.127182,19.864904,277.23,2026-09-30 03:00:00+00:00,2026-09-30 04:00:00+00:00,12.51,17.87,20.66,1027.38,95.0,6.93,2.06,126.34
1755,12001,50.127182,19.864904,277.23,2026-09-30 04:00:00+00:00,2026-09-30 05:00:00+00:00,12.94,18.62,21.87,1027.56,95.63,6.59,2.11,126.83
1756,12001,50.127182,19.864904,277.23,2026-09-30 05:00:00+00:00,2026-09-30 06:00:00+00:00,12.7,18.16,21.22,1027.84,95.09,6.81,2.3,107.57
1757,12001,50.127182,19.864904,277.23,2026-09-30 06:00:00+00:00,2026-09-30 07:00:00+00:00,11.57,15.71,18.15,1028.06,82.43,12.18,4.75,62.72
1758,12001,50.127182,19.864904,277.23,2026-09-30 07:00:00+00:00,2026-09-30 08:00:00+00:00,13.75,19.85,25.36,1028.15,72.19,15.88,4.61,72.0
1759,12001,50.127182,19.864904,277.23,2026-09-30 08:00:00+00:00,2026-09-30 09:00:00+00:00,8.25,10.47,11.95,1028.13,64.76,18.36,5.26,71.65
1760,12001,50.127182,19.864904,277.23,2026-09-30 09:00:00+00:00,2026-09-30 10:00:00+00:00,8.48,10.67,12.13,1028.07,58.4,19.83,5.61,70.32
1761,12001,50.127182,19.864904,277.23,2026-09-30 10:00:00+00:00,2026-09-30 11:00:00+00:00,7.04,9.07,10.46,1028.02,52.61,19.92,6.6,76.2
1762,12001,50.127182,19.864904,277.23,2026-09-30 11:00:00+00:00,2026-09-30 12:00:00+00:00,6.74,8.76,10.11,1027.76,48.05,18.98,8.71,101.64
1763,12001,50.127182,19.864904,277.23,2026-09-30 12:00:00+00:00,2026-09-30 13:00:00+00:00,6.94,9.16,10.4,1027.36,45.49,19.89,7.65,84.0
1764,12001,50.127182,19.864904,277.23,2026-09-30 13:00:00+00:00,2026-09-30 14:00:00+00:00,5.9,7.73,8.75,1026.9,43.33,20.37,8.29,83.72
1765,12001,50.127182,19.864904,277.23,2026-09-30 14:00:00+00:00,2026-09-30 15:00:00+00:00,7.16,9.57,11.11,1026.5,42.35,20.63,9.17,81.0
1766,12001,50.127182,19.864904,277.23,2026-09-30 15:00:00+00:00,2026-09-30 16:00:00+00:00,7.22,9.65,11.05,1026.24,46.37,19.86,10.52,88.38
1767,12001,50.127182,19.864904,277.23,2026-09-30 16:00:00+00:00,2026-09-30 17:00:00+00:00,12.8,17.63,21.41,1026.19,51.92,18.19,11.68,90.1
1768,12001,50.127182,19.864904,277.23,2026-09-30 17:00:00+00:00,2026-09-30 18:00:00+00:00,9.25,12.28,14.08,1026.31,57.47,16.58,10.67,88.33
1769,12001,50.127182,19.864904,277.23,2026-09-30 18:00:00+00:00,2026-09-30 19:00:00+00:00,8.14,11.03,12.65,1026.63,63.44,14.71,9.5,88.14
1770,12001,50.127182,19.864904,277.23,2026-09-30 19:00:00+00:00,2026-09-30 20:00:00+00:00,8.21,11.19,12.98,1026.86,66.15,13.89,9.06,85.0
1771,12001,50.127182,19.864904,277.23,2026-09-30 20:00:00+00:00,2026-09-30 21:00:00+00:00,8.78,12.07,13.97,1027.05,71.68,12.55,7.71,88.53
1772,12001,50.127182,19.864904,277.23,2026-09-30 21:00:00+00:00,2026-09-30 22:00:00+00:00,8.76,12.1,14.04,1027.16,75.79,11.53,6.08,90.7
1773,12001,50.127182,19.864904,277.23,2026-09-30 22:00:00+00:00,2026-09-30 23:00:00+00:00,10.13,14.31,16.64,1027.16,78.69,10.63,5.21,88.09
1774,12001,50.127182,19.864904,277.23,2026-09-30 23:00:00+00:00,2026-10-01 00:00:00+00:00,8.63,12.11,13.91,1027.22,83.41,9.74,5.37,81.1
1775,12001,50.127182,19.864904,277.23,2026-10-01 00:00:00+00:00,2026-10-01 01:00:00+00:00,8.65,12.17,13.89,1027.14,84.58,9.35,4.93,81.63
1776,5759,49.961026,19.942816,306.25,2026-09-30 01:00:00+00:00,2026-09-30 02:00:00+00:00,11.83,16.9,19.9,1027.31,93.13,8.04,,
1777,5759,49.961026,19.942816,306.25,2026-09-30 02:00:00+00:00,2026-09-30 03:00:00+00:00,12.36,17.8,21.0,1027.27,94.5,7.18,,
1778,5759,49.961026,19.942816,306.25,2026-09-30 03:00:00+00:00,2026-09-30 04:00:00+00:00,12.74,18.25,21.61,1027.44,94.75,6.98,,
1779,5759,49.961026,19.942816,306.25,2026-09-30 04:00:00+00:00,2026-09-30 05:00:00+00:00,11.31,15.75,18.56,1027.57,95.38,6.33,,
1780,5759,49.961026,19.942816,306.25,2026-09-30 05:00:00+00:00,2026-09-30 06:00:00+00:00,10.94,14.85,17.31,1027.82,95.5,6.9,,
1781,5759,49.961026,19.942816,306.25,2026-09-30 06:00:00+00:00,2026-09-30 07:00:00+00:00,10.32,13.98,16.24,1028.08,92.69,10.75,,
1782,5759,49.961026,19.942816,306.25,2026-09-30 07:00:00+00:00,2026-09-30 08:00:00+00:00,12.13,17.29,20.67,1028.36,87.81,12.14,,
1783,5759,49.961026,19.942816,306.25,2026-09-30 08:00:00+00:00,2026-09-30 09:00:00+00:00,10.81,14.78,17.34,1028.53,81.5,14.17,,
1784,5759,49.961026,19.942816,306.25,2026-09-30 09:00:00+00:00,2026-09-30 10:00:00+00:00,9.81,13.26,15.48,1028.46,75.0,16.34,,
1785,5759,49.961026,19.942816,306.25,2026-09-30 10:00:00+00:00,2026-09-30 11:00:00+00:00,9.55,12.99,15.19,1028.35,69.5,17.89,,
1786,5759,49.961026,19.942816,306.25,2026-09-30 11:00:00+00:00,2026-09-30 12:00:00+00:00,8.53,11.33,13.06,1027.97,64.57,19.23,,
1787,5759,49.961026,19.942816,306.25,2026-09-30 12:00:00+00:00,2026-09-30 13:00:00+00:00,5.67,7.5,8.64,1027.58,56.99,20.18,,
1788,5759,49.961026,19.942816,306.25,2026-09-30 13:00:00+00:00,2026-09-30 14:00:00+00:00,5.35,7.03,8.0,1027.08,54.0,20.67,,
1789,5759,49.961026,19.942816,306.25,2026-09-30 14:00:00+00:00,2026-09-30 15:00:00+00:00,5.97,7.99,9.23,1026.64,55.12,20.64,,
1790,5759,49.961026,19.942816,306.25,2026-09-30 15:00:00+00:00,2026-09-30 16:00:00+00:00,7.41,9.95,11.55,1026.44,60.05,19.57,,
1791,5759,49.961026,19.942816,306.25,2026-09-30 16:00:00+00:00,2026-09-30 17:00:00+00:00,7.3,9.81,11.4,1026.37,65.37,17.82,,
1792,5759,49.961026,19.942816,306.25,2026-09-30 17:00:00+00:00,2026-09-30 18:00:00+00:00,7.76,10.52,12.23,1026.42,70.68,16.15,,
1793,5759,49.961026,19.942816,306.25,2026-09-30 18:00:00+00:00,2026-09-30 19:00:00+00:00,8.74,11.88,13.88,1026.56,75.63,14.65,,
1794,5759,49.961026,19.942816,306.25,2026-09-30 19:00:00+00:00,2026-09-30 20:00:00+00:00,8.68,11.78,13.84,1026.71,79.0,13.52,,
1795,5759,49.961026,19.942816,306.25,2026-09-30 20:00:00+00:00,2026-09-30 21:00:00+00:00,11.14,15.5,18.14,1026.91,82.38,12.41,,
1796,5759,49.961026,19.942816,306.25,2026-09-30 21:00:00+00:00,2026-09-30 22:00:00+00:00,12.54,17.67,20.93,1027.04,84.63,11.7,,
1797,5759,49.961026,19.942816,306.25,2026-09-30 22:00:00+00:00,2026-09-30 23:00:00+00:00,13.08,18.59,22.34,1026.98,87.25,10.78,,
1798,5759,49.961026,19.942816,306.25,2026-09-30 23:00:00+00:00,2026-10-01 00:00:00+00:00,12.65,18.13,21.32,1027.03,89.5,10.03,,
1799,5759,49.961026,19.942816,306.25,2026-10-01 00:00:00+00:00,2026-10-01 01:00:00+00:00,12.46,17.72,21.08,1026.89,91.0,9.51,,
1800,86936,50.079672,19.94919,215.6,2026-09-30 01:00:00+00:00,2026-09-30 02:00:00+00:00,,,,,,,,
1801,86936,50.079672,19.94919,215.6,2026-09-30 02:00:00+00:00,2026-09-30 03:00:00+00:00,,,,,,,,
1802,86936,50.079672,19.94919,215.6,2026-09-30 03:00:00+00:00,2026-09-30 04:00:00+00:00,,,,,,,,
1803,86936,50.079672,19.94919,215.6,2026-09-30 04:00:00+00:00,2026-09-30 05:00:00+00:00,,,,,,,,
1804,86936,50.079672,19.94919,215.6,2026-09-30 05:00:00+00:00,2026-09-30 06:00:00+00:00,,,,,,,,
1805,86936,50.079672,19.94919,215.6,2026-09-30 06:00:00+00:00,2026-09-30 07:00:00+00:00,,,,,,,,
1806,86936,50.079672,19.94919,215.6,2026-09-30 07:00:00+00:00,2026-09-30 08:00:00+00:00,,,,,,,,
1807,86936,50.079672,19.94919,215.6,2026-09-30 08:00:00+00:00,2026-09-30 09:00:00+00:00,,,,,,,,
1808,86936,50.079672,19.94919,215.6,2026-09-30 09:00:00+00:00,2026-09-30 10:00:00+00:00,,,,,,,,
1809,86936,50.079672,19.94919,215.6,2026-09-30 10:00:00+00:00,2026-09-30 11:00:00+00:00,,,,,,,,
1810,86936,50.079672,19.94919,215.6,2026-09-30 11:00:00+00:00,2026-09-30 12:00:00+00:00,,,,,,,,
1811,86936,50.079672,19.94919,215.6,2026-09-30 12:00:00+00:00,2026-09-30 13:00:00+00:00,,,,,,,,
1812,86936,50.079672,19.94919,215.6,2026-09-30 13:00:00+00:00,2026-09-30 14:00:00+00:00,,,,,,,,
1813,86936,50.079672,19.94919,215.6,2026-09-30 14:00:00+00:00,2026-09-30 15:00:00+00:00,,,,,,,,
1814,86936,50.079672,19.94919,215.6,2026-09-30 15:00:00+00:00,2026-09-30 16:00:00+00:00,,,,,,,,
1815,86936,50.079672,19.94919,215.6,2026-09-30 16:00:00+00:00,2026-09-30 17:00:00+00:00,,,,,,,,
1816,86936,50.079672,19.94919,215.6,2026-09-30 17:00:00+00:00,2026-09-30 18:00:00+00:00,,,,,,,,
1817,86936,50.079672,19.94919,215.6,2026-09-30 18:00:00+00:00,2026-09-30 19:00:00+00:00,,,,,,,,
1818,86936,50.079672,19.94919,215.6,2026-09-30 19:00:00+00:00,2026-09-30 20:00:00+00:00,,,,,,,,
1819,86936,50.079672,19.94919,215.6,2026-09-30 20:00:00+00:00,2026-09-30 21:00:00+00:00,,,,,,,,
1820,86936,50.079672,19.94919,215.6,2026-09-30 21:00:00+00:00,2026-09-30 22:00:00+00:00,,,,,,,,
1821,86936,50.079672,19.94919,215.6,2026-09-30 22:00:00+00:00,2026-09-30 23:00:00+00:00,,,,,,,,
1822,86936,50.079672,19.94919,215.6,2026-09-30 23:00:00+00:00,2026-10-01 00:00:00+00:00,,,,,,,,
1823,86936,50.079672,19.94919,215.6,2026-10-01 00:00:00+00:00,2026-10-01 01:00:00+00:00,,,,,,,,
1824,32985,50.143883,19.909424,307.05,2026-09-30 01:00:00+00:00,2026-09-30 02:00:00+00:00,10.73,17.09,20.82,1027.39,93.31,8.19,2.79,115.81
1825,32985,50.143883,19.909424,307.05,2026-09-30 02:00:00+00:00,2026-09-30 03:00:00+00:00,11.38,18.52,22.9,1027.41,95.25,7.24,2.3,116.12
1826,32985,50.143883,19.909424,307.05,2026-09-30 03:00:00+00:00,2026-09-30 04:00:00+00:00,11.63,18.69,22.81,1027.51,95.0,6.83,2.06,126.34
1827,32985,50.143883,19.909424,307.05,2026-09-30 04:00:00+00:00,2026-09-30 05:00:00+00:00,11.78,18.85,23.39,1027.67,95.63,6.37,2.11,126.83
1828,32985,50.143883,19.909424,307.05,2026-09-30 05:00:00+00:00,2026-09-30 06:00:00+00:00,11.38,18.72,23.1,1027.95,95.5,6.57,2.3,107.57
1829,32985,50.143883,19.909424,307.05,2026-09-30 06:00:00+00:00,2026-09-30 07:00:00+00:00,11.01,17.67,21.7,1028.25,91.31,8.39,4.78,61.86
1830,32985,50.143883,19.909424,307.05,2026-09-30 07:00:00+00:00,2026-09-30 08:00:00+00:00,9.01,14.07,16.84,1028.48,86.06,10.96,4.55,72.0
1831,32985,50.143883,19.909424,307.05,2026-09-30 08:00:00+00:00,2026-09-30 09:00:00+00:00,8.07,12.1,14.45,1028.71,80.75,13.19,5.24,71.82
1832,32985,50.143883,19.909424,307.05,2026-09-30 09:00:00+00:00,2026-09-30 10:00:00+00:00,6.72,9.8,11.81,1028.67,74.81,15.46,5.6,70.29
1833,32985,50.143883,19.909424,307.05,2026-09-30 10:00:00+00:00,2026-09-30 11:00:00+00:00,5.89,8.45,9.82,1028.54,69.56,17.8,6.6,76.2
1834,32985,50.143883,19.909424,307.05,2026-09-30 11:00:00+00:00,2026-09-30 12:00:00+00:00,5.69,8.04,9.46,1028.17,64.51,18.99,8.71,101.64
1835,32985,50.143883,19.909424,307.05,2026-09-30 12:00:00+00:00,2026-09-30 13:00:00+00:00,6.1,8.24,9.6,1027.73,61.53,19.9,7.65,84.0
1836,32985,50.143883,19.909424,307.05,2026-09-30 13:00:00+00:00,2026-09-30 14:00:00+00:00,5.15,7.16,8.36,1027.22,58.68,20.48,8.29,83.72
1837,32985,50.143883,19.909424,307.05,2026-09-30 14:00:00+00:00,2026-09-30 15:00:00+00:00,3.64,4.72,5.53,1026.75,56.51,21.17,9.17,81.0
1838,32985,50.143883,19.909424,307.05,2026-09-30 15:00:00+00:00,2026-09-30 16:00:00+00:00,4.53,6.39,7.48,1026.58,60.81,20.04,10.52,88.38
1839,32985,50.143883,19.909424,307.05,2026-09-30 16:00:00+00:00,2026-09-30 17:00:00+00:00,7.65,10.64,12.68,1026.56,66.74,18.24,11.68,90.1
1840,32985,50.143883,19.909424,307.05,2026-09-30 17:00:00+00:00,2026-09-30 18:00:00+00:00,7.87,11.99,14.49,1026.74,71.8,16.56,10.67,88.33
1841,32985,50.143883,19.909424,307.05,2026-09-30 18:00:00+00:00,2026-09-30 19:00:00+00:00,6.74,10.28,12.53,1026.94,76.38,14.94,9.5,88.14
1842,32985,50.143883,19.909424,307.05,2026-09-30 19:00:00+00:00,2026-09-30 20:00:00+00:00,6.9,10.24,12.28,1027.14,78.25,14.17,9.06,85.0
1843,32985,50.143883,19.909424,307.05,2026-09-30 20:00:00+00:00,2026-09-30 21:00:00+00:00,7.07,10.68,13.08,1027.38,82.19,12.84,7.71,88.53
1844,32985,50.143883,19.909424,307.05,2026-09-30 21:00:00+00:00,2026-09-30 22:00:00+00:00,7.5,11.32,13.43,1027.49,85.19,11.72,6.08,90.7
1845,32985,50.143883,19.909424,307.05,2026-09-30 22:00:00+00:00,2026-09-30 23:00:00+00:00,7.57,11.48,13.78,1027.45,86.88,10.79,5.21,88.09
1846,32985,50.143883,19.909424,307.05,2026-09-30 23:00:00+00:00,2026-10-01 00:00:00+00:00,7.67,11.81,14.24,1027.5,89.5,9.96,5.34,81.66
1847,32985,50.143883,19.909424,307.05,2026-10-01 00:00:00+00:00,2026-10-01 01:00:00+00:00,7.58,11.76,14.4,1027.38,90.25,9.44,4.98,81.45
1848,86918,50.025251,19.937998,225.82,2026-09-30 01:00:00+00:00,2026-09-30 02:00:00+00:00,,,,,,,,
1849,86918,50.025251,19.937998,225.82,2026-09-30 02:00:00+00:00,2026-09-30 03:00:00+00:00,,,,,,,,
1850,86918,50.025251,19.937998,225.82,2026-09-30 03:00:00+00:00,2026-09-30 04:00:00+00:00,,,,,,,,
1851,86918,50.025251,19.937998,225.82,2026-09-30 04:00:00+00:00,2026-09-30 05:00:00+00:00,,,,,,,,
1852,86918,50.025251,19.937998,225.82,2026-09-30 05:00:00+00:00,2026-09-30 06:00:00+00:00,,,,,,,,
1853,86918,50.025251,19.937998,225.82,2026-09-30 06:00:00+00:00,2026-09-30 07:00:00+00:00,,,,,,,,
1854,86918,50.025251,19.937998,225.82,2026-09-30 07:00:00+00:00,2026-09-30 08:00:00+00:00,,,,,,,,
1855,86918,50.025251,19.937998,225.82,2026-09-30 08:00:00+00:00,2026-09-30 09:00:00+00:00,,,,,,,,
1856,86918,50.025251,19.937998,225.82,2026-09-30 09:00:00+00:00,2026-09-30 10:00:00+00:00,,,,,,,,
1857,86918,50.025251,19.937998,225.82,2026-09-30 10:00:00+00:00,2026-09-30 11:00:00+00:00,,,,,,,,
1858,86918,50.025251,19.937998,225.82,2026-09-30 11:00:00+00:00,2026-09-30 12:00:00+00:00,,,,,,,,
1859,86918,50.025251,19.937998,225.82,2026-09-30 12:00:00+00:00,2026-09-30 13:00:00+00:00,,,,,,,,
1860,86918,50.025251,19.937998,225.82,2026-09-30 13:00:00+00:00,2026-09-30 14:00:00+00:00,,,,,,,,
1861,86918,50.025251,19.937998,225.82,2026-09-30 14:00:00+00:00,2026-09-30 15:00:00+00:00,,,,,,,,
1862,86918,50.025251,19.937998,225.82,2026-09-30 15:00:00+00:00,2026-09-30 16:00:00+00:00,,,,,,,,
1863,86918,50.025251,19.937998,225.82,2026-09-30 16:00:00+00:00,2026-09-30 17:00:00+00:00,,,,,,,,
1864,86918,50.025251,19.937998,225.82,2026-09-30 17:00:00+00:00,2026-09-30 18:00:00+00:00,,,,,,,,
1865,86918,50.025251,19.937998,225.82,2026-09-30 18:00:00+00:00,2026-09-30 19:00:00+00:00,,,,,,,,
1866,86918,50.025251,19.937998,225.82,2026-09-30 19:00:00+00:00,2026-09-30 20:00:00+00:00,,,,,,,,
1867,86918,50.025251,19.937998,225.82,2026-09-30 20:00:00+00:00,2026-09-30 21:00:00+00:00,,,,,,,,
1868,86918,50.025251,19.937998,225.82,2026-09-30 21:00:00+00:00,2026-09-30 22:00:00+00:00,,,,,,,,
1869,86918,50.025251,19.937998,225.82,2026-09-30 22:00:00+00:00,2026-09-30 23:00:00+00:00,,,,,,,,
1870,86918,50.025251,19.937998,225.82,2026-09-30 23:00:00+00:00,2026-10-01 00:00:00+00:00,,,,,,,,
1871,86918,50.025251,19.937998,225.82,2026-10-01 00:00:00+00:00,2026-10-01 01:00:00+00:00,,,,,,,,
1872,13167,49.992817,20.025088,259.04,2026-09-30 01:00:00+00:00,2026-09-30 02:00:00+00:00,15.84,24.16,37.01,1026.68,,,2.57,160.98
1873,13167,49.992817,20.025088,259.04,2026-09-30 02:00:00+00:00,2026-09-30 03:00:00+00:00,18.46,27.46,41.46,1026.71,,,1.69,161.1
1874,13167,49.992817,20.025088,259.04,2026-09-30 03:00:00+00:00,2026-09-30 04:00:00+00:00,14.76,22.31,33.83,1026.91,,,1.79,141.28
1875,13167,49.992817,20.025088,259.04,2026-09-30 04:00:00+00:00,2026-09-30 05:00:00+00:00,14.41,21.69,32.74,1026.99,,,1.66,159.82
1876,13167,49.992817,20.025088,259.04,2026-09-30 05:00:00+00:00,2026-09-30 06:00:00+00:00,14.84,22.37,34.04,1027.32,,,1.96,156.2
1877,13167,49.992817,20.025088,259.04,2026-09-30 06:00:00+00:00,2026-09-30 07:00:00+00:00,16.0,23.79,36.25,1027.57,,,3.01,148.0
1878,13167,49.992817,20.025088,259.04,2026-09-30 07:00:00+00:00,2026-09-30 08:00:00+00:00,16.87,25.34,38.8,1027.83,,,2.58,106.8
1879,13167,49.992817,20.025088,259.04,2026-09-30 08:00:00+00:00,2026-09-30 09:00:00+00:00,12.9,18.59,26.49,1027.91,,,4.16,73.73
1880,13167,49.992817,20.025088,259.04,2026-09-30 09:00:00+00:00,2026-09-30 10:00:00+00:00,10.35,13.98,18.95,1027.81,,,4.94,70.0
1881,13167,49.992817,20.025088,259.04,2026-09-30 10:00:00+00:00,2026-09-30 11:00:00+00:00,7.89,10.6,13.88,1027.74,,,5.88,73.93
1882,13167,49.992817,20.025088,259.04,2026-09-30 11:00:00+00:00,2026-09-30 12:00:00+00:00,6.76,8.72,11.42,1027.26,,,6.83,81.98
1883,13167,49.992817,20.025088,259.04,2026-09-30 12:00:00+00:00,2026-09-30 13:00:00+00:00,3.92,4.62,5.77,1026.42,,,11.88,90.81
1884,13167,49.992817,20.025088,259.04,2026-09-30 13:00:00+00:00,2026-09-30 14:00:00+00:00,3.08,3.57,4.47,1025.7,,,9.61,90.05
1885,13167,49.992817,20.025088,259.04,2026-09-30 14:00:00+00:00,2026-09-30 15:00:00+00:00,3.88,4.62,5.7,1025.31,,,9.23,82.8
1886,13167,49.992817,20.025088,259.04,2026-09-30 15:00:00+00:00,2026-09-30 16:00:00+00:00,4.54,5.51,6.63,1025.28,,,10.97,81.78
1887,13167,49.992817,20.025088,259.04,2026-09-30 16:00:00+00:00,2026-09-30 17:00:00+00:00,7.07,9.1,11.97,1025.41,,,11.85,84.03
1888,13167,49.992817,20.025088,259.04,2026-09-30 17:00:00+00:00,2026-09-30 18:00:00+00:00,9.08,12.36,17.38,1025.72,,,11.27,92.75
1889,13167,49.992817,20.025088,259.04,2026-09-30 18:00:00+00:00,2026-09-30 19:00:00+00:00,11.06,15.42,21.92,1025.97,,,9.84,97.0
1890,13167,49.992817,20.025088,259.04,2026-09-30 19:00:00+00:00,2026-09-30 20:00:00+00:00,10.77,15.01,20.86,1026.05,,,9.05,95.83
1891,13167,49.992817,20.025088,259.04,2026-09-30 20:00:00+00:00,2026-09-30 21:00:00+00:00,12.46,17.92,25.5,1026.26,,,7.84,89.26
1892,13167,49.992817,20.025088,259.04,2026-09-30 21:00:00+00:00,2026-09-30 22:00:00+00:00,12.33,17.88,24.86,1026.38,,,6.18,93.0
1893,13167,49.992817,20.025088,259.04,2026-09-30 22:00:00+00:00,2026-09-30 23:00:00+00:00,12.02,16.91,23.67,1026.37,,,4.57,96.0
1894,13167,49.992817,20.025088,259.04,2026-09-30 23:00:00+00:00,2026-10-01 00:00:00+00:00,12.67,18.36,27.35,1026.48,,,4.94,83.99
1895,13167,49.992817,20.025088,259.04,2026-10-01 00:00:00+00:00,2026-10-01 01:00:00+00:00,12.21,17.64,25.84,1026.29,,,4.32,79.38
1896,2935,50.072968,19.914829,211.32,2026-09-30 01:00:00+00:00,2026-09-30 02:00:00+00:00,8.6,12.06,14.4,1030.67,80.05,7.89,2.79,115.81
1897,2935,50.072968,19.914829,211.32,2026-09-30 02:00:00+00:00,2026-09-30 03:00:00+00:00,8.09,11.46,13.76,1030.7,82.11,7.06,2.3,116.12
1898,2935,50.072968,19.914829,211.32,2026-09-30 03:00:00+00:00,2026-09-30 04:00:00+00:00,8.4,11.76,14.28,1030.83,81.56,6.72,2.06,126.25
1899,2935,50.072968,19.914829,211.32,2026-09-30 04:00:00+00:00,2026-09-30 05:00:00+00:00,9.02,12.87,15.56,1030.99,81.81,6.2,2.1,126.91
1900,2935,50.072968,19.914829,211.32,2026-09-30 05:00:00+00:00,2026-09-30 06:00:00+00:00,10.12,14.39,17.39,1031.28,82.21,6.26,2.23,116.6
1901,2935,50.072968,19.914829,211.32,2026-09-30 06:00:00+00:00,2026-09-30 07:00:00+00:00,10.08,14.4,17.52,1031.52,77.86,8.26,4.78,61.86
1902,2935,50.072968,19.914829,211.32,2026-09-30 07:00:00+00:00,2026-09-30 08:00:00+00:00,8.13,11.61,14.05,1031.73,71.78,10.67,4.55,72.0
1903,2935,50.072968,19.914829,211.32,2026-09-30 08:00:00+00:00,2026-09-30 09:00:00+00:00,7.73,10.91,13.26,1031.78,65.77,12.85,5.24,71.82
1904,2935,50.072968,19.914829,211.32,2026-09-30 09:00:00+00:00,2026-09-30 10:00:00+00:00,6.28,8.73,10.38,1031.6,59.75,15.12,5.6,70.29
1905,2935,50.072968,19.914829,211.32,2026-09-30 10:00:00+00:00,2026-09-30 11:00:00+00:00,4.57,6.49,7.72,1031.48,54.31,17.18,6.6,76.2
1906,2935,50.072968,19.914829,211.32,2026-09-30 11:00:00+00:00,2026-09-30 12:00:00+00:00,4.39,6.07,7.25,1031.05,48.97,18.63,8.71,101.64
1907,2935,50.072968,19.914829,211.32,2026-09-30 12:00:00+00:00,2026-09-30 13:00:00+00:00,4.17,5.84,7.03,1030.53,46.39,19.94,7.65,84.0
1908,2935,50.072968,19.914829,211.32,2026-09-30 13:00:00+00:00,2026-09-30 14:00:00+00:00,3.03,4.11,4.93,1030.05,44.86,20.62,8.29,83.72
1909,2935,50.072968,19.914829,211.32,2026-09-30 14:00:00+00:00,2026-09-30 15:00:00+00:00,2.99,4.18,4.94,1029.58,44.43,20.88,9.17,81.0
1910,2935,50.072968,19.914829,211.32,2026-09-30 15:00:00+00:00,2026-09-30 16:00:00+00:00,3.68,5.14,6.17,1029.35,46.16,20.22,10.29,87.28
1911,2935,50.072968,19.914829,211.32,2026-09-30 16:00:00+00:00,2026-09-30 17:00:00+00:00,3.84,5.46,6.58,1029.29,50.41,18.68,11.73,90.77
1912,2935,50.072968,19.914829,211.32,2026-09-30 17:00:00+00:00,2026-09-30 18:00:00+00:00,4.31,6.03,7.13,1029.43,54.27,16.98,10.8,87.92
1913,2935,50.072968,19.914829,211.32,2026-09-30 18:00:00+00:00,2026-09-30 19:00:00+00:00,4.86,6.8,8.15,1029.66,58.67,15.35,9.57,88.64
1914,2935,50.072968,19.914829,211.32,2026-09-30 19:00:00+00:00,2026-09-30 20:00:00+00:00,5.33,7.46,8.89,1029.91,60.76,14.46,9.06,85.0
1915,2935,50.072968,19.914829,211.32,2026-09-30 20:00:00+00:00,2026-09-30 21:00:00+00:00,5.54,7.78,9.25,1030.15,64.76,13.14,7.71,88.53
1916,2935,50.072968,19.914829,211.32,2026-09-30 21:00:00+00:00,2026-09-30 22:00:00+00:00,5.7,7.96,9.54,1030.3,67.76,12.03,6.08,90.7
1917,2935,50.072968,19.914829,211.32,2026-09-30 22:00:00+00:00,2026-09-30 23:00:00+00:00,5.51,7.73,9.23,1030.29,69.17,11.05,5.21,88.09
1918,2935,50.072968,19.914829,211.32,2026-09-30 23:00:00+00:00,2026-10-01 00:00:00+00:00,5.66,8.01,9.67,1030.36,72.22,10.44,5.34,81.66
1919,2935,50.072968,19.914829,211.32,2026-10-01 00:00:00+00:00,2026-10-01 01:00:00+00:00,5.37,7.63,9.06,1030.25,72.54,9.78,4.98,81.45
1920,87172,49.974291,19.786425,213.67,2026-09-30 01:00:00+00:00,2026-09-30 02:00:00+00:00,,,,,,,,
1921,87172,49.974291,19.786425,213.67,2026-09-30 02:00:00+00:00,2026-09-30 03:00:00+00:00,,,,,,,,
1922,87172,49.974291,19.786425,213.67,2026-09-30 03:00:00+00:00,2026-09-30 04:00:00+00:00,,,,,,,,
1923,87172,49.974291,19.786425,213.67,2026-09-30 04:00:00+00:00,2026-09-30 05:00:00+00:00,,,,,,,,
1924,87172,49.974291,19.786425,213.67,2026-09-30 05:00:00+00:00,2026-09-30 06:00:00+00:00,,,,,,,,
1925,87172,49.974291,19.786425,213.67,2026-09-30 06:00:00+00:00,2026-09-30 07:00:00+00:00,,,,,,,,
1926,87172,49.974291,19.786425,213.67,2026-09-30 07:00:00+00:00,2026-09-30 08:00:00+00:00,,,,,,,,
1927,87172,49.974291,19.786425,213.67,2026-09-30 08:00:00+00:00,2026-09-30 09:00:00+00:00,,,,,,,,
1928,87172,49.974291,19.786425,213.67,2026-09-30 09:00:00+00:00,2026-09-30 10:00:00+00:00,,,,,,,,
1929,87172,49.974291,19.786425,213.67,2026-09-30 10:00:00+00:00,2026-09-30 11:00:00+00:00,,,,,,,,
1930,87172,49.974291,19.786425,213.67,2026-09-30 11:00:00+00:00,2026-09-30 12:00:00+00:00,,,,,,,,
1931,87172,49.974291,19.786425,213.67,2026-09-30 12:00:00+00:00,2026-09-30 13:00:00+00:00,,,,,,,,
1932,87172,49.974291,19.786425,213.67,2026-09-30 13:00:00+00:00,2026-09-30 14:00:00+00:00,,,,,,,,
1933,87172,49.974291,19.786425,213.67,2026-09-30 14:00:00+00:00,2026-09-30 15:00:00+00:00,,,,,,,,
1934,87172,49.974291,19.786425,213.67,2026-09-30 15:00:00+00:00,2026-09-30 16:00:00+00:00,,,,,,,,
1935,87172,49.974291,19.786425,213.67,2026-09-30 16:00:00+00:00,2026-09-30 17:00:00+00:00,,,,,,,,
1936,87172,49.974291,19.786425,213.67,2026-09-30 17:00:00+00:00,2026-09-30 18:00:00+00:00,,,,,,,,
1937,87172,49.974291,19.786425,213.67,2026-09-30 18:00:00+00:00,2026-09-30 19:00:00+00:00,,,,,,,,
1938,87172,49.974291,19.786425,213.67,2026-09-30 19:00:00+00:00,2026-09-30 20:00:00+00:00,,,,,,,,
1939,87172,49.974291,19.786425,213.67,2026-09-30 20:00:00+00:00,2026-09-30 21:00:00+00:00,,,,,,,,
1940,87172,49.974291,19.786425,213.67,2026-09-30 21:00:00+00:00,2026-09-30 22:00:00+00:00,,,,,,,,
1941,87172,49.974291,19.786425,213.67,2026-09-30 22:00:00+00:00,2026-09-30 23:00:00+00:00,,,,,,,,
1942,87172,49.974291,19.786425,213.67,2026-09-30 23:00:00+00:00,2026-10-01 00:00:00+00:00,,,,,,,,
1943,87172,49.974291,19.786425,213.67,2026-10-01 00:00:00+00:00,2026-10-01 01:00:00+00:00,,,,,,,,
1944,7634,50.108332,19.924004,229.1,2026-09-30 01:00:00+00:00,2026-09-30 02:00:00+00:00,4.35,6.33,7.39,1029.81,93.31,11.12,2.79,115.81
1945,7634,50.108332,19.924004,229.1,2026-09-30 02:00:00+00:00,2026-09-30 03:00:00+00:00,4.73,7.02,8.13,1029.82,95.25,10.33,2.3,116.12
1946,7634,50.108332,19.924004,229.1,2026-09-30 03:00:00+00:00,2026-09-30 04:00:00+00:00,4.98,7.37,8.71,1029.94,94.94,10.05,2.06,126.25
1947,7634,50.108332,19.924004,229.1,2026-09-30 04:00:00+00:00,2026-09-30 05:00:00+00:00,4.25,6.32,7.38,1030.11,95.56,9.66,2.1,126.91
1948,7634,50.108332,19.924004,229.1,2026-09-30 05:00:00+00:00,2026-09-30 06:00:00+00:00,12.38,19.98,26.58,1030.42,95.88,9.64,2.23,116.6
1949,7634,50.108332,19.924004,229.1,2026-09-30 06:00:00+00:00,2026-09-30 07:00:00+00:00,6.93,10.53,12.65,1030.68,91.31,11.51,4.78,61.86
1950,7634,50.108332,19.924004,229.1,2026-09-30 07:00:00+00:00,2026-09-30 08:00:00+00:00,5.39,8.14,9.68,1030.92,86.06,13.2,4.55,72.0
1951,7634,50.108332,19.924004,229.1,2026-09-30 08:00:00+00:00,2026-09-30 09:00:00+00:00,3.98,5.96,7.05,1030.99,80.75,15.05,5.24,71.82
1952,7634,50.108332,19.924004,229.1,2026-09-30 09:00:00+00:00,2026-09-30 10:00:00+00:00,3.47,5.0,5.82,1030.85,74.81,16.85,5.6,70.29
1953,7634,50.108332,19.924004,229.1,2026-09-30 10:00:00+00:00,2026-09-30 11:00:00+00:00,2.91,4.43,5.21,1030.77,69.56,18.64,6.6,76.2
1954,7634,50.108332,19.924004,229.1,2026-09-30 11:00:00+00:00,2026-09-30 12:00:00+00:00,2.26,3.52,4.16,1030.36,64.56,20.02,8.71,101.64
1955,7634,50.108332,19.924004,229.1,2026-09-30 12:00:00+00:00,2026-09-30 13:00:00+00:00,1.72,2.68,3.21,1029.87,62.38,21.23,7.65,84.0
1956,7634,50.108332,19.924004,229.1,2026-09-30 13:00:00+00:00,2026-09-30 14:00:00+00:00,1.53,2.47,2.96,1029.39,61.0,21.82,8.29,83.72
1957,7634,50.108332,19.924004,229.1,2026-09-30 14:00:00+00:00,2026-09-30 15:00:00+00:00,1.63,2.53,2.97,1028.91,61.0,22.08,9.17,81.0
1958,7634,50.108332,19.924004,229.1,2026-09-30 15:00:00+00:00,2026-09-30 16:00:00+00:00,1.51,2.45,2.99,1028.71,62.88,21.46,10.29,87.28
1959,7634,50.108332,19.924004,229.1,2026-09-30 16:00:00+00:00,2026-09-30 17:00:00+00:00,1.69,2.76,3.29,1028.67,67.06,20.11,11.73,90.77
1960,7634,50.108332,19.924004,229.1,2026-09-30 17:00:00+00:00,2026-09-30 18:00:00+00:00,2.95,4.9,6.17,1028.81,71.44,18.77,10.8,87.92
1961,7634,50.108332,19.924004,229.1,2026-09-30 18:00:00+00:00,2026-09-30 19:00:00+00:00,2.12,3.32,4.06,1028.99,76.06,17.45,9.57,88.64
1962,7634,50.108332,19.924004,229.1,2026-09-30 19:00:00+00:00,2026-09-30 20:00:00+00:00,2.75,4.6,5.93,1029.19,78.25,16.72,9.06,85.0
1963,7634,50.108332,19.924004,229.1,2026-09-30 20:00:00+00:00,2026-09-30 21:00:00+00:00,3.03,4.93,6.16,1029.43,82.19,15.48,7.71,88.53
1964,7634,50.108332,19.924004,229.1,2026-09-30 21:00:00+00:00,2026-09-30 22:00:00+00:00,3.0,4.63,5.61,1029.55,85.19,14.4,6.08,90.7
1965,7634,50.108332,19.924004,229.1,2026-09-30 22:00:00+00:00,2026-09-30 23:00:00+00:00,3.03,4.58,5.61,1029.51,86.88,13.58,5.21,88.09
1966,7634,50.108332,19.924004,229.1,2026-09-30 23:00:00+00:00,2026-10-01 00:00:00+00:00,3.1,4.78,5.63,1029.59,89.5,12.85,5.34,81.66
1967,7634,50.108332,19.924004,229.1,2026-10-01 00:00:00+00:00,2026-10-01 01:00:00+00:00,3.06,4.82,5.82,1029.48,90.25,12.42,4.98,81.45
1968,86915,50.065128,19.867504,225.86,2026-09-30 01:00:00+00:00,2026-09-30 02:00:00+00:00,13.36,19.55,24.45,1026.85,78.59,8.15,2.79,115.81
1969,86915,50.065128,19.867504,225.86,2026-09-30 02:00:00+00:00,2026-09-30 03:00:00+00:00,13.25,19.4,24.13,1026.84,81.54,7.31,2.3,116.12
1970,86915,50.065128,19.867504,225.86,2026-09-30 03:00:00+00:00,2026-09-30 04:00:00+00:00,12.59,18.48,22.36,1026.96,70.54,7.05,2.06,126.25
1971,86915,50.065128,19.867504,225.86,2026-09-30 04:00:00+00:00,2026-09-30 05:00:00+00:00,13.22,19.43,24.1,1027.12,70.91,6.6,2.1,126.91
1972,86915,50.065128,19.867504,225.86,2026-09-30 05:00:00+00:00,2026-09-30 06:00:00+00:00,13.59,19.97,25.43,1027.44,71.23,6.67,2.23,116.6
1973,86915,50.065128,19.867504,225.86,2026-09-30 06:00:00+00:00,2026-09-30 07:00:00+00:00,13.69,20.34,25.85,1027.68,66.66,8.53,4.78,61.86
1974,86915,50.065128,19.867504,225.86,2026-09-30 07:00:00+00:00,2026-09-30 08:00:00+00:00,13.28,19.55,24.47,1027.9,71.81,10.89,4.55,72.0
1975,86915,50.065128,19.867504,225.86,2026-09-30 08:00:00+00:00,2026-09-30 09:00:00+00:00,11.45,16.33,19.21,1027.96,74.41,13.24,5.24,71.82
1976,86915,50.065128,19.867504,225.86,2026-09-30 09:00:00+00:00,2026-09-30 10:00:00+00:00,9.24,12.77,14.93,1027.8,50.21,15.54,5.6,70.29
1977,86915,50.065128,19.867504,225.86,2026-09-30 10:00:00+00:00,2026-09-30 11:00:00+00:00,7.1,9.65,11.2,1027.72,44.87,17.5,6.6,76.2
1978,86915,50.065128,19.867504,225.86,2026-09-30 11:00:00+00:00,2026-09-30 12:00:00+00:00,6.51,8.86,10.32,1027.29,39.86,18.89,8.71,101.64
1979,86915,50.065128,19.867504,225.86,2026-09-30 12:00:00+00:00,2026-09-30 13:00:00+00:00,6.5,8.77,10.21,1026.79,50.23,20.1,7.65,84.0
1980,86915,50.065128,19.867504,225.86,2026-09-30 13:00:00+00:00,2026-09-30 14:00:00+00:00,5.67,7.6,8.77,1026.28,61.0,20.71,8.29,83.72
1981,86915,50.065128,19.867504,225.86,2026-09-30 14:00:00+00:00,2026-09-30 15:00:00+00:00,4.42,5.8,6.71,1025.79,61.0,20.88,9.17,81.0
1982,86915,50.065128,19.867504,225.86,2026-09-30 15:00:00+00:00,2026-09-30 16:00:00+00:00,5.55,7.45,8.58,1025.58,62.88,20.17,10.29,87.28
1983,86915,50.065128,19.867504,225.86,2026-09-30 16:00:00+00:00,2026-09-30 17:00:00+00:00,6.36,8.59,9.95,1025.57,60.74,18.42,11.73,90.77
1984,86915,50.065128,19.867504,225.86,2026-09-30 17:00:00+00:00,2026-09-30 18:00:00+00:00,6.5,8.82,10.29,1025.75,46.72,16.74,10.8,87.92
1985,86915,50.065128,19.867504,225.86,2026-09-30 18:00:00+00:00,2026-09-30 19:00:00+00:00,7.52,10.21,11.85,1025.97,51.36,15.3,9.57,88.64
1986,86915,50.065128,19.867504,225.86,2026-09-30 19:00:00+00:00,2026-09-30 20:00:00+00:00,8.62,11.83,13.85,1026.22,57.72,14.24,9.06,85.0
1987,86915,50.065128,19.867504,225.86,2026-09-30 20:00:00+00:00,2026-09-30 21:00:00+00:00,9.26,12.7,14.99,1026.51,82.19,12.84,7.71,88.53
1988,86915,50.065128,19.867504,225.86,2026-09-30 21:00:00+00:00,2026-09-30 22:00:00+00:00,9.52,13.16,15.46,1026.64,75.48,11.61,6.08,90.7
1989,86915,50.065128,19.867504,225.86,2026-09-30 22:00:00+00:00,2026-09-30 23:00:00+00:00,9.75,13.61,15.98,1026.64,62.18,10.72,5.21,88.09
1990,86915,50.065128,19.867504,225.86,2026-09-30 23:00:00+00:00,2026-10-01 00:00:00+00:00,9.71,13.55,15.86,1026.74,64.8,9.88,5.34,81.66
1991,86915,50.065128,19.867504,225.86,2026-10-01 00:00:00+00:00,2026-10-01 01:00:00+00:00,10.01,14.13,16.65,1026.63,75.49,9.35,4.98,81.45
1992,7844,50.05426,19.826462,291.38,2026-09-30 01:00:00+00:00,2026-09-30 02:00:00+00:00,0.04,0.16,0.18,1026.85,80.79,8.05,4.74,78.17
1993,7844,50.05426,19.826462,291.38,2026-09-30 02:00:00+00:00,2026-09-30 03:00:00+00:00,0.02,0.05,0.05,1026.9,70.83,6.56,3.04,104.0
1994,7844,50.05426,19.826462,291.38,2026-09-30 03:00:00+00:00,2026-09-30 04:00:00+00:00,0.17,0.4,0.44,1026.95,69.31,7.07,4.53,62.0
1995,7844,50.05426,19.826462,291.38,2026-09-30 04:00:00+00:00,2026-09-30 05:00:00+00:00,0.08,0.19,0.21,1027.11,69.3,6.91,4.65,64.28
1996,7844,50.05426,19.826462,291.38,2026-09-30 05:00:00+00:00,2026-09-30 06:00:00+00:00,0.18,0.45,0.5,1027.43,69.03,6.79,4.9,67.91
1997,7844,50.05426,19.826462,291.38,2026-09-30 06:00:00+00:00,2026-09-30 07:00:00+00:00,0.01,0.13,0.14,1027.69,65.23,8.14,5.26,67.85
1998,7844,50.05426,19.826462,291.38,2026-09-30 07:00:00+00:00,2026-09-30 08:00:00+00:00,0.1,0.19,0.27,1027.99,68.58,10.29,5.1,76.61
1999,7844,50.05426,19.826462,291.38,2026-09-30 08:00:00+00:00,2026-09-30 09:00:00+00:00,0.09,0.42,0.49,1028.01,61.46,13.21,6.33,82.78
2000,7844,50.05426,19.826462,291.38,2026-09-30 09:00:00+00:00,2026-09-30 10:00:00+00:00,0.08,0.33,0.44,1027.81,58.14,16.57,7.47,90.46
2001,7844,50.05426,19.826462,291.38,2026-09-30 10:00:00+00:00,2026-09-30 11:00:00+00:00,0.09,0.36,0.42,1027.66,43.06,17.79,8.41,96.11
2002,7844,50.05426,19.826462,291.38,2026-09-30 11:00:00+00:00,2026-09-30 12:00:00+00:00,0.21,0.64,0.8,1027.24,38.56,19.31,9.42,101.56
2003,7844,50.05426,19.826462,291.38,2026-09-30 12:00:00+00:00,2026-09-30 13:00:00+00:00,0.07,0.2,0.26,1026.58,42.16,23.02,9.67,103.0
2004,7844,50.05426,19.826462,291.38,2026-09-30 13:00:00+00:00,2026-09-30 14:00:00+00:00,0.01,0.12,0.13,1026.21,43.55,24.04,9.59,108.0
2005,7844,50.05426,19.826462,291.38,2026-09-30 14:00:00+00:00,2026-09-30 15:00:00+00:00,0.12,0.27,0.32,1025.64,37.66,24.32,9.19,77.01
2006,7844,50.05426,19.826462,291.38,2026-09-30 15:00:00+00:00,2026-09-30 16:00:00+00:00,0.14,0.33,0.36,1025.38,39.74,20.83,9.45,89.43
2007,7844,50.05426,19.826462,291.38,2026-09-30 16:00:00+00:00,2026-09-30 17:00:00+00:00,0.06,0.2,0.24,1025.4,59.29,17.77,11.31,87.84
2008,7844,50.05426,19.826462,291.38,2026-09-30 17:00:00+00:00,2026-09-30 18:00:00+00:00,0.02,0.05,0.15,1025.54,62.63,15.97,11.81,85.08
2009,7844,50.05426,19.826462,291.38,2026-09-30 18:00:00+00:00,2026-09-30 19:00:00+00:00,0.08,0.18,0.2,1025.76,53.8,13.7,11.03,80.59
2010,7844,50.05426,19.826462,291.38,2026-09-30 19:00:00+00:00,2026-09-30 20:00:00+00:00,0.14,0.37,0.46,1026.04,59.97,13.08,10.96,80.0
2011,7844,50.05426,19.826462,291.38,2026-09-30 20:00:00+00:00,2026-09-30 21:00:00+00:00,0.06,0.26,0.33,1026.24,70.66,12.4,9.65,73.0
2012,7844,50.05426,19.826462,291.38,2026-09-30 21:00:00+00:00,2026-09-30 22:00:00+00:00,0.11,0.35,0.5,1026.37,58.22,11.58,8.97,74.46
2013,7844,50.05426,19.826462,291.38,2026-09-30 22:00:00+00:00,2026-09-30 23:00:00+00:00,0.09,0.25,0.27,1026.4,80.5,10.78,8.44,70.08
2014,7844,50.05426,19.826462,291.38,2026-09-30 23:00:00+00:00,2026-10-01 00:00:00+00:00,0.17,0.41,0.45,1026.49,84.13,9.97,7.98,67.0
2015,7844,50.05426,19.826462,291.38,2026-10-01 00:00:00+00:00,2026-10-01 01:00:00+00:00,0.07,0.16,0.18,1026.44,87.03,9.74,7.89,66.01
2016,8126,50.185143,19.947767,359.71,2026-09-30 01:00:00+00:00,2026-09-30 02:00:00+00:00,12.05,20.44,27.44,1026.87,93.44,8.07,5.33,81.78
2017,8126,50.185143,19.947767,359.71,2026-09-30 02:00:00+00:00,2026-09-30 03:00:00+00:00,12.24,20.74,28.04,1026.88,94.0,7.83,4.38,65.0
2018,8126,50.185143,19.947767,359.71,2026-09-30 03:00:00+00:00,2026-09-30 04:00:00+00:00,12.35,20.79,28.23,1026.97,94.0,7.19,4.51,61.65
2019,8126,50.185143,19.947767,359.71,2026-09-30 04:00:00+00:00,2026-09-30 05:00:00+00:00,12.49,21.01,28.45,1027.11,94.0,6.75,4.53,70.01
2020,8126,50.185143,19.947767,359.71,2026-09-30 05:00:00+00:00,2026-09-30 06:00:00+00:00,11.72,19.27,24.81,1027.09,93.44,8.55,4.68,71.49
2021,8126,50.185143,19.947767,359.71,2026-09-30 06:00:00+00:00,2026-09-30 07:00:00+00:00,10.91,17.52,21.69,1027.22,89.88,11.61,4.46,78.36
2022,8126,50.185143,19.947767,359.71,2026-09-30 07:00:00+00:00,2026-09-30 08:00:00+00:00,10.07,15.88,19.26,1027.48,84.75,13.81,5.38,86.1
2023,8126,50.185143,19.947767,359.71,2026-09-30 08:00:00+00:00,2026-09-30 09:00:00+00:00,9.52,15.52,18.84,1027.78,78.25,15.0,6.93,94.46
2024,8126,50.185143,19.947767,359.71,2026-09-30 09:00:00+00:00,2026-09-30 10:00:00+00:00,7.42,12.01,14.34,1027.84,73.38,16.7,7.66,101.16
2025,8126,50.185143,19.947767,359.71,2026-09-30 10:00:00+00:00,2026-09-30 11:00:00+00:00,7.47,12.22,14.73,1028.05,69.25,17.37,7.91,100.96
2026,8126,50.185143,19.947767,359.71,2026-09-30 11:00:00+00:00,2026-09-30 12:00:00+00:00,6.13,9.69,11.65,1027.76,65.12,18.05,8.69,105.46
2027,8126,50.185143,19.947767,359.71,2026-09-30 12:00:00+00:00,2026-09-30 13:00:00+00:00,6.39,10.23,12.28,1027.33,61.68,19.0,10.32,117.31
2028,8126,50.185143,19.947767,359.71,2026-09-30 13:00:00+00:00,2026-09-30 14:00:00+00:00,4.94,7.85,9.48,1026.81,59.88,19.51,11.42,123.0
2029,8126,50.185143,19.947767,359.71,2026-09-30 14:00:00+00:00,2026-09-30 15:00:00+00:00,4.12,6.7,8.0,1026.45,60.73,19.3,11.02,117.21
2030,8126,50.185143,19.947767,359.71,2026-09-30 15:00:00+00:00,2026-09-30 16:00:00+00:00,5.04,8.09,9.89,1026.31,64.05,18.45,10.91,106.83
2031,8126,50.185143,19.947767,359.71,2026-09-30 16:00:00+00:00,2026-09-30 17:00:00+00:00,5.78,9.52,11.71,1026.33,67.15,17.22,11.72,91.13
2032,8126,50.185143,19.947767,359.71,2026-09-30 17:00:00+00:00,2026-09-30 18:00:00+00:00,7.31,12.09,14.85,1026.57,71.6,15.13,12.23,90.76
2033,8126,50.185143,19.947767,359.71,2026-09-30 18:00:00+00:00,2026-09-30 19:00:00+00:00,7.93,13.3,16.41,1026.82,75.8,13.54,12.12,89.01
2034,8126,50.185143,19.947767,359.71,2026-09-30 19:00:00+00:00,2026-09-30 20:00:00+00:00,8.06,13.81,16.86,1027.0,78.0,12.85,11.41,84.92
2035,8126,50.185143,19.947767,359.71,2026-09-30 20:00:00+00:00,2026-09-30 21:00:00+00:00,8.94,15.53,19.06,1027.13,80.69,12.03,9.83,77.76
2036,8126,50.185143,19.947767,359.71,2026-09-30 21:00:00+00:00,2026-09-30 22:00:00+00:00,9.68,16.69,20.78,1026.86,82.5,11.54,8.49,71.85
2037,8126,50.185143,19.947767,359.71,2026-09-30 22:00:00+00:00,2026-09-30 23:00:00+00:00,9.57,16.48,20.77,1026.8,83.5,11.11,7.84,67.0
2038,8126,50.185143,19.947767,359.71,2026-09-30 23:00:00+00:00,2026-10-01 00:00:00+00:00,9.31,16.41,20.42,1026.8,85.38,10.34,7.6,72.84
2039,8126,50.185143,19.947767,359.71,2026-10-01 00:00:00+00:00,2026-10-01 01:00:00+00:00,9.03,15.84,19.66,1026.63,87.63,9.52,7.17,78.04
2040,7384,49.961289,20.075127,391.64,2026-09-30 01:00:00+00:00,2026-09-30 02:00:00+00:00,6.37,9.79,11.48,1028.24,90.92,7.56,2.15,153.34
2041,7384,49.961289,20.075127,391.64,2026-09-30 02:00:00+00:00,2026-09-30 03:00:00+00:00,6.48,9.99,11.69,1028.26,92.41,7.01,2.06,172.61
2042,7384,49.961289,20.075127,391.64,2026-09-30 03:00:00+00:00,2026-09-30 04:00:00+00:00,9.49,15.21,18.03,1028.43,83.46,6.63,1.72,174.4
2043,7384,49.961289,20.075127,391.64,2026-09-30 04:00:00+00:00,2026-09-30 05:00:00+00:00,6.27,10.04,11.6,1028.51,86.9,6.24,1.45,171.63
2044,7384,49.961289,20.075127,391.64,2026-09-30 05:00:00+00:00,2026-09-30 06:00:00+00:00,5.63,8.55,9.92,1028.72,95.81,8.13,1.43,147.86
2045,7384,49.961289,20.075127,391.64,2026-09-30 06:00:00+00:00,2026-09-30 07:00:00+00:00,5.74,8.33,9.85,1028.86,92.88,11.13,1.64,123.32
2046,7384,49.961289,20.075127,391.64,2026-09-30 07:00:00+00:00,2026-09-30 08:00:00+00:00,6.31,9.02,10.43,1029.11,86.04,14.0,2.17,86.65
2047,7384,49.961289,20.075127,391.64,2026-09-30 08:00:00+00:00,2026-09-30 09:00:00+00:00,6.31,9.23,10.68,1029.26,68.34,16.67,3.57,73.68
2048,7384,49.961289,20.075127,391.64,2026-09-30 09:00:00+00:00,2026-09-30 10:00:00+00:00,7.88,11.8,13.74,1029.29,55.15,17.83,4.73,73.37
2049,7384,49.961289,20.075127,391.64,2026-09-30 10:00:00+00:00,2026-09-30 11:00:00+00:00,9.03,14.02,16.26,1029.31,70.38,17.41,5.46,79.37
2050,7384,49.961289,20.075127,391.64,2026-09-30 11:00:00+00:00,2026-09-30 12:00:00+00:00,6.1,9.22,10.72,1028.97,66.63,18.84,6.18,91.41
2051,7384,49.961289,20.075127,391.64,2026-09-30 12:00:00+00:00,2026-09-30 13:00:00+00:00,4.6,6.82,7.94,1028.56,62.69,20.13,7.28,103.58
2052,7384,49.961289,20.075127,391.64,2026-09-30 13:00:00+00:00,2026-09-30 14:00:00+00:00,4.8,6.99,8.12,1028.14,61.0,20.54,8.42,105.0
2053,7384,49.961289,20.075127,391.64,2026-09-30 14:00:00+00:00,2026-09-30 15:00:00+00:00,5.51,8.19,9.48,1027.82,60.76,20.48,10.2,96.62
2054,7384,49.961289,20.075127,391.64,2026-09-30 15:00:00+00:00,2026-09-30 16:00:00+00:00,5.53,8.31,9.68,1027.69,63.22,19.43,11.36,90.41
2055,7384,49.961289,20.075127,391.64,2026-09-30 16:00:00+00:00,2026-09-30 17:00:00+00:00,5.6,8.85,10.4,1027.64,68.21,17.35,11.98,90.47
2056,7384,49.961289,20.075127,391.64,2026-09-30 17:00:00+00:00,2026-09-30 18:00:00+00:00,6.24,9.8,11.5,1027.7,72.48,15.6,10.96,96.84
2057,7384,49.961289,20.075127,391.64,2026-09-30 18:00:00+00:00,2026-09-30 19:00:00+00:00,6.66,10.49,12.27,1027.84,75.63,14.26,9.77,99.06
2058,7384,49.961289,20.075127,391.64,2026-09-30 19:00:00+00:00,2026-09-30 20:00:00+00:00,7.36,11.43,13.4,1027.87,78.44,13.17,8.79,99.94
2059,7384,49.961289,20.075127,391.64,2026-09-30 20:00:00+00:00,2026-09-30 21:00:00+00:00,7.39,11.8,13.82,1028.0,81.81,11.84,7.35,106.1
2060,7384,49.961289,20.075127,391.64,2026-09-30 21:00:00+00:00,2026-09-30 22:00:00+00:00,7.51,11.98,14.01,1028.07,83.88,11.22,6.35,101.81
2061,7384,49.961289,20.075127,391.64,2026-09-30 22:00:00+00:00,2026-09-30 23:00:00+00:00,6.95,11.02,13.03,1028.06,86.13,10.6,4.98,92.3
2062,7384,49.961289,20.075127,391.64,2026-09-30 23:00:00+00:00,2026-10-01 00:00:00+00:00,7.8,12.38,14.48,1028.11,88.25,9.94,4.59,82.07
2063,7384,49.961289,20.075127,391.64,2026-10-01 00:00:00+00:00,2026-10-01 01:00:00+00:00,7.4,11.63,13.59,1027.9,89.88,9.45,4.19,76.1
2064,7383,50.013498,20.093184,214.51,2026-09-30 01:00:00+00:00,2026-09-30 02:00:00+00:00,12.9,20.2,26.44,1026.97,77.2,7.04,2.21,152.98
2065,7383,50.013498,20.093184,214.51,2026-09-30 02:00:00+00:00,2026-09-30 03:00:00+00:00,12.55,19.62,25.66,1027.02,83.5,6.39,2.03,170.6
2066,7383,50.013498,20.093184,214.51,2026-09-30 03:00:00+00:00,2026-09-30 04:00:00+00:00,14.59,23.51,31.53,1027.23,79.05,5.91,1.72,174.4
2067,7383,50.013498,20.093184,214.51,2026-09-30 04:00:00+00:00,2026-09-30 05:00:00+00:00,13.57,22.29,30.05,1027.35,91.17,5.55,1.45,171.63
2068,7383,50.013498,20.093184,214.51,2026-09-30 05:00:00+00:00,2026-09-30 06:00:00+00:00,13.62,21.9,29.48,1027.62,79.71,5.78,1.43,147.86
2069,7383,50.013498,20.093184,214.51,2026-09-30 06:00:00+00:00,2026-09-30 07:00:00+00:00,12.89,20.59,27.48,1027.87,68.68,7.12,1.62,124.23
2070,7383,50.013498,20.093184,214.51,2026-09-30 07:00:00+00:00,2026-09-30 08:00:00+00:00,12.64,19.59,25.6,1028.07,65.92,9.36,2.07,90.26
2071,7383,50.013498,20.093184,214.51,2026-09-30 08:00:00+00:00,2026-09-30 09:00:00+00:00,11.21,17.11,20.96,1028.05,65.69,12.32,3.46,73.6
2072,7383,50.013498,20.093184,214.51,2026-09-30 09:00:00+00:00,2026-09-30 10:00:00+00:00,8.9,13.29,15.3,1027.94,58.09,15.0,4.64,73.45
2073,7383,50.013498,20.093184,214.51,2026-09-30 10:00:00+00:00,2026-09-30 11:00:00+00:00,8.07,11.75,13.62,1027.87,60.08,16.78,5.39,78.16
2074,7383,50.013498,20.093184,214.51,2026-09-30 11:00:00+00:00,2026-09-30 12:00:00+00:00,8.47,12.37,14.69,1027.3,46.02,18.79,6.18,91.41
2075,7383,50.013498,20.093184,214.51,2026-09-30 12:00:00+00:00,2026-09-30 13:00:00+00:00,5.71,7.94,9.19,1026.82,43.25,20.2,7.15,103.39
2076,7383,50.013498,20.093184,214.51,2026-09-30 13:00:00+00:00,2026-09-30 14:00:00+00:00,5.11,7.1,8.19,1026.32,36.27,20.91,8.42,105.0
2077,7383,50.013498,20.093184,214.51,2026-09-30 14:00:00+00:00,2026-09-30 15:00:00+00:00,5.81,8.14,9.27,1025.88,36.89,20.99,10.03,97.25
2078,7383,50.013498,20.093184,214.51,2026-09-30 15:00:00+00:00,2026-09-30 16:00:00+00:00,5.88,8.3,9.58,1025.72,39.64,19.99,11.36,90.41
2079,7383,50.013498,20.093184,214.51,2026-09-30 16:00:00+00:00,2026-09-30 17:00:00+00:00,10.68,15.8,19.43,1025.72,58.33,17.91,11.99,89.97
2080,7383,50.013498,20.093184,214.51,2026-09-30 17:00:00+00:00,2026-09-30 18:00:00+00:00,9.63,14.27,16.88,1025.87,56.92,15.82,11.09,96.25
2081,7383,50.013498,20.093184,214.51,2026-09-30 18:00:00+00:00,2026-09-30 19:00:00+00:00,10.58,15.8,18.83,1026.27,61.06,13.99,9.77,99.06
2082,7383,50.013498,20.093184,214.51,2026-09-30 19:00:00+00:00,2026-09-30 20:00:00+00:00,10.68,16.06,19.17,1026.23,66.75,13.11,8.93,99.27
2083,7383,50.013498,20.093184,214.51,2026-09-30 20:00:00+00:00,2026-09-30 21:00:00+00:00,11.3,16.83,20.65,1026.44,81.63,11.75,7.43,106.41
2084,7383,50.013498,20.093184,214.51,2026-09-30 21:00:00+00:00,2026-09-30 22:00:00+00:00,11.08,16.64,20.23,1026.56,83.22,11.06,6.35,101.81
2085,7383,50.013498,20.093184,214.51,2026-09-30 22:00:00+00:00,2026-09-30 23:00:00+00:00,11.65,17.59,21.95,1026.62,82.54,10.2,4.98,92.3
2086,7383,50.013498,20.093184,214.51,2026-09-30 23:00:00+00:00,2026-10-01 00:00:00+00:00,11.82,17.88,22.42,1026.73,87.23,9.59,4.59,82.07
2087,7383,50.013498,20.093184,214.51,2026-10-01 00:00:00+00:00,2026-10-01 01:00:00+00:00,10.79,16.49,19.9,1026.56,86.83,9.14,4.24,76.56
2088,86905,50.108024,19.896124,227.17,2026-09-30 01:00:00+00:00,2026-09-30 02:00:00+00:00,11.6,17.1,20.23,1025.85,68.63,7.98,2.79,115.81
2089,86905,50.108024,19.896124,227.17,2026-09-30 02:00:00+00:00,2026-09-30 03:00:00+00:00,10.65,15.32,18.11,1025.89,70.57,7.1,2.3,116.12
2090,86905,50.108024,19.896124,227.17,2026-09-30 03:00:00+00:00,2026-09-30 04:00:00+00:00,10.64,15.53,18.57,1025.99,70.32,6.67,2.06,126.34
2091,86905,50.108024,19.896124,227.17,2026-09-30 04:00:00+00:00,2026-09-30 05:00:00+00:00,10.21,14.72,17.4,1026.29,70.94,6.06,2.11,126.83
2092,86905,50.108024,19.896124,227.17,2026-09-30 05:00:00+00:00,2026-09-30 06:00:00+00:00,11.03,16.28,19.44,1026.55,71.19,6.08,2.23,116.6
2093,86905,50.108024,19.896124,227.17,2026-09-30 06:00:00+00:00,2026-09-30 07:00:00+00:00,12.84,19.34,23.41,1026.72,66.21,8.63,4.75,62.72
2094,86905,50.108024,19.896124,227.17,2026-09-30 07:00:00+00:00,2026-09-30 08:00:00+00:00,11.9,17.54,20.85,1026.89,61.41,11.08,4.55,72.0
2095,86905,50.108024,19.896124,227.17,2026-09-30 08:00:00+00:00,2026-09-30 09:00:00+00:00,9.91,14.24,16.68,1026.93,56.09,13.45,5.24,71.82
2096,86905,50.108024,19.896124,227.17,2026-09-30 09:00:00+00:00,2026-09-30 10:00:00+00:00,7.93,11.05,12.96,1026.88,50.13,15.46,5.6,70.29
2097,86905,50.108024,19.896124,227.17,2026-09-30 10:00:00+00:00,2026-09-30 11:00:00+00:00,7.1,9.91,11.51,1026.8,44.87,17.53,6.6,76.2
2098,86905,50.108024,19.896124,227.17,2026-09-30 11:00:00+00:00,2026-09-30 12:00:00+00:00,7.09,9.82,11.38,1026.34,39.86,18.96,8.71,101.64
2099,86905,50.108024,19.896124,227.17,2026-09-30 12:00:00+00:00,2026-09-30 13:00:00+00:00,6.47,8.91,10.32,1025.84,37.66,20.21,7.65,84.0
2100,86905,50.108024,19.896124,227.17,2026-09-30 13:00:00+00:00,2026-09-30 14:00:00+00:00,5.16,7.07,8.27,1025.31,55.04,20.9,8.29,83.72
2101,86905,50.108024,19.896124,227.17,2026-09-30 14:00:00+00:00,2026-09-30 15:00:00+00:00,4.13,5.56,6.41,1024.84,45.48,21.09,9.17,81.0
2102,86905,50.108024,19.896124,227.17,2026-09-30 15:00:00+00:00,2026-09-30 16:00:00+00:00,5.63,7.85,9.19,1024.64,63.25,20.12,10.52,88.38
2103,86905,50.108024,19.896124,227.17,2026-09-30 16:00:00+00:00,2026-09-30 17:00:00+00:00,7.67,10.66,12.48,1024.65,60.39,18.35,11.68,90.1
2104,86905,50.108024,19.896124,227.17,2026-09-30 17:00:00+00:00,2026-09-30 18:00:00+00:00,7.87,10.92,12.83,1024.87,47.16,16.57,10.67,88.33
2105,86905,50.108024,19.896124,227.17,2026-09-30 18:00:00+00:00,2026-09-30 19:00:00+00:00,8.64,12.2,14.18,1025.12,51.67,14.99,9.5,88.14
2106,86905,50.108024,19.896124,227.17,2026-09-30 19:00:00+00:00,2026-09-30 20:00:00+00:00,8.95,12.77,14.92,1025.37,53.55,14.26,9.06,85.0
2107,86905,50.108024,19.896124,227.17,2026-09-30 20:00:00+00:00,2026-09-30 21:00:00+00:00,8.63,12.29,14.43,1025.62,57.5,12.97,7.71,88.53
2108,86905,50.108024,19.896124,227.17,2026-09-30 21:00:00+00:00,2026-09-30 22:00:00+00:00,8.86,12.61,14.89,1025.75,60.5,11.88,6.08,90.7
2109,86905,50.108024,19.896124,227.17,2026-09-30 22:00:00+00:00,2026-09-30 23:00:00+00:00,8.76,12.53,14.73,1025.75,62.18,10.84,5.21,88.09
2110,86905,50.108024,19.896124,227.17,2026-09-30 23:00:00+00:00,2026-10-01 00:00:00+00:00,8.67,12.79,15.08,1025.84,64.81,9.92,5.34,81.66
2111,86905,50.108024,19.896124,227.17,2026-10-01 00:00:00+00:00,2026-10-01 01:00:00+00:00,8.87,12.89,15.11,1025.77,65.55,9.34,4.98,81.45
2112,86896,50.085346,20.007551,222.43,2026-09-30 01:00:00+00:00,2026-09-30 02:00:00+00:00,12.01,18.92,23.49,1027.2,68.66,8.54,2.3,129.86
2113,86896,50.085346,20.007551,222.43,2026-09-30 02:00:00+00:00,2026-09-30 03:00:00+00:00,12.33,19.25,23.78,1027.27,69.35,7.97,1.73,106.78
2114,86896,50.085346,20.007551,222.43,2026-09-30 03:00:00+00:00,2026-09-30 04:00:00+00:00,12.93,20.36,26.11,1027.45,69.53,7.63,4.04,56.49
2115,86896,50.085346,20.007551,222.43,2026-09-30 04:00:00+00:00,2026-09-30 05:00:00+00:00,13.41,21.36,27.98,1027.64,70.47,7.01,3.3,63.92
2116,86896,50.085346,20.007551,222.43,2026-09-30 05:00:00+00:00,2026-09-30 06:00:00+00:00,13.64,21.62,28.35,1027.95,86.63,6.79,2.26,122.64
2117,86896,50.085346,20.007551,222.43,2026-09-30 06:00:00+00:00,2026-09-30 07:00:00+00:00,13.0,20.42,26.53,1028.17,78.76,8.38,2.63,104.89
2118,86896,50.085346,20.007551,222.43,2026-09-30 07:00:00+00:00,2026-09-30 08:00:00+00:00,12.21,19.1,23.67,1028.32,68.48,10.78,3.12,79.96
2119,86896,50.085346,20.007551,222.43,2026-09-30 08:00:00+00:00,2026-09-30 09:00:00+00:00,10.52,16.32,19.36,1028.37,80.5,13.1,4.51,71.11
2120,86896,50.085346,20.007551,222.43,2026-09-30 09:00:00+00:00,2026-09-30 10:00:00+00:00,8.45,12.84,15.14,1028.29,59.1,15.33,5.58,69.84
2121,86896,50.085346,20.007551,222.43,2026-09-30 10:00:00+00:00,2026-09-30 11:00:00+00:00,7.08,10.52,12.56,1028.3,46.93,16.69,6.27,72.0
2122,86896,50.085346,20.007551,222.43,2026-09-30 11:00:00+00:00,2026-09-30 12:00:00+00:00,7.12,10.68,12.51,1027.81,41.21,18.7,7.1,82.19
2123,86896,50.085346,20.007551,222.43,2026-09-30 12:00:00+00:00,2026-09-30 13:00:00+00:00,6.2,9.04,10.48,1027.23,49.32,20.6,7.37,86.68
2124,86896,50.085346,20.007551,222.43,2026-09-30 13:00:00+00:00,2026-09-30 14:00:00+00:00,4.91,7.69,9.62,1026.7,61.19,20.8,8.21,80.73
2125,86896,50.085346,20.007551,222.43,2026-09-30 14:00:00+00:00,2026-09-30 15:00:00+00:00,4.95,7.36,8.57,1026.33,60.69,20.55,9.68,92.74
2126,86896,50.085346,20.007551,222.43,2026-09-30 15:00:00+00:00,2026-09-30 16:00:00+00:00,5.4,8.12,9.56,1026.16,64.06,19.93,10.7,88.32
2127,86896,50.085346,20.007551,222.43,2026-09-30 16:00:00+00:00,2026-09-30 17:00:00+00:00,6.56,9.77,11.69,1026.17,66.16,18.5,11.35,82.56
2128,86896,50.085346,20.007551,222.43,2026-09-30 17:00:00+00:00,2026-09-30 18:00:00+00:00,7.15,10.9,12.83,1026.42,46.28,16.9,10.93,87.37
2129,86896,50.085346,20.007551,222.43,2026-09-30 18:00:00+00:00,2026-09-30 19:00:00+00:00,7.66,11.63,13.71,1026.68,51.3,15.07,9.45,91.13
2130,86896,50.085346,20.007551,222.43,2026-09-30 19:00:00+00:00,2026-09-30 20:00:00+00:00,8.29,12.96,15.29,1026.85,55.05,13.75,8.58,87.31
2131,86896,50.085346,20.007551,222.43,2026-09-30 20:00:00+00:00,2026-09-30 21:00:00+00:00,8.43,12.87,15.17,1027.05,68.73,12.86,8.2,84.86
2132,86896,50.085346,20.007551,222.43,2026-09-30 21:00:00+00:00,2026-09-30 22:00:00+00:00,8.41,13.09,15.52,1027.17,64.68,12.04,7.49,80.87
2133,86896,50.085346,20.007551,222.43,2026-09-30 22:00:00+00:00,2026-09-30 23:00:00+00:00,8.28,13.0,15.31,1027.25,76.55,11.25,5.77,78.17
2134,86896,50.085346,20.007551,222.43,2026-09-30 23:00:00+00:00,2026-10-01 00:00:00+00:00,8.54,13.5,16.08,1027.37,63.4,10.72,6.34,68.88
2135,86896,50.085346,20.007551,222.43,2026-10-01 00:00:00+00:00,2026-10-01 01:00:00+00:00,8.64,13.66,16.08,1027.21,72.53,9.74,4.77,80.0
2136,90552,50.018006,19.983935,238.73,2026-09-30 01:00:00+00:00,2026-09-30 02:00:00+00:00,15.32,23.29,31.38,1030.3,92.69,8.11,2.57,160.98
2137,90552,50.018006,19.983935,238.73,2026-09-30 02:00:00+00:00,2026-09-30 03:00:00+00:00,16.63,25.52,34.5,1030.36,93.63,7.84,1.69,158.65
2138,90552,50.018006,19.983935,238.73,2026-09-30 03:00:00+00:00,2026-09-30 04:00:00+00:00,15.65,23.93,32.75,1030.51,94.94,7.24,1.77,142.99
2139,90552,50.018006,19.983935,238.73,2026-09-30 04:00:00+00:00,2026-09-30 05:00:00+00:00,16.56,25.19,34.78,1030.62,95.69,6.85,1.67,159.74
2140,90552,50.018006,19.983935,238.73,2026-09-30 05:00:00+00:00,2026-09-30 06:00:00+00:00,16.63,25.47,35.23,1030.92,95.31,6.69,2.06,155.01
2141,90552,50.018006,19.983935,238.73,2026-09-30 06:00:00+00:00,2026-09-30 07:00:00+00:00,16.68,25.37,35.01,1031.23,92.5,7.29,3.01,148.0
2142,90552,50.018006,19.983935,238.73,2026-09-30 07:00:00+00:00,2026-09-30 08:00:00+00:00,15.37,23.17,31.18,1031.48,86.25,9.95,2.63,101.99
2143,90552,50.018006,19.983935,238.73,2026-09-30 08:00:00+00:00,2026-09-30 09:00:00+00:00,13.16,19.44,24.76,1031.54,79.7,12.63,4.34,72.38
2144,90552,50.018006,19.983935,238.73,2026-09-30 09:00:00+00:00,2026-09-30 10:00:00+00:00,10.88,15.58,18.98,1031.44,73.83,15.11,4.97,70.0
2145,90552,50.018006,19.983935,238.73,2026-09-30 10:00:00+00:00,2026-09-30 11:00:00+00:00,8.29,11.61,13.94,1031.33,68.22,17.4,5.98,74.3
2146,90552,50.018006,19.983935,238.73,2026-09-30 11:00:00+00:00,2026-09-30 12:00:00+00:00,8.38,11.75,14.16,1030.83,63.51,19.0,6.83,81.98
2147,90552,50.018006,19.983935,238.73,2026-09-30 12:00:00+00:00,2026-09-30 13:00:00+00:00,7.6,10.53,12.57,1030.34,56.05,19.75,11.88,90.81
2148,90552,50.018006,19.983935,238.73,2026-09-30 13:00:00+00:00,2026-09-30 14:00:00+00:00,5.21,7.12,8.52,1029.83,53.63,20.73,9.61,90.05
2149,90552,50.018006,19.983935,238.73,2026-09-30 14:00:00+00:00,2026-09-30 15:00:00+00:00,5.9,8.19,9.85,1029.39,54.72,20.76,9.23,82.8
2150,90552,50.018006,19.983935,238.73,2026-09-30 15:00:00+00:00,2026-09-30 16:00:00+00:00,6.07,8.39,10.08,1029.21,58.46,19.93,10.97,81.78
2151,90552,50.018006,19.983935,238.73,2026-09-30 16:00:00+00:00,2026-09-30 17:00:00+00:00,7.14,9.99,12.07,1029.19,63.3,18.19,11.9,84.28
2152,90552,50.018006,19.983935,238.73,2026-09-30 17:00:00+00:00,2026-09-30 18:00:00+00:00,7.8,10.86,12.98,1029.37,68.46,16.42,11.19,93.79
2153,90552,50.018006,19.983935,238.73,2026-09-30 18:00:00+00:00,2026-09-30 19:00:00+00:00,9.01,12.52,15.07,1029.55,73.63,14.93,9.7,97.0
2154,90552,50.018006,19.983935,238.73,2026-09-30 19:00:00+00:00,2026-09-30 20:00:00+00:00,10.76,15.1,18.11,1029.67,76.27,14.02,8.94,95.22
2155,90552,50.018006,19.983935,238.73,2026-09-30 20:00:00+00:00,2026-09-30 21:00:00+00:00,10.44,14.88,18.08,1029.88,81.63,12.72,7.69,89.54
2156,90552,50.018006,19.983935,238.73,2026-09-30 21:00:00+00:00,2026-09-30 22:00:00+00:00,10.79,15.46,19.02,1030.01,83.69,11.87,6.05,93.19
2157,90552,50.018006,19.983935,238.73,2026-09-30 22:00:00+00:00,2026-09-30 23:00:00+00:00,10.83,15.34,18.62,1030.0,85.75,11.01,4.57,96.0
2158,90552,50.018006,19.983935,238.73,2026-09-30 23:00:00+00:00,2026-10-01 00:00:00+00:00,10.85,15.6,19.18,1030.1,88.0,10.56,4.98,83.0
2159,90552,50.018006,19.983935,238.73,2026-10-01 00:00:00+00:00,2026-10-01 01:00:00+00:00,11.44,16.56,20.25,1029.93,88.75,10.03,4.26,79.0
2160,87003,50.147812,19.793561,284.52,2026-09-30 01:00:00+00:00,2026-09-30 02:00:00+00:00,11.39,17.69,21.57,1028.24,92.41,9.2,5.51,73.0
2161,87003,50.147812,19.793561,284.52,2026-09-30 02:00:00+00:00,2026-09-30 03:00:00+00:00,11.09,17.28,20.58,1028.28,95.5,7.49,3.04,104.0
2162,87003,50.147812,19.793561,284.52,2026-09-30 03:00:00+00:00,2026-09-30 04:00:00+00:00,11.09,17.09,20.23,1028.36,94.0,7.97,4.53,62.0
2163,87003,50.147812,19.793561,284.52,2026-09-30 04:00:00+00:00,2026-09-30 05:00:00+00:00,11.14,17.12,20.37,1028.53,93.89,7.8,4.56,62.53
2164,87003,50.147812,19.793561,284.52,2026-09-30 05:00:00+00:00,2026-09-30 06:00:00+00:00,12.27,18.89,23.38,1028.8,93.75,7.71,4.9,67.91
2165,87003,50.147812,19.793561,284.52,2026-09-30 06:00:00+00:00,2026-09-30 07:00:00+00:00,12.05,18.68,23.33,1029.11,90.42,9.09,5.26,67.71
2166,87003,50.147812,19.793561,284.52,2026-09-30 07:00:00+00:00,2026-09-30 08:00:00+00:00,12.27,18.83,23.45,1029.32,83.99,11.45,5.1,76.61
2167,87003,50.147812,19.793561,284.52,2026-09-30 08:00:00+00:00,2026-09-30 09:00:00+00:00,9.44,14.53,16.98,1029.35,74.94,13.7,6.33,82.78
2168,87003,50.147812,19.793561,284.52,2026-09-30 09:00:00+00:00,2026-09-30 10:00:00+00:00,9.0,13.29,15.61,1029.41,65.89,15.7,7.47,90.46
2169,87003,50.147812,19.793561,284.52,2026-09-30 10:00:00+00:00,2026-09-30 11:00:00+00:00,7.41,10.81,12.72,1029.32,60.16,17.44,8.33,95.56
2170,87003,50.147812,19.793561,284.52,2026-09-30 11:00:00+00:00,2026-09-30 12:00:00+00:00,7.57,11.07,12.87,1028.94,55.53,18.92,9.36,101.17
2171,87003,50.147812,19.793561,284.52,2026-09-30 12:00:00+00:00,2026-09-30 13:00:00+00:00,6.6,9.4,10.99,1028.43,53.4,20.33,9.67,103.0
2172,87003,50.147812,19.793561,284.52,2026-09-30 13:00:00+00:00,2026-09-30 14:00:00+00:00,6.05,8.38,9.73,1027.93,51.79,21.51,9.59,108.0
2173,87003,50.147812,19.793561,284.52,2026-09-30 14:00:00+00:00,2026-09-30 15:00:00+00:00,4.26,6.16,7.16,1027.5,51.56,21.78,9.3,73.96
2174,87003,50.147812,19.793561,284.52,2026-09-30 15:00:00+00:00,2026-09-30 16:00:00+00:00,5.15,7.44,8.61,1027.31,54.43,19.97,9.51,91.22
2175,87003,50.147812,19.793561,284.52,2026-09-30 16:00:00+00:00,2026-09-30 17:00:00+00:00,7.06,10.39,12.24,1027.31,60.77,17.93,11.49,87.42
2176,87003,50.147812,19.793561,284.52,2026-09-30 17:00:00+00:00,2026-09-30 18:00:00+00:00,7.67,11.64,13.9,1027.45,64.45,16.7,11.92,85.33
2177,87003,50.147812,19.793561,284.52,2026-09-30 18:00:00+00:00,2026-09-30 19:00:00+00:00,8.17,12.26,14.69,1027.69,69.43,15.23,11.57,84.17
2178,87003,50.147812,19.793561,284.52,2026-09-30 19:00:00+00:00,2026-09-30 20:00:00+00:00,8.11,12.38,14.53,1027.9,74.18,14.05,11.04,80.69
2179,87003,50.147812,19.793561,284.52,2026-09-30 20:00:00+00:00,2026-09-30 21:00:00+00:00,8.1,12.53,14.72,1028.11,76.38,13.3,9.96,74.92
2180,87003,50.147812,19.793561,284.52,2026-09-30 21:00:00+00:00,2026-09-30 22:00:00+00:00,8.42,12.83,15.13,1028.18,79.04,12.37,8.97,74.46
2181,87003,50.147812,19.793561,284.52,2026-09-30 22:00:00+00:00,2026-09-30 23:00:00+00:00,8.7,13.49,16.17,1028.14,81.08,11.74,8.58,70.53
2182,87003,50.147812,19.793561,284.52,2026-09-30 23:00:00+00:00,2026-10-01 00:00:00+00:00,8.55,13.18,15.74,1028.16,83.83,10.99,8.12,67.53
2183,87003,50.147812,19.793561,284.52,2026-10-01 00:00:00+00:00,2026-10-01 01:00:00+00:00,9.09,13.85,16.42,1028.11,86.01,10.42,7.85,65.51
2184,86963,50.107288,20.045784,222.25,2026-09-30 01:00:00+00:00,2026-09-30 02:00:00+00:00,9.27,15.75,20.17,1027.68,92.88,7.79,2.3,129.86
2185,86963,50.107288,20.045784,222.25,2026-09-30 02:00:00+00:00,2026-09-30 03:00:00+00:00,9.79,16.03,20.16,1027.73,94.0,7.25,1.73,106.78
2186,86963,50.107288,20.045784,222.25,2026-09-30 03:00:00+00:00,2026-09-30 04:00:00+00:00,10.44,16.93,21.31,1027.91,94.19,6.94,4.04,56.49
2187,86963,50.107288,20.045784,222.25,2026-09-30 04:00:00+00:00,2026-09-30 05:00:00+00:00,9.44,15.82,20.08,1028.07,95.13,6.34,3.3,63.92
2188,86963,50.107288,20.045784,222.25,2026-09-30 05:00:00+00:00,2026-09-30 06:00:00+00:00,10.33,17.22,21.87,1028.37,95.88,6.15,2.26,122.64
2189,86963,50.107288,20.045784,222.25,2026-09-30 06:00:00+00:00,2026-09-30 07:00:00+00:00,11.36,19.45,24.5,1028.63,93.25,7.88,2.63,104.89
2190,86963,50.107288,20.045784,222.25,2026-09-30 07:00:00+00:00,2026-09-30 08:00:00+00:00,10.34,17.62,22.29,1028.78,87.06,10.44,3.12,79.96
2191,86963,50.107288,20.045784,222.25,2026-09-30 08:00:00+00:00,2026-09-30 09:00:00+00:00,7.76,12.91,16.03,1028.86,80.44,13.0,4.51,71.11
2192,86963,50.107288,20.045784,222.25,2026-09-30 09:00:00+00:00,2026-09-30 10:00:00+00:00,6.78,10.66,13.42,1028.8,74.17,15.1,5.58,69.84
2193,86963,50.107288,20.045784,222.25,2026-09-30 10:00:00+00:00,2026-09-30 11:00:00+00:00,6.08,9.8,12.05,1028.71,69.87,16.78,6.27,72.0
2194,86963,50.107288,20.045784,222.25,2026-09-30 11:00:00+00:00,2026-09-30 12:00:00+00:00,5.91,8.99,10.92,1028.18,64.09,19.01,7.1,82.19
2195,86963,50.107288,20.045784,222.25,2026-09-30 12:00:00+00:00,2026-09-30 13:00:00+00:00,5.23,7.93,9.52,1027.62,61.45,21.09,7.37,86.68
2196,86963,50.107288,20.045784,222.25,2026-09-30 13:00:00+00:00,2026-09-30 14:00:00+00:00,4.05,5.76,6.85,1026.98,59.82,22.93,8.21,80.73
2197,86963,50.107288,20.045784,222.25,2026-09-30 14:00:00+00:00,2026-09-30 15:00:00+00:00,4.78,7.15,8.78,1026.59,56.84,21.16,9.68,92.74
2198,86963,50.107288,20.045784,222.25,2026-09-30 15:00:00+00:00,2026-09-30 16:00:00+00:00,6.42,9.98,12.08,1026.48,60.59,20.11,10.7,88.32
2199,86963,50.107288,20.045784,222.25,2026-09-30 16:00:00+00:00,2026-09-30 17:00:00+00:00,8.76,14.28,18.05,1026.52,65.28,18.38,11.35,82.56
2200,86963,50.107288,20.045784,222.25,2026-09-30 17:00:00+00:00,2026-09-30 18:00:00+00:00,6.84,11.07,13.78,1026.78,68.81,16.82,10.93,87.37
2201,86963,50.107288,20.045784,222.25,2026-09-30 18:00:00+00:00,2026-09-30 19:00:00+00:00,6.23,10.27,12.78,1027.0,75.44,14.99,9.45,91.13
2202,86963,50.107288,20.045784,222.25,2026-09-30 19:00:00+00:00,2026-09-30 20:00:00+00:00,7.11,11.28,14.22,1027.18,79.75,13.61,8.58,87.31
2203,86963,50.107288,20.045784,222.25,2026-09-30 20:00:00+00:00,2026-09-30 21:00:00+00:00,7.45,12.2,15.37,1027.43,81.5,12.69,8.2,84.86
2204,86963,50.107288,20.045784,222.25,2026-09-30 21:00:00+00:00,2026-09-30 22:00:00+00:00,7.08,11.78,14.92,1027.52,83.25,11.82,7.49,80.87
2205,86963,50.107288,20.045784,222.25,2026-09-30 22:00:00+00:00,2026-09-30 23:00:00+00:00,6.82,11.25,14.27,1027.61,85.75,10.96,5.77,78.17
2206,86963,50.107288,20.045784,222.25,2026-09-30 23:00:00+00:00,2026-10-01 00:00:00+00:00,6.81,11.62,14.71,1027.71,87.0,10.35,6.34,68.88
2207,86963,50.107288,20.045784,222.25,2026-10-01 00:00:00+00:00,2026-10-01 01:00:00+00:00,6.74,11.31,14.57,1027.57,90.0,9.31,4.77,80.0
2208,38444,50.07174,19.962317,209.45,2026-09-30 01:00:00+00:00,2026-09-30 02:00:00+00:00,13.71,21.85,29.11,1028.0,92.75,7.83,2.36,128.85
2209,38444,50.07174,19.962317,209.45,2026-09-30 02:00:00+00:00,2026-09-30 03:00:00+00:00,12.43,19.97,25.82,1028.07,94.0,7.22,1.67,118.53
2210,38444,50.07174,19.962317,209.45,2026-09-30 03:00:00+00:00,2026-09-30 04:00:00+00:00,12.76,20.69,27.18,1028.25,94.13,6.93,4.03,56.66
2211,38444,50.07174,19.962317,209.45,2026-09-30 04:00:00+00:00,2026-09-30 05:00:00+00:00,13.13,20.98,27.97,1028.4,95.0,6.37,3.56,60.49
2212,38444,50.07174,19.962317,209.45,2026-09-30 05:00:00+00:00,2026-09-30 06:00:00+00:00,13.29,21.63,28.92,1028.72,96.0,6.08,2.22,124.04
2213,38444,50.07174,19.962317,209.45,2026-09-30 06:00:00+00:00,2026-09-30 07:00:00+00:00,13.73,22.11,30.11,1028.96,93.75,7.52,2.63,107.28
2214,38444,50.07174,19.962317,209.45,2026-09-30 07:00:00+00:00,2026-09-30 08:00:00+00:00,12.74,20.54,27.64,1029.14,87.63,9.78,3.0,81.2
2215,38444,50.07174,19.962317,209.45,2026-09-30 08:00:00+00:00,2026-09-30 09:00:00+00:00,11.88,18.8,23.8,1029.13,81.0,12.54,4.42,71.39
2216,38444,50.07174,19.962317,209.45,2026-09-30 09:00:00+00:00,2026-09-30 10:00:00+00:00,8.58,13.77,16.88,1028.9,75.13,15.07,5.5,69.57
2217,38444,50.07174,19.962317,209.45,2026-09-30 10:00:00+00:00,2026-09-30 11:00:00+00:00,6.53,9.99,11.92,1028.89,70.75,16.8,6.27,72.0
2218,38444,50.07174,19.962317,209.45,2026-09-30 11:00:00+00:00,2026-09-30 12:00:00+00:00,6.41,9.69,11.55,1028.46,66.38,18.84,7.01,81.37
2219,38444,50.07174,19.962317,209.45,2026-09-30 12:00:00+00:00,2026-09-30 13:00:00+00:00,6.04,9.1,10.86,1027.9,63.0,19.95,7.35,86.35
2220,38444,50.07174,19.962317,209.45,2026-09-30 13:00:00+00:00,2026-09-30 14:00:00+00:00,3.84,5.66,6.86,1027.39,60.8,20.25,8.21,80.73
2221,38444,50.07174,19.962317,209.45,2026-09-30 14:00:00+00:00,2026-09-30 15:00:00+00:00,4.52,6.8,8.09,1026.91,60.68,20.34,9.68,92.74
2222,38444,50.07174,19.962317,209.45,2026-09-30 15:00:00+00:00,2026-09-30 16:00:00+00:00,5.07,7.42,9.08,1026.74,64.06,19.63,10.7,88.32
2223,38444,50.07174,19.962317,209.45,2026-09-30 16:00:00+00:00,2026-09-30 17:00:00+00:00,5.52,8.39,10.29,1026.76,68.0,18.2,11.35,82.56
2224,38444,50.07174,19.962317,209.45,2026-09-30 17:00:00+00:00,2026-09-30 18:00:00+00:00,5.98,9.55,11.76,1026.99,70.55,16.75,11.08,86.76
2225,38444,50.07174,19.962317,209.45,2026-09-30 18:00:00+00:00,2026-09-30 19:00:00+00:00,7.49,11.79,14.64,1027.29,75.63,14.78,9.52,91.61
2226,38444,50.07174,19.962317,209.45,2026-09-30 19:00:00+00:00,2026-09-30 20:00:00+00:00,8.2,13.32,16.43,1027.52,79.56,13.34,8.64,87.23
2227,38444,50.07174,19.962317,209.45,2026-09-30 20:00:00+00:00,2026-09-30 21:00:00+00:00,8.38,13.68,16.67,1027.75,81.44,12.44,8.16,85.63
2228,38444,50.07174,19.962317,209.45,2026-09-30 21:00:00+00:00,2026-09-30 22:00:00+00:00,8.57,13.5,16.5,1027.92,82.94,11.69,7.77,80.35
2229,38444,50.07174,19.962317,209.45,2026-09-30 22:00:00+00:00,2026-09-30 23:00:00+00:00,8.78,14.25,17.42,1027.97,85.75,10.84,5.63,80.22
2230,38444,50.07174,19.962317,209.45,2026-09-30 23:00:00+00:00,2026-10-01 00:00:00+00:00,8.75,14.42,17.61,1028.08,86.69,10.37,6.53,67.82
2231,38444,50.07174,19.962317,209.45,2026-10-01 00:00:00+00:00,2026-10-01 01:00:00+00:00,8.88,14.65,17.94,1027.99,89.88,9.31,4.82,80.0
2232,8165,50.072763,19.911081,211.04,2026-09-30 01:00:00+00:00,2026-09-30 02:00:00+00:00,13.1,18.56,22.45,1027.73,93.63,8.32,2.74,115.32
2233,8165,50.072763,19.911081,211.04,2026-09-30 02:00:00+00:00,2026-09-30 03:00:00+00:00,12.38,17.36,20.75,1027.76,95.19,7.54,2.27,117.23
2234,8165,50.072763,19.911081,211.04,2026-09-30 03:00:00+00:00,2026-09-30 04:00:00+00:00,12.4,17.47,20.75,1027.92,95.0,7.18,2.06,126.34
2235,8165,50.072763,19.911081,211.04,2026-09-30 04:00:00+00:00,2026-09-30 05:00:00+00:00,13.44,19.22,23.53,1028.1,95.63,6.7,2.11,126.83
2236,8165,50.072763,19.911081,211.04,2026-09-30 05:00:00+00:00,2026-09-30 06:00:00+00:00,13.79,19.78,24.53,1028.39,95.5,6.87,2.3,107.57
2237,8165,50.072763,19.911081,211.04,2026-09-30 06:00:00+00:00,2026-09-30 07:00:00+00:00,13.89,19.87,24.87,1028.61,90.88,8.74,4.75,62.72
2238,8165,50.072763,19.911081,211.04,2026-09-30 07:00:00+00:00,2026-09-30 08:00:00+00:00,12.34,17.41,20.86,1028.79,85.63,11.24,4.61,72.0
2239,8165,50.072763,19.911081,211.04,2026-09-30 08:00:00+00:00,2026-09-30 09:00:00+00:00,12.11,17.07,20.74,1028.85,80.25,13.51,5.26,71.65
2240,8165,50.072763,19.911081,211.04,2026-09-30 09:00:00+00:00,2026-09-30 10:00:00+00:00,9.2,12.55,14.79,1028.66,74.38,15.68,5.68,70.57
2241,8165,50.072763,19.911081,211.04,2026-09-30 10:00:00+00:00,2026-09-30 11:00:00+00:00,7.77,10.45,12.26,1028.63,69.13,17.43,6.73,79.29
2242,8165,50.072763,19.911081,211.04,2026-09-30 11:00:00+00:00,2026-09-30 12:00:00+00:00,7.97,10.63,12.54,1028.15,64.38,18.78,8.58,100.25
2243,8165,50.072763,19.911081,211.04,2026-09-30 12:00:00+00:00,2026-09-30 13:00:00+00:00,6.73,9.01,10.56,1027.65,62.25,19.98,7.7,84.0
2244,8165,50.072763,19.911081,211.04,2026-09-30 13:00:00+00:00,2026-09-30 14:00:00+00:00,5.03,6.71,7.87,1027.11,61.0,20.61,8.37,83.45
2245,8165,50.072763,19.911081,211.04,2026-09-30 14:00:00+00:00,2026-09-30 15:00:00+00:00,5.19,6.97,8.17,1026.64,61.0,20.84,9.17,81.0
2246,8165,50.072763,19.911081,211.04,2026-09-30 15:00:00+00:00,2026-09-30 16:00:00+00:00,6.25,8.37,9.74,1026.45,63.25,20.07,10.52,88.38
2247,8165,50.072763,19.911081,211.04,2026-09-30 16:00:00+00:00,2026-09-30 17:00:00+00:00,5.98,7.94,9.23,1026.43,67.38,18.46,11.68,90.1
2248,8165,50.072763,19.911081,211.04,2026-09-30 17:00:00+00:00,2026-09-30 18:00:00+00:00,6.43,8.66,10.22,1026.6,71.88,16.83,10.67,88.33
2249,8165,50.072763,19.911081,211.04,2026-09-30 18:00:00+00:00,2026-09-30 19:00:00+00:00,7.59,10.14,11.86,1026.85,76.38,15.27,9.5,88.14
2250,8165,50.072763,19.911081,211.04,2026-09-30 19:00:00+00:00,2026-09-30 20:00:00+00:00,8.4,11.29,13.24,1027.06,78.25,14.41,9.06,85.0
2251,8165,50.072763,19.911081,211.04,2026-09-30 20:00:00+00:00,2026-09-30 21:00:00+00:00,8.93,12.12,14.24,1027.33,82.63,12.97,7.56,89.0
2252,8165,50.072763,19.911081,211.04,2026-09-30 21:00:00+00:00,2026-09-30 22:00:00+00:00,8.99,12.18,14.34,1027.49,85.38,11.91,5.94,90.8
2253,8165,50.072763,19.911081,211.04,2026-09-30 22:00:00+00:00,2026-09-30 23:00:00+00:00,9.13,12.4,14.6,1027.5,87.0,10.99,5.16,87.73
2254,8165,50.072763,19.911081,211.04,2026-09-30 23:00:00+00:00,2026-10-01 00:00:00+00:00,9.0,12.25,14.48,1027.56,89.75,10.22,5.37,81.1
2255,8165,50.072763,19.911081,211.04,2026-10-01 00:00:00+00:00,2026-10-01 01:00:00+00:00,9.24,12.4,14.58,1027.43,90.25,9.72,4.93,81.63
2256,86902,50.083454,20.057153,208.16,2026-09-30 01:00:00+00:00,2026-09-30 02:00:00+00:00,10.65,17.02,20.25,1026.62,92.5,7.72,4.68,70.58
2257,86902,50.083454,20.057153,208.16,2026-09-30 02:00:00+00:00,2026-09-30 03:00:00+00:00,10.93,17.31,20.8,1026.69,93.0,7.14,4.0,64.97
2258,86902,50.083454,20.057153,208.16,2026-09-30 03:00:00+00:00,2026-09-30 04:00:00+00:00,10.95,17.45,20.99,1026.88,94.25,6.41,3.99,58.75
2259,86902,50.083454,20.057153,208.16,2026-09-30 04:00:00+00:00,2026-09-30 05:00:00+00:00,11.35,17.93,21.77,1027.07,95.25,5.88,2.51,65.88
2260,86902,50.083454,20.057153,208.16,2026-09-30 05:00:00+00:00,2026-09-30 06:00:00+00:00,11.59,18.54,23.1,1027.36,95.31,5.9,1.45,114.89
2261,86902,50.083454,20.057153,208.16,2026-09-30 06:00:00+00:00,2026-09-30 07:00:00+00:00,12.04,18.87,23.61,1027.53,91.75,8.4,3.39,64.36
2262,86902,50.083454,20.057153,208.16,2026-09-30 07:00:00+00:00,2026-09-30 08:00:00+00:00,11.28,17.44,21.34,1027.59,87.25,12.21,2.93,89.05
2263,86902,50.083454,20.057153,208.16,2026-09-30 08:00:00+00:00,2026-09-30 09:00:00+00:00,8.64,12.47,14.45,1027.53,78.81,16.8,5.83,90.31
2264,86902,50.083454,20.057153,208.16,2026-09-30 09:00:00+00:00,2026-09-30 10:00:00+00:00,6.04,8.03,9.37,1027.34,72.44,20.72,6.96,98.47
2265,86902,50.083454,20.057153,208.16,2026-09-30 10:00:00+00:00,2026-09-30 11:00:00+00:00,5.13,6.65,7.62,1027.11,68.5,23.18,7.66,105.0
2266,86902,50.083454,20.057153,208.16,2026-09-30 11:00:00+00:00,2026-09-30 12:00:00+00:00,5.14,6.5,7.39,1026.58,66.25,24.83,6.34,89.0
2267,86902,50.083454,20.057153,208.16,2026-09-30 12:00:00+00:00,2026-09-30 13:00:00+00:00,3.82,4.73,5.43,1026.01,62.81,26.15,6.97,93.62
2268,86902,50.083454,20.057153,208.16,2026-09-30 13:00:00+00:00,2026-09-30 14:00:00+00:00,3.34,4.16,4.79,1025.47,60.63,26.86,10.31,118.04
2269,86902,50.083454,20.057153,208.16,2026-09-30 14:00:00+00:00,2026-09-30 15:00:00+00:00,4.3,5.58,6.49,1025.1,60.88,24.06,11.74,114.26
2270,86902,50.083454,20.057153,208.16,2026-09-30 15:00:00+00:00,2026-09-30 16:00:00+00:00,5.1,7.11,8.41,1025.13,63.5,20.47,12.76,102.0
2271,86902,50.083454,20.057153,208.16,2026-09-30 16:00:00+00:00,2026-09-30 17:00:00+00:00,5.79,8.42,9.93,1025.3,66.5,18.25,13.0,93.33
2272,86902,50.083454,20.057153,208.16,2026-09-30 17:00:00+00:00,2026-09-30 18:00:00+00:00,5.87,8.49,9.93,1025.64,71.38,16.11,11.46,96.05
2273,86902,50.083454,20.057153,208.16,2026-09-30 18:00:00+00:00,2026-09-30 19:00:00+00:00,6.9,10.4,12.27,1025.94,74.5,14.63,9.79,97.0
2274,86902,50.083454,20.057153,208.16,2026-09-30 19:00:00+00:00,2026-09-30 20:00:00+00:00,7.43,11.31,13.41,1026.16,76.52,13.7,9.02,96.78
2275,86902,50.083454,20.057153,208.16,2026-09-30 20:00:00+00:00,2026-09-30 21:00:00+00:00,7.88,12.1,14.23,1026.39,80.88,12.21,8.25,92.52
2276,86902,50.083454,20.057153,208.16,2026-09-30 21:00:00+00:00,2026-09-30 22:00:00+00:00,8.03,12.48,14.7,1026.53,82.75,11.28,7.87,84.84
2277,86902,50.083454,20.057153,208.16,2026-09-30 22:00:00+00:00,2026-09-30 23:00:00+00:00,8.24,13.03,15.38,1026.6,85.13,10.53,5.25,89.25
2278,86902,50.083454,20.057153,208.16,2026-09-30 23:00:00+00:00,2026-10-01 00:00:00+00:00,8.06,12.72,15.02,1026.69,86.25,9.96,7.18,71.9
2279,86902,50.083454,20.057153,208.16,2026-10-01 00:00:00+00:00,2026-10-01 01:00:00+00:00,8.16,12.91,15.22,1026.6,88.88,9.19,4.75,76.08
2280,33050,50.081104,19.764215,240.7,2026-09-30 01:00:00+00:00,2026-09-30 02:00:00+00:00,12.09,18.42,22.05,1026.75,87.64,7.78,,
2281,33050,50.081104,19.764215,240.7,2026-09-30 02:00:00+00:00,2026-09-30 03:00:00+00:00,11.97,18.16,21.52,1026.79,90.95,6.33,,
2282,33050,50.081104,19.764215,240.7,2026-09-30 03:00:00+00:00,2026-09-30 04:00:00+00:00,11.87,18.08,21.47,1026.91,88.49,6.7,,
2283,33050,50.081104,19.764215,240.7,2026-09-30 04:00:00+00:00,2026-09-30 05:00:00+00:00,11.8,17.94,21.3,1027.1,87.64,6.6,,
2284,33050,50.081104,19.764215,240.7,2026-09-30 05:00:00+00:00,2026-09-30 06:00:00+00:00,12.32,18.61,22.47,1027.39,89.05,6.85,,
2285,33050,50.081104,19.764215,240.7,2026-09-30 06:00:00+00:00,2026-09-30 07:00:00+00:00,11.73,17.64,20.77,1027.59,85.98,9.28,,
2286,33050,50.081104,19.764215,240.7,2026-09-30 07:00:00+00:00,2026-09-30 08:00:00+00:00,10.83,16.22,18.74,1027.7,78.24,12.45,,
2287,33050,50.081104,19.764215,240.7,2026-09-30 08:00:00+00:00,2026-09-30 09:00:00+00:00,9.34,13.31,15.15,1027.67,69.06,15.48,,
2288,33050,50.081104,19.764215,240.7,2026-09-30 09:00:00+00:00,2026-09-30 10:00:00+00:00,7.68,10.6,12.09,1027.54,60.55,18.72,,
2289,33050,50.081104,19.764215,240.7,2026-09-30 10:00:00+00:00,2026-09-30 11:00:00+00:00,6.18,8.15,9.27,1027.3,55.83,22.02,,
2290,33050,50.081104,19.764215,240.7,2026-09-30 11:00:00+00:00,2026-09-30 12:00:00+00:00,5.27,6.65,7.59,1026.75,50.82,24.03,,
2291,33050,50.081104,19.764215,240.7,2026-09-30 12:00:00+00:00,2026-09-30 13:00:00+00:00,6.83,8.38,9.5,1026.2,47.85,25.23,,
2292,33050,50.081104,19.764215,240.7,2026-09-30 13:00:00+00:00,2026-09-30 14:00:00+00:00,4.66,5.88,6.64,1025.76,45.0,24.44,,
2293,33050,50.081104,19.764215,240.7,2026-09-30 14:00:00+00:00,2026-09-30 15:00:00+00:00,4.28,5.69,6.46,1025.49,45.67,21.22,,
2294,33050,50.081104,19.764215,240.7,2026-09-30 15:00:00+00:00,2026-09-30 16:00:00+00:00,4.93,6.6,7.54,1025.4,49.69,19.4,,
2295,33050,50.081104,19.764215,240.7,2026-09-30 16:00:00+00:00,2026-09-30 17:00:00+00:00,6.94,9.73,11.25,1025.47,57.01,17.13,,
2296,33050,50.081104,19.764215,240.7,2026-09-30 17:00:00+00:00,2026-09-30 18:00:00+00:00,6.75,9.6,11.06,1025.69,60.64,15.75,,
2297,33050,50.081104,19.764215,240.7,2026-09-30 18:00:00+00:00,2026-09-30 19:00:00+00:00,7.94,11.34,13.05,1025.96,65.57,14.24,,
2298,33050,50.081104,19.764215,240.7,2026-09-30 19:00:00+00:00,2026-09-30 20:00:00+00:00,8.1,11.91,13.68,1026.2,70.4,13.06,,
2299,33050,50.081104,19.764215,240.7,2026-09-30 20:00:00+00:00,2026-09-30 21:00:00+00:00,8.49,12.28,14.2,1026.47,72.43,12.4,,
2300,33050,50.081104,19.764215,240.7,2026-09-30 21:00:00+00:00,2026-09-30 22:00:00+00:00,8.34,12.4,14.27,1026.61,75.11,11.44,,
2301,33050,50.081104,19.764215,240.7,2026-09-30 22:00:00+00:00,2026-09-30 23:00:00+00:00,8.58,12.79,14.82,1026.59,76.98,10.84,,
2302,33050,50.081104,19.764215,240.7,2026-09-30 23:00:00+00:00,2026-10-01 00:00:00+00:00,8.69,13.13,15.11,1026.71,79.37,10.12,,
2303,33050,50.081104,19.764215,240.7,2026-10-01 00:00:00+00:00,2026-10-01 01:00:00+00:00,8.66,12.98,14.94,1026.65,81.39,9.57,,
2304,37719,49.934395,19.944468,363.56,2026-09-30 01:00:00+00:00,2026-09-30 02:00:00+00:00,12.64,19.61,24.67,1027.44,93.44,6.97,4.3,158.58
2305,37719,49.934395,19.944468,363.56,2026-09-30 02:00:00+00:00,2026-09-30 03:00:00+00:00,9.0,13.21,15.37,1027.41,94.0,6.44,4.15,170.0
2306,37719,49.934395,19.944468,363.56,2026-09-30 03:00:00+00:00,2026-09-30 04:00:00+00:00,10.62,15.26,18.23,1027.69,94.0,5.92,4.07,156.69
2307,37719,49.934395,19.944468,363.56,2026-09-30 04:00:00+00:00,2026-09-30 05:00:00+00:00,9.88,13.94,16.37,1027.78,95.13,5.79,4.07,151.75
2308,37719,49.934395,19.944468,363.56,2026-09-30 05:00:00+00:00,2026-09-30 06:00:00+00:00,8.38,12.26,14.43,1028.23,94.38,5.77,4.11,147.99
2309,37719,49.934395,19.944468,363.56,2026-09-30 06:00:00+00:00,2026-09-30 07:00:00+00:00,8.75,12.69,14.82,1028.46,90.5,7.45,3.87,137.94
2310,37719,49.934395,19.944468,363.56,2026-09-30 07:00:00+00:00,2026-09-30 08:00:00+00:00,8.23,12.03,14.14,1028.72,84.81,10.1,3.58,112.0
2311,37719,49.934395,19.944468,363.56,2026-09-30 08:00:00+00:00,2026-09-30 09:00:00+00:00,6.89,9.74,11.38,1028.9,78.06,12.94,4.2,89.43
2312,37719,49.934395,19.944468,363.56,2026-09-30 09:00:00+00:00,2026-09-30 10:00:00+00:00,6.21,8.95,10.43,1028.81,72.63,15.24,5.16,81.84
2313,37719,49.934395,19.944468,363.56,2026-09-30 10:00:00+00:00,2026-09-30 11:00:00+00:00,5.73,8.17,9.53,1028.69,68.83,16.91,5.97,80.0
2314,37719,49.934395,19.944468,363.56,2026-09-30 11:00:00+00:00,2026-09-30 12:00:00+00:00,5.7,8.16,9.44,1028.31,64.9,18.1,6.54,80.43
2315,37719,49.934395,19.944468,363.56,2026-09-30 12:00:00+00:00,2026-09-30 13:00:00+00:00,5.4,7.66,8.9,1027.93,62.03,18.96,7.03,80.17
2316,37719,49.934395,19.944468,363.56,2026-09-30 13:00:00+00:00,2026-09-30 14:00:00+00:00,5.47,7.75,8.98,1027.44,61.28,19.38,7.74,78.0
2317,37719,49.934395,19.944468,363.56,2026-09-30 14:00:00+00:00,2026-09-30 15:00:00+00:00,6.33,8.97,10.46,1027.03,62.51,19.51,8.21,74.63
2318,37719,49.934395,19.944468,363.56,2026-09-30 15:00:00+00:00,2026-09-30 16:00:00+00:00,6.29,8.98,10.51,1026.88,67.49,18.77,8.15,74.0
2319,37719,49.934395,19.944468,363.56,2026-09-30 16:00:00+00:00,2026-09-30 17:00:00+00:00,6.54,9.52,11.1,1026.79,71.8,16.71,9.2,84.16
2320,37719,49.934395,19.944468,363.56,2026-09-30 17:00:00+00:00,2026-09-30 18:00:00+00:00,7.29,10.6,12.49,1026.83,75.81,14.86,9.4,92.96
2321,37719,49.934395,19.944468,363.56,2026-09-30 18:00:00+00:00,2026-09-30 19:00:00+00:00,7.46,10.79,12.64,1026.96,80.25,13.48,8.18,104.97
2322,37719,49.934395,19.944468,363.56,2026-09-30 19:00:00+00:00,2026-09-30 20:00:00+00:00,7.41,10.79,12.69,1027.06,83.25,12.63,7.04,107.37
2323,37719,49.934395,19.944468,363.56,2026-09-30 20:00:00+00:00,2026-09-30 21:00:00+00:00,7.61,11.22,13.13,1027.19,85.75,11.78,5.84,102.19
2324,37719,49.934395,19.944468,363.56,2026-09-30 21:00:00+00:00,2026-09-30 22:00:00+00:00,8.94,13.14,15.51,1027.39,88.25,10.6,4.8,113.51
2325,37719,49.934395,19.944468,363.56,2026-09-30 22:00:00+00:00,2026-09-30 23:00:00+00:00,8.91,13.16,15.52,1027.37,90.25,9.66,4.4,134.0
2326,37719,49.934395,19.944468,363.56,2026-09-30 23:00:00+00:00,2026-10-01 00:00:00+00:00,11.03,16.66,19.62,1027.36,91.0,8.97,4.23,122.73
2327,37719,49.934395,19.944468,363.56,2026-10-01 00:00:00+00:00,2026-10-01 01:00:00+00:00,11.84,18.19,22.04,1027.05,92.88,8.5,3.84,115.51
2328,7427,50.156176,19.866003,299.43,2026-09-30 01:00:00+00:00,2026-09-30 02:00:00+00:00,10.65,14.97,17.76,1029.62,90.65,8.43,5.33,81.78
2329,7427,50.156176,19.866003,299.43,2026-09-30 02:00:00+00:00,2026-09-30 03:00:00+00:00,10.69,15.4,18.29,1029.62,90.67,8.09,4.38,65.0
2330,7427,50.156176,19.866003,299.43,2026-09-30 03:00:00+00:00,2026-09-30 04:00:00+00:00,10.76,15.42,18.3,1029.71,91.03,7.49,4.51,61.65
2331,7427,50.156176,19.866003,299.43,2026-09-30 04:00:00+00:00,2026-09-30 05:00:00+00:00,10.91,15.65,18.53,1029.85,90.67,7.07,4.53,70.01
2332,7427,50.156176,19.866003,299.43,2026-09-30 05:00:00+00:00,2026-09-30 06:00:00+00:00,10.66,15.2,18.04,1030.09,90.35,7.15,4.68,71.49
2333,7427,50.156176,19.866003,299.43,2026-09-30 06:00:00+00:00,2026-09-30 07:00:00+00:00,10.52,14.73,17.28,1030.38,87.4,8.87,4.46,78.36
2334,7427,50.156176,19.866003,299.43,2026-09-30 07:00:00+00:00,2026-09-30 08:00:00+00:00,10.0,14.2,16.68,1030.64,83.51,10.82,5.38,86.1
2335,7427,50.156176,19.866003,299.43,2026-09-30 08:00:00+00:00,2026-09-30 09:00:00+00:00,8.5,11.75,13.69,1030.73,75.46,13.46,6.93,94.46
2336,7427,50.156176,19.866003,299.43,2026-09-30 09:00:00+00:00,2026-09-30 10:00:00+00:00,6.81,9.17,10.74,1030.69,68.89,15.91,7.64,100.58
2337,7427,50.156176,19.866003,299.43,2026-09-30 10:00:00+00:00,2026-09-30 11:00:00+00:00,6.31,8.37,9.69,1030.62,61.94,17.65,7.91,100.96
2338,7427,50.156176,19.866003,299.43,2026-09-30 11:00:00+00:00,2026-09-30 12:00:00+00:00,5.82,7.82,8.99,1030.27,56.3,18.73,8.69,105.46
2339,7427,50.156176,19.866003,299.43,2026-09-30 12:00:00+00:00,2026-09-30 13:00:00+00:00,5.8,7.75,8.85,1029.83,52.22,19.54,10.19,116.51
2340,7427,50.156176,19.866003,299.43,2026-09-30 13:00:00+00:00,2026-09-30 14:00:00+00:00,5.26,6.96,8.02,1029.31,50.44,20.12,11.42,123.0
2341,7427,50.156176,19.866003,299.43,2026-09-30 14:00:00+00:00,2026-09-30 15:00:00+00:00,3.33,4.44,5.23,1028.93,49.49,19.88,11.02,117.21
2342,7427,50.156176,19.866003,299.43,2026-09-30 15:00:00+00:00,2026-09-30 16:00:00+00:00,5.31,7.01,8.15,1028.73,54.15,19.19,10.91,106.83
2343,7427,50.156176,19.866003,299.43,2026-09-30 16:00:00+00:00,2026-09-30 17:00:00+00:00,7.78,10.57,12.4,1028.75,58.95,17.81,11.82,89.98
2344,7427,50.156176,19.866003,299.43,2026-09-30 17:00:00+00:00,2026-09-30 18:00:00+00:00,8.08,11.01,13.05,1028.92,63.93,15.73,12.23,90.76
2345,7427,50.156176,19.866003,299.43,2026-09-30 18:00:00+00:00,2026-09-30 19:00:00+00:00,7.29,10.0,11.78,1029.1,68.94,14.37,12.12,89.01
2346,7427,50.156176,19.866003,299.43,2026-09-30 19:00:00+00:00,2026-09-30 20:00:00+00:00,6.91,9.53,11.14,1029.3,71.64,13.57,11.41,84.92
2347,7427,50.156176,19.866003,299.43,2026-09-30 20:00:00+00:00,2026-09-30 21:00:00+00:00,7.23,9.97,11.76,1029.5,74.71,12.63,9.83,77.76
2348,7427,50.156176,19.866003,299.43,2026-09-30 21:00:00+00:00,2026-09-30 22:00:00+00:00,7.45,10.33,12.21,1029.55,77.02,11.88,8.49,71.85
2349,7427,50.156176,19.866003,299.43,2026-09-30 22:00:00+00:00,2026-09-30 23:00:00+00:00,7.89,11.09,13.18,1029.45,78.43,11.33,7.84,67.0
2350,7427,50.156176,19.866003,299.43,2026-09-30 23:00:00+00:00,2026-10-01 00:00:00+00:00,7.97,11.23,13.34,1029.47,81.06,10.59,7.6,72.84
2351,7427,50.156176,19.866003,299.43,2026-10-01 00:00:00+00:00,2026-10-01 01:00:00+00:00,7.86,10.98,13.18,1029.32,84.29,9.64,7.17,78.04
2352,87002,50.165009,20.039921,316.26,2026-09-30 01:00:00+00:00,2026-09-30 02:00:00+00:00,11.82,18.5,21.81,1027.51,93.56,8.39,4.86,72.42
2353,87002,50.165009,20.039921,316.26,2026-09-30 02:00:00+00:00,2026-09-30 03:00:00+00:00,12.33,19.05,22.52,1027.52,94.0,8.01,4.27,63.82
2354,87002,50.165009,20.039921,316.26,2026-09-30 03:00:00+00:00,2026-09-30 04:00:00+00:00,11.81,18.53,21.78,1027.66,94.31,7.26,4.54,62.41
2355,87002,50.165009,20.039921,316.26,2026-09-30 04:00:00+00:00,2026-09-30 05:00:00+00:00,12.28,19.34,23.01,1027.76,94.75,6.87,4.0,54.22
2356,87002,50.165009,20.039921,316.26,2026-09-30 05:00:00+00:00,2026-09-30 06:00:00+00:00,13.09,20.63,24.78,1028.03,94.38,6.95,3.88,55.58
2357,87002,50.165009,20.039921,316.26,2026-09-30 06:00:00+00:00,2026-09-30 07:00:00+00:00,12.52,19.47,23.04,1028.33,92.5,8.13,4.65,66.0
2358,87002,50.165009,20.039921,316.26,2026-09-30 07:00:00+00:00,2026-09-30 08:00:00+00:00,11.78,18.25,21.42,1028.62,85.0,10.83,4.82,80.31
2359,87002,50.165009,20.039921,316.26,2026-09-30 08:00:00+00:00,2026-09-30 09:00:00+00:00,10.81,16.61,19.48,1028.81,78.5,13.46,6.31,89.1
2360,87002,50.165009,20.039921,316.26,2026-09-30 09:00:00+00:00,2026-09-30 10:00:00+00:00,9.22,13.95,16.29,1028.75,72.5,15.95,8.07,100.38
2361,87002,50.165009,20.039921,316.26,2026-09-30 10:00:00+00:00,2026-09-30 11:00:00+00:00,6.73,9.6,11.18,1028.77,67.13,17.78,8.81,106.21
2362,87002,50.165009,20.039921,316.26,2026-09-30 11:00:00+00:00,2026-09-30 12:00:00+00:00,5.74,8.11,9.32,1028.31,63.75,19.91,9.74,116.33
2363,87002,50.165009,20.039921,316.26,2026-09-30 12:00:00+00:00,2026-09-30 13:00:00+00:00,5.14,7.21,8.23,1027.78,61.38,21.55,10.25,122.19
2364,87002,50.165009,20.039921,316.26,2026-09-30 13:00:00+00:00,2026-09-30 14:00:00+00:00,4.22,5.58,6.39,1027.29,60.38,21.86,10.85,123.0
2365,87002,50.165009,20.039921,316.26,2026-09-30 14:00:00+00:00,2026-09-30 15:00:00+00:00,4.21,5.84,6.74,1026.94,60.88,21.33,11.13,113.61
2366,87002,50.165009,20.039921,316.26,2026-09-30 15:00:00+00:00,2026-09-30 16:00:00+00:00,5.03,7.29,8.46,1026.79,63.25,19.99,11.95,105.62
2367,87002,50.165009,20.039921,316.26,2026-09-30 16:00:00+00:00,2026-09-30 17:00:00+00:00,7.52,11.51,13.6,1026.8,66.81,17.83,12.94,97.89
2368,87002,50.165009,20.039921,316.26,2026-09-30 17:00:00+00:00,2026-09-30 18:00:00+00:00,7.44,11.03,12.86,1027.02,71.69,15.7,12.61,93.05
2369,87002,50.165009,20.039921,316.26,2026-09-30 18:00:00+00:00,2026-09-30 19:00:00+00:00,7.53,11.14,13.04,1027.24,75.25,14.4,12.16,86.04
2370,87002,50.165009,20.039921,316.26,2026-09-30 19:00:00+00:00,2026-09-30 20:00:00+00:00,8.02,12.04,14.21,1027.44,78.25,13.51,11.17,85.46
2371,87002,50.165009,20.039921,316.26,2026-09-30 20:00:00+00:00,2026-09-30 21:00:00+00:00,8.14,12.51,14.74,1027.64,81.25,12.21,10.21,86.73
2372,87002,50.165009,20.039921,316.26,2026-09-30 21:00:00+00:00,2026-09-30 22:00:00+00:00,8.87,13.49,15.87,1027.59,82.56,11.36,8.59,84.16
2373,87002,50.165009,20.039921,316.26,2026-09-30 22:00:00+00:00,2026-09-30 23:00:00+00:00,8.47,13.19,15.77,1027.63,83.75,10.91,7.43,75.35
2374,87002,50.165009,20.039921,316.26,2026-09-30 23:00:00+00:00,2026-10-01 00:00:00+00:00,8.56,13.17,15.55,1027.7,85.75,10.15,7.43,74.4
2375,87002,50.165009,20.039921,316.26,2026-10-01 00:00:00+00:00,2026-10-01 01:00:00+00:00,8.5,13.34,15.93,1027.51,88.0,9.26,7.39,74.03
2376,86688,50.132341,20.115834,289.27,2026-09-30 01:00:00+00:00,2026-09-30 02:00:00+00:00,10.85,16.58,19.87,1034.56,74.22,7.54,4.68,70.58
2377,86688,50.132341,20.115834,289.27,2026-09-30 02:00:00+00:00,2026-09-30 03:00:00+00:00,11.23,17.18,20.92,1034.6,84.46,6.95,4.0,64.97
2378,86688,50.132341,20.115834,289.27,2026-09-30 03:00:00+00:00,2026-09-30 04:00:00+00:00,11.63,17.73,21.79,1034.76,86.28,6.24,3.99,58.75
2379,86688,50.132341,20.115834,289.27,2026-09-30 04:00:00+00:00,2026-09-30 05:00:00+00:00,12.0,18.34,23.08,1034.92,84.26,5.76,2.51,65.88
2380,86688,50.132341,20.115834,289.27,2026-09-30 05:00:00+00:00,2026-09-30 06:00:00+00:00,12.22,18.64,24.24,1035.19,91.41,5.91,1.58,101.86
2381,86688,50.132341,20.115834,289.27,2026-09-30 06:00:00+00:00,2026-09-30 07:00:00+00:00,12.89,19.52,24.9,1035.45,83.27,7.78,3.39,64.36
2382,86688,50.132341,20.115834,289.27,2026-09-30 07:00:00+00:00,2026-09-30 08:00:00+00:00,12.5,18.59,23.18,1035.68,62.59,10.08,2.93,89.05
2383,86688,50.132341,20.115834,289.27,2026-09-30 08:00:00+00:00,2026-09-30 09:00:00+00:00,10.73,15.98,19.3,1035.82,77.5,13.3,5.83,90.31
2384,86688,50.132341,20.115834,289.27,2026-09-30 09:00:00+00:00,2026-09-30 10:00:00+00:00,8.12,11.76,14.07,1035.72,64.04,16.19,6.96,98.47
2385,86688,50.132341,20.115834,289.27,2026-09-30 10:00:00+00:00,2026-09-30 11:00:00+00:00,6.71,9.61,11.26,1035.59,66.12,19.02,7.66,105.0
2386,86688,50.132341,20.115834,289.27,2026-09-30 11:00:00+00:00,2026-09-30 12:00:00+00:00,5.7,7.23,8.57,1035.01,62.17,22.64,6.34,89.0
2387,86688,50.132341,20.115834,289.27,2026-09-30 12:00:00+00:00,2026-09-30 13:00:00+00:00,4.39,5.42,6.36,1034.45,62.81,24.08,6.97,93.62
2388,86688,50.132341,20.115834,289.27,2026-09-30 13:00:00+00:00,2026-09-30 14:00:00+00:00,3.78,4.8,5.7,1034.0,60.44,24.62,10.7,119.58
2389,86688,50.132341,20.115834,289.27,2026-09-30 14:00:00+00:00,2026-09-30 15:00:00+00:00,4.31,6.16,7.34,1033.68,60.88,21.79,11.74,114.26
2390,86688,50.132341,20.115834,289.27,2026-09-30 15:00:00+00:00,2026-09-30 16:00:00+00:00,5.41,7.81,9.36,1033.56,63.5,20.12,12.76,102.0
2391,86688,50.132341,20.115834,289.27,2026-09-30 16:00:00+00:00,2026-09-30 17:00:00+00:00,9.71,14.89,19.41,1033.62,58.25,18.09,13.0,93.33
2392,86688,50.132341,20.115834,289.27,2026-09-30 17:00:00+00:00,2026-09-30 18:00:00+00:00,8.9,13.48,16.4,1033.82,69.32,16.15,11.46,96.05
2393,86688,50.132341,20.115834,289.27,2026-09-30 18:00:00+00:00,2026-09-30 19:00:00+00:00,8.12,12.15,14.69,1034.09,68.18,14.67,9.79,97.0
2394,86688,50.132341,20.115834,289.27,2026-09-30 19:00:00+00:00,2026-09-30 20:00:00+00:00,8.69,13.2,15.84,1034.3,63.16,13.69,9.02,96.78
2395,86688,50.132341,20.115834,289.27,2026-09-30 20:00:00+00:00,2026-09-30 21:00:00+00:00,9.16,13.89,16.66,1034.47,76.42,12.25,8.25,92.52
2396,86688,50.132341,20.115834,289.27,2026-09-30 21:00:00+00:00,2026-09-30 22:00:00+00:00,9.26,14.16,16.88,1034.46,82.75,11.32,7.87,84.84
2397,86688,50.132341,20.115834,289.27,2026-09-30 22:00:00+00:00,2026-09-30 23:00:00+00:00,8.85,13.73,16.47,1034.52,76.94,10.26,5.47,86.7
2398,86688,50.132341,20.115834,289.27,2026-09-30 23:00:00+00:00,2026-10-01 00:00:00+00:00,9.15,14.12,17.0,1034.61,61.69,9.73,7.18,71.9
2399,86688,50.132341,20.115834,289.27,2026-10-01 00:00:00+00:00,2026-10-01 01:00:00+00:00,9.45,14.63,17.7,1034.44,64.14,9.09,4.75,76.08
2400,86901,50.044067,19.998804,197.37,2026-09-30 01:00:00+00:00,2026-09-30 02:00:00+00:00,,,,,,,,
2401,86901,50.044067,19.998804,197.37,2026-09-30 02:00:00+00:00,2026-09-30 03:00:00+00:00,,,,,,,,
2402,86901,50.044067,19.998804,197.37,2026-09-30 03:00:00+00:00,2026-09-30 04:00:00+00:00,11.24,16.12,21.3,1029.71,94.12,7.54,1.84,138.0
2403,86901,50.044067,19.998804,197.37,2026-09-30 04:00:00+00:00,2026-09-30 05:00:00+00:00,,,,,,,,
2404,86901,50.044067,19.998804,197.37,2026-09-30 05:00:00+00:00,2026-09-30 06:00:00+00:00,,,,,,,,
2405,86901,50.044067,19.998804,197.37,2026-09-30 06:00:00+00:00,2026-09-30 07:00:00+00:00,,,,,,,,
2406,86901,50.044067,19.998804,197.37,2026-09-30 07:00:00+00:00,2026-09-30 08:00:00+00:00,,,,,,,,
2407,86901,50.044067,19.998804,197.37,2026-09-30 08:00:00+00:00,2026-09-30 09:00:00+00:00,,,,,,,,
2408,86901,50.044067,19.998804,197.37,2026-09-30 09:00:00+00:00,2026-09-30 10:00:00+00:00,,,,,,,,
2409,86901,50.044067,19.998804,197.37,2026-09-30 10:00:00+00:00,2026-09-30 11:00:00+00:00,,,,,,,,
2410,86901,50.044067,19.998804,197.37,2026-09-30 11:00:00+00:00,2026-09-30 12:00:00+00:00,,,,,,,,
2411,86901,50.044067,19.998804,197.37,2026-09-30 12:00:00+00:00,2026-09-30 13:00:00+00:00,,,,,,,,
2412,86901,50.044067,19.998804,197.37,2026-09-30 13:00:00+00:00,2026-09-30 14:00:00+00:00,,,,,,,,
2413,86901,50.044067,19.998804,197.37,2026-09-30 14:00:00+00:00,2026-09-30 15:00:00+00:00,6.63,8.4,10.41,1028.31,50.16,20.64,9.18,83.1
2414,86901,50.044067,19.998804,197.37,2026-09-30 15:00:00+00:00,2026-09-30 16:00:00+00:00,,,,,,,,
2415,86901,50.044067,19.998804,197.37,2026-09-30 16:00:00+00:00,2026-09-30 17:00:00+00:00,,,,,,,,
2416,86901,50.044067,19.998804,197.37,2026-09-30 17:00:00+00:00,2026-09-30 18:00:00+00:00,,,,,,,,
2417,86901,50.044067,19.998804,197.37,2026-09-30 18:00:00+00:00,2026-09-30 19:00:00+00:00,,,,,,,,
2418,86901,50.044067,19.998804,197.37,2026-09-30 19:00:00+00:00,2026-09-30 20:00:00+00:00,,,,,,,,
2419,86901,50.044067,19.998804,197.37,2026-09-30 20:00:00+00:00,2026-09-30 21:00:00+00:00,11.28,15.38,19.31,1028.94,77.06,14.17,7.64,89.62
2420,86901,50.044067,19.998804,197.37,2026-09-30 21:00:00+00:00,2026-09-30 22:00:00+00:00,11.96,16.28,20.39,1029.04,79.82,13.57,6.18,93.0
2421,86901,50.044067,19.998804,197.37,2026-09-30 22:00:00+00:00,2026-09-30 23:00:00+00:00,,,,,,,,
2422,86901,50.044067,19.998804,197.37,2026-09-30 23:00:00+00:00,2026-10-01 00:00:00+00:00,,,,,,,,
2423,86901,50.044067,19.998804,197.37,2026-10-01 00:00:00+00:00,2026-10-01 01:00:00+00:00,,,,,,,,
2424,335,50.160854,19.99761,249.72,2026-09-30 01:00:00+00:00,2026-09-30 02:00:00+00:00,0.85,1.45,1.73,1028.21,68.84,7.05,4.76,71.56
2425,335,50.160854,19.99761,249.72,2026-09-30 02:00:00+00:00,2026-09-30 03:00:00+00:00,0.53,1.0,1.31,1028.22,69.24,6.62,4.29,63.97
2426,335,50.160854,19.99761,249.72,2026-09-30 03:00:00+00:00,2026-09-30 04:00:00+00:00,0.67,1.15,1.56,1028.41,69.56,5.87,4.54,62.37
2427,335,50.160854,19.99761,249.72,2026-09-30 04:00:00+00:00,2026-09-30 05:00:00+00:00,0.9,1.28,1.6,1028.52,69.99,5.47,4.01,54.25
2428,335,50.160854,19.99761,249.72,2026-09-30 05:00:00+00:00,2026-09-30 06:00:00+00:00,0.94,1.5,1.95,1028.75,69.6,5.62,3.88,55.72
2429,335,50.160854,19.99761,249.72,2026-09-30 06:00:00+00:00,2026-09-30 07:00:00+00:00,1.29,1.95,2.54,1028.85,67.78,7.07,4.65,66.0
2430,335,50.160854,19.99761,249.72,2026-09-30 07:00:00+00:00,2026-09-30 08:00:00+00:00,0.94,1.45,1.96,1028.78,60.13,10.26,4.83,80.6
2431,335,50.160854,19.99761,249.72,2026-09-30 08:00:00+00:00,2026-09-30 09:00:00+00:00,0.71,1.06,1.44,1028.65,53.78,13.19,6.32,89.12
2432,335,50.160854,19.99761,249.72,2026-09-30 09:00:00+00:00,2026-09-30 10:00:00+00:00,0.73,1.11,1.47,1028.37,47.94,15.92,8.03,100.16
2433,335,50.160854,19.99761,249.72,2026-09-30 10:00:00+00:00,2026-09-30 11:00:00+00:00,0.61,0.94,1.3,1028.11,42.42,18.22,8.81,106.22
2434,335,50.160854,19.99761,249.72,2026-09-30 11:00:00+00:00,2026-09-30 12:00:00+00:00,0.55,0.85,1.28,1027.09,39.23,21.41,9.72,116.16
2435,335,50.160854,19.99761,249.72,2026-09-30 12:00:00+00:00,2026-09-30 13:00:00+00:00,0.65,1.01,1.46,1026.48,36.88,22.91,10.24,122.11
2436,335,50.160854,19.99761,249.72,2026-09-30 13:00:00+00:00,2026-09-30 14:00:00+00:00,0.33,0.54,0.83,1025.8,35.93,24.26,10.83,123.0
2437,335,50.160854,19.99761,249.72,2026-09-30 14:00:00+00:00,2026-09-30 15:00:00+00:00,0.51,0.79,1.17,1025.44,36.37,24.49,11.0,113.56
2438,335,50.160854,19.99761,249.72,2026-09-30 15:00:00+00:00,2026-09-30 16:00:00+00:00,0.38,0.63,0.99,1025.43,38.84,22.7,11.99,105.42
2439,335,50.160854,19.99761,249.72,2026-09-30 16:00:00+00:00,2026-09-30 17:00:00+00:00,0.64,0.88,1.12,1026.03,42.19,18.69,12.95,97.81
2440,335,50.160854,19.99761,249.72,2026-09-30 17:00:00+00:00,2026-09-30 18:00:00+00:00,1.2,1.81,2.62,1026.54,47.05,15.75,12.6,92.99
2441,335,50.160854,19.99761,249.72,2026-09-30 18:00:00+00:00,2026-09-30 19:00:00+00:00,0.81,1.33,2.02,1026.84,50.56,14.36,12.15,85.96
2442,335,50.160854,19.99761,249.72,2026-09-30 19:00:00+00:00,2026-09-30 20:00:00+00:00,0.33,0.52,0.76,1027.15,53.49,13.43,11.18,85.44
2443,335,50.160854,19.99761,249.72,2026-09-30 20:00:00+00:00,2026-09-30 21:00:00+00:00,0.33,0.56,0.72,1027.49,56.44,12.03,10.24,86.71
2444,335,50.160854,19.99761,249.72,2026-09-30 21:00:00+00:00,2026-09-30 22:00:00+00:00,0.35,0.55,0.7,1027.63,57.8,11.06,8.65,84.29
2445,335,50.160854,19.99761,249.72,2026-09-30 22:00:00+00:00,2026-09-30 23:00:00+00:00,0.34,0.56,0.73,1027.76,59.05,10.47,7.39,74.93
2446,335,50.160854,19.99761,249.72,2026-09-30 23:00:00+00:00,2026-10-01 00:00:00+00:00,0.62,0.93,1.19,1027.87,61.07,9.57,7.45,74.57
2447,335,50.160854,19.99761,249.72,2026-10-01 00:00:00+00:00,2026-10-01 01:00:00+00:00,0.62,0.95,1.23,1027.79,63.3,8.64,7.39,73.97
2448,90388,50.016578,19.909836,224.67,2026-09-30 01:00:00+00:00,2026-09-30 02:00:00+00:00,11.6,18.58,24.12,1027.77,91.32,7.95,2.75,118.59
2449,90388,50.016578,19.909836,224.67,2026-09-30 02:00:00+00:00,2026-09-30 03:00:00+00:00,11.58,18.34,24.2,1027.79,93.01,7.05,2.79,118.84
2450,90388,50.016578,19.909836,224.67,2026-09-30 03:00:00+00:00,2026-09-30 04:00:00+00:00,11.4,18.05,23.65,1027.96,92.51,6.91,2.03,131.34
2451,90388,50.016578,19.909836,224.67,2026-09-30 04:00:00+00:00,2026-09-30 05:00:00+00:00,12.09,19.11,25.01,1028.09,93.54,6.24,2.64,114.67
2452,90388,50.016578,19.909836,224.67,2026-09-30 05:00:00+00:00,2026-09-30 06:00:00+00:00,14.31,22.72,29.99,1028.41,94.78,6.55,3.18,106.89
2453,90388,50.016578,19.909836,224.67,2026-09-30 06:00:00+00:00,2026-09-30 07:00:00+00:00,14.21,22.4,29.29,1028.65,91.42,8.1,3.03,101.89
2454,90388,50.016578,19.909836,224.67,2026-09-30 07:00:00+00:00,2026-09-30 08:00:00+00:00,13.67,21.37,27.65,1028.85,84.82,10.2,3.15,80.97
2455,90388,50.016578,19.909836,224.67,2026-09-30 08:00:00+00:00,2026-09-30 09:00:00+00:00,10.43,16.23,21.04,1028.93,75.34,12.7,4.95,71.88
2456,90388,50.016578,19.909836,224.67,2026-09-30 09:00:00+00:00,2026-09-30 10:00:00+00:00,8.51,13.01,16.37,1028.78,66.48,15.35,5.88,70.33
2457,90388,50.016578,19.909836,224.67,2026-09-30 10:00:00+00:00,2026-09-30 11:00:00+00:00,7.56,11.55,14.65,1028.73,59.94,17.13,6.51,74.18
2458,90388,50.016578,19.909836,224.67,2026-09-30 11:00:00+00:00,2026-09-30 12:00:00+00:00,6.25,9.58,11.79,1028.27,54.44,18.66,7.07,80.8
2459,90388,50.016578,19.909836,224.67,2026-09-30 12:00:00+00:00,2026-09-30 13:00:00+00:00,4.95,7.41,9.2,1027.78,50.17,19.73,8.22,78.95
2460,90388,50.016578,19.909836,224.67,2026-09-30 13:00:00+00:00,2026-09-30 14:00:00+00:00,3.84,5.89,7.19,1027.22,47.01,20.5,8.81,80.63
2461,90388,50.016578,19.909836,224.67,2026-09-30 14:00:00+00:00,2026-09-30 15:00:00+00:00,3.8,5.83,7.2,1026.76,47.28,20.61,9.17,76.75
2462,90388,50.016578,19.909836,224.67,2026-09-30 15:00:00+00:00,2026-09-30 16:00:00+00:00,4.32,6.69,8.43,1026.56,51.79,19.77,10.01,73.81
2463,90388,50.016578,19.909836,224.67,2026-09-30 16:00:00+00:00,2026-09-30 17:00:00+00:00,4.7,6.92,8.76,1026.49,56.64,18.26,10.73,78.59
2464,90388,50.016578,19.909836,224.67,2026-09-30 17:00:00+00:00,2026-09-30 18:00:00+00:00,5.03,7.84,10.01,1026.7,61.56,16.42,10.46,87.19
2465,90388,50.016578,19.909836,224.67,2026-09-30 18:00:00+00:00,2026-09-30 19:00:00+00:00,6.8,10.51,13.29,1026.96,67.85,14.67,9.56,88.09
2466,90388,50.016578,19.909836,224.67,2026-09-30 19:00:00+00:00,2026-09-30 20:00:00+00:00,7.97,12.54,15.87,1027.21,72.88,13.33,8.71,85.47
2467,90388,50.016578,19.909836,224.67,2026-09-30 20:00:00+00:00,2026-09-30 21:00:00+00:00,8.83,13.83,17.96,1027.48,77.72,12.09,7.64,81.84
2468,90388,50.016578,19.909836,224.67,2026-09-30 21:00:00+00:00,2026-09-30 22:00:00+00:00,9.3,14.32,18.5,1027.64,80.66,11.26,6.25,80.48
2469,90388,50.016578,19.909836,224.67,2026-09-30 22:00:00+00:00,2026-09-30 23:00:00+00:00,9.43,15.16,19.88,1027.65,84.26,10.31,5.33,85.0
2470,90388,50.016578,19.909836,224.67,2026-09-30 23:00:00+00:00,2026-10-01 00:00:00+00:00,9.63,15.26,19.86,1027.62,86.91,9.76,5.14,82.11
2471,90388,50.016578,19.909836,224.67,2026-10-01 00:00:00+00:00,2026-10-01 01:00:00+00:00,9.27,14.76,18.63,1027.49,88.03,9.39,4.97,79.61
2472,86800,49.99848,19.902375,243.07,2026-09-30 01:00:00+00:00,2026-09-30 02:00:00+00:00,,,,,,,,
2473,86800,49.99848,19.902375,243.07,2026-09-30 02:00:00+00:00,2026-09-30 03:00:00+00:00,,,,,,,,
2474,86800,49.99848,19.902375,243.07,2026-09-30 03:00:00+00:00,2026-09-30 04:00:00+00:00,,,,,,,,
2475,86800,49.99848,19.902375,243.07,2026-09-30 04:00:00+00:00,2026-09-30 05:00:00+00:00,,,,,,,,
2476,86800,49.99848,19.902375,243.07,2026-09-30 05:00:00+00:00,2026-09-30 06:00:00+00:00,,,,,,,,
2477,86800,49.99848,19.902375,243.07,2026-09-30 06:00:00+00:00,2026-09-30 07:00:00+00:00,,,,,,,,
2478,86800,49.99848,19.902375,243.07,2026-09-30 07:00:00+00:00,2026-09-30 08:00:00+00:00,,,,,,,,
2479,86800,49.99848,19.902375,243.07,2026-09-30 08:00:00+00:00,2026-09-30 09:00:00+00:00,,,,,,,,
2480,86800,49.99848,19.902375,243.07,2026-09-30 09:00:00+00:00,2026-09-30 10:00:00+00:00,,,,,,,,
2481,86800,49.99848,19.902375,243.07,2026-09-30 10:00:00+00:00,2026-09-30 11:00:00+00:00,,,,,,,,
2482,86800,49.99848,19.902375,243.07,2026-09-30 11:00:00+00:00,2026-09-30 12:00:00+00:00,,,,,,,,
2483,86800,49.99848,19.902375,243.07,2026-09-30 12:00:00+00:00,2026-09-30 13:00:00+00:00,,,,,,,,
2484,86800,49.99848,19.902375,243.07,2026-09-30 13:00:00+00:00,2026-09-30 14:00:00+00:00,,,,,,,,
2485,86800,49.99848,19.902375,243.07,2026-09-30 14:00:00+00:00,2026-09-30 15:00:00+00:00,,,,,,,,
2486,86800,49.99848,19.902375,243.07,2026-09-30 15:00:00+00:00,2026-09-30 16:00:00+00:00,,,,,,,,
2487,86800,49.99848,19.902375,243.07,2026-09-30 16:00:00+00:00,2026-09-30 17:00:00+00:00,,,,,,,,
2488,86800,49.99848,19.902375,243.07,2026-09-30 17:00:00+00:00,2026-09-30 18:00:00+00:00,,,,,,,,
2489,86800,49.99848,19.902375,243.07,2026-09-30 18:00:00+00:00,2026-09-30 19:00:00+00:00,,,,,,,,
2490,86800,49.99848,19.902375,243.07,2026-09-30 19:00:00+00:00,2026-09-30 20:00:00+00:00,,,,,,,,
2491,86800,49.99848,19.902375,243.07,2026-09-30 20:00:00+00:00,2026-09-30 21:00:00+00:00,,,,,,,,
2492,86800,49.99848,19.902375,243.07,2026-09-30 21:00:00+00:00,2026-09-30 22:00:00+00:00,,,,,,,,
2493,86800,49.99848,19.902375,243.07,2026-09-30 22:00:00+00:00,2026-09-30 23:00:00+00:00,,,,,,,,
2494,86800,49.99848,19.902375,243.07,2026-09-30 23:00:00+00:00,2026-10-01 00:00:00+00:00,,,,,,,,
2495,86800,49.99848,19.902375,243.07,2026-10-01 00:00:00+00:00,2026-10-01 01:00:00+00:00,,,,,,,,
2496,37818,50.066747,19.962083,208.91,2026-09-30 01:00:00+00:00,2026-09-30 02:00:00+00:00,,,,,,,,
2497,37818,50.066747,19.962083,208.91,2026-09-30 02:00:00+00:00,2026-09-30 03:00:00+00:00,,,,,,,,
2498,37818,50.066747,19.962083,208.91,2026-09-30 03:00:00+00:00,2026-09-30 04:00:00+00:00,,,,,,,,
2499,37818,50.066747,19.962083,208.91,2026-09-30 04:00:00+00:00,2026-09-30 05:00:00+00:00,,,,,,,,
2500,37818,50.066747,19.962083,208.91,2026-09-30 05:00:00+00:00,2026-09-30 06:00:00+00:00,,,,,,,,
2501,37818,50.066747,19.962083,208.91,2026-09-30 06:00:00+00:00,2026-09-30 07:00:00+00:00,,,,,,,,
2502,37818,50.066747,19.962083,208.91,2026-09-30 07:00:00+00:00,2026-09-30 08:00:00+00:00,,,,,,,,
2503,37818,50.066747,19.962083,208.91,2026-09-30 08:00:00+00:00,2026-09-30 09:00:00+00:00,,,,,,,,
2504,37818,50.066747,19.962083,208.91,2026-09-30 09:00:00+00:00,2026-09-30 10:00:00+00:00,,,,,,,,
2505,37818,50.066747,19.962083,208.91,2026-09-30 10:00:00+00:00,2026-09-30 11:00:00+00:00,,,,,,,,
2506,37818,50.066747,19.962083,208.91,2026-09-30 11:00:00+00:00,2026-09-30 12:00:00+00:00,,,,,,,,
2507,37818,50.066747,19.962083,208.91,2026-09-30 12:00:00+00:00,2026-09-30 13:00:00+00:00,,,,,,,,
2508,37818,50.066747,19.962083,208.91,2026-09-30 13:00:00+00:00,2026-09-30 14:00:00+00:00,,,,,,,,
2509,37818,50.066747,19.962083,208.91,2026-09-30 14:00:00+00:00,2026-09-30 15:00:00+00:00,,,,,,,,
2510,37818,50.066747,19.962083,208.91,2026-09-30 15:00:00+00:00,2026-09-30 16:00:00+00:00,,,,,,,,
2511,37818,50.066747,19.962083,208.91,2026-09-30 16:00:00+00:00,2026-09-30 17:00:00+00:00,,,,,,,,
2512,37818,50.066747,19.962083,208.91,2026-09-30 17:00:00+00:00,2026-09-30 18:00:00+00:00,,,,,,,,
2513,37818,50.066747,19.962083,208.91,2026-09-30 18:00:00+00:00,2026-09-30 19:00:00+00:00,,,,,,,,
2514,37818,50.066747,19.962083,208.91,2026-09-30 19:00:00+00:00,2026-09-30 20:00:00+00:00,,,,,,,,
2515,37818,50.066747,19.962083,208.91,2026-09-30 20:00:00+00:00,2026-09-30 21:00:00+00:00,,,,,,,,
2516,37818,50.066747,19.962083,208.91,2026-09-30 21:00:00+00:00,2026-09-30 22:00:00+00:00,,,,,,,,
2517,37818,50.066747,19.962083,208.91,2026-09-30 22:00:00+00:00,2026-09-30 23:00:00+00:00,,,,,,,,
2518,37818,50.066747,19.962083,208.91,2026-09-30 23:00:00+00:00,2026-10-01 00:00:00+00:00,,,,,,,,
2519,37818,50.066747,19.962083,208.91,2026-10-01 00:00:00+00:00,2026-10-01 01:00:00+00:00,,,,,,,,
2520,7656,49.960396,19.899989,284.71,2026-09-30 01:00:00+00:00,2026-09-30 02:00:00+00:00,11.12,14.77,17.33,1027.45,93.13,7.91,2.75,118.59
2521,7656,49.960396,19.899989,284.71,2026-09-30 02:00:00+00:00,2026-09-30 03:00:00+00:00,11.79,16.11,19.12,1027.56,94.5,6.81,2.79,118.84
2522,7656,49.960396,19.899989,284.71,2026-09-30 03:00:00+00:00,2026-09-30 04:00:00+00:00,12.75,18.0,21.64,1027.58,94.75,6.87,2.03,131.34
2523,7656,49.960396,19.899989,284.71,2026-09-30 04:00:00+00:00,2026-09-30 05:00:00+00:00,12.53,17.86,21.35,1027.69,95.38,6.28,2.64,114.67
2524,7656,49.960396,19.899989,284.71,2026-09-30 05:00:00+00:00,2026-09-30 06:00:00+00:00,13.3,18.97,23.41,1028.0,95.5,6.39,3.06,108.36
2525,7656,49.960396,19.899989,284.71,2026-09-30 06:00:00+00:00,2026-09-30 07:00:00+00:00,,,,,,,,
2526,7656,49.960396,19.899989,284.71,2026-09-30 07:00:00+00:00,2026-09-30 08:00:00+00:00,,,,,,,,
2527,7656,49.960396,19.899989,284.71,2026-09-30 08:00:00+00:00,2026-09-30 09:00:00+00:00,,,,,,,,
2528,7656,49.960396,19.899989,284.71,2026-09-30 09:00:00+00:00,2026-09-30 10:00:00+00:00,,,,,,,,
2529,7656,49.960396,19.899989,284.71,2026-09-30 10:00:00+00:00,2026-09-30 11:00:00+00:00,,,,,,,,
2530,7656,49.960396,19.899989,284.71,2026-09-30 11:00:00+00:00,2026-09-30 12:00:00+00:00,,,,,,,,
2531,7656,49.960396,19.899989,284.71,2026-09-30 12:00:00+00:00,2026-09-30 13:00:00+00:00,,,,,,,,
2532,7656,49.960396,19.899989,284.71,2026-09-30 13:00:00+00:00,2026-09-30 14:00:00+00:00,,,,,,,,
2533,7656,49.960396,19.899989,284.71,2026-09-30 14:00:00+00:00,2026-09-30 15:00:00+00:00,,,,,,,,
2534,7656,49.960396,19.899989,284.71,2026-09-30 15:00:00+00:00,2026-09-30 16:00:00+00:00,,,,,,,,
2535,7656,49.960396,19.899989,284.71,2026-09-30 16:00:00+00:00,2026-09-30 17:00:00+00:00,,,,,,,,
2536,7656,49.960396,19.899989,284.71,2026-09-30 17:00:00+00:00,2026-09-30 18:00:00+00:00,,,,,,,,
2537,7656,49.960396,19.899989,284.71,2026-09-30 18:00:00+00:00,2026-09-30 19:00:00+00:00,,,,,,,,
2538,7656,49.960396,19.899989,284.71,2026-09-30 19:00:00+00:00,2026-09-30 20:00:00+00:00,,,,,,,,
2539,7656,49.960396,19.899989,284.71,2026-09-30 20:00:00+00:00,2026-09-30 21:00:00+00:00,,,,,,,,
2540,7656,49.960396,19.899989,284.71,2026-09-30 21:00:00+00:00,2026-09-30 22:00:00+00:00,,,,,,,,
2541,7656,49.960396,19.899989,284.71,2026-09-30 22:00:00+00:00,2026-09-30 23:00:00+00:00,,,,,,,,
2542,7656,49.960396,19.899989,284.71,2026-09-30 23:00:00+00:00,2026-10-01 00:00:00+00:00,,,,,,,,
2543,7656,49.960396,19.899989,284.71,2026-10-01 00:00:00+00:00,2026-10-01 01:00:00+00:00,,,,,,,,
2544,7386,50.036109,20.100615,192.99,2026-09-30 01:00:00+00:00,2026-09-30 02:00:00+00:00,0.52,0.99,1.17,1025.99,90.04,6.77,2.15,153.34
2545,7386,50.036109,20.100615,192.99,2026-09-30 02:00:00+00:00,2026-09-30 03:00:00+00:00,0.42,0.77,0.91,1026.09,81.28,6.13,2.06,172.61
2546,7386,50.036109,20.100615,192.99,2026-09-30 03:00:00+00:00,2026-09-30 04:00:00+00:00,0.29,0.83,1.03,1026.3,87.1,5.68,1.65,173.33
2547,7386,50.036109,20.100615,192.99,2026-09-30 04:00:00+00:00,2026-09-30 05:00:00+00:00,0.4,0.85,0.96,1026.48,79.72,5.28,1.45,171.63
2548,7386,50.036109,20.100615,192.99,2026-09-30 05:00:00+00:00,2026-09-30 06:00:00+00:00,0.57,0.93,1.07,1026.77,85.3,5.44,1.43,147.86
2549,7386,50.036109,20.100615,192.99,2026-09-30 06:00:00+00:00,2026-09-30 07:00:00+00:00,0.54,0.94,1.1,1027.02,72.39,6.9,1.64,123.32
2550,7386,50.036109,20.100615,192.99,2026-09-30 07:00:00+00:00,2026-09-30 08:00:00+00:00,0.21,0.46,0.54,1027.2,65.24,9.39,2.17,86.65
2551,7386,50.036109,20.100615,192.99,2026-09-30 08:00:00+00:00,2026-09-30 09:00:00+00:00,0.14,0.39,0.46,1027.16,74.66,12.28,3.57,73.68
2552,7386,50.036109,20.100615,192.99,2026-09-30 09:00:00+00:00,2026-09-30 10:00:00+00:00,0.07,0.23,0.28,1026.96,49.73,15.05,4.73,73.37
2553,7386,50.036109,20.100615,192.99,2026-09-30 10:00:00+00:00,2026-09-30 11:00:00+00:00,0.17,0.44,0.52,1026.73,45.89,17.17,5.46,79.37
2554,7386,50.036109,20.100615,192.99,2026-09-30 11:00:00+00:00,2026-09-30 12:00:00+00:00,0.24,0.57,0.66,1026.13,62.27,19.31,6.18,91.41
2555,7386,50.036109,20.100615,192.99,2026-09-30 12:00:00+00:00,2026-09-30 13:00:00+00:00,0.04,0.14,0.18,1025.55,51.51,21.76,7.28,103.58
2556,7386,50.036109,20.100615,192.99,2026-09-30 13:00:00+00:00,2026-09-30 14:00:00+00:00,0.1,0.36,0.4,1025.0,41.21,24.61,8.42,105.0
2557,7386,50.036109,20.100615,192.99,2026-09-30 14:00:00+00:00,2026-09-30 15:00:00+00:00,0.16,0.39,0.46,1024.53,38.66,24.85,10.2,96.62
2558,7386,50.036109,20.100615,192.99,2026-09-30 15:00:00+00:00,2026-09-30 16:00:00+00:00,0.23,0.52,0.58,1024.33,39.77,22.09,11.36,90.41
2559,7386,50.036109,20.100615,192.99,2026-09-30 16:00:00+00:00,2026-09-30 17:00:00+00:00,0.08,0.17,0.25,1024.38,54.37,18.34,11.98,90.47
2560,7386,50.036109,20.100615,192.99,2026-09-30 17:00:00+00:00,2026-09-30 18:00:00+00:00,0.45,1.27,1.58,1024.66,58.04,15.93,10.96,96.84
2561,7386,50.036109,20.100615,192.99,2026-09-30 18:00:00+00:00,2026-09-30 19:00:00+00:00,0.75,1.71,2.17,1024.94,59.84,14.29,9.68,98.89
2562,7386,50.036109,20.100615,192.99,2026-09-30 19:00:00+00:00,2026-09-30 20:00:00+00:00,0.45,0.87,0.99,1025.14,57.61,13.13,8.79,99.94
2563,7386,50.036109,20.100615,192.99,2026-09-30 20:00:00+00:00,2026-09-30 21:00:00+00:00,0.28,0.58,0.65,1025.38,69.47,11.68,7.35,106.1
2564,7386,50.036109,20.100615,192.99,2026-09-30 21:00:00+00:00,2026-09-30 22:00:00+00:00,0.2,0.51,0.57,1025.47,79.8,10.91,6.22,101.18
2565,7386,50.036109,20.100615,192.99,2026-09-30 22:00:00+00:00,2026-09-30 23:00:00+00:00,0.35,0.61,0.71,1025.6,65.97,10.06,4.98,92.3
2566,7386,50.036109,20.100615,192.99,2026-09-30 23:00:00+00:00,2026-10-01 00:00:00+00:00,0.38,0.62,0.69,1025.7,63.51,9.29,4.59,82.07
2567,7386,50.036109,20.100615,192.99,2026-10-01 00:00:00+00:00,2026-10-01 01:00:00+00:00,0.24,0.5,0.57,1025.57,69.86,8.75,4.19,76.1
2568,86610,50.170006,19.936647,353.61,2026-09-30 01:00:00+00:00,2026-09-30 02:00:00+00:00,,,,,,,,
2569,86610,50.170006,19.936647,353.61,2026-09-30 02:00:00+00:00,2026-09-30 03:00:00+00:00,,,,,,,,
2570,86610,50.170006,19.936647,353.61,2026-09-30 03:00:00+00:00,2026-09-30 04:00:00+00:00,,,,,,,,
2571,86610,50.170006,19.936647,353.61,2026-09-30 04:00:00+00:00,2026-09-30 05:00:00+00:00,,,,,,,,
2572,86610,50.170006,19.936647,353.61,2026-09-30 05:00:00+00:00,2026-09-30 06:00:00+00:00,,,,,,,,
2573,86610,50.170006,19.936647,353.61,2026-09-30 06:00:00+00:00,2026-09-30 07:00:00+00:00,,,,,,,,
2574,86610,50.170006,19.936647,353.61,2026-09-30 07:00:00+00:00,2026-09-30 08:00:00+00:00,,,,,,,,
2575,86610,50.170006,19.936647,353.61,2026-09-30 08:00:00+00:00,2026-09-30 09:00:00+00:00,,,,,,,,
2576,86610,50.170006,19.936647,353.61,2026-09-30 09:00:00+00:00,2026-09-30 10:00:00+00:00,,,,,,,,
2577,86610,50.170006,19.936647,353.61,2026-09-30 10:00:00+00:00,2026-09-30 11:00:00+00:00,,,,,,,,
2578,86610,50.170006,19.936647,353.61,2026-09-30 11:00:00+00:00,2026-09-30 12:00:00+00:00,,,,,,,,
2579,86610,50.170006,19.936647,353.61,2026-09-30 12:00:00+00:00,2026-09-30 13:00:00+00:00,,,,,,,,
2580,86610,50.170006,19.936647,353.61,2026-09-30 13:00:00+00:00,2026-09-30 14:00:00+00:00,,,,,,,,
2581,86610,50.170006,19.936647,353.61,2026-09-30 14:00:00+00:00,2026-09-30 15:00:00+00:00,,,,,,,,
2582,86610,50.170006,19.936647,353.61,2026-09-30 15:00:00+00:00,2026-09-30 16:00:00+00:00,,,,,,,,
2583,86610,50.170006,19.936647,353.61,2026-09-30 16:00:00+00:00,2026-09-30 17:00:00+00:00,,,,,,,,
2584,86610,50.170006,19.936647,353.61,2026-09-30 17:00:00+00:00,2026-09-30 18:00:00+00:00,,,,,,,,
2585,86610,50.170006,19.936647,353.61,2026-09-30 18:00:00+00:00,2026-09-30 19:00:00+00:00,,,,,,,,
2586,86610,50.170006,19.936647,353.61,2026-09-30 19:00:00+00:00,2026-09-30 20:00:00+00:00,,,,,,,,
2587,86610,50.170006,19.936647,353.61,2026-09-30 20:00:00+00:00,2026-09-30 21:00:00+00:00,,,,,,,,
2588,86610,50.170006,19.936647,353.61,2026-09-30 21:00:00+00:00,2026-09-30 22:00:00+00:00,,,,,,,,
2589,86610,50.170006,19.936647,353.61,2026-09-30 22:00:00+00:00,2026-09-30 23:00:00+00:00,,,,,,,,
2590,86610,50.170006,19.936647,353.61,2026-09-30 23:00:00+00:00,2026-10-01 00:00:00+00:00,,,,,,,,
2591,86610,50.170006,19.936647,353.61,2026-10-01 00:00:00+00:00,2026-10-01 01:00:00+00:00,,,,,,,,
2592,5651,50.1167,19.91429,245.2,2026-09-30 01:00:00+00:00,2026-09-30 02:00:00+00:00,,,,,,,,
2593,5651,50.1167,19.91429,245.2,2026-09-30 02:00:00+00:00,2026-09-30 03:00:00+00:00,,,,,,,,
2594,5651,50.1167,19.91429,245.2,2026-09-30 03:00:00+00:00,2026-09-30 04:00:00+00:00,,,,,,,,
2595,5651,50.1167,19.91429,245.2,2026-09-30 04:00:00+00:00,2026-09-30 05:00:00+00:00,,,,,,,,
2596,5651,50.1167,19.91429,245.2,2026-09-30 05:00:00+00:00,2026-09-30 06:00:00+00:00,,,,,,,,
2597,5651,50.1167,19.91429,245.2,2026-09-30 06:00:00+00:00,2026-09-30 07:00:00+00:00,,,,,,,,
2598,5651,50.1167,19.91429,245.2,2026-09-30 07:00:00+00:00,2026-09-30 08:00:00+00:00,,,,,,,,
2599,5651,50.1167,19.91429,245.2,2026-09-30 08:00:00+00:00,2026-09-30 09:00:00+00:00,,,,,,,,
2600,5651,50.1167,19.91429,245.2,2026-09-30 09:00:00+00:00,2026-09-30 10:00:00+00:00,,,,,,,,
2601,5651,50.1167,19.91429,245.2,2026-09-30 10:00:00+00:00,2026-09-30 11:00:00+00:00,,,,,,,,
2602,5651,50.1167,19.91429,245.2,2026-09-30 11:00:00+00:00,2026-09-30 12:00:00+00:00,,,,,,,,
2603,5651,50.1167,19.91429,245.2,2026-09-30 12:00:00+00:00,2026-09-30 13:00:00+00:00,,,,,,,,
2604,5651,50.1167,19.91429,245.2,2026-09-30 13:00:00+00:00,2026-09-30 14:00:00+00:00,,,,,,,,
2605,5651,50.1167,19.91429,245.2,2026-09-30 14:00:00+00:00,2026-09-30 15:00:00+00:00,,,,,,,,
2606,5651,50.1167,19.91429,245.2,2026-09-30 15:00:00+00:00,2026-09-30 16:00:00+00:00,,,,,,,,
2607,5651,50.1167,19.91429,245.2,2026-09-30 16:00:00+00:00,2026-09-30 17:00:00+00:00,,,,,,,,
2608,5651,50.1167,19.91429,245.2,2026-09-30 17:00:00+00:00,2026-09-30 18:00:00+00:00,,,,,,,,
2609,5651,50.1167,19.91429,245.2,2026-09-30 18:00:00+00:00,2026-09-30 19:00:00+00:00,,,,,,,,
2610,5651,50.1167,19.91429,245.2,2026-09-30 19:00:00+00:00,2026-09-30 20:00:00+00:00,,,,,,,,
2611,5651,50.1167,19.91429,245.2,2026-09-30 20:00:00+00:00,2026-09-30 21:00:00+00:00,,,,,,,,
2612,5651,50.1167,19.91429,245.2,2026-09-30 21:00:00+00:00,2026-09-30 22:00:00+00:00,,,,,,,,
2613,5651,50.1167,19.91429,245.2,2026-09-30 22:00:00+00:00,2026-09-30 23:00:00+00:00,,,,,,,,
2614,5651,50.1167,19.91429,245.2,2026-09-30 23:00:00+00:00,2026-10-01 00:00:00+00:00,,,,,,,,
2615,5651,50.1167,19.91429,245.2,2026-10-01 00:00:00+00:00,2026-10-01 01:00:00+00:00,,,,,,,,
2616,7768,49.970348,19.944985,232.77,2026-09-30 01:00:00+00:00,2026-09-30 02:00:00+00:00,,,,,,,,
2617,7768,49.970348,19.944985,232.77,2026-09-30 02:00:00+00:00,2026-09-30 03:00:00+00:00,,,,,,,,
2618,7768,49.970348,19.944985,232.77,2026-09-30 03:00:00+00:00,2026-09-30 04:00:00+00:00,,,,,,,,
2619,7768,49.970348,19.944985,232.77,2026-09-30 04:00:00+00:00,2026-09-30 05:00:00+00:00,,,,,,,,
2620,7768,49.970348,19.944985,232.77,2026-09-30 05:00:00+00:00,2026-09-30 06:00:00+00:00,,,,,,,,
2621,7768,49.970348,19.944985,232.77,2026-09-30 06:00:00+00:00,2026-09-30 07:00:00+00:00,,,,,,,,
2622,7768,49.970348,19.944985,232.77,2026-09-30 07:00:00+00:00,2026-09-30 08:00:00+00:00,,,,,,,,
2623,7768,49.970348,19.944985,232.77,2026-09-30 08:00:00+00:00,2026-09-30 09:00:00+00:00,,,,,,,,
2624,7768,49.970348,19.944985,232.77,2026-09-30 09:00:00+00:00,2026-09-30 10:00:00+00:00,,,,,,,,
2625,7768,49.970348,19.944985,232.77,2026-09-30 10:00:00+00:00,2026-09-30 11:00:00+00:00,,,,,,,,
2626,7768,49.970348,19.944985,232.77,2026-09-30 11:00:00+00:00,2026-09-30 12:00:00+00:00,,,,,,,,
2627,7768,49.970348,19.944985,232.77,2026-09-30 12:00:00+00:00,2026-09-30 13:00:00+00:00,,,,,,,,
2628,7768,49.970348,19.944985,232.77,2026-09-30 13:00:00+00:00,2026-09-30 14:00:00+00:00,,,,,,,,
2629,7768,49.970348,19.944985,232.77,2026-09-30 14:00:00+00:00,2026-09-30 15:00:00+00:00,,,,,,,,
2630,7768,49.970348,19.944985,232.77,2026-09-30 15:00:00+00:00,2026-09-30 16:00:00+00:00,,,,,,,,
2631,7768,49.970348,19.944985,232.77,2026-09-30 16:00:00+00:00,2026-09-30 17:00:00+00:00,,,,,,,,
2632,7768,49.970348,19.944985,232.77,2026-09-30 17:00:00+00:00,2026-09-30 18:00:00+00:00,,,,,,,,
2633,7768,49.970348,19.944985,232.77,2026-09-30 18:00:00+00:00,2026-09-30 19:00:00+00:00,,,,,,,,
2634,7768,49.970348,19.944985,232.77,2026-09-30 19:00:00+00:00,2026-09-30 20:00:00+00:00,,,,,,,,
2635,7768,49.970348,19.944985,232.77,2026-09-30 20:00:00+00:00,2026-09-30 21:00:00+00:00,,,,,,,,
2636,7768,49.970348,19.944985,232.77,2026-09-30 21:00:00+00:00,2026-09-30 22:00:00+00:00,,,,,,,,
2637,7768,49.970348,19.944985,232.77,2026-09-30 22:00:00+00:00,2026-09-30 23:00:00+00:00,,,,,,,,
2638,7768,49.970348,19.944985,232.77,2026-09-30 23:00:00+00:00,2026-10-01 00:00:00+00:00,,,,,,,,
2639,7768,49.970348,19.944985,232.77,2026-10-01 00:00:00+00:00,2026-10-01 01:00:00+00:00,,,,,,,,
2640,86904,50.073094,19.88675,205.58,2026-09-30 01:00:00+00:00,2026-09-30 02:00:00+00:00,14.7,20.07,25.68,1028.49,68.79,7.88,2.76,115.56
2641,86904,50.073094,19.88675,205.58,2026-09-30 02:00:00+00:00,2026-09-30 03:00:00+00:00,13.02,17.96,22.93,1028.52,70.55,7.07,2.29,116.57
2642,86904,50.073094,19.88675,205.58,2026-09-30 03:00:00+00:00,2026-09-30 04:00:00+00:00,12.29,17.16,21.64,1028.64,70.3,6.67,2.06,126.31
2643,86904,50.073094,19.88675,205.58,2026-09-30 04:00:00+00:00,2026-09-30 05:00:00+00:00,12.18,16.95,21.74,1028.81,70.91,6.16,2.1,126.87
2644,86904,50.073094,19.88675,205.58,2026-09-30 05:00:00+00:00,2026-09-30 06:00:00+00:00,12.96,17.73,22.48,1029.12,71.06,6.83,2.25,112.29
2645,86904,50.073094,19.88675,205.58,2026-09-30 06:00:00+00:00,2026-09-30 07:00:00+00:00,13.88,19.62,25.64,1029.4,66.5,9.04,4.76,62.24
2646,86904,50.073094,19.88675,205.58,2026-09-30 07:00:00+00:00,2026-09-30 08:00:00+00:00,11.17,15.5,20.88,1029.87,61.59,15.29,4.58,72.0
2647,86904,50.073094,19.88675,205.58,2026-09-30 08:00:00+00:00,2026-09-30 09:00:00+00:00,9.42,13.02,16.58,1030.03,56.41,18.1,5.24,71.79
2648,86904,50.073094,19.88675,205.58,2026-09-30 09:00:00+00:00,2026-09-30 10:00:00+00:00,8.59,11.44,14.18,1029.88,50.43,19.88,5.62,70.35
2649,86904,50.073094,19.88675,205.58,2026-09-30 10:00:00+00:00,2026-09-30 11:00:00+00:00,7.16,9.47,11.65,1029.62,44.97,20.24,6.63,76.91
2650,86904,50.073094,19.88675,205.58,2026-09-30 11:00:00+00:00,2026-09-30 12:00:00+00:00,6.98,9.13,11.44,1029.06,39.9,20.29,8.68,101.33
2651,86904,50.073094,19.88675,205.58,2026-09-30 12:00:00+00:00,2026-09-30 13:00:00+00:00,7.19,9.52,11.74,1028.54,37.68,21.13,7.66,84.0
2652,86904,50.073094,19.88675,205.58,2026-09-30 13:00:00+00:00,2026-09-30 14:00:00+00:00,5.69,7.48,9.18,1028.0,36.32,21.43,8.31,83.65
2653,86904,50.073094,19.88675,205.58,2026-09-30 14:00:00+00:00,2026-09-30 15:00:00+00:00,5.1,6.47,8.02,1027.53,36.3,21.44,9.17,81.0
2654,86904,50.073094,19.88675,205.58,2026-09-30 15:00:00+00:00,2026-09-30 16:00:00+00:00,6.11,7.82,9.81,1027.31,38.41,20.39,10.44,87.98
2655,86904,50.073094,19.88675,205.58,2026-09-30 16:00:00+00:00,2026-09-30 17:00:00+00:00,6.36,8.49,10.73,1027.22,42.55,18.47,11.7,90.35
2656,86904,50.073094,19.88675,205.58,2026-09-30 17:00:00+00:00,2026-09-30 18:00:00+00:00,7.1,9.32,11.74,1027.36,46.94,16.58,10.73,88.13
2657,86904,50.073094,19.88675,205.58,2026-09-30 18:00:00+00:00,2026-09-30 19:00:00+00:00,7.97,10.61,13.49,1027.57,51.55,15.03,9.52,88.32
2658,86904,50.073094,19.88675,205.58,2026-09-30 19:00:00+00:00,2026-09-30 20:00:00+00:00,8.52,12.14,15.2,1027.77,53.54,14.21,9.06,85.0
2659,86904,50.073094,19.88675,205.58,2026-09-30 20:00:00+00:00,2026-09-30 21:00:00+00:00,8.74,12.04,15.06,1027.99,57.62,12.76,7.67,88.68
2660,86904,50.073094,19.88675,205.58,2026-09-30 21:00:00+00:00,2026-09-30 22:00:00+00:00,8.87,12.33,15.48,1028.13,60.55,11.47,6.03,90.73
2661,86904,50.073094,19.88675,205.58,2026-09-30 22:00:00+00:00,2026-09-30 23:00:00+00:00,9.08,12.7,16.18,1028.14,62.2,10.52,5.2,87.98
2662,86904,50.073094,19.88675,205.58,2026-09-30 23:00:00+00:00,2026-10-01 00:00:00+00:00,9.31,12.87,16.35,1028.19,64.89,9.74,5.35,81.45
2663,86904,50.073094,19.88675,205.58,2026-10-01 00:00:00+00:00,2026-10-01 01:00:00+00:00,9.32,12.81,16.5,1028.06,65.54,9.21,4.97,81.51
2664,366,50.180222,19.970085,277.77,2026-09-30 01:00:00+00:00,2026-09-30 02:00:00+00:00,13.75,20.22,28.9,1026.86,93.6,7.88,4.76,71.58
2665,366,50.180222,19.970085,277.77,2026-09-30 02:00:00+00:00,2026-09-30 03:00:00+00:00,14.27,20.81,29.68,1026.89,94.0,7.4,4.3,64.03
2666,366,50.180222,19.970085,277.77,2026-09-30 03:00:00+00:00,2026-09-30 04:00:00+00:00,14.1,20.8,30.1,1027.04,94.31,6.62,4.54,62.37
2667,366,50.180222,19.970085,277.77,2026-09-30 04:00:00+00:00,2026-09-30 05:00:00+00:00,13.8,20.5,29.47,1027.19,94.75,6.21,4.01,54.25
2668,366,50.180222,19.970085,277.77,2026-09-30 05:00:00+00:00,2026-09-30 06:00:00+00:00,12.8,18.45,25.13,1027.09,93.69,7.79,3.88,55.72
2669,366,50.180222,19.970085,277.77,2026-09-30 06:00:00+00:00,2026-09-30 07:00:00+00:00,11.81,16.52,20.67,1026.66,83.05,11.77,4.65,66.0
2670,366,50.180222,19.970085,277.77,2026-09-30 07:00:00+00:00,2026-09-30 08:00:00+00:00,13.91,19.75,26.9,1026.82,67.14,14.63,4.82,80.43
2671,366,50.180222,19.970085,277.77,2026-09-30 08:00:00+00:00,2026-09-30 09:00:00+00:00,10.68,14.48,18.66,1027.11,56.05,16.65,6.27,88.95
2672,366,50.180222,19.970085,277.77,2026-09-30 09:00:00+00:00,2026-09-30 10:00:00+00:00,9.48,12.45,15.73,1027.75,52.16,16.25,7.94,99.67
2673,366,50.180222,19.970085,277.77,2026-09-30 10:00:00+00:00,2026-09-30 11:00:00+00:00,8.98,11.83,14.95,1027.8,47.42,17.39,8.8,106.09
2674,366,50.180222,19.970085,277.77,2026-09-30 11:00:00+00:00,2026-09-30 12:00:00+00:00,6.99,9.05,11.41,1027.38,43.52,18.64,9.7,116.03
2675,366,50.180222,19.970085,277.77,2026-09-30 12:00:00+00:00,2026-09-30 13:00:00+00:00,7.33,9.51,12.06,1026.91,41.1,19.55,10.24,122.13
2676,366,50.180222,19.970085,277.77,2026-09-30 13:00:00+00:00,2026-09-30 14:00:00+00:00,5.53,7.09,8.9,1026.28,38.96,20.2,10.83,123.0
2677,366,50.180222,19.970085,277.77,2026-09-30 14:00:00+00:00,2026-09-30 15:00:00+00:00,5.12,6.44,7.99,1025.87,38.75,20.37,11.0,113.37
2678,366,50.180222,19.970085,277.77,2026-09-30 15:00:00+00:00,2026-09-30 16:00:00+00:00,7.03,9.09,11.73,1025.78,42.32,19.14,11.99,105.39
2679,366,50.180222,19.970085,277.77,2026-09-30 16:00:00+00:00,2026-09-30 17:00:00+00:00,7.12,9.38,11.9,1025.88,48.09,17.22,12.97,97.69
2680,366,50.180222,19.970085,277.77,2026-09-30 17:00:00+00:00,2026-09-30 18:00:00+00:00,7.89,10.36,13.38,1026.23,57.82,15.21,12.6,93.0
2681,366,50.180222,19.970085,277.77,2026-09-30 18:00:00+00:00,2026-09-30 19:00:00+00:00,8.84,11.91,15.47,1026.53,65.45,14.09,12.16,86.08
2682,366,50.180222,19.970085,277.77,2026-09-30 19:00:00+00:00,2026-09-30 20:00:00+00:00,9.0,12.17,15.86,1026.78,71.49,13.25,11.18,85.44
2683,366,50.180222,19.970085,277.77,2026-09-30 20:00:00+00:00,2026-09-30 21:00:00+00:00,9.31,12.62,16.42,1026.97,79.48,11.99,10.22,86.72
2684,366,50.180222,19.970085,277.77,2026-09-30 21:00:00+00:00,2026-09-30 22:00:00+00:00,10.87,15.03,20.03,1026.96,82.54,11.11,8.65,84.29
2685,366,50.180222,19.970085,277.77,2026-09-30 22:00:00+00:00,2026-09-30 23:00:00+00:00,10.61,14.87,19.93,1027.0,83.81,10.67,7.39,74.86
2686,366,50.180222,19.970085,277.77,2026-09-30 23:00:00+00:00,2026-10-01 00:00:00+00:00,10.37,14.65,19.72,1027.1,85.84,9.84,7.45,74.59
2687,366,50.180222,19.970085,277.77,2026-10-01 00:00:00+00:00,2026-10-01 01:00:00+00:00,10.93,15.27,20.73,1026.95,88.08,8.94,7.38,73.92
2688,7683,50.139077,19.926778,255.72,2026-09-30 01:00:00+00:00,2026-09-30 02:00:00+00:00,10.91,17.22,20.48,1027.62,93.31,7.52,2.79,115.81
2689,7683,50.139077,19.926778,255.72,2026-09-30 02:00:00+00:00,2026-09-30 03:00:00+00:00,10.81,16.96,19.82,1027.63,95.25,6.7,2.3,116.12
2690,7683,50.139077,19.926778,255.72,2026-09-30 03:00:00+00:00,2026-09-30 04:00:00+00:00,11.18,17.74,21.08,1027.79,95.0,6.26,2.06,126.34
2691,7683,50.139077,19.926778,255.72,2026-09-30 04:00:00+00:00,2026-09-30 05:00:00+00:00,11.86,18.82,23.13,1027.97,95.63,5.78,2.11,126.83
2692,7683,50.139077,19.926778,255.72,2026-09-30 05:00:00+00:00,2026-09-30 06:00:00+00:00,11.99,18.78,23.05,1028.23,95.88,5.85,2.23,116.6
2693,7683,50.139077,19.926778,255.72,2026-09-30 06:00:00+00:00,2026-09-30 07:00:00+00:00,11.9,18.56,22.66,1028.42,91.31,7.93,4.78,61.86
2694,7683,50.139077,19.926778,255.72,2026-09-30 07:00:00+00:00,2026-09-30 08:00:00+00:00,9.99,15.33,17.92,1028.56,86.06,10.67,4.55,72.0
2695,7683,50.139077,19.926778,255.72,2026-09-30 08:00:00+00:00,2026-09-30 09:00:00+00:00,8.97,13.38,15.66,1028.75,80.75,12.95,5.24,71.82
2696,7683,50.139077,19.926778,255.72,2026-09-30 09:00:00+00:00,2026-09-30 10:00:00+00:00,6.82,10.02,11.69,1028.69,74.81,15.01,5.6,70.29
2697,7683,50.139077,19.926778,255.72,2026-09-30 10:00:00+00:00,2026-09-30 11:00:00+00:00,6.08,9.14,10.65,1028.57,69.56,17.12,6.6,76.2
2698,7683,50.139077,19.926778,255.72,2026-09-30 11:00:00+00:00,2026-09-30 12:00:00+00:00,5.28,7.72,8.88,1027.99,64.56,20.06,8.71,101.64
2699,7683,50.139077,19.926778,255.72,2026-09-30 12:00:00+00:00,2026-09-30 13:00:00+00:00,5.71,8.27,9.45,1027.56,62.32,20.47,7.65,84.0
2700,7683,50.139077,19.926778,255.72,2026-09-30 13:00:00+00:00,2026-09-30 14:00:00+00:00,4.7,7.0,8.02,1027.1,59.94,20.27,8.29,83.72
2701,7683,50.139077,19.926778,255.72,2026-09-30 14:00:00+00:00,2026-09-30 15:00:00+00:00,4.01,5.94,6.89,1026.71,58.64,20.33,9.17,81.0
2702,7683,50.139077,19.926778,255.72,2026-09-30 15:00:00+00:00,2026-09-30 16:00:00+00:00,4.77,7.08,8.31,1026.54,62.46,19.56,10.52,88.38
2703,7683,50.139077,19.926778,255.72,2026-09-30 16:00:00+00:00,2026-09-30 17:00:00+00:00,6.53,9.6,11.45,1026.65,66.08,17.47,11.68,90.1
2704,7683,50.139077,19.926778,255.72,2026-09-30 17:00:00+00:00,2026-09-30 18:00:00+00:00,7.54,11.6,13.79,1026.89,70.53,15.7,10.67,88.33
2705,7683,50.139077,19.926778,255.72,2026-09-30 18:00:00+00:00,2026-09-30 19:00:00+00:00,8.26,12.7,14.99,1027.07,76.28,14.42,9.5,88.14
2706,7683,50.139077,19.926778,255.72,2026-09-30 19:00:00+00:00,2026-09-30 20:00:00+00:00,7.18,10.94,12.81,1027.27,78.25,13.7,9.06,85.0
2707,7683,50.139077,19.926778,255.72,2026-09-30 20:00:00+00:00,2026-09-30 21:00:00+00:00,7.3,11.31,13.28,1027.48,82.19,12.37,7.71,88.53
2708,7683,50.139077,19.926778,255.72,2026-09-30 21:00:00+00:00,2026-09-30 22:00:00+00:00,7.41,11.74,13.75,1027.62,85.19,11.29,6.08,90.7
2709,7683,50.139077,19.926778,255.72,2026-09-30 22:00:00+00:00,2026-09-30 23:00:00+00:00,7.94,12.52,14.79,1027.65,86.88,10.23,5.21,88.09
2710,7683,50.139077,19.926778,255.72,2026-09-30 23:00:00+00:00,2026-10-01 00:00:00+00:00,8.22,12.9,15.12,1027.78,89.5,9.29,5.34,81.66
2711,7683,50.139077,19.926778,255.72,2026-10-01 00:00:00+00:00,2026-10-01 01:00:00+00:00,8.04,12.48,14.78,1027.69,90.25,8.75,4.98,81.45
2712,32871,50.134081,19.8415,294.6,2026-09-30 01:00:00+00:00,2026-09-30 02:00:00+00:00,11.31,16.95,19.96,1026.29,83.98,8.38,5.27,74.42
2713,32871,50.134081,19.8415,294.6,2026-09-30 02:00:00+00:00,2026-09-30 03:00:00+00:00,11.53,17.35,20.55,1026.3,91.79,6.93,3.08,99.29
2714,32871,50.134081,19.8415,294.6,2026-09-30 03:00:00+00:00,2026-09-30 04:00:00+00:00,11.63,17.53,21.02,1026.37,94.0,7.34,4.53,62.0
2715,32871,50.134081,19.8415,294.6,2026-09-30 04:00:00+00:00,2026-09-30 05:00:00+00:00,11.96,18.12,21.87,1026.58,90.43,7.2,4.56,62.53
2716,32871,50.134081,19.8415,294.6,2026-09-30 05:00:00+00:00,2026-09-30 06:00:00+00:00,12.11,18.48,22.54,1026.87,87.96,6.93,4.9,67.91
2717,32871,50.134081,19.8415,294.6,2026-09-30 06:00:00+00:00,2026-09-30 07:00:00+00:00,10.83,16.03,18.88,1027.08,84.52,10.14,5.26,67.71
2718,32871,50.134081,19.8415,294.6,2026-09-30 07:00:00+00:00,2026-09-30 08:00:00+00:00,8.85,12.67,14.7,1027.16,82.07,15.78,5.1,76.61
2719,32871,50.134081,19.8415,294.6,2026-09-30 08:00:00+00:00,2026-09-30 09:00:00+00:00,6.66,9.13,10.49,1027.16,78.44,18.61,6.33,82.78
2720,32871,50.134081,19.8415,294.6,2026-09-30 09:00:00+00:00,2026-09-30 10:00:00+00:00,5.75,8.0,9.06,1027.03,71.94,20.91,7.47,90.46
2721,32871,50.134081,19.8415,294.6,2026-09-30 10:00:00+00:00,2026-09-30 11:00:00+00:00,5.11,7.06,8.09,1026.96,68.13,21.82,8.33,95.56
2722,32871,50.134081,19.8415,294.6,2026-09-30 11:00:00+00:00,2026-09-30 12:00:00+00:00,5.16,7.02,8.03,1026.62,63.81,22.55,9.36,101.17
2723,32871,50.134081,19.8415,294.6,2026-09-30 12:00:00+00:00,2026-09-30 13:00:00+00:00,5.83,8.01,9.26,1026.21,61.63,22.06,9.66,103.41
2724,32871,50.134081,19.8415,294.6,2026-09-30 13:00:00+00:00,2026-09-30 14:00:00+00:00,5.32,7.32,8.41,1025.8,60.25,21.79,9.59,108.0
2725,32871,50.134081,19.8415,294.6,2026-09-30 14:00:00+00:00,2026-09-30 15:00:00+00:00,3.76,5.23,6.16,1025.41,62.31,21.77,9.3,73.96
2726,32871,50.134081,19.8415,294.6,2026-09-30 15:00:00+00:00,2026-09-30 16:00:00+00:00,5.39,7.6,8.94,1025.24,64.56,19.71,9.51,91.22
2727,32871,50.134081,19.8415,294.6,2026-09-30 16:00:00+00:00,2026-09-30 17:00:00+00:00,6.45,9.13,10.71,1025.3,68.88,17.08,11.49,87.42
2728,32871,50.134081,19.8415,294.6,2026-09-30 17:00:00+00:00,2026-09-30 18:00:00+00:00,8.01,11.67,13.92,1025.45,70.97,15.62,11.94,85.16
2729,32871,50.134081,19.8415,294.6,2026-09-30 18:00:00+00:00,2026-09-30 19:00:00+00:00,7.84,11.26,13.17,1025.71,57.65,14.11,11.53,84.09
2730,32871,50.134081,19.8415,294.6,2026-09-30 19:00:00+00:00,2026-09-30 20:00:00+00:00,7.45,10.83,12.91,1025.93,55.94,13.01,11.0,80.35
2731,32871,50.134081,19.8415,294.6,2026-09-30 20:00:00+00:00,2026-09-30 21:00:00+00:00,7.84,11.49,13.62,1026.21,69.16,12.34,9.86,74.29
2732,32871,50.134081,19.8415,294.6,2026-09-30 21:00:00+00:00,2026-09-30 22:00:00+00:00,9.68,13.42,15.73,1026.27,82.94,11.41,8.97,74.46
2733,32871,50.134081,19.8415,294.6,2026-09-30 22:00:00+00:00,2026-09-30 23:00:00+00:00,8.4,12.52,14.88,1026.26,84.63,10.7,8.58,70.53
2734,32871,50.134081,19.8415,294.6,2026-09-30 23:00:00+00:00,2026-10-01 00:00:00+00:00,8.38,12.67,15.07,1026.32,86.69,9.91,8.12,67.53
2735,32871,50.134081,19.8415,294.6,2026-10-01 00:00:00+00:00,2026-10-01 01:00:00+00:00,8.32,12.39,14.51,1026.24,88.38,9.41,7.85,65.51
2736,86980,50.043741,19.966589,201.63,2026-09-30 01:00:00+00:00,2026-09-30 02:00:00+00:00,15.27,22.38,31.09,1027.82,92.69,7.93,2.57,160.98
2737,86980,50.043741,19.966589,201.63,2026-09-30 02:00:00+00:00,2026-09-30 03:00:00+00:00,15.56,22.95,32.03,1027.87,93.63,7.69,1.69,158.65
2738,86980,50.043741,19.966589,201.63,2026-09-30 03:00:00+00:00,2026-09-30 04:00:00+00:00,16.05,23.54,32.71,1028.04,94.94,7.08,1.77,142.99
2739,86980,50.043741,19.966589,201.63,2026-09-30 04:00:00+00:00,2026-09-30 05:00:00+00:00,16.0,23.51,32.93,1028.17,95.69,6.64,1.67,159.74
2740,86980,50.043741,19.966589,201.63,2026-09-30 05:00:00+00:00,2026-09-30 06:00:00+00:00,17.41,26.08,36.99,1028.52,95.31,6.24,2.06,155.01
2741,86980,50.043741,19.966589,201.63,2026-09-30 06:00:00+00:00,2026-09-30 07:00:00+00:00,16.46,24.18,33.84,1028.77,92.5,7.29,3.01,148.0
2742,86980,50.043741,19.966589,201.63,2026-09-30 07:00:00+00:00,2026-09-30 08:00:00+00:00,14.38,21.02,28.29,1028.93,86.25,11.24,2.63,101.99
2743,86980,50.043741,19.966589,201.63,2026-09-30 08:00:00+00:00,2026-09-30 09:00:00+00:00,11.41,16.02,19.37,1028.97,80.0,16.06,4.34,72.38
2744,86980,50.043741,19.966589,201.63,2026-09-30 09:00:00+00:00,2026-09-30 10:00:00+00:00,9.98,13.75,16.74,1028.85,75.06,15.97,4.94,70.0
2745,86980,50.043741,19.966589,201.63,2026-09-30 10:00:00+00:00,2026-09-30 11:00:00+00:00,8.49,11.63,14.18,1028.73,70.38,17.67,5.88,73.93
2746,86980,50.043741,19.966589,201.63,2026-09-30 11:00:00+00:00,2026-09-30 12:00:00+00:00,8.71,12.08,14.74,1028.22,66.44,20.35,6.83,81.98
2747,86980,50.043741,19.966589,201.63,2026-09-30 12:00:00+00:00,2026-09-30 13:00:00+00:00,7.57,10.15,12.19,1027.73,61.56,21.65,11.88,90.81
2748,86980,50.043741,19.966589,201.63,2026-09-30 13:00:00+00:00,2026-09-30 14:00:00+00:00,5.36,7.17,8.54,1027.2,60.81,21.09,9.61,90.05
2749,86980,50.043741,19.966589,201.63,2026-09-30 14:00:00+00:00,2026-09-30 15:00:00+00:00,6.14,8.29,9.91,1026.75,61.56,20.84,9.23,82.8
2750,86980,50.043741,19.966589,201.63,2026-09-30 15:00:00+00:00,2026-09-30 16:00:00+00:00,6.44,8.68,10.4,1026.55,64.0,20.13,10.97,81.78
2751,86980,50.043741,19.966589,201.63,2026-09-30 16:00:00+00:00,2026-09-30 17:00:00+00:00,7.84,10.6,12.9,1026.55,67.56,18.4,11.9,84.28
2752,86980,50.043741,19.966589,201.63,2026-09-30 17:00:00+00:00,2026-09-30 18:00:00+00:00,8.76,11.7,14.16,1026.79,71.31,16.54,11.19,93.79
2753,86980,50.043741,19.966589,201.63,2026-09-30 18:00:00+00:00,2026-09-30 19:00:00+00:00,9.65,13.15,15.96,1027.03,75.06,14.92,9.7,97.0
2754,86980,50.043741,19.966589,201.63,2026-09-30 19:00:00+00:00,2026-09-30 20:00:00+00:00,10.76,15.03,18.38,1027.2,77.31,13.96,8.94,95.22
2755,86980,50.043741,19.966589,201.63,2026-09-30 20:00:00+00:00,2026-09-30 21:00:00+00:00,11.01,15.43,18.95,1027.33,81.63,12.84,7.69,89.54
2756,86980,50.043741,19.966589,201.63,2026-09-30 21:00:00+00:00,2026-09-30 22:00:00+00:00,12.95,18.53,23.59,1027.48,83.69,11.87,6.05,93.19
2757,86980,50.043741,19.966589,201.63,2026-09-30 22:00:00+00:00,2026-09-30 23:00:00+00:00,12.4,17.64,22.04,1027.51,85.75,10.91,4.57,96.0
2758,86980,50.043741,19.966589,201.63,2026-09-30 23:00:00+00:00,2026-10-01 00:00:00+00:00,12.58,18.18,23.11,1027.59,88.0,10.41,4.98,83.0
2759,86980,50.043741,19.966589,201.63,2026-10-01 00:00:00+00:00,2026-10-01 01:00:00+00:00,13.21,19.06,24.52,1027.45,88.69,9.91,4.32,79.38
2760,2832,50.174309,19.987906,250.14,2026-09-30 01:00:00+00:00,2026-09-30 02:00:00+00:00,10.56,15.18,18.06,1030.46,68.87,8.21,4.86,72.42
2761,2832,50.174309,19.987906,250.14,2026-09-30 02:00:00+00:00,2026-09-30 03:00:00+00:00,10.85,15.55,18.63,1030.43,69.3,7.75,4.27,63.82
2762,2832,50.174309,19.987906,250.14,2026-09-30 03:00:00+00:00,2026-09-30 04:00:00+00:00,10.81,15.38,18.39,1030.56,69.62,7.0,4.54,62.41
2763,2832,50.174309,19.987906,250.14,2026-09-30 04:00:00+00:00,2026-09-30 05:00:00+00:00,10.81,15.65,18.61,1030.7,70.06,6.58,4.0,54.22
2764,2832,50.174309,19.987906,250.14,2026-09-30 05:00:00+00:00,2026-09-30 06:00:00+00:00,11.51,16.51,19.53,1030.96,69.68,6.54,3.88,55.58
2765,2832,50.174309,19.987906,250.14,2026-09-30 06:00:00+00:00,2026-09-30 07:00:00+00:00,11.5,16.78,20.45,1031.24,67.82,7.65,4.65,66.0
2766,2832,50.174309,19.987906,250.14,2026-09-30 07:00:00+00:00,2026-09-30 08:00:00+00:00,12.27,17.91,22.08,1031.44,60.32,10.68,4.82,80.31
2767,2832,50.174309,19.987906,250.14,2026-09-30 08:00:00+00:00,2026-09-30 09:00:00+00:00,9.18,12.82,15.25,1031.55,53.83,13.55,6.31,89.1
2768,2832,50.174309,19.987906,250.14,2026-09-30 09:00:00+00:00,2026-09-30 10:00:00+00:00,8.08,11.18,13.24,1031.46,47.85,16.66,8.07,100.38
2769,2832,50.174309,19.987906,250.14,2026-09-30 10:00:00+00:00,2026-09-30 11:00:00+00:00,5.92,7.89,9.24,1031.2,42.79,22.36,8.81,106.21
2770,2832,50.174309,19.987906,250.14,2026-09-30 11:00:00+00:00,2026-09-30 12:00:00+00:00,4.36,5.82,6.7,1030.63,39.56,25.26,9.74,116.33
2771,2832,50.174309,19.987906,250.14,2026-09-30 12:00:00+00:00,2026-09-30 13:00:00+00:00,4.64,6.2,7.15,1030.17,37.08,25.49,10.25,122.19
2772,2832,50.174309,19.987906,250.14,2026-09-30 13:00:00+00:00,2026-09-30 14:00:00+00:00,3.59,4.83,5.69,1029.74,35.94,24.69,10.85,123.0
2773,2832,50.174309,19.987906,250.14,2026-09-30 14:00:00+00:00,2026-09-30 15:00:00+00:00,3.84,5.14,5.98,1029.48,36.3,23.17,11.01,112.98
2774,2832,50.174309,19.987906,250.14,2026-09-30 15:00:00+00:00,2026-09-30 16:00:00+00:00,4.67,6.5,7.57,1029.36,38.85,20.68,12.06,105.07
2775,2832,50.174309,19.987906,250.14,2026-09-30 16:00:00+00:00,2026-09-30 17:00:00+00:00,4.89,6.8,7.98,1029.41,42.12,18.26,12.94,97.89
2776,2832,50.174309,19.987906,250.14,2026-09-30 17:00:00+00:00,2026-09-30 18:00:00+00:00,6.15,8.6,10.27,1029.62,46.98,15.97,12.61,93.05
2777,2832,50.174309,19.987906,250.14,2026-09-30 18:00:00+00:00,2026-09-30 19:00:00+00:00,8.77,11.96,14.05,1029.81,50.55,14.77,12.16,86.04
2778,2832,50.174309,19.987906,250.14,2026-09-30 19:00:00+00:00,2026-09-30 20:00:00+00:00,11.2,15.67,18.7,1030.03,53.55,13.89,11.17,85.46
2779,2832,50.174309,19.987906,250.14,2026-09-30 20:00:00+00:00,2026-09-30 21:00:00+00:00,9.19,12.72,15.07,1030.24,56.56,12.71,10.21,86.73
2780,2832,50.174309,19.987906,250.14,2026-09-30 21:00:00+00:00,2026-09-30 22:00:00+00:00,10.37,14.67,17.42,1030.29,57.86,11.66,8.59,84.16
2781,2832,50.174309,19.987906,250.14,2026-09-30 22:00:00+00:00,2026-09-30 23:00:00+00:00,9.25,12.97,15.38,1030.32,59.16,11.11,7.35,74.3
2782,2832,50.174309,19.987906,250.14,2026-09-30 23:00:00+00:00,2026-10-01 00:00:00+00:00,8.34,11.61,13.78,1030.32,61.23,10.23,7.47,74.81
2783,2832,50.174309,19.987906,250.14,2026-10-01 00:00:00+00:00,2026-10-01 01:00:00+00:00,7.99,11.25,13.38,1030.18,63.29,9.39,7.39,74.03
2784,39433,49.996571,19.957157,256.48,2026-09-30 01:00:00+00:00,2026-09-30 02:00:00+00:00,11.88,18.41,22.0,1027.17,92.69,7.9,2.57,160.98
2785,39433,49.996571,19.957157,256.48,2026-09-30 02:00:00+00:00,2026-09-30 03:00:00+00:00,11.66,18.09,21.4,1027.2,93.63,7.61,1.69,158.65
2786,39433,49.996571,19.957157,256.48,2026-09-30 03:00:00+00:00,2026-09-30 04:00:00+00:00,12.02,18.85,22.77,1027.38,94.94,6.97,1.77,142.99
2787,39433,49.996571,19.957157,256.48,2026-09-30 04:00:00+00:00,2026-09-30 05:00:00+00:00,12.21,19.17,23.28,1027.51,95.69,6.66,1.67,159.74
2788,39433,49.996571,19.957157,256.48,2026-09-30 05:00:00+00:00,2026-09-30 06:00:00+00:00,13.59,21.61,28.02,1027.82,95.31,6.59,2.06,155.01
2789,39433,49.996571,19.957157,256.48,2026-09-30 06:00:00+00:00,2026-09-30 07:00:00+00:00,13.69,21.57,27.91,1028.05,92.5,7.45,3.01,148.0
2790,39433,49.996571,19.957157,256.48,2026-09-30 07:00:00+00:00,2026-09-30 08:00:00+00:00,12.62,19.5,23.99,1028.28,86.25,10.28,2.63,101.99
2791,39433,49.996571,19.957157,256.48,2026-09-30 08:00:00+00:00,2026-09-30 09:00:00+00:00,11.53,17.49,20.64,1028.38,80.0,12.91,4.34,72.38
2792,39433,49.996571,19.957157,256.48,2026-09-30 09:00:00+00:00,2026-09-30 10:00:00+00:00,9.61,13.85,16.02,1028.26,74.63,15.17,4.97,70.0
2793,39433,49.996571,19.957157,256.48,2026-09-30 10:00:00+00:00,2026-09-30 11:00:00+00:00,8.18,11.88,13.64,1028.26,70.0,17.03,5.98,74.3
2794,39433,49.996571,19.957157,256.48,2026-09-30 11:00:00+00:00,2026-09-30 12:00:00+00:00,7.15,9.88,11.4,1027.85,66.13,18.79,6.91,82.67
2795,39433,49.996571,19.957157,256.48,2026-09-30 12:00:00+00:00,2026-09-30 13:00:00+00:00,5.14,6.97,8.14,1027.35,61.13,19.88,12.42,91.24
2796,39433,49.996571,19.957157,256.48,2026-09-30 13:00:00+00:00,2026-09-30 14:00:00+00:00,3.92,5.28,6.11,1026.79,60.81,20.62,9.61,90.05
2797,39433,49.996571,19.957157,256.48,2026-09-30 14:00:00+00:00,2026-09-30 15:00:00+00:00,4.51,6.12,7.08,1026.35,61.56,20.63,9.23,82.8
2798,39433,49.996571,19.957157,256.48,2026-09-30 15:00:00+00:00,2026-09-30 16:00:00+00:00,5.07,6.89,7.96,1026.18,64.0,19.82,10.97,81.78
2799,39433,49.996571,19.957157,256.48,2026-09-30 16:00:00+00:00,2026-09-30 17:00:00+00:00,5.37,7.41,8.53,1026.19,67.56,18.14,11.9,84.28
2800,39433,49.996571,19.957157,256.48,2026-09-30 17:00:00+00:00,2026-09-30 18:00:00+00:00,6.57,9.33,10.89,1026.38,71.31,16.39,11.19,93.79
2801,39433,49.996571,19.957157,256.48,2026-09-30 18:00:00+00:00,2026-09-30 19:00:00+00:00,8.02,11.82,13.69,1026.56,75.06,14.81,9.7,97.0
2802,39433,49.996571,19.957157,256.48,2026-09-30 19:00:00+00:00,2026-09-30 20:00:00+00:00,9.63,14.63,16.98,1026.73,77.31,13.87,8.94,95.22
2803,39433,49.996571,19.957157,256.48,2026-09-30 20:00:00+00:00,2026-09-30 21:00:00+00:00,10.35,15.57,18.14,1026.88,81.63,12.59,7.69,89.54
2804,39433,49.996571,19.957157,256.48,2026-09-30 21:00:00+00:00,2026-09-30 22:00:00+00:00,9.62,14.45,16.75,1027.01,83.69,11.86,6.05,93.19
2805,39433,49.996571,19.957157,256.48,2026-09-30 22:00:00+00:00,2026-09-30 23:00:00+00:00,10.19,15.4,17.75,1027.08,85.75,10.62,4.57,96.0
2806,39433,49.996571,19.957157,256.48,2026-09-30 23:00:00+00:00,2026-10-01 00:00:00+00:00,10.41,16.13,18.77,1027.01,88.0,10.37,4.98,83.0
2807,39433,49.996571,19.957157,256.48,2026-10-01 00:00:00+00:00,2026-10-01 01:00:00+00:00,10.04,15.38,17.82,1026.82,88.75,9.95,4.26,79.0
2808,7456,50.11677,19.965575,276.62,2026-09-30 01:00:00+00:00,2026-09-30 02:00:00+00:00,10.94,16.9,19.69,1024.87,92.75,8.99,2.36,128.85
2809,7456,50.11677,19.965575,276.62,2026-09-30 02:00:00+00:00,2026-09-30 03:00:00+00:00,11.26,17.65,20.71,1024.89,94.0,8.37,1.67,118.53
2810,7456,50.11677,19.965575,276.62,2026-09-30 03:00:00+00:00,2026-09-30 04:00:00+00:00,11.62,18.44,21.65,1025.03,94.13,8.15,4.03,56.66
2811,7456,50.11677,19.965575,276.62,2026-09-30 04:00:00+00:00,2026-09-30 05:00:00+00:00,11.9,18.81,22.05,1025.15,95.0,7.63,3.56,60.49
2812,7456,50.11677,19.965575,276.62,2026-09-30 05:00:00+00:00,2026-09-30 06:00:00+00:00,12.27,19.35,22.89,1025.42,96.0,7.29,2.22,124.04
2813,7456,50.11677,19.965575,276.62,2026-09-30 06:00:00+00:00,2026-09-30 07:00:00+00:00,11.52,18.03,20.83,1025.74,93.75,8.59,2.63,107.28
2814,7456,50.11677,19.965575,276.62,2026-09-30 07:00:00+00:00,2026-09-30 08:00:00+00:00,10.98,17.1,20.0,1026.01,87.63,10.69,3.0,81.2
2815,7456,50.11677,19.965575,276.62,2026-09-30 08:00:00+00:00,2026-09-30 09:00:00+00:00,8.87,13.31,15.41,1026.19,81.0,13.09,4.42,71.39
2816,7456,50.11677,19.965575,276.62,2026-09-30 09:00:00+00:00,2026-09-30 10:00:00+00:00,7.38,10.86,12.63,1026.19,75.13,15.3,5.5,69.57
2817,7456,50.11677,19.965575,276.62,2026-09-30 10:00:00+00:00,2026-09-30 11:00:00+00:00,6.71,9.71,11.17,1026.11,70.75,17.04,6.27,72.0
2818,7456,50.11677,19.965575,276.62,2026-09-30 11:00:00+00:00,2026-09-30 12:00:00+00:00,6.56,9.55,10.93,1025.67,66.38,18.93,7.01,81.37
2819,7456,50.11677,19.965575,276.62,2026-09-30 12:00:00+00:00,2026-09-30 13:00:00+00:00,6.35,9.13,10.46,1025.18,63.0,20.23,7.35,86.35
2820,7456,50.11677,19.965575,276.62,2026-09-30 13:00:00+00:00,2026-09-30 14:00:00+00:00,4.14,5.88,6.83,1024.65,59.92,20.89,8.21,80.73
2821,7456,50.11677,19.965575,276.62,2026-09-30 14:00:00+00:00,2026-09-30 15:00:00+00:00,4.26,6.04,6.91,1024.2,59.6,20.87,9.68,92.74
2822,7456,50.11677,19.965575,276.62,2026-09-30 15:00:00+00:00,2026-09-30 16:00:00+00:00,4.89,7.1,8.0,1024.04,63.98,20.03,10.7,88.32
2823,7456,50.11677,19.965575,276.62,2026-09-30 16:00:00+00:00,2026-09-30 17:00:00+00:00,5.58,8.0,9.14,1024.03,68.0,18.56,11.35,82.56
2824,7456,50.11677,19.965575,276.62,2026-09-30 17:00:00+00:00,2026-09-30 18:00:00+00:00,7.03,10.27,11.79,1024.2,70.56,17.15,11.08,86.76
2825,7456,50.11677,19.965575,276.62,2026-09-30 18:00:00+00:00,2026-09-30 19:00:00+00:00,7.8,11.71,13.68,1024.43,75.63,15.22,9.52,91.61
2826,7456,50.11677,19.965575,276.62,2026-09-30 19:00:00+00:00,2026-09-30 20:00:00+00:00,7.38,11.09,13.02,1024.6,79.56,13.93,8.64,87.23
2827,7456,50.11677,19.965575,276.62,2026-09-30 20:00:00+00:00,2026-09-30 21:00:00+00:00,7.03,10.81,12.57,1024.74,81.44,13.05,8.16,85.63
2828,7456,50.11677,19.965575,276.62,2026-09-30 21:00:00+00:00,2026-09-30 22:00:00+00:00,7.18,11.37,13.19,1024.86,82.94,12.28,7.77,80.35
2829,7456,50.11677,19.965575,276.62,2026-09-30 22:00:00+00:00,2026-09-30 23:00:00+00:00,7.56,11.73,13.65,1024.88,85.75,11.52,5.63,80.22
2830,7456,50.11677,19.965575,276.62,2026-09-30 23:00:00+00:00,2026-10-01 00:00:00+00:00,7.8,11.9,13.81,1024.9,86.69,11.1,6.53,67.82
2831,7456,50.11677,19.965575,276.62,2026-10-01 00:00:00+00:00,2026-10-01 01:00:00+00:00,7.89,12.2,14.42,1024.79,89.88,10.14,4.82,80.0
2832,2545,50.116828,20.11815,234.05,2026-09-30 01:00:00+00:00,2026-09-30 02:00:00+00:00,10.66,15.25,18.44,1029.48,92.5,8.19,4.59,70.19
2833,2545,50.116828,20.11815,234.05,2026-09-30 02:00:00+00:00,2026-09-30 03:00:00+00:00,10.86,15.3,18.63,1029.51,93.13,7.67,4.01,64.47
2834,2545,50.116828,20.11815,234.05,2026-09-30 03:00:00+00:00,2026-09-30 04:00:00+00:00,11.07,15.7,18.91,1029.65,94.25,7.07,3.99,58.75
2835,2545,50.116828,20.11815,234.05,2026-09-30 04:00:00+00:00,2026-09-30 05:00:00+00:00,11.21,15.58,18.74,1029.81,95.25,6.65,2.51,65.88
2836,2545,50.116828,20.11815,234.05,2026-09-30 05:00:00+00:00,2026-09-30 06:00:00+00:00,12.2,17.02,20.57,1030.07,95.0,6.96,1.58,101.86
2837,2545,50.116828,20.11815,234.05,2026-09-30 06:00:00+00:00,2026-09-30 07:00:00+00:00,10.91,15.02,18.13,1030.36,91.25,9.52,3.05,68.08
2838,2545,50.116828,20.11815,234.05,2026-09-30 07:00:00+00:00,2026-09-30 08:00:00+00:00,9.61,13.32,15.9,1030.64,80.7,13.89,3.22,88.85
2839,2545,50.116828,20.11815,234.05,2026-09-30 08:00:00+00:00,2026-09-30 09:00:00+00:00,8.5,11.68,13.77,1030.78,64.29,17.28,5.93,91.03
2840,2545,50.116828,20.11815,234.05,2026-09-30 09:00:00+00:00,2026-09-30 10:00:00+00:00,6.79,9.14,10.83,1030.71,56.06,18.65,6.96,98.47
2841,2545,50.116828,20.11815,234.05,2026-09-30 10:00:00+00:00,2026-09-30 11:00:00+00:00,6.99,9.39,11.2,1030.61,53.43,18.23,7.4,102.75
2842,2545,50.116828,20.11815,234.05,2026-09-30 11:00:00+00:00,2026-09-30 12:00:00+00:00,7.04,9.51,11.45,1030.05,52.67,19.22,6.34,89.0
2843,2545,50.116828,20.11815,234.05,2026-09-30 12:00:00+00:00,2026-09-30 13:00:00+00:00,5.48,7.28,8.7,1029.54,47.19,20.42,6.97,93.62
2844,2545,50.116828,20.11815,234.05,2026-09-30 13:00:00+00:00,2026-09-30 14:00:00+00:00,4.31,5.67,6.75,1029.08,43.26,21.16,10.7,119.58
2845,2545,50.116828,20.11815,234.05,2026-09-30 14:00:00+00:00,2026-09-30 15:00:00+00:00,4.28,5.79,6.91,1028.76,44.55,21.03,11.82,113.62
2846,2545,50.116828,20.11815,234.05,2026-09-30 15:00:00+00:00,2026-09-30 16:00:00+00:00,4.45,5.99,7.14,1028.57,50.0,19.93,12.99,100.0
2847,2545,50.116828,20.11815,234.05,2026-09-30 16:00:00+00:00,2026-09-30 17:00:00+00:00,6.24,8.2,9.75,1028.58,55.52,18.07,13.0,93.33
2848,2545,50.116828,20.11815,234.05,2026-09-30 17:00:00+00:00,2026-09-30 18:00:00+00:00,7.28,9.99,12.09,1028.84,69.12,16.03,11.46,96.05
2849,2545,50.116828,20.11815,234.05,2026-09-30 18:00:00+00:00,2026-09-30 19:00:00+00:00,7.19,9.78,11.81,1028.99,74.75,14.55,9.63,97.0
2850,2545,50.116828,20.11815,234.05,2026-09-30 19:00:00+00:00,2026-09-30 20:00:00+00:00,7.69,10.65,12.82,1029.13,77.0,13.69,8.91,96.7
2851,2545,50.116828,20.11815,234.05,2026-09-30 20:00:00+00:00,2026-09-30 21:00:00+00:00,8.09,11.21,13.52,1029.3,80.88,12.36,8.25,92.52
2852,2545,50.116828,20.11815,234.05,2026-09-30 21:00:00+00:00,2026-09-30 22:00:00+00:00,8.1,11.3,13.71,1029.31,82.75,11.44,7.87,84.84
2853,2545,50.116828,20.11815,234.05,2026-09-30 22:00:00+00:00,2026-09-30 23:00:00+00:00,7.89,11.02,13.37,1029.29,85.19,10.76,5.47,86.7
2854,2545,50.116828,20.11815,234.05,2026-09-30 23:00:00+00:00,2026-10-01 00:00:00+00:00,8.11,11.5,13.83,1029.35,86.5,10.2,6.89,72.41
2855,2545,50.116828,20.11815,234.05,2026-10-01 00:00:00+00:00,2026-10-01 01:00:00+00:00,8.24,11.75,14.17,1029.17,88.94,9.45,4.97,74.38
2856,90144,50.180527,19.848985,384.75,2026-09-30 01:00:00+00:00,2026-09-30 02:00:00+00:00,11.48,16.02,18.98,1029.46,67.08,8.71,6.08,84.46
2857,90144,50.180527,19.848985,384.75,2026-09-30 02:00:00+00:00,2026-09-30 03:00:00+00:00,11.65,16.61,19.93,1029.41,67.46,8.35,5.77,78.15
2858,90144,50.180527,19.848985,384.75,2026-09-30 03:00:00+00:00,2026-09-30 04:00:00+00:00,11.84,17.03,20.46,1029.47,68.16,7.76,5.33,75.31
2859,90144,50.180527,19.848985,384.75,2026-09-30 04:00:00+00:00,2026-09-30 05:00:00+00:00,12.02,17.22,20.73,1029.58,68.84,7.19,4.81,76.78
2860,90144,50.180527,19.848985,384.75,2026-09-30 05:00:00+00:00,2026-09-30 06:00:00+00:00,11.26,15.93,19.1,1029.85,68.64,7.9,4.77,73.68
2861,90144,50.180527,19.848985,384.75,2026-09-30 06:00:00+00:00,2026-09-30 07:00:00+00:00,10.36,14.41,17.03,1030.18,65.06,9.38,5.19,79.82
2862,90144,50.180527,19.848985,384.75,2026-09-30 07:00:00+00:00,2026-09-30 08:00:00+00:00,9.75,13.4,15.86,1030.49,59.76,11.96,5.1,88.28
2863,90144,50.180527,19.848985,384.75,2026-09-30 08:00:00+00:00,2026-09-30 09:00:00+00:00,7.55,10.2,11.88,1030.67,52.13,14.7,7.19,96.56
2864,90144,50.180527,19.848985,384.75,2026-09-30 09:00:00+00:00,2026-09-30 10:00:00+00:00,8.32,11.33,13.24,1030.7,47.96,15.96,8.16,99.45
2865,90144,50.180527,19.848985,384.75,2026-09-30 10:00:00+00:00,2026-09-30 11:00:00+00:00,6.68,8.99,10.41,1030.69,43.5,17.5,8.97,104.27
2866,90144,50.180527,19.848985,384.75,2026-09-30 11:00:00+00:00,2026-09-30 12:00:00+00:00,6.61,8.88,10.3,1030.39,39.79,18.49,9.82,107.54
2867,90144,50.180527,19.848985,384.75,2026-09-30 12:00:00+00:00,2026-09-30 13:00:00+00:00,6.07,8.1,9.47,1030.0,36.97,19.25,10.68,113.52
2868,90144,50.180527,19.848985,384.75,2026-09-30 13:00:00+00:00,2026-09-30 14:00:00+00:00,6.11,8.18,9.57,1029.5,36.28,19.79,11.09,119.0
2869,90144,50.180527,19.848985,384.75,2026-09-30 14:00:00+00:00,2026-09-30 15:00:00+00:00,3.83,5.11,5.96,1029.14,36.28,19.66,10.21,110.0
2870,90144,50.180527,19.848985,384.75,2026-09-30 15:00:00+00:00,2026-09-30 16:00:00+00:00,5.09,6.77,7.91,1028.94,39.03,18.91,9.48,102.72
2871,90144,50.180527,19.848985,384.75,2026-09-30 16:00:00+00:00,2026-09-30 17:00:00+00:00,6.64,8.85,10.38,1028.88,44.09,16.84,11.48,94.55
2872,90144,50.180527,19.848985,384.75,2026-09-30 17:00:00+00:00,2026-09-30 18:00:00+00:00,6.76,9.22,10.86,1028.99,47.03,15.36,12.27,92.32
2873,90144,50.180527,19.848985,384.75,2026-09-30 18:00:00+00:00,2026-09-30 19:00:00+00:00,7.57,10.24,11.93,1029.2,51.28,13.91,12.31,92.0
2874,90144,50.180527,19.848985,384.75,2026-09-30 19:00:00+00:00,2026-09-30 20:00:00+00:00,7.83,10.62,12.52,1029.33,53.72,13.06,12.02,89.02
2875,90144,50.180527,19.848985,384.75,2026-09-30 20:00:00+00:00,2026-09-30 21:00:00+00:00,8.01,10.94,13.05,1029.46,56.54,12.16,10.91,90.18
2876,90144,50.180527,19.848985,384.75,2026-09-30 21:00:00+00:00,2026-09-30 22:00:00+00:00,8.68,11.82,14.04,1029.43,58.17,11.48,9.31,88.37
2877,90144,50.180527,19.848985,384.75,2026-09-30 22:00:00+00:00,2026-09-30 23:00:00+00:00,8.46,11.72,13.98,1029.34,59.67,10.86,8.56,85.41
2878,90144,50.180527,19.848985,384.75,2026-09-30 23:00:00+00:00,2026-10-01 00:00:00+00:00,8.34,11.59,13.85,1029.33,61.42,10.28,8.01,82.24
2879,90144,50.180527,19.848985,384.75,2026-10-01 00:00:00+00:00,2026-10-01 01:00:00+00:00,8.22,11.29,13.48,1029.18,62.92,9.77,7.64,75.89
2880,18622,49.942879,19.884991,390.58,2026-09-30 01:00:00+00:00,2026-09-30 02:00:00+00:00,8.93,13.42,15.99,1027.68,68.7,6.72,4.33,157.37
2881,18622,49.942879,19.884991,390.58,2026-09-30 02:00:00+00:00,2026-09-30 03:00:00+00:00,7.73,11.66,13.89,1027.65,69.33,6.11,4.15,170.0
2882,18622,49.942879,19.884991,390.58,2026-09-30 03:00:00+00:00,2026-09-30 04:00:00+00:00,7.49,11.31,13.65,1027.76,69.34,5.92,4.07,158.03
2883,18622,49.942879,19.884991,390.58,2026-09-30 04:00:00+00:00,2026-09-30 05:00:00+00:00,9.02,13.74,16.7,1027.89,70.46,5.59,4.07,151.75
2884,18622,49.942879,19.884991,390.58,2026-09-30 05:00:00+00:00,2026-09-30 06:00:00+00:00,7.94,11.66,13.96,1028.19,69.72,5.93,4.11,147.99
2885,18622,49.942879,19.884991,390.58,2026-09-30 06:00:00+00:00,2026-09-30 07:00:00+00:00,7.54,11.03,13.09,1028.39,66.29,7.86,3.9,139.13
2886,18622,49.942879,19.884991,390.58,2026-09-30 07:00:00+00:00,2026-09-30 08:00:00+00:00,9.79,14.69,17.75,1028.65,60.14,10.56,3.58,112.0
2887,18622,49.942879,19.884991,390.58,2026-09-30 08:00:00+00:00,2026-09-30 09:00:00+00:00,8.56,12.79,15.19,1028.88,53.36,13.31,4.2,89.43
2888,18622,49.942879,19.884991,390.58,2026-09-30 09:00:00+00:00,2026-09-30 10:00:00+00:00,6.49,9.46,11.29,1028.8,48.3,15.57,5.07,82.25
2889,18622,49.942879,19.884991,390.58,2026-09-30 10:00:00+00:00,2026-09-30 11:00:00+00:00,7.19,10.11,12.08,1028.71,44.47,17.2,5.91,80.0
2890,18622,49.942879,19.884991,390.58,2026-09-30 11:00:00+00:00,2026-09-30 12:00:00+00:00,6.77,9.88,11.84,1028.33,41.02,18.46,6.5,80.35
2891,18622,49.942879,19.884991,390.58,2026-09-30 12:00:00+00:00,2026-09-30 13:00:00+00:00,5.08,7.32,8.57,1027.93,38.13,19.26,7.03,80.17
2892,18622,49.942879,19.884991,390.58,2026-09-30 13:00:00+00:00,2026-09-30 14:00:00+00:00,4.49,6.55,7.7,1027.44,37.0,19.53,7.74,78.0
2893,18622,49.942879,19.884991,390.58,2026-09-30 14:00:00+00:00,2026-09-30 15:00:00+00:00,4.68,6.73,7.97,1027.01,38.25,19.57,8.21,74.63
2894,18622,49.942879,19.884991,390.58,2026-09-30 15:00:00+00:00,2026-09-30 16:00:00+00:00,5.35,7.62,8.83,1026.81,42.44,18.78,8.17,74.0
2895,18622,49.942879,19.884991,390.58,2026-09-30 16:00:00+00:00,2026-09-30 17:00:00+00:00,5.15,7.54,8.94,1026.74,46.76,16.74,9.07,83.15
2896,18622,49.942879,19.884991,390.58,2026-09-30 17:00:00+00:00,2026-09-30 18:00:00+00:00,5.52,8.19,9.92,1026.82,50.77,14.74,9.42,92.28
2897,18622,49.942879,19.884991,390.58,2026-09-30 18:00:00+00:00,2026-09-30 19:00:00+00:00,6.83,9.98,11.8,1026.95,55.09,13.3,8.31,103.58
2898,18622,49.942879,19.884991,390.58,2026-09-30 19:00:00+00:00,2026-09-30 20:00:00+00:00,6.43,9.42,11.1,1027.04,58.29,12.33,7.17,108.15
2899,18622,49.942879,19.884991,390.58,2026-09-30 20:00:00+00:00,2026-09-30 21:00:00+00:00,6.62,9.78,11.68,1027.2,61.05,11.45,5.84,102.19
2900,18622,49.942879,19.884991,390.58,2026-09-30 21:00:00+00:00,2026-09-30 22:00:00+00:00,8.59,13.08,15.71,1027.37,63.31,10.41,4.89,111.26
2901,18622,49.942879,19.884991,390.58,2026-09-30 22:00:00+00:00,2026-09-30 23:00:00+00:00,7.6,11.42,13.67,1027.35,65.57,9.32,4.4,134.0
2902,18622,49.942879,19.884991,390.58,2026-09-30 23:00:00+00:00,2026-10-01 00:00:00+00:00,9.19,13.96,16.78,1027.42,66.19,8.87,4.25,124.66
2903,18622,49.942879,19.884991,390.58,2026-10-01 00:00:00+00:00,2026-10-01 01:00:00+00:00,10.02,15.02,17.9,1027.28,68.01,8.16,3.9,114.69
2904,246,50.148238,19.95973,311.71,2026-09-30 01:00:00+00:00,2026-09-30 02:00:00+00:00,12.46,16.28,19.94,1028.94,,,2.33,129.3
2905,246,50.148238,19.95973,311.71,2026-09-30 02:00:00+00:00,2026-09-30 03:00:00+00:00,13.01,17.21,21.08,1028.9,,,1.69,113.15
2906,246,50.148238,19.95973,311.71,2026-09-30 03:00:00+00:00,2026-09-30 04:00:00+00:00,13.46,17.79,21.52,1029.03,,,4.03,56.57
2907,246,50.148238,19.95973,311.71,2026-09-30 04:00:00+00:00,2026-09-30 05:00:00+00:00,13.52,17.77,21.56,1029.16,,,3.44,61.97
2908,246,50.148238,19.95973,311.71,2026-09-30 05:00:00+00:00,2026-09-30 06:00:00+00:00,13.45,17.69,21.56,1029.45,,,2.24,123.4
2909,246,50.148238,19.95973,311.71,2026-09-30 06:00:00+00:00,2026-09-30 07:00:00+00:00,12.55,16.5,19.85,1029.88,,,2.63,106.09
2910,246,50.148238,19.95973,311.71,2026-09-30 07:00:00+00:00,2026-09-30 08:00:00+00:00,11.9,15.8,19.06,1030.4,,,3.03,80.88
2911,246,50.148238,19.95973,311.71,2026-09-30 08:00:00+00:00,2026-09-30 09:00:00+00:00,9.89,12.65,14.93,1030.77,,,4.43,71.34
2912,246,50.148238,19.95973,311.71,2026-09-30 09:00:00+00:00,2026-09-30 10:00:00+00:00,7.28,9.11,10.68,1030.85,,,5.48,69.48
2913,246,50.148238,19.95973,311.71,2026-09-30 10:00:00+00:00,2026-09-30 11:00:00+00:00,6.95,8.65,10.24,1030.97,,,6.27,72.0
2914,246,50.148238,19.95973,311.71,2026-09-30 11:00:00+00:00,2026-09-30 12:00:00+00:00,6.46,7.92,9.23,1030.64,,,7.04,81.67
2915,246,50.148238,19.95973,311.71,2026-09-30 12:00:00+00:00,2026-09-30 13:00:00+00:00,6.71,8.24,9.67,1030.15,,,7.36,86.51
2916,246,50.148238,19.95973,311.71,2026-09-30 13:00:00+00:00,2026-09-30 14:00:00+00:00,5.16,6.33,7.47,1029.44,,,8.21,80.73
2917,246,50.148238,19.95973,311.71,2026-09-30 14:00:00+00:00,2026-09-30 15:00:00+00:00,4.84,5.87,6.92,1028.9,,,9.64,92.23
2918,246,50.148238,19.95973,311.71,2026-09-30 15:00:00+00:00,2026-09-30 16:00:00+00:00,5.26,6.65,7.91,1028.65,,,10.68,89.07
2919,246,50.148238,19.95973,311.71,2026-09-30 16:00:00+00:00,2026-09-30 17:00:00+00:00,7.96,10.06,12.1,1028.53,,,11.33,82.37
2920,246,50.148238,19.95973,311.71,2026-09-30 17:00:00+00:00,2026-09-30 18:00:00+00:00,9.25,11.71,14.01,1028.62,,,11.06,86.87
2921,246,50.148238,19.95973,311.71,2026-09-30 18:00:00+00:00,2026-09-30 19:00:00+00:00,7.65,9.74,11.78,1028.74,,,9.51,91.52
2922,246,50.148238,19.95973,311.71,2026-09-30 19:00:00+00:00,2026-09-30 20:00:00+00:00,8.1,10.34,12.4,1028.83,,,8.63,87.25
2923,246,50.148238,19.95973,311.71,2026-09-30 20:00:00+00:00,2026-09-30 21:00:00+00:00,8.3,10.6,12.7,1028.88,,,8.17,85.49
2924,246,50.148238,19.95973,311.71,2026-09-30 21:00:00+00:00,2026-09-30 22:00:00+00:00,8.47,10.88,13.09,1028.87,,,7.72,80.44
2925,246,50.148238,19.95973,311.71,2026-09-30 22:00:00+00:00,2026-09-30 23:00:00+00:00,8.97,11.5,13.81,1028.8,,,5.65,79.84
2926,246,50.148238,19.95973,311.71,2026-09-30 23:00:00+00:00,2026-10-01 00:00:00+00:00,8.78,11.37,13.75,1028.77,,,6.45,68.27
2927,246,50.148238,19.95973,311.71,2026-10-01 00:00:00+00:00,2026-10-01 01:00:00+00:00,9.08,11.68,14.21,1028.61,,,4.81,80.0
2928,615,50.15202,19.803083,346.38,2026-09-30 01:00:00+00:00,2026-09-30 02:00:00+00:00,,,,,,,,
2929,615,50.15202,19.803083,346.38,2026-09-30 02:00:00+00:00,2026-09-30 03:00:00+00:00,,,,,,,,
2930,615,50.15202,19.803083,346.38,2026-09-30 03:00:00+00:00,2026-09-30 04:00:00+00:00,,,,,,,,
2931,615,50.15202,19.803083,346.38,2026-09-30 04:00:00+00:00,2026-09-30 05:00:00+00:00,,,,,,,,
2932,615,50.15202,19.803083,346.38,2026-09-30 05:00:00+00:00,2026-09-30 06:00:00+00:00,,,,,,,,
2933,615,50.15202,19.803083,346.38,2026-09-30 06:00:00+00:00,2026-09-30 07:00:00+00:00,,,,,,,,
2934,615,50.15202,19.803083,346.38,2026-09-30 07:00:00+00:00,2026-09-30 08:00:00+00:00,,,,,,,,
2935,615,50.15202,19.803083,346.38,2026-09-30 08:00:00+00:00,2026-09-30 09:00:00+00:00,,,,,,,,
2936,615,50.15202,19.803083,346.38,2026-09-30 09:00:00+00:00,2026-09-30 10:00:00+00:00,,,,,,,,
2937,615,50.15202,19.803083,346.38,2026-09-30 10:00:00+00:00,2026-09-30 11:00:00+00:00,,,,,,,,
2938,615,50.15202,19.803083,346.38,2026-09-30 11:00:00+00:00,2026-09-30 12:00:00+00:00,,,,,,,,
2939,615,50.15202,19.803083,346.38,2026-09-30 12:00:00+00:00,2026-09-30 13:00:00+00:00,,,,,,,,
2940,615,50.15202,19.803083,346.38,2026-09-30 13:00:00+00:00,2026-09-30 14:00:00+00:00,,,,,,,,
2941,615,50.15202,19.803083,346.38,2026-09-30 14:00:00+00:00,2026-09-30 15:00:00+00:00,,,,,,,,
2942,615,50.15202,19.803083,346.38,2026-09-30 15:00:00+00:00,2026-09-30 16:00:00+00:00,,,,,,,,
2943,615,50.15202,19.803083,346.38,2026-09-30 16:00:00+00:00,2026-09-30 17:00:00+00:00,,,,,,,,
2944,615,50.15202,19.803083,346.38,2026-09-30 17:00:00+00:00,2026-09-30 18:00:00+00:00,,,,,,,,
2945,615,50.15202,19.803083,346.38,2026-09-30 18:00:00+00:00,2026-09-30 19:00:00+00:00,,,,,,,,
2946,615,50.15202,19.803083,346.38,2026-09-30 19:00:00+00:00,2026-09-30 20:00:00+00:00,,,,,,,,
2947,615,50.15202,19.803083,346.38,2026-09-30 20:00:00+00:00,2026-09-30 21:00:00+00:00,,,,,,,,
2948,615,50.15202,19.803083,346.38,2026-09-30 21:00:00+00:00,2026-09-30 22:00:00+00:00,,,,,,,,
2949,615,50.15202,19.803083,346.38,2026-09-30 22:00:00+00:00,2026-09-30 23:00:00+00:00,,,,,,,,
2950,615,50.15202,19.803083,346.38,2026-09-30 23:00:00+00:00,2026-10-01 00:00:00+00:00,,,,,,,,
2951,615,50.15202,19.803083,346.38,2026-10-01 00:00:00+00:00,2026-10-01 01:00:00+00:00,,,,,,,,
2952,33052,50.116436,19.801319,232.93,2026-09-30 01:00:00+00:00,2026-09-30 02:00:00+00:00,10.9,15.37,17.43,1026.44,92.5,8.19,5.51,73.0
2953,33052,50.116436,19.801319,232.93,2026-09-30 02:00:00+00:00,2026-09-30 03:00:00+00:00,11.46,16.42,19.02,1026.47,95.5,6.5,3.04,104.0
2954,33052,50.116436,19.801319,232.93,2026-09-30 03:00:00+00:00,2026-09-30 04:00:00+00:00,11.31,16.26,18.54,1026.52,94.0,6.97,4.53,62.0
2955,33052,50.116436,19.801319,232.93,2026-09-30 04:00:00+00:00,2026-09-30 05:00:00+00:00,11.54,17.12,19.83,1026.69,94.0,6.82,4.56,62.53
2956,33052,50.116436,19.801319,232.93,2026-09-30 05:00:00+00:00,2026-09-30 06:00:00+00:00,12.85,19.1,23.18,1026.97,93.75,6.74,4.9,67.91
2957,33052,50.116436,19.801319,232.93,2026-09-30 06:00:00+00:00,2026-09-30 07:00:00+00:00,13.82,20.54,25.51,1027.27,90.56,8.25,5.26,67.71
2958,33052,50.116436,19.801319,232.93,2026-09-30 07:00:00+00:00,2026-09-30 08:00:00+00:00,11.63,16.94,19.42,1027.44,85.19,10.99,5.1,76.61
2959,33052,50.116436,19.801319,232.93,2026-09-30 08:00:00+00:00,2026-09-30 09:00:00+00:00,9.44,12.86,14.54,1027.47,78.44,13.38,6.33,82.78
2960,33052,50.116436,19.801319,232.93,2026-09-30 09:00:00+00:00,2026-09-30 10:00:00+00:00,7.55,10.11,11.43,1027.41,71.94,15.59,7.47,90.46
2961,33052,50.116436,19.801319,232.93,2026-09-30 10:00:00+00:00,2026-09-30 11:00:00+00:00,7.16,9.41,10.9,1027.28,68.13,17.52,8.33,95.56
2962,33052,50.116436,19.801319,232.93,2026-09-30 11:00:00+00:00,2026-09-30 12:00:00+00:00,7.99,10.04,11.49,1026.85,64.0,18.9,9.33,101.0
2963,33052,50.116436,19.801319,232.93,2026-09-30 12:00:00+00:00,2026-09-30 13:00:00+00:00,5.71,7.47,8.51,1026.34,61.75,20.08,9.67,103.0
2964,33052,50.116436,19.801319,232.93,2026-09-30 13:00:00+00:00,2026-09-30 14:00:00+00:00,5.59,7.08,8.01,1025.78,60.25,23.31,9.59,108.0
2965,33052,50.116436,19.801319,232.93,2026-09-30 14:00:00+00:00,2026-09-30 15:00:00+00:00,3.1,3.72,4.17,1025.06,62.31,26.8,9.3,73.96
2966,33052,50.116436,19.801319,232.93,2026-09-30 15:00:00+00:00,2026-09-30 16:00:00+00:00,3.83,4.56,5.11,1024.74,64.56,25.12,9.51,91.22
2967,33052,50.116436,19.801319,232.93,2026-09-30 16:00:00+00:00,2026-09-30 17:00:00+00:00,5.93,7.5,8.54,1024.82,68.5,19.93,11.31,87.84
2968,33052,50.116436,19.801319,232.93,2026-09-30 17:00:00+00:00,2026-09-30 18:00:00+00:00,7.48,9.93,11.38,1025.13,71.75,17.12,11.92,85.33
2969,33052,50.116436,19.801319,232.93,2026-09-30 18:00:00+00:00,2026-09-30 19:00:00+00:00,8.45,11.55,13.08,1025.5,75.38,15.27,11.57,84.17
2970,33052,50.116436,19.801319,232.93,2026-09-30 19:00:00+00:00,2026-09-30 20:00:00+00:00,9.11,12.62,14.36,1025.78,79.13,13.87,11.04,80.69
2971,33052,50.116436,19.801319,232.93,2026-09-30 20:00:00+00:00,2026-09-30 21:00:00+00:00,8.3,11.54,13.07,1026.05,80.88,13.02,9.96,74.92
2972,33052,50.116436,19.801319,232.93,2026-09-30 21:00:00+00:00,2026-09-30 22:00:00+00:00,8.11,11.34,12.94,1026.21,82.94,11.98,8.97,74.46
2973,33052,50.116436,19.801319,232.93,2026-09-30 22:00:00+00:00,2026-09-30 23:00:00+00:00,8.28,11.53,13.08,1026.22,84.63,11.26,8.58,70.53
2974,33052,50.116436,19.801319,232.93,2026-09-30 23:00:00+00:00,2026-10-01 00:00:00+00:00,8.32,11.65,13.22,1026.31,86.69,10.46,8.12,67.53
2975,33052,50.116436,19.801319,232.93,2026-10-01 00:00:00+00:00,2026-10-01 01:00:00+00:00,8.73,11.97,13.57,1026.23,88.38,9.87,7.85,65.51
2976,7012,50.006187,19.769005,223.38,2026-09-30 01:00:00+00:00,2026-09-30 02:00:00+00:00,4.45,6.63,7.66,1025.33,94.63,9.2,3.31,122.94
2977,7012,50.006187,19.769005,223.38,2026-09-30 02:00:00+00:00,2026-09-30 03:00:00+00:00,4.48,6.69,7.72,1025.38,95.31,8.86,3.11,111.08
2978,7012,50.006187,19.769005,223.38,2026-09-30 03:00:00+00:00,2026-09-30 04:00:00+00:00,4.44,6.65,7.68,1025.5,95.5,8.39,3.29,122.74
2979,7012,50.006187,19.769005,223.38,2026-09-30 04:00:00+00:00,2026-09-30 05:00:00+00:00,4.44,6.71,7.68,1025.62,97.19,8.08,3.43,117.46
2980,7012,50.006187,19.769005,223.38,2026-09-30 05:00:00+00:00,2026-09-30 06:00:00+00:00,5.06,7.83,9.11,1025.95,96.06,8.34,3.74,115.54
2981,7012,50.006187,19.769005,223.38,2026-09-30 06:00:00+00:00,2026-09-30 07:00:00+00:00,7.47,11.64,13.54,1026.21,93.5,9.68,3.87,96.9
2982,7012,50.006187,19.769005,223.38,2026-09-30 07:00:00+00:00,2026-09-30 08:00:00+00:00,8.24,12.79,14.85,1026.42,88.09,11.69,4.38,76.84
2983,7012,50.006187,19.769005,223.38,2026-09-30 08:00:00+00:00,2026-09-30 09:00:00+00:00,8.45,13.06,15.07,1026.5,79.59,13.89,5.51,70.57
2984,7012,50.006187,19.769005,223.38,2026-09-30 09:00:00+00:00,2026-09-30 10:00:00+00:00,7.75,11.88,13.88,1026.36,71.35,15.85,6.64,69.95
2985,7012,50.006187,19.769005,223.38,2026-09-30 10:00:00+00:00,2026-09-30 11:00:00+00:00,6.88,10.47,12.13,1026.2,65.13,17.26,7.66,71.82
2986,7012,50.006187,19.769005,223.38,2026-09-30 11:00:00+00:00,2026-09-30 12:00:00+00:00,6.18,9.19,10.71,1025.76,58.0,18.74,8.9,76.3
2987,7012,50.006187,19.769005,223.38,2026-09-30 12:00:00+00:00,2026-09-30 13:00:00+00:00,5.6,8.44,9.78,1025.32,53.97,19.65,9.18,77.34
2988,7012,50.006187,19.769005,223.38,2026-09-30 13:00:00+00:00,2026-09-30 14:00:00+00:00,5.44,8.23,9.52,1024.81,52.63,20.15,9.12,74.3
2989,7012,50.006187,19.769005,223.38,2026-09-30 14:00:00+00:00,2026-09-30 15:00:00+00:00,5.44,8.11,9.37,1024.34,53.33,20.26,9.29,69.75
2990,7012,50.006187,19.769005,223.38,2026-09-30 15:00:00+00:00,2026-09-30 16:00:00+00:00,5.26,8.03,9.34,1024.09,56.92,19.68,9.55,67.61
2991,7012,50.006187,19.769005,223.38,2026-09-30 16:00:00+00:00,2026-09-30 17:00:00+00:00,5.14,7.74,8.98,1024.0,62.19,18.1,10.21,74.73
2992,7012,50.006187,19.769005,223.38,2026-09-30 17:00:00+00:00,2026-09-30 18:00:00+00:00,4.9,7.36,8.52,1024.12,68.74,16.55,10.02,82.85
2993,7012,50.006187,19.769005,223.38,2026-09-30 18:00:00+00:00,2026-09-30 19:00:00+00:00,4.77,7.14,8.31,1024.32,74.84,15.25,9.11,81.07
2994,7012,50.006187,19.769005,223.38,2026-09-30 19:00:00+00:00,2026-09-30 20:00:00+00:00,4.47,6.79,7.86,1024.58,79.9,14.32,8.16,77.33
2995,7012,50.006187,19.769005,223.38,2026-09-30 20:00:00+00:00,2026-09-30 21:00:00+00:00,4.39,6.7,7.78,1024.85,85.06,13.15,6.38,85.41
2996,7012,50.006187,19.769005,223.38,2026-09-30 21:00:00+00:00,2026-09-30 22:00:00+00:00,4.28,6.59,7.62,1024.99,87.75,12.35,5.5,83.13
2997,7012,50.006187,19.769005,223.38,2026-09-30 22:00:00+00:00,2026-09-30 23:00:00+00:00,4.13,6.34,7.37,1024.99,90.38,11.53,4.66,90.16
2998,7012,50.006187,19.769005,223.38,2026-09-30 23:00:00+00:00,2026-10-01 00:00:00+00:00,4.06,6.06,7.05,1025.08,91.88,11.08,4.58,91.67
2999,7012,50.006187,19.769005,223.38,2026-10-01 00:00:00+00:00,2026-10-01 01:00:00+00:00,3.91,5.87,6.72,1024.99,93.31,10.54,4.63,87.46
3000,86961,50.042476,19.826993,228.21,2026-09-30 01:00:00+00:00,2026-09-30 02:00:00+00:00,15.99,22.23,25.91,1029.48,94.63,7.12,3.31,122.94
3001,86961,50.042476,19.826993,228.21,2026-09-30 02:00:00+00:00,2026-09-30 03:00:00+00:00,15.27,21.36,25.07,1029.5,95.38,6.58,3.1,109.06
3002,86961,50.042476,19.826993,228.21,2026-09-30 03:00:00+00:00,2026-09-30 04:00:00+00:00,14.98,20.88,24.53,1029.62,95.5,6.09,3.29,122.74
3003,86961,50.042476,19.826993,228.21,2026-09-30 04:00:00+00:00,2026-09-30 05:00:00+00:00,18.05,26.15,31.85,1029.76,97.19,5.72,3.43,117.46
3004,86961,50.042476,19.826993,228.21,2026-09-30 05:00:00+00:00,2026-09-30 06:00:00+00:00,17.0,23.6,28.01,1030.07,96.06,6.04,3.74,115.54
3005,86961,50.042476,19.826993,228.21,2026-09-30 06:00:00+00:00,2026-09-30 07:00:00+00:00,17.67,23.65,27.1,1030.35,93.5,9.83,3.87,96.9
3006,86961,50.042476,19.826993,228.21,2026-09-30 07:00:00+00:00,2026-09-30 08:00:00+00:00,18.59,25.33,28.77,1030.57,85.87,14.42,4.44,75.4
3007,86961,50.042476,19.826993,228.21,2026-09-30 08:00:00+00:00,2026-09-30 09:00:00+00:00,16.37,21.52,24.42,1030.69,75.23,16.69,5.64,70.65
3008,86961,50.042476,19.826993,228.21,2026-09-30 09:00:00+00:00,2026-09-30 10:00:00+00:00,11.16,14.43,16.57,1030.56,66.69,17.18,6.64,69.95
3009,86961,50.042476,19.826993,228.21,2026-09-30 10:00:00+00:00,2026-09-30 11:00:00+00:00,10.33,13.57,15.66,1030.42,60.46,17.38,7.8,72.32
3010,86961,50.042476,19.826993,228.21,2026-09-30 11:00:00+00:00,2026-09-30 12:00:00+00:00,9.29,12.0,13.79,1029.97,55.05,18.8,8.9,76.3
3011,86961,50.042476,19.826993,228.21,2026-09-30 12:00:00+00:00,2026-09-30 13:00:00+00:00,8.93,11.48,13.11,1029.52,51.27,19.9,9.18,77.34
3012,86961,50.042476,19.826993,228.21,2026-09-30 13:00:00+00:00,2026-09-30 14:00:00+00:00,7.69,9.83,11.32,1029.02,49.08,20.47,9.12,74.3
3013,86961,50.042476,19.826993,228.21,2026-09-30 14:00:00+00:00,2026-09-30 15:00:00+00:00,6.38,8.18,9.38,1028.53,49.39,20.56,9.3,69.33
3014,86961,50.042476,19.826993,228.21,2026-09-30 15:00:00+00:00,2026-09-30 16:00:00+00:00,7.85,10.04,11.56,1028.29,54.45,19.67,9.63,68.13
3015,86961,50.042476,19.826993,228.21,2026-09-30 16:00:00+00:00,2026-09-30 17:00:00+00:00,8.15,10.54,12.21,1028.17,59.55,17.79,10.21,74.73
3016,86961,50.042476,19.826993,228.21,2026-09-30 17:00:00+00:00,2026-09-30 18:00:00+00:00,8.43,10.93,12.64,1028.24,66.29,15.81,9.94,82.77
3017,86961,50.042476,19.826993,228.21,2026-09-30 18:00:00+00:00,2026-09-30 19:00:00+00:00,10.37,13.85,16.11,1028.44,74.4,14.15,9.05,80.59
3018,86961,50.042476,19.826993,228.21,2026-09-30 19:00:00+00:00,2026-09-30 20:00:00+00:00,11.54,15.39,17.77,1028.65,81.88,13.07,8.16,77.33
3019,86961,50.042476,19.826993,228.21,2026-09-30 20:00:00+00:00,2026-09-30 21:00:00+00:00,11.9,15.95,18.71,1028.96,85.38,12.08,6.38,85.41
3020,86961,50.042476,19.826993,228.21,2026-09-30 21:00:00+00:00,2026-09-30 22:00:00+00:00,11.66,15.73,18.37,1029.1,87.75,11.13,5.5,83.13
3021,86961,50.042476,19.826993,228.21,2026-09-30 22:00:00+00:00,2026-09-30 23:00:00+00:00,11.66,15.75,18.37,1029.1,90.5,10.22,4.65,90.33
3022,86961,50.042476,19.826993,228.21,2026-09-30 23:00:00+00:00,2026-10-01 00:00:00+00:00,11.73,15.69,18.38,1029.18,91.88,9.64,4.58,91.67
3023,86961,50.042476,19.826993,228.21,2026-10-01 00:00:00+00:00,2026-10-01 01:00:00+00:00,11.46,15.6,18.22,1029.09,93.31,8.92,4.63,87.46
3024,9077,50.128409,19.973662,297.5,2026-09-30 01:00:00+00:00,2026-09-30 02:00:00+00:00,11.53,17.17,22.03,1026.58,68.11,8.64,2.36,128.85
3025,9077,50.128409,19.973662,297.5,2026-09-30 02:00:00+00:00,2026-09-30 03:00:00+00:00,11.78,17.75,22.92,1026.63,69.36,8.05,1.67,118.53
3026,9077,50.128409,19.973662,297.5,2026-09-30 03:00:00+00:00,2026-09-30 04:00:00+00:00,11.9,18.04,23.73,1026.77,69.96,7.76,4.03,56.66
3027,9077,50.128409,19.973662,297.5,2026-09-30 04:00:00+00:00,2026-09-30 05:00:00+00:00,11.78,18.19,23.93,1026.91,75.69,7.2,3.56,60.49
3028,9077,50.128409,19.973662,297.5,2026-09-30 05:00:00+00:00,2026-09-30 06:00:00+00:00,11.85,18.18,24.04,1027.17,86.2,6.88,2.22,124.04
3029,9077,50.128409,19.973662,297.5,2026-09-30 06:00:00+00:00,2026-09-30 07:00:00+00:00,11.71,17.63,23.28,1027.45,70.74,8.3,2.63,107.28
3030,9077,50.128409,19.973662,297.5,2026-09-30 07:00:00+00:00,2026-09-30 08:00:00+00:00,11.25,16.68,21.37,1027.68,65.04,10.66,3.0,81.2
3031,9077,50.128409,19.973662,297.5,2026-09-30 08:00:00+00:00,2026-09-30 09:00:00+00:00,7.72,10.84,12.63,1027.73,81.0,16.33,4.42,71.39
3032,9077,50.128409,19.973662,297.5,2026-09-30 09:00:00+00:00,2026-09-30 10:00:00+00:00,5.31,6.92,7.95,1027.57,75.13,21.0,5.5,69.57
3033,9077,50.128409,19.973662,297.5,2026-09-30 10:00:00+00:00,2026-09-30 11:00:00+00:00,4.86,6.47,7.5,1027.55,68.88,22.03,6.27,72.0
3034,9077,50.128409,19.973662,297.5,2026-09-30 11:00:00+00:00,2026-09-30 12:00:00+00:00,5.73,7.96,9.29,1027.4,65.69,20.01,7.01,81.37
3035,9077,50.128409,19.973662,297.5,2026-09-30 12:00:00+00:00,2026-09-30 13:00:00+00:00,5.91,8.51,9.88,1026.87,63.0,20.13,7.35,86.35
3036,9077,50.128409,19.973662,297.5,2026-09-30 13:00:00+00:00,2026-09-30 14:00:00+00:00,4.28,6.24,7.33,1026.39,59.7,20.67,8.21,80.73
3037,9077,50.128409,19.973662,297.5,2026-09-30 14:00:00+00:00,2026-09-30 15:00:00+00:00,4.34,6.38,7.54,1025.97,59.8,20.64,9.68,92.74
3038,9077,50.128409,19.973662,297.5,2026-09-30 15:00:00+00:00,2026-09-30 16:00:00+00:00,5.68,8.73,10.34,1025.77,63.63,19.97,10.66,90.26
3039,9077,50.128409,19.973662,297.5,2026-09-30 16:00:00+00:00,2026-09-30 17:00:00+00:00,5.41,7.97,9.51,1025.81,67.75,18.59,11.31,82.06
3040,9077,50.128409,19.973662,297.5,2026-09-30 17:00:00+00:00,2026-09-30 18:00:00+00:00,6.43,9.67,11.89,1025.96,70.56,17.08,11.08,86.76
3041,9077,50.128409,19.973662,297.5,2026-09-30 18:00:00+00:00,2026-09-30 19:00:00+00:00,6.7,9.78,12.37,1026.19,75.63,15.04,9.52,91.61
3042,9077,50.128409,19.973662,297.5,2026-09-30 19:00:00+00:00,2026-09-30 20:00:00+00:00,7.09,10.72,13.7,1026.39,79.56,13.78,8.64,87.23
3043,9077,50.128409,19.973662,297.5,2026-09-30 20:00:00+00:00,2026-09-30 21:00:00+00:00,7.0,10.45,13.13,1026.56,81.44,12.95,8.16,85.63
3044,9077,50.128409,19.973662,297.5,2026-09-30 21:00:00+00:00,2026-09-30 22:00:00+00:00,7.29,10.84,14.17,1026.6,82.94,12.15,7.77,80.35
3045,9077,50.128409,19.973662,297.5,2026-09-30 22:00:00+00:00,2026-09-30 23:00:00+00:00,7.66,11.41,14.92,1026.61,85.75,11.29,5.63,80.22
3046,9077,50.128409,19.973662,297.5,2026-09-30 23:00:00+00:00,2026-10-01 00:00:00+00:00,7.91,11.8,14.96,1026.64,62.97,10.84,6.53,67.82
3047,9077,50.128409,19.973662,297.5,2026-10-01 00:00:00+00:00,2026-10-01 01:00:00+00:00,7.91,11.78,15.32,1026.5,65.2,9.83,4.82,80.0
3048,86914,50.020586,20.02296,199.94,2026-09-30 01:00:00+00:00,2026-09-30 02:00:00+00:00,12.79,19.11,23.61,1027.93,92.69,7.05,2.57,160.98
3049,86914,50.020586,20.02296,199.94,2026-09-30 02:00:00+00:00,2026-09-30 03:00:00+00:00,13.01,19.36,24.18,1027.95,93.19,6.81,1.69,161.1
3050,86914,50.020586,20.02296,199.94,2026-09-30 03:00:00+00:00,2026-09-30 04:00:00+00:00,13.08,19.41,24.38,1028.13,94.65,6.14,1.79,141.28
3051,86914,50.020586,20.02296,199.94,2026-09-30 04:00:00+00:00,2026-09-30 05:00:00+00:00,13.38,20.16,25.69,1028.29,95.29,5.75,1.66,159.82
3052,86914,50.020586,20.02296,199.94,2026-09-30 05:00:00+00:00,2026-09-30 06:00:00+00:00,15.21,23.3,31.42,1028.6,95.63,5.55,1.96,156.2
3053,86914,50.020586,20.02296,199.94,2026-09-30 06:00:00+00:00,2026-09-30 07:00:00+00:00,15.23,22.93,30.5,1028.87,92.5,6.42,3.01,148.0
3054,86914,50.020586,20.02296,199.94,2026-09-30 07:00:00+00:00,2026-09-30 08:00:00+00:00,13.88,21.1,27.44,1029.06,86.88,9.17,2.58,106.8
3055,86914,50.020586,20.02296,199.94,2026-09-30 08:00:00+00:00,2026-09-30 09:00:00+00:00,11.72,17.19,20.53,1029.02,80.26,12.25,4.16,73.73
3056,86914,50.020586,20.02296,199.94,2026-09-30 09:00:00+00:00,2026-09-30 10:00:00+00:00,9.43,13.28,15.52,1028.82,70.87,15.02,4.94,70.0
3057,86914,50.020586,20.02296,199.94,2026-09-30 10:00:00+00:00,2026-09-30 11:00:00+00:00,7.69,10.84,12.63,1028.74,62.55,17.17,5.88,73.93
3058,86914,50.020586,20.02296,199.94,2026-09-30 11:00:00+00:00,2026-09-30 12:00:00+00:00,7.65,10.72,12.41,1028.25,57.1,18.84,6.83,81.98
3059,86914,50.020586,20.02296,199.94,2026-09-30 12:00:00+00:00,2026-09-30 13:00:00+00:00,6.59,8.97,10.38,1027.71,50.15,19.97,11.88,90.81
3060,86914,50.020586,20.02296,199.94,2026-09-30 13:00:00+00:00,2026-09-30 14:00:00+00:00,4.7,6.43,7.43,1027.13,46.95,21.02,9.61,90.05
3061,86914,50.020586,20.02296,199.94,2026-09-30 14:00:00+00:00,2026-09-30 15:00:00+00:00,4.82,6.51,7.42,1026.59,48.02,23.23,9.23,82.8
3062,86914,50.020586,20.02296,199.94,2026-09-30 15:00:00+00:00,2026-09-30 16:00:00+00:00,5.29,7.23,8.4,1026.47,51.37,21.0,10.97,81.78
3063,86914,50.020586,20.02296,199.94,2026-09-30 16:00:00+00:00,2026-09-30 17:00:00+00:00,6.18,8.47,9.96,1026.56,57.06,18.44,11.85,84.03
3064,86914,50.020586,20.02296,199.94,2026-09-30 17:00:00+00:00,2026-09-30 18:00:00+00:00,7.67,10.71,12.61,1026.85,63.5,16.17,11.27,92.75
3065,86914,50.020586,20.02296,199.94,2026-09-30 18:00:00+00:00,2026-09-30 19:00:00+00:00,8.16,11.79,13.91,1027.15,71.19,14.52,9.84,97.0
3066,86914,50.020586,20.02296,199.94,2026-09-30 19:00:00+00:00,2026-09-30 20:00:00+00:00,10.74,15.4,18.38,1027.37,75.11,13.6,9.05,95.83
3067,86914,50.020586,20.02296,199.94,2026-09-30 20:00:00+00:00,2026-09-30 21:00:00+00:00,10.88,16.03,18.96,1027.4,80.87,12.27,7.84,89.26
3068,86914,50.020586,20.02296,199.94,2026-09-30 21:00:00+00:00,2026-09-30 22:00:00+00:00,10.45,15.07,17.74,1027.51,83.15,11.43,6.18,93.0
3069,86914,50.020586,20.02296,199.94,2026-09-30 22:00:00+00:00,2026-09-30 23:00:00+00:00,10.51,15.06,17.79,1027.59,85.75,10.18,4.57,96.0
3070,86914,50.020586,20.02296,199.94,2026-09-30 23:00:00+00:00,2026-10-01 00:00:00+00:00,10.67,15.38,18.11,1027.72,87.81,9.67,4.94,83.99
3071,86914,50.020586,20.02296,199.94,2026-10-01 00:00:00+00:00,2026-10-01 01:00:00+00:00,11.13,16.1,19.01,1027.53,88.69,9.13,4.32,79.38
3072,521,50.120655,19.78093,232.68,2026-09-30 01:00:00+00:00,2026-09-30 02:00:00+00:00,12.57,17.19,21.76,1025.24,92.59,8.7,5.42,73.5
3073,521,50.120655,19.78093,232.68,2026-09-30 02:00:00+00:00,2026-09-30 03:00:00+00:00,11.69,16.24,20.88,1025.33,95.45,7.06,3.05,102.27
3074,521,50.120655,19.78093,232.68,2026-09-30 03:00:00+00:00,2026-09-30 04:00:00+00:00,11.66,16.56,21.53,1025.4,94.0,7.45,4.53,62.0
3075,521,50.120655,19.78093,232.68,2026-09-30 04:00:00+00:00,2026-09-30 05:00:00+00:00,12.07,17.37,23.19,1025.58,94.0,7.33,4.56,62.58
3076,521,50.120655,19.78093,232.68,2026-09-30 05:00:00+00:00,2026-09-30 06:00:00+00:00,11.96,17.15,22.34,1025.86,93.73,7.35,4.91,67.9
3077,521,50.120655,19.78093,232.68,2026-09-30 06:00:00+00:00,2026-09-30 07:00:00+00:00,9.95,13.06,16.02,1025.77,90.6,11.44,5.26,67.65
3078,521,50.120655,19.78093,232.68,2026-09-30 07:00:00+00:00,2026-09-30 08:00:00+00:00,9.1,11.48,13.73,1025.61,85.24,17.71,5.09,76.56
3079,521,50.120655,19.78093,232.68,2026-09-30 08:00:00+00:00,2026-09-30 09:00:00+00:00,7.09,8.87,10.41,1025.63,78.49,20.38,6.32,82.71
3080,521,50.120655,19.78093,232.68,2026-09-30 09:00:00+00:00,2026-09-30 10:00:00+00:00,6.28,7.85,9.37,1025.74,72.08,20.08,7.44,90.25
3081,521,50.120655,19.78093,232.68,2026-09-30 10:00:00+00:00,2026-09-30 11:00:00+00:00,5.8,7.3,8.82,1025.8,68.3,19.1,8.29,95.31
3082,521,50.120655,19.78093,232.68,2026-09-30 11:00:00+00:00,2026-09-30 12:00:00+00:00,5.96,7.56,9.16,1025.43,63.93,19.9,9.34,101.06
3083,521,50.120655,19.78093,232.68,2026-09-30 12:00:00+00:00,2026-09-30 13:00:00+00:00,5.84,7.39,8.88,1024.94,61.7,20.66,9.67,103.15
3084,521,50.120655,19.78093,232.68,2026-09-30 13:00:00+00:00,2026-09-30 14:00:00+00:00,5.26,6.53,7.92,1024.41,60.25,21.25,9.59,108.0
3085,521,50.120655,19.78093,232.68,2026-09-30 14:00:00+00:00,2026-09-30 15:00:00+00:00,4.17,5.12,6.22,1023.93,62.26,21.52,9.27,74.79
3086,521,50.120655,19.78093,232.68,2026-09-30 15:00:00+00:00,2026-09-30 16:00:00+00:00,5.19,6.48,7.91,1023.73,64.51,20.51,9.49,90.74
3087,521,50.120655,19.78093,232.68,2026-09-30 16:00:00+00:00,2026-09-30 17:00:00+00:00,6.29,7.96,9.71,1023.85,68.7,18.47,11.41,87.62
3088,521,50.120655,19.78093,232.68,2026-09-30 17:00:00+00:00,2026-09-30 18:00:00+00:00,7.44,9.58,11.8,1024.07,71.84,17.06,11.93,85.27
3089,521,50.120655,19.78093,232.68,2026-09-30 18:00:00+00:00,2026-09-30 19:00:00+00:00,8.26,10.74,13.27,1024.35,75.49,15.68,11.56,84.14
3090,521,50.120655,19.78093,232.68,2026-09-30 19:00:00+00:00,2026-09-30 20:00:00+00:00,7.93,10.34,12.91,1024.6,79.24,14.52,11.03,80.57
3091,521,50.120655,19.78093,232.68,2026-09-30 20:00:00+00:00,2026-09-30 21:00:00+00:00,7.63,10.34,12.92,1024.79,80.91,13.83,9.93,74.75
3092,521,50.120655,19.78093,232.68,2026-09-30 21:00:00+00:00,2026-09-30 22:00:00+00:00,7.41,10.2,12.57,1024.87,82.99,12.9,8.95,74.51
3093,521,50.120655,19.78093,232.68,2026-09-30 22:00:00+00:00,2026-09-30 23:00:00+00:00,7.69,10.22,12.61,1024.85,84.63,12.25,8.58,70.5
3094,521,50.120655,19.78093,232.68,2026-09-30 23:00:00+00:00,2026-10-01 00:00:00+00:00,7.91,10.27,12.77,1024.91,86.67,11.5,8.12,67.54
3095,521,50.120655,19.78093,232.68,2026-10-01 00:00:00+00:00,2026-10-01 01:00:00+00:00,7.55,9.91,12.56,1024.85,88.36,10.83,7.85,65.52
3096,9008,49.98194,20.070153,269.62,2026-09-30 01:00:00+00:00,2026-09-30 02:00:00+00:00,12.74,20.74,28.48,1027.29,92.0,7.6,2.15,153.34
3097,9008,49.98194,20.070153,269.62,2026-09-30 02:00:00+00:00,2026-09-30 03:00:00+00:00,12.95,21.18,29.35,1027.3,93.0,7.02,2.06,172.61
3098,9008,49.98194,20.070153,269.62,2026-09-30 03:00:00+00:00,2026-09-30 04:00:00+00:00,13.99,23.21,32.4,1027.49,94.13,6.59,1.72,174.4
3099,9008,49.98194,20.070153,269.62,2026-09-30 04:00:00+00:00,2026-09-30 05:00:00+00:00,14.93,24.05,33.92,1027.59,95.63,6.17,1.45,171.63
3100,9008,49.98194,20.070153,269.62,2026-09-30 05:00:00+00:00,2026-09-30 06:00:00+00:00,16.23,26.17,37.2,1027.87,95.81,6.36,1.43,147.86
3101,9008,49.98194,20.070153,269.62,2026-09-30 06:00:00+00:00,2026-09-30 07:00:00+00:00,16.22,25.99,36.82,1028.15,92.88,7.8,1.64,123.32
3102,9008,49.98194,20.070153,269.62,2026-09-30 07:00:00+00:00,2026-09-30 08:00:00+00:00,13.47,21.58,29.42,1028.4,87.5,10.06,2.17,86.65
3103,9008,49.98194,20.070153,269.62,2026-09-30 08:00:00+00:00,2026-09-30 09:00:00+00:00,13.7,20.75,27.68,1028.48,80.63,12.83,3.57,73.68
3104,9008,49.98194,20.070153,269.62,2026-09-30 09:00:00+00:00,2026-09-30 10:00:00+00:00,9.7,15.27,18.87,1028.42,74.44,15.43,4.73,73.37
3105,9008,49.98194,20.070153,269.62,2026-09-30 10:00:00+00:00,2026-09-30 11:00:00+00:00,8.53,12.96,15.78,1028.36,70.38,17.41,5.46,79.37
3106,9008,49.98194,20.070153,269.62,2026-09-30 11:00:00+00:00,2026-09-30 12:00:00+00:00,8.04,11.45,13.91,1027.89,51.84,19.16,6.18,91.41
3107,9008,49.98194,20.070153,269.62,2026-09-30 12:00:00+00:00,2026-09-30 13:00:00+00:00,4.39,6.09,7.34,1027.41,38.0,20.97,7.28,103.58
3108,9008,49.98194,20.070153,269.62,2026-09-30 13:00:00+00:00,2026-09-30 14:00:00+00:00,4.4,6.1,7.47,1026.88,36.32,21.73,8.42,105.0
3109,9008,49.98194,20.070153,269.62,2026-09-30 14:00:00+00:00,2026-09-30 15:00:00+00:00,5.68,8.09,9.94,1026.45,37.0,21.93,10.2,96.62
3110,9008,49.98194,20.070153,269.62,2026-09-30 15:00:00+00:00,2026-09-30 16:00:00+00:00,5.96,8.65,10.63,1026.34,39.69,20.79,11.36,90.41
3111,9008,49.98194,20.070153,269.62,2026-09-30 16:00:00+00:00,2026-09-30 17:00:00+00:00,11.94,16.18,19.93,1026.35,51.28,18.15,11.98,90.47
3112,9008,49.98194,20.070153,269.62,2026-09-30 17:00:00+00:00,2026-09-30 18:00:00+00:00,8.27,12.84,16.03,1026.52,47.79,16.09,10.96,96.84
3113,9008,49.98194,20.070153,269.62,2026-09-30 18:00:00+00:00,2026-09-30 19:00:00+00:00,10.07,15.7,19.33,1026.74,50.9,14.45,9.77,99.06
3114,9008,49.98194,20.070153,269.62,2026-09-30 19:00:00+00:00,2026-09-30 20:00:00+00:00,13.92,20.94,27.6,1026.75,53.73,13.56,8.79,99.94
3115,9008,49.98194,20.070153,269.62,2026-09-30 20:00:00+00:00,2026-09-30 21:00:00+00:00,12.64,19.39,25.28,1026.93,57.12,12.22,7.35,106.1
3116,9008,49.98194,20.070153,269.62,2026-09-30 21:00:00+00:00,2026-09-30 22:00:00+00:00,11.47,18.09,23.17,1027.01,59.17,11.47,6.35,101.81
3117,9008,49.98194,20.070153,269.62,2026-09-30 22:00:00+00:00,2026-09-30 23:00:00+00:00,11.79,18.52,23.92,1027.06,61.43,10.67,4.98,92.3
3118,9008,49.98194,20.070153,269.62,2026-09-30 23:00:00+00:00,2026-10-01 00:00:00+00:00,10.77,17.06,21.36,1027.11,63.55,10.01,4.59,82.07
3119,9008,49.98194,20.070153,269.62,2026-10-01 00:00:00+00:00,2026-10-01 01:00:00+00:00,10.21,16.47,20.74,1026.91,65.18,9.42,4.19,76.1
3120,37252,50.151409,20.044298,275.6,2026-09-30 01:00:00+00:00,2026-09-30 02:00:00+00:00,,,,1027.69,69.27,7.2,4.86,72.42
3121,37252,50.151409,20.044298,275.6,2026-09-30 02:00:00+00:00,2026-09-30 03:00:00+00:00,,,,1027.75,85.4,6.67,4.27,63.82
3122,37252,50.151409,20.044298,275.6,2026-09-30 03:00:00+00:00,2026-09-30 04:00:00+00:00,,,,1027.91,79.82,6.04,4.54,62.41
3123,37252,50.151409,20.044298,275.6,2026-09-30 04:00:00+00:00,2026-09-30 05:00:00+00:00,,,,1028.05,74.41,5.66,4.0,54.22
3124,37252,50.151409,20.044298,275.6,2026-09-30 05:00:00+00:00,2026-09-30 06:00:00+00:00,,,,1028.35,86.65,5.77,3.88,55.58
3125,37252,50.151409,20.044298,275.6,2026-09-30 06:00:00+00:00,2026-09-30 07:00:00+00:00,,,,1028.63,67.82,6.99,4.65,66.0
3126,37252,50.151409,20.044298,275.6,2026-09-30 07:00:00+00:00,2026-09-30 08:00:00+00:00,,,,1028.84,60.26,9.69,4.82,80.31
3127,37252,50.151409,20.044298,275.6,2026-09-30 08:00:00+00:00,2026-09-30 09:00:00+00:00,,,,1028.92,53.76,12.4,6.31,89.1
3128,37252,50.151409,20.044298,275.6,2026-09-30 09:00:00+00:00,2026-09-30 10:00:00+00:00,,,,1028.79,48.26,14.84,7.91,99.52
3129,37252,50.151409,20.044298,275.6,2026-09-30 10:00:00+00:00,2026-09-30 11:00:00+00:00,,,,1028.64,42.82,17.01,8.77,105.81
3130,37252,50.151409,20.044298,275.6,2026-09-30 11:00:00+00:00,2026-09-30 12:00:00+00:00,,,,1028.14,60.43,18.66,9.64,115.48
3131,37252,50.151409,20.044298,275.6,2026-09-30 12:00:00+00:00,2026-09-30 13:00:00+00:00,,,,1027.54,61.56,19.83,10.22,121.79
3132,37252,50.151409,20.044298,275.6,2026-09-30 13:00:00+00:00,2026-09-30 14:00:00+00:00,,,,1026.94,60.44,22.49,10.8,123.0
3133,37252,50.151409,20.044298,275.6,2026-09-30 14:00:00+00:00,2026-09-30 15:00:00+00:00,,,,1026.22,60.33,25.58,10.99,113.97
3134,37252,50.151409,20.044298,275.6,2026-09-30 15:00:00+00:00,2026-09-30 16:00:00+00:00,,,,1025.9,48.52,23.38,11.95,105.62
3135,37252,50.151409,20.044298,275.6,2026-09-30 16:00:00+00:00,2026-09-30 17:00:00+00:00,,,,1026.02,43.34,18.12,12.94,97.89
3136,37252,50.151409,20.044298,275.6,2026-09-30 17:00:00+00:00,2026-09-30 18:00:00+00:00,,,,1026.39,71.22,15.41,12.61,93.05
3137,37252,50.151409,20.044298,275.6,2026-09-30 18:00:00+00:00,2026-09-30 19:00:00+00:00,,,,1026.7,75.25,14.05,12.16,86.04
3138,37252,50.151409,20.044298,275.6,2026-09-30 19:00:00+00:00,2026-09-30 20:00:00+00:00,,,,1026.93,78.25,13.12,11.17,85.46
3139,37252,50.151409,20.044298,275.6,2026-09-30 20:00:00+00:00,2026-09-30 21:00:00+00:00,,,,1027.16,60.08,11.96,10.29,86.65
3140,37252,50.151409,20.044298,275.6,2026-09-30 21:00:00+00:00,2026-09-30 22:00:00+00:00,,,,1027.22,57.76,11.08,8.75,84.52
3141,37252,50.151409,20.044298,275.6,2026-09-30 22:00:00+00:00,2026-09-30 23:00:00+00:00,,,,1027.34,58.99,10.38,7.43,75.35
3142,37252,50.151409,20.044298,275.6,2026-09-30 23:00:00+00:00,2026-10-01 00:00:00+00:00,,,,1027.42,61.0,9.57,7.43,74.4
3143,37252,50.151409,20.044298,275.6,2026-10-01 00:00:00+00:00,2026-10-01 01:00:00+00:00,,,,1027.29,63.25,8.7,7.39,74.03
3144,82310,49.951021,20.034411,318.89,2026-09-30 01:00:00+00:00,2026-09-30 02:00:00+00:00,9.09,13.85,16.39,1026.92,68.02,7.89,2.57,160.98
3145,82310,49.951021,20.034411,318.89,2026-09-30 02:00:00+00:00,2026-09-30 03:00:00+00:00,9.99,15.42,18.41,1026.97,68.94,7.4,1.69,158.65
3146,82310,49.951021,20.034411,318.89,2026-09-30 03:00:00+00:00,2026-09-30 04:00:00+00:00,9.23,14.45,17.13,1027.03,70.26,6.95,1.77,142.99
3147,82310,49.951021,20.034411,318.89,2026-09-30 04:00:00+00:00,2026-09-30 05:00:00+00:00,9.04,13.56,16.25,1027.25,71.0,6.31,1.67,159.74
3148,82310,49.951021,20.034411,318.89,2026-09-30 05:00:00+00:00,2026-09-30 06:00:00+00:00,8.93,13.41,16.09,1027.57,70.63,6.15,2.06,155.01
3149,82310,49.951021,20.034411,318.89,2026-09-30 06:00:00+00:00,2026-09-30 07:00:00+00:00,8.12,12.41,14.76,1027.82,67.83,7.04,3.01,148.0
3150,82310,49.951021,20.034411,318.89,2026-09-30 07:00:00+00:00,2026-09-30 08:00:00+00:00,6.11,8.57,10.07,1027.97,64.84,11.86,2.58,106.8
3151,82310,49.951021,20.034411,318.89,2026-09-30 08:00:00+00:00,2026-09-30 09:00:00+00:00,4.22,5.4,6.25,1027.9,80.5,18.7,4.16,73.73
3152,82310,49.951021,20.034411,318.89,2026-09-30 09:00:00+00:00,2026-09-30 10:00:00+00:00,4.59,5.9,6.85,1027.77,75.06,20.91,4.94,70.0
3153,82310,49.951021,20.034411,318.89,2026-09-30 10:00:00+00:00,2026-09-30 11:00:00+00:00,4.26,5.46,6.33,1027.62,70.38,22.92,5.88,73.93
3154,82310,49.951021,20.034411,318.89,2026-09-30 11:00:00+00:00,2026-09-30 12:00:00+00:00,3.85,5.0,5.81,1027.22,66.44,24.19,6.83,81.98
3155,82310,49.951021,20.034411,318.89,2026-09-30 12:00:00+00:00,2026-09-30 13:00:00+00:00,3.65,4.7,5.42,1026.86,61.56,24.49,11.88,90.81
3156,82310,49.951021,20.034411,318.89,2026-09-30 13:00:00+00:00,2026-09-30 14:00:00+00:00,3.74,4.85,5.67,1026.45,49.64,23.5,9.61,90.05
3157,82310,49.951021,20.034411,318.89,2026-09-30 14:00:00+00:00,2026-09-30 15:00:00+00:00,4.69,6.44,7.43,1026.12,36.9,21.83,9.23,82.8
3158,82310,49.951021,20.034411,318.89,2026-09-30 15:00:00+00:00,2026-09-30 16:00:00+00:00,5.01,7.06,8.28,1026.02,39.3,20.58,10.97,81.78
3159,82310,49.951021,20.034411,318.89,2026-09-30 16:00:00+00:00,2026-09-30 17:00:00+00:00,6.78,9.51,11.18,1025.98,42.86,18.62,11.9,84.28
3160,82310,49.951021,20.034411,318.89,2026-09-30 17:00:00+00:00,2026-09-30 18:00:00+00:00,5.66,8.24,9.7,1026.08,46.61,16.75,11.19,93.79
3161,82310,49.951021,20.034411,318.89,2026-09-30 18:00:00+00:00,2026-09-30 19:00:00+00:00,6.28,9.16,10.86,1026.21,50.36,15.21,9.7,97.0
3162,82310,49.951021,20.034411,318.89,2026-09-30 19:00:00+00:00,2026-09-30 20:00:00+00:00,6.66,9.74,11.62,1026.31,52.61,14.31,8.94,95.22
3163,82310,49.951021,20.034411,318.89,2026-09-30 20:00:00+00:00,2026-09-30 21:00:00+00:00,6.68,9.97,11.92,1026.52,56.93,12.88,7.69,89.54
3164,82310,49.951021,20.034411,318.89,2026-09-30 21:00:00+00:00,2026-09-30 22:00:00+00:00,7.52,11.25,13.33,1026.65,59.0,11.94,6.05,93.19
3165,82310,49.951021,20.034411,318.89,2026-09-30 22:00:00+00:00,2026-09-30 23:00:00+00:00,9.25,14.02,16.7,1026.71,61.06,10.69,4.57,96.0
3166,82310,49.951021,20.034411,318.89,2026-09-30 23:00:00+00:00,2026-10-01 00:00:00+00:00,8.44,12.71,14.95,1026.74,63.3,10.09,4.98,83.0
3167,82310,49.951021,20.034411,318.89,2026-10-01 00:00:00+00:00,2026-10-01 01:00:00+00:00,8.06,12.14,14.5,1026.56,64.05,9.61,4.26,79.0
3168,86723,49.987999,19.779314,208.61,2026-09-30 01:00:00+00:00,2026-09-30 02:00:00+00:00,11.25,17.07,20.38,1028.01,94.63,8.89,3.31,122.94
3169,86723,49.987999,19.779314,208.61,2026-09-30 02:00:00+00:00,2026-09-30 03:00:00+00:00,11.24,17.06,20.49,1028.06,95.31,8.39,3.11,111.08
3170,86723,49.987999,19.779314,208.61,2026-09-30 03:00:00+00:00,2026-09-30 04:00:00+00:00,11.11,16.6,19.84,1028.16,95.5,7.79,3.29,122.74
3171,86723,49.987999,19.779314,208.61,2026-09-30 04:00:00+00:00,2026-09-30 05:00:00+00:00,11.84,18.33,23.1,1028.26,97.19,7.42,3.43,117.46
3172,86723,49.987999,19.779314,208.61,2026-09-30 05:00:00+00:00,2026-09-30 06:00:00+00:00,13.1,20.89,27.29,1028.6,96.06,7.71,3.74,115.54
3173,86723,49.987999,19.779314,208.61,2026-09-30 06:00:00+00:00,2026-09-30 07:00:00+00:00,14.61,23.68,32.45,1028.86,93.5,9.38,3.87,96.9
3174,86723,49.987999,19.779314,208.61,2026-09-30 07:00:00+00:00,2026-09-30 08:00:00+00:00,13.44,21.6,28.64,1029.03,88.13,11.83,4.38,76.84
3175,86723,49.987999,19.779314,208.61,2026-09-30 08:00:00+00:00,2026-09-30 09:00:00+00:00,11.9,18.65,23.19,1029.07,81.25,14.56,5.51,70.57
3176,86723,49.987999,19.779314,208.61,2026-09-30 09:00:00+00:00,2026-09-30 10:00:00+00:00,7.95,11.84,14.05,1028.88,75.63,17.14,6.64,69.95
3177,86723,49.987999,19.779314,208.61,2026-09-30 10:00:00+00:00,2026-09-30 11:00:00+00:00,6.65,9.84,11.66,1028.76,71.25,18.78,7.66,71.82
3178,86723,49.987999,19.779314,208.61,2026-09-30 11:00:00+00:00,2026-09-30 12:00:00+00:00,6.38,9.42,11.22,1028.29,66.25,20.35,8.85,76.04
3179,86723,49.987999,19.779314,208.61,2026-09-30 12:00:00+00:00,2026-09-30 13:00:00+00:00,5.06,7.12,8.46,1027.83,62.75,21.49,9.18,77.34
3180,86723,49.987999,19.779314,208.61,2026-09-30 13:00:00+00:00,2026-09-30 14:00:00+00:00,4.62,6.5,7.58,1027.33,61.75,22.1,9.12,74.3
3181,86723,49.987999,19.779314,208.61,2026-09-30 14:00:00+00:00,2026-09-30 15:00:00+00:00,4.03,5.57,6.48,1026.84,62.5,22.26,9.29,69.75
3182,86723,49.987999,19.779314,208.61,2026-09-30 15:00:00+00:00,2026-09-30 16:00:00+00:00,4.53,6.37,7.43,1026.59,65.5,21.59,9.55,67.61
3183,86723,49.987999,19.779314,208.61,2026-09-30 16:00:00+00:00,2026-09-30 17:00:00+00:00,5.44,7.73,9.05,1026.51,69.06,19.67,10.21,74.73
3184,86723,49.987999,19.779314,208.61,2026-09-30 17:00:00+00:00,2026-09-30 18:00:00+00:00,5.97,8.63,10.1,1026.67,73.75,17.76,10.02,82.85
3185,86723,49.987999,19.779314,208.61,2026-09-30 18:00:00+00:00,2026-09-30 19:00:00+00:00,7.3,10.78,12.81,1026.92,78.13,16.14,9.11,81.07
3186,86723,49.987999,19.779314,208.61,2026-09-30 19:00:00+00:00,2026-09-30 20:00:00+00:00,9.78,14.48,16.96,1027.21,81.88,14.97,8.16,77.33
3187,86723,49.987999,19.779314,208.61,2026-09-30 20:00:00+00:00,2026-09-30 21:00:00+00:00,8.93,13.43,15.75,1027.49,85.38,13.61,6.38,85.41
3188,86723,49.987999,19.779314,208.61,2026-09-30 21:00:00+00:00,2026-09-30 22:00:00+00:00,9.47,14.45,17.05,1027.71,87.75,12.59,5.5,83.13
3189,86723,49.987999,19.779314,208.61,2026-09-30 22:00:00+00:00,2026-09-30 23:00:00+00:00,8.87,13.24,15.65,1027.7,90.38,11.57,4.66,90.16
3190,86723,49.987999,19.779314,208.61,2026-09-30 23:00:00+00:00,2026-10-01 00:00:00+00:00,9.95,15.42,18.14,1027.81,91.88,10.98,4.58,91.67
3191,86723,49.987999,19.779314,208.61,2026-10-01 00:00:00+00:00,2026-10-01 01:00:00+00:00,10.16,15.66,18.45,1027.62,93.31,10.55,4.63,87.46
3192,11336,50.114638,20.131619,236.89,2026-09-30 01:00:00+00:00,2026-09-30 02:00:00+00:00,13.22,20.71,26.4,1027.35,92.5,8.37,4.68,70.58
3193,11336,50.114638,20.131619,236.89,2026-09-30 02:00:00+00:00,2026-09-30 03:00:00+00:00,12.34,19.57,24.72,1027.37,90.69,7.8,4.0,64.97
3194,11336,50.114638,20.131619,236.89,2026-09-30 03:00:00+00:00,2026-09-30 04:00:00+00:00,11.57,18.71,23.78,1027.52,94.25,7.13,3.99,58.75
3195,11336,50.114638,20.131619,236.89,2026-09-30 04:00:00+00:00,2026-09-30 05:00:00+00:00,11.7,18.92,24.15,1027.74,95.25,6.58,2.51,65.88
3196,11336,50.114638,20.131619,236.89,2026-09-30 05:00:00+00:00,2026-09-30 06:00:00+00:00,12.26,19.92,25.93,1027.99,95.0,6.47,1.58,101.86
3197,11336,50.114638,20.131619,236.89,2026-09-30 06:00:00+00:00,2026-09-30 07:00:00+00:00,14.44,22.33,29.44,1028.22,69.24,7.7,3.39,64.36
3198,11336,50.114638,20.131619,236.89,2026-09-30 07:00:00+00:00,2026-09-30 08:00:00+00:00,12.16,19.4,24.48,1028.44,82.06,9.95,2.93,89.05
3199,11336,50.114638,20.131619,236.89,2026-09-30 08:00:00+00:00,2026-09-30 09:00:00+00:00,11.21,18.14,22.58,1028.62,78.81,12.91,5.83,90.31
3200,11336,50.114638,20.131619,236.89,2026-09-30 09:00:00+00:00,2026-09-30 10:00:00+00:00,8.31,12.36,14.98,1028.52,49.48,15.58,6.96,98.47
3201,11336,50.114638,20.131619,236.89,2026-09-30 10:00:00+00:00,2026-09-30 11:00:00+00:00,8.39,12.39,14.91,1028.24,46.52,17.31,7.66,105.0
3202,11336,50.114638,20.131619,236.89,2026-09-30 11:00:00+00:00,2026-09-30 12:00:00+00:00,7.6,10.86,12.86,1027.75,66.25,18.98,6.34,89.0
3203,11336,50.114638,20.131619,236.89,2026-09-30 12:00:00+00:00,2026-09-30 13:00:00+00:00,5.58,7.73,9.22,1027.4,50.14,20.27,6.97,93.62
3204,11336,50.114638,20.131619,236.89,2026-09-30 13:00:00+00:00,2026-09-30 14:00:00+00:00,4.71,6.6,7.95,1027.02,35.72,21.03,10.7,119.58
3205,11336,50.114638,20.131619,236.89,2026-09-30 14:00:00+00:00,2026-09-30 15:00:00+00:00,4.94,7.09,8.47,1026.59,36.21,20.98,11.82,113.62
3206,11336,50.114638,20.131619,236.89,2026-09-30 15:00:00+00:00,2026-09-30 16:00:00+00:00,5.33,7.75,9.16,1026.32,38.77,20.08,12.76,102.0
3207,11336,50.114638,20.131619,236.89,2026-09-30 16:00:00+00:00,2026-09-30 17:00:00+00:00,6.9,9.7,11.7,1026.26,56.92,18.07,13.0,93.33
3208,11336,50.114638,20.131619,236.89,2026-09-30 17:00:00+00:00,2026-09-30 18:00:00+00:00,7.84,11.65,14.13,1026.45,71.32,15.98,11.46,96.05
3209,11336,50.114638,20.131619,236.89,2026-09-30 18:00:00+00:00,2026-09-30 19:00:00+00:00,7.75,12.13,14.57,1026.64,50.01,14.54,9.63,97.0
3210,11336,50.114638,20.131619,236.89,2026-09-30 19:00:00+00:00,2026-09-30 20:00:00+00:00,8.14,12.56,15.27,1026.83,54.57,13.75,9.02,96.78
3211,11336,50.114638,20.131619,236.89,2026-09-30 20:00:00+00:00,2026-09-30 21:00:00+00:00,8.73,13.68,16.77,1027.02,80.73,12.27,8.25,92.52
3212,11336,50.114638,20.131619,236.89,2026-09-30 21:00:00+00:00,2026-09-30 22:00:00+00:00,9.98,15.64,19.41,1027.02,82.75,11.33,7.87,84.84
3213,11336,50.114638,20.131619,236.89,2026-09-30 22:00:00+00:00,2026-09-30 23:00:00+00:00,9.15,14.57,18.0,1027.23,70.01,10.78,5.47,86.7
3214,11336,50.114638,20.131619,236.89,2026-09-30 23:00:00+00:00,2026-10-01 00:00:00+00:00,11.06,17.0,21.18,1027.17,82.94,10.23,7.18,71.9
3215,11336,50.114638,20.131619,236.89,2026-10-01 00:00:00+00:00,2026-10-01 01:00:00+00:00,9.73,15.3,19.03,1027.09,71.83,9.61,4.75,76.08
3216,10051,50.150282,19.893212,261.88,2026-09-30 01:00:00+00:00,2026-09-30 02:00:00+00:00,12.04,19.22,23.93,1030.39,87.25,6.93,,
3217,10051,50.150282,19.893212,261.88,2026-09-30 02:00:00+00:00,2026-09-30 03:00:00+00:00,11.94,18.87,23.23,1030.38,87.8,6.61,,
3218,10051,50.150282,19.893212,261.88,2026-09-30 03:00:00+00:00,2026-09-30 04:00:00+00:00,12.13,19.36,24.2,1030.48,87.7,5.87,,
3219,10051,50.150282,19.893212,261.88,2026-09-30 04:00:00+00:00,2026-09-30 05:00:00+00:00,12.35,19.61,25.06,1030.64,87.72,5.45,,
3220,10051,50.150282,19.893212,261.88,2026-09-30 05:00:00+00:00,2026-09-30 06:00:00+00:00,11.94,19.09,23.83,1030.89,87.92,5.98,,
3221,10051,50.150282,19.893212,261.88,2026-09-30 06:00:00+00:00,2026-09-30 07:00:00+00:00,9.74,14.36,16.89,1031.13,85.15,10.92,,
3222,10051,50.150282,19.893212,261.88,2026-09-30 07:00:00+00:00,2026-09-30 08:00:00+00:00,9.21,13.14,15.31,1031.4,77.08,14.04,,
3223,10051,50.150282,19.893212,261.88,2026-09-30 08:00:00+00:00,2026-09-30 09:00:00+00:00,8.53,12.35,14.45,1031.5,68.86,15.37,,
3224,10051,50.150282,19.893212,261.88,2026-09-30 09:00:00+00:00,2026-09-30 10:00:00+00:00,7.6,11.11,13.12,1031.45,62.56,15.51,,
3225,10051,50.150282,19.893212,261.88,2026-09-30 10:00:00+00:00,2026-09-30 11:00:00+00:00,7.11,10.33,12.13,1031.37,57.26,17.11,,
3226,10051,50.150282,19.893212,261.88,2026-09-30 11:00:00+00:00,2026-09-30 12:00:00+00:00,6.67,9.42,11.05,1031.02,51.83,18.27,,
3227,10051,50.150282,19.893212,261.88,2026-09-30 12:00:00+00:00,2026-09-30 13:00:00+00:00,6.55,9.35,10.89,1030.52,48.43,19.28,,
3228,10051,50.150282,19.893212,261.88,2026-09-30 13:00:00+00:00,2026-09-30 14:00:00+00:00,5.9,8.26,9.67,1030.01,46.41,19.89,,
3229,10051,50.150282,19.893212,261.88,2026-09-30 14:00:00+00:00,2026-09-30 15:00:00+00:00,3.92,5.46,6.54,1029.57,45.51,19.73,,
3230,10051,50.150282,19.893212,261.88,2026-09-30 15:00:00+00:00,2026-09-30 16:00:00+00:00,5.22,7.56,8.9,1029.41,50.42,18.9,,
3231,10051,50.150282,19.893212,261.88,2026-09-30 16:00:00+00:00,2026-09-30 17:00:00+00:00,6.79,9.78,11.62,1029.43,56.8,16.99,,
3232,10051,50.150282,19.893212,261.88,2026-09-30 17:00:00+00:00,2026-09-30 18:00:00+00:00,8.87,13.59,16.45,1029.59,62.03,14.57,,
3233,10051,50.150282,19.893212,261.88,2026-09-30 18:00:00+00:00,2026-09-30 19:00:00+00:00,9.59,14.62,17.47,1029.76,67.18,12.99,,
3234,10051,50.150282,19.893212,261.88,2026-09-30 19:00:00+00:00,2026-09-30 20:00:00+00:00,10.33,15.63,18.93,1029.96,69.8,12.4,,
3235,10051,50.150282,19.893212,261.88,2026-09-30 20:00:00+00:00,2026-09-30 21:00:00+00:00,9.14,13.91,16.45,1030.12,72.85,11.63,,
3236,10051,50.150282,19.893212,261.88,2026-09-30 21:00:00+00:00,2026-09-30 22:00:00+00:00,9.13,14.0,16.84,1030.25,75.0,10.75,,
3237,10051,50.150282,19.893212,261.88,2026-09-30 22:00:00+00:00,2026-09-30 23:00:00+00:00,9.24,14.33,17.31,1030.19,76.35,10.09,,
3238,10051,50.150282,19.893212,261.88,2026-09-30 23:00:00+00:00,2026-10-01 00:00:00+00:00,9.43,14.67,17.59,1030.21,78.14,9.47,,
3239,10051,50.150282,19.893212,261.88,2026-10-01 00:00:00+00:00,2026-10-01 01:00:00+00:00,9.3,14.55,17.68,1030.09,81.25,8.43,,
